question_id,document_id,reasoning_type,question,return_column,value_column,expected_answer,expected_block_id,expected_table,expected_row,expected_column,expected_is_bold,expected_entity_physical_cell_count,solver_answer,solver_block_id,solver_table,solver_row,solver_column,solver_is_bold,solver_entity_physical_cell_count,solver_value_text,solver_parsed_value,solver_logical_row_index,num_logical_rows,is_correct
B-train-00000-q04,B-train-00000,argmax,"Trong bảng 1 ở trang 1, Phòng ban nào có Tuyển mới lớn nhất?",Phòng ban,Tuyển mới,Kế toán,p01_b00010,1,2,0,True,2,Kế toán,p01_b00010,1,2,0,True,2,5,5.0,1,8,True
B-train-00000-q07,B-train-00000,argmin,"Trong bảng 1 ở trang 1, Phòng ban nào có Hiện có nhỏ nhất?",Phòng ban,Hiện có,Hành chính,p01_b00025,1,5,0,False,1,Hành chính,p01_b00025,1,5,0,False,1,5,5.0,4,8,True
B-train-00000-q09,B-train-00000,argmin,"Trong bảng 1 ở trang 1, Phòng ban nào có Định biên nhỏ nhất?",Phòng ban,Định biên,Công nghệ,p01_b00020,1,4,0,False,1,Công nghệ,p01_b00020,1,4,0,False,1,8,8.0,3,8,True
B-train-00000-q10,B-train-00000,argmax,"Trong bảng 1 ở trang 1, Phòng ban nào có Định biên lớn nhất?",Phòng ban,Định biên,Vận hành,p01_b00015,1,3,0,False,1,Vận hành,p01_b00015,1,3,0,False,1,39,39.0,2,8,True
B-train-00001-q02,B-train-00001,argmin,"Trong bảng 1 ở trang 1, Địa bàn nào có Diện tích (ha) nhỏ nhất?",Địa bàn,Diện tích (ha),Hà Nội,p01_b00005,1,1,0,False,2,Hà Nội,p01_b00005,1,1,0,False,2,81,81.0,0,8,True
B-train-00001-q04,B-train-00001,argmin,"Trong bảng 1 ở trang 1, Địa bàn nào có Sản lượng (tấn) nhỏ nhất?",Địa bàn,Sản lượng (tấn),Hà Nội,p01_b00005,1,1,0,False,2,Hà Nội,p01_b00005,1,1,0,False,2,486,486.0,0,8,True
B-train-00001-q06,B-train-00001,argmax,"Trong bảng 1 ở trang 1, Địa bàn nào có Diện tích (ha) lớn nhất?",Địa bàn,Diện tích (ha),Đồng Nai,p01_b00025,1,5,0,False,1,Đồng Nai,p01_b00025,1,5,0,False,1,855,855.0,4,8,True
B-train-00002-q02,B-train-00002,argmin,"Trong bảng 1 ở trang 1, Trạm nào có Tổn thất nhỏ nhất?",Trạm,Tổn thất,Trạm 110kV Bắc,p01_b00005,1,1,0,False,2,Trạm 110kV Bắc,p01_b00005,1,1,0,False,2,"1,3%",1.3,0,6,True
B-train-00002-q06,B-train-00002,argmin,"Trong bảng 1 ở trang 1, Trạm nào có Công suất đỉnh nhỏ nhất?",Trạm,Công suất đỉnh,Trạm Nam Sông,p01_b00015,1,3,0,False,1,Trạm Nam Sông,p01_b00015,1,3,0,False,1,222,222.0,2,6,True
B-train-00002-q09,B-train-00002,argmax,"Trong bảng 1 ở trang 1, Trạm nào có Tổn thất lớn nhất?",Trạm,Tổn thất,Trạm Nam Sông,p01_b00015,1,3,0,False,1,Trạm Nam Sông,p01_b00015,1,3,0,False,1,"5,9%",5.9,2,6,True
B-train-00002-q10,B-train-00002,argmax,"Trong bảng 1 ở trang 1, Trạm nào có Sự cố lớn nhất?",Trạm,Sự cố,Trạm 110kV Bắc,p01_b00005,1,1,0,False,2,Trạm 110kV Bắc,p01_b00005,1,1,0,False,2,6,6.0,0,6,True
B-train-00003-q01,B-train-00003,argmax,"Trong bảng 1 ở trang 1, Khu vực nào có Kế hoạch lớn nhất?",Khu vực,Kế hoạch,Đồng bằng sông Cửu Long,p01_b00025,1,5,0,False,1,Đồng bằng sông Cửu Long,p01_b00025,1,5,0,False,1,4.070,4070.0,4,6,True
B-train-00003-q04,B-train-00003,argmax,"Trong bảng 1 ở trang 1, Khu vực nào có Tỷ lệ lớn nhất?",Khu vực,Tỷ lệ,Miền Bắc,p01_b00030,1,6,0,False,2,Miền Bắc,p01_b00030,1,6,0,False,2,"190,5%",190.5,5,6,True
B-train-00003-q07,B-train-00003,argmin,"Trong bảng 1 ở trang 1, Khu vực nào có Chênh lệch nhỏ nhất?",Khu vực,Chênh lệch,Đồng bằng sông Cửu Long,p01_b00025,1,5,0,False,1,Đồng bằng sông Cửu Long,p01_b00025,1,5,0,False,1,-320,-320.0,4,6,True
B-train-00003-q10,B-train-00003,argmin,"Trong bảng 1 ở trang 1, Khu vực nào có Kế hoạch nhỏ nhất?",Khu vực,Kế hoạch,Miền Trung,p01_b00010,1,2,0,False,1,Miền Bắc,p01_b00030,1,6,0,False,2,950,950.0,5,6,False
B-train-00004-q02,B-train-00004,argmin,"Trong bảng 1 ở trang 1, Gói thầu nào có Giá trúng nhỏ nhất?",Gói thầu,Giá trúng,GT97,p01_b00020,1,4,0,False,1,GT97,p01_b00020,1,4,0,False,1,870,870.0,3,5,True
B-train-00004-q06,B-train-00004,argmax,"Trong bảng 1 ở trang 1, Gói thầu nào có Giá trúng lớn nhất?",Gói thầu,Giá trúng,GT40,p01_b00025,1,5,0,False,1,GT40,p01_b00025,1,5,0,False,1,2.300,2300.0,4,5,True
B-train-00004-q09,B-train-00004,argmax,"Trong bảng 1 ở trang 1, Gói thầu nào có Giá dự toán lớn nhất?",Gói thầu,Giá dự toán,GT40,p01_b00025,1,5,0,False,1,GT40,p01_b00025,1,5,0,False,1,2.400,2400.0,4,5,True
B-train-00005-q03,B-train-00005,argmin,"Trong bảng 1 ở trang 1, Kho/điểm nào có Chi phí nhỏ nhất?",Kho/điểm,Chi phí,Kho Hà Nội,p01_b00030,1,6,0,False,2,Kho Hà Nội,p01_b00030,1,6,0,False,2,15.504,15504.0,5,8,True
B-train-00005-q07,B-train-00005,argmax,"Trong bảng 1 ở trang 1, Kho/điểm nào có Chi phí lớn nhất?",Kho/điểm,Chi phí,Kho Bình Dương,p01_b00040,1,8,0,False,2,Kho Bình Dương,p01_b00040,1,8,0,False,2,282.435,282435.0,7,8,True
B-train-00005-q09,B-train-00005,argmax,"Trong bảng 1 ở trang 1, Kho/điểm nào có Tồn cuối lớn nhất?",Kho/điểm,Tồn cuối,Kho Đà Nẵng,p01_b00035,1,7,0,False,2,Kho Đà Nẵng,p01_b00035,1,7,0,False,2,949,949.0,6,8,True
B-train-00005-q10,B-train-00005,argmin,"Trong bảng 1 ở trang 1, Kho/điểm nào có Đúng hạn nhỏ nhất?",Kho/điểm,Đúng hạn,Kho Đà Nẵng,p01_b00035,1,7,0,False,2,Kho Đà Nẵng,p01_b00035,1,7,0,False,2,"78,8%",78.8,6,8,True
B-train-00006-q03,B-train-00006,argmin,"Trong bảng 1 ở trang 1, Điểm đến nào có Doanh thu nhỏ nhất?",Điểm đến,Doanh thu,Vịnh Hạ Long,p01_b00005,1,1,0,False,1,Vịnh Hạ Long,p01_b00005,1,1,0,False,1,26.136,26136.0,0,5,True
B-train-00006-q04,B-train-00006,argmax,"Trong bảng 1 ở trang 1, Điểm đến nào có Khách nội địa lớn nhất?",Điểm đến,Khách nội địa,Phú Quốc,p01_b00025,1,5,0,False,1,Phú Quốc,p01_b00025,1,5,0,False,1,20.083,20083.0,4,5,True
B-train-00006-q06,B-train-00006,argmin,"Trong bảng 1 ở trang 1, Điểm đến nào có Công suất phòng nhỏ nhất?",Điểm đến,Công suất phòng,Nha Trang,p01_b00020,1,4,0,False,1,Nha Trang,p01_b00020,1,4,0,False,1,"54,8%",54.8,3,5,True
B-train-00006-q07,B-train-00006,argmax,"Trong bảng 1 ở trang 1, Điểm đến nào có Khách quốc tế lớn nhất?",Điểm đến,Khách quốc tế,Đà Lạt,p01_b00015,1,3,0,True,1,Đà Lạt,p01_b00015,1,3,0,True,1,6.766,6766.0,2,5,True
B-train-00007-q02,B-train-00007,argmax,"Trong bảng 1 ở trang 1, Điểm bán nào có Hoàn trả lớn nhất?",Điểm bán,Hoàn trả,Điểm bán phía Nam,p01_b00025,1,5,0,False,1,Điểm bán phía Nam,p01_b00025,1,5,0,False,1,"6,9%",6.9,4,5,True
B-train-00007-q03,B-train-00007,argmin,"Trong bảng 1 ở trang 1, Điểm bán nào có Lượt khách nhỏ nhất?",Điểm bán,Lượt khách,Cửa hàng 02,p01_b00010,1,2,0,False,1,Cửa hàng 02,p01_b00010,1,2,0,False,1,2462,2462.0,1,5,True
B-train-00007-q07,B-train-00007,argmax,"Trong bảng 1 ở trang 1, Điểm bán nào có Giá trị bán lớn nhất?",Điểm bán,Giá trị bán,Cửa hàng 02,p01_b00010,1,2,0,False,1,Cửa hàng 02,p01_b00010,1,2,0,False,1,1.573.442,1573442.0,1,5,True
B-train-00007-q10,B-train-00007,argmin,"Trong bảng 1 ở trang 1, Điểm bán nào có Số đơn nhỏ nhất?",Điểm bán,Số đơn,Điểm bán phía Bắc,p01_b00020,1,4,0,False,1,Điểm bán phía Bắc,p01_b00020,1,4,0,False,1,1095,1095.0,3,5,True
B-train-00008-q01,B-train-00008,argmax,"Trong bảng 1 ở trang 1, Gói thầu nào có Giá trúng lớn nhất?",Gói thầu,Giá trúng,GT75,p01_b00025,1,5,0,False,1,GT75,p01_b00025,1,5,0,False,1,2.470,2470.0,4,5,True
B-train-00008-q05,B-train-00008,argmax,"Trong bảng 1 ở trang 1, Gói thầu nào có Giá dự toán lớn nhất?",Gói thầu,Giá dự toán,GT75,p01_b00025,1,5,0,False,1,GT75,p01_b00025,1,5,0,False,1,2.490,2490.0,4,5,True
B-train-00008-q07,B-train-00008,argmin,"Trong bảng 1 ở trang 1, Gói thầu nào có Giá trúng nhỏ nhất?",Gói thầu,Giá trúng,GT13,p01_b00010,1,2,0,True,1,GT13,p01_b00010,1,2,0,True,1,180,180.0,1,5,True
B-train-00008-q10,B-train-00008,argmin,"Trong bảng 1 ở trang 1, Gói thầu nào có Giá dự toán nhỏ nhất?",Gói thầu,Giá dự toán,GT13,p01_b00010,1,2,0,True,1,GT13,p01_b00010,1,2,0,True,1,280,280.0,1,5,True
B-train-00009-q08,B-train-00009,argmax,"Trong bảng 1 ở trang 1, Dự án nào có Tiến độ lớn nhất?",Dự án,Tiến độ,Cầu Đông Thành,p01_b00005,1,1,0,True,2,Cầu Đông Thành,p01_b00005,1,1,0,True,2,"94,3%",94.3,0,8,True
B-train-00009-q09,B-train-00009,argmin,"Trong bảng 1 ở trang 1, Dự án nào có Tiến độ nhỏ nhất?",Dự án,Tiến độ,Đường vành đai,p01_b00035,1,7,0,False,2,Đường vành đai,p01_b00035,1,7,0,False,2,"25,5%",25.5,6,8,True
B-train-00009-q10,B-train-00009,argmax,"Trong bảng 1 ở trang 1, Dự án nào có Giải ngân lớn nhất?",Dự án,Giải ngân,Đường vành đai,p01_b00010,1,2,0,False,2,Đường vành đai,p01_b00010,1,2,0,False,2,21.736,21736.0,1,8,True
B-train-00010-q04,B-train-00010,argmax,"Trong bảng 1 ở trang 1, Mã hàng nào có Xuất lớn nhất?",Mã hàng,Xuất,VT620,p01_b00035,1,5,0,False,1,VT620,p01_b00035,1,5,0,False,1,111,111.0,4,5,True
B-train-00010-q06,B-train-00010,argmin,"Trong bảng 1 ở trang 1, Mã hàng nào có Tồn đầu nhỏ nhất?",Mã hàng,Tồn đầu,VT620,p01_b00035,1,5,0,False,1,VT620,p01_b00035,1,5,0,False,1,26,26.0,4,5,True
B-train-00010-q08,B-train-00010,argmax,"Trong bảng 1 ở trang 1, Mã hàng nào có Tồn đầu lớn nhất?",Mã hàng,Tồn đầu,VT159,p01_b00028,1,4,0,False,1,VT159,p01_b00028,1,4,0,False,1,168,168.0,3,5,True
B-train-00011-q02,B-train-00011,argmax,"Trong bảng 1 ở trang 1, Điểm bán nào có Giá trị bán lớn nhất?",Điểm bán,Giá trị bán,Điểm bán phía Bắc,p01_b00020,1,4,0,False,1,Điểm bán phía Bắc,p01_b00020,1,4,0,False,1,954.384,954384.0,3,5,True
B-train-00011-q05,B-train-00011,argmax,"Trong bảng 1 ở trang 1, Điểm bán nào có Lượt khách lớn nhất?",Điểm bán,Lượt khách,Điểm bán phía Nam,p01_b00025,1,5,0,False,1,Điểm bán phía Nam,p01_b00025,1,5,0,False,1,4862,4862.0,4,5,True
B-train-00011-q06,B-train-00011,argmin,"Trong bảng 1 ở trang 1, Điểm bán nào có Lượt khách nhỏ nhất?",Điểm bán,Lượt khách,Cửa hàng 01,p01_b00005,1,1,0,True,1,Cửa hàng 01,p01_b00005,1,1,0,True,1,1319,1319.0,0,5,True
B-train-00011-q09,B-train-00011,argmin,"Trong bảng 1 ở trang 1, Điểm bán nào có Số đơn nhỏ nhất?",Điểm bán,Số đơn,Cửa hàng 01,p01_b00005,1,1,0,True,1,Cửa hàng 01,p01_b00005,1,1,0,True,1,845,845.0,0,5,True
B-train-00012-q02,B-train-00012,argmin,"Trong bảng 1 ở trang 1, Khu vực nào có Kế hoạch nhỏ nhất?",Khu vực,Kế hoạch,Tây Nguyên,p01_b00020,1,4,0,False,1,Tây Nguyên,p01_b00020,1,4,0,False,1,1.750,1750.0,3,5,True
B-train-00012-q04,B-train-00012,argmax,"Trong bảng 1 ở trang 1, Khu vực nào có Chênh lệch lớn nhất?",Khu vực,Chênh lệch,Miền Nam,p01_b00015,1,3,0,True,1,Miền Nam,p01_b00015,1,3,0,True,1,500,500.0,2,5,True
B-train-00012-q09,B-train-00012,argmax,"Trong bảng 1 ở trang 1, Khu vực nào có Thực hiện lớn nhất?",Khu vực,Thực hiện,Đồng bằng sông Cửu Long,p01_b00025,1,5,0,False,1,Đồng bằng sông Cửu Long,p01_b00025,1,5,0,False,1,4.490,4490.0,4,5,True
B-train-00012-q10,B-train-00012,argmin,"Trong bảng 1 ở trang 1, Khu vực nào có Tỷ lệ nhỏ nhất?",Khu vực,Tỷ lệ,Miền Trung,p01_b00010,1,2,0,False,1,Miền Trung,p01_b00010,1,2,0,False,1,"86,1%",86.1,1,5,True
B-train-00013-q02,B-train-00013,argmax,"Trong bảng 1 ở trang 1, Khu vực nào có Tỷ lệ rớt cuộc lớn nhất?",Khu vực,Tỷ lệ rớt cuộc,Cụm BTS-02,p01_b00010,1,2,0,False,2,Cụm BTS-02,p01_b00010,1,2,0,False,2,"3,3%",3.3,1,8,True
B-train-00013-q06,B-train-00013,argmax,"Trong bảng 1 ở trang 1, Khu vực nào có Phản ánh lớn nhất?",Khu vực,Phản ánh,Cụm BTS-02,p01_b00035,1,7,0,True,2,Cụm BTS-02,p01_b00035,1,7,0,True,2,91,91.0,6,8,True
B-train-00013-q08,B-train-00013,argmin,"Trong bảng 1 ở trang 1, Khu vực nào có Lưu lượng nhỏ nhất?",Khu vực,Lưu lượng,Khu vực ven biển,p01_b00015,1,3,0,False,2,Khu vực ven biển,p01_b00015,1,3,0,False,2,3.864,3864.0,2,8,True
B-train-00013-q10,B-train-00013,argmin,"Trong bảng 1 ở trang 1, Khu vực nào có Phản ánh nhỏ nhất?",Khu vực,Phản ánh,Cụm BTS-01,p01_b00030,1,6,0,False,2,Cụm BTS-01,p01_b00030,1,6,0,False,2,25,25.0,5,8,True
B-train-00014-q04,B-train-00014,argmin,"Trong bảng 1 ở trang 1, Điểm đến nào có Khách nội địa nhỏ nhất?",Điểm đến,Khách nội địa,Phố cổ Hội An,p01_b00010,1,2,0,False,1,Phố cổ Hội An,p01_b00010,1,2,0,False,1,6.101,6101.0,1,6,True
B-train-00014-q05,B-train-00014,argmin,"Trong bảng 1 ở trang 1, Điểm đến nào có Doanh thu nhỏ nhất?",Điểm đến,Doanh thu,Vịnh Hạ Long,p01_b00030,1,6,0,False,2,Vịnh Hạ Long,p01_b00030,1,6,0,False,2,42.774,42774.0,5,6,True
B-train-00014-q07,B-train-00014,argmax,"Trong bảng 1 ở trang 1, Điểm đến nào có Khách quốc tế lớn nhất?",Điểm đến,Khách quốc tế,Vịnh Hạ Long,p01_b00030,1,6,0,False,2,Vịnh Hạ Long,p01_b00030,1,6,0,False,2,5.235,5235.0,5,6,True
B-train-00015-q01,B-train-00015,argmin,"Trong bảng 1 ở trang 1, Chi nhánh nào có Dư nợ nhỏ nhất?",Chi nhánh,Dư nợ,Cần Thơ 02,p01_b00025,1,5,0,True,1,Hà Nội 01,p01_b00030,1,6,0,False,2,930,930.0,5,7,False
B-train-00015-q06,B-train-00015,argmin,"Trong bảng 1 ở trang 1, Chi nhánh nào có Tăng trưởng nhỏ nhất?",Chi nhánh,Tăng trưởng,Hà Nội 01,p01_b00030,1,6,0,False,2,Hà Nội 01,p01_b00030,1,6,0,False,2,"4,5%",4.5,5,7,True
B-train-00015-q07,B-train-00015,argmax,"Trong bảng 1 ở trang 1, Chi nhánh nào có Huy động lớn nhất?",Chi nhánh,Huy động,Hà Nội 01,p01_b00005,1,1,0,False,2,Hà Nội 01,p01_b00005,1,1,0,False,2,9.890,9890.0,0,7,True
B-train-00015-q09,B-train-00015,argmax,"Trong bảng 1 ở trang 1, Chi nhánh nào có Tăng trưởng lớn nhất?",Chi nhánh,Tăng trưởng,Hà Nội 01,p01_b00005,1,1,0,False,2,Hà Nội 01,p01_b00005,1,1,0,False,2,"18,0%",18.0,0,7,True
B-train-00016-q01,B-train-00016,argmax,"Trong bảng 1 ở trang 1, Tuyến nào có Doanh thu lớn nhất?",Tuyến,Doanh thu,Nha Trang – Đà Lạt,p01_b00024,1,4,0,True,1,Nha Trang – Đà Lạt,p01_b00024,1,4,0,True,1,255.248,255248.0,3,5,True
B-train-00016-q04,B-train-00016,argmin,"Trong bảng 1 ở trang 1, Tuyến nào có Doanh thu nhỏ nhất?",Tuyến,Doanh thu,Hà Nội – Hải Phòng,p01_b00030,1,5,0,False,2,Hà Nội – Hải Phòng,p01_b00030,1,5,0,False,2,30.150,30150.0,4,5,True
B-train-00016-q07,B-train-00016,argmax,"Trong bảng 1 ở trang 1, Tuyến nào có Hành khách lớn nhất?",Tuyến,Hành khách,Nha Trang – Đà Lạt,p01_b00024,1,4,0,True,1,Nha Trang – Đà Lạt,p01_b00024,1,4,0,True,1,1.204,1204.0,3,5,True
B-train-00016-q10,B-train-00016,argmin,"Trong bảng 1 ở trang 1, Tuyến nào có Đúng giờ nhỏ nhất?",Tuyến,Đúng giờ,Hà Nội – Hải Phòng,p01_b00030,1,5,0,False,2,Hà Nội – Hải Phòng,p01_b00030,1,5,0,False,2,"86,4%",86.4,4,5,True
B-train-00017-q02,B-train-00017,argmin,"Trong bảng 1 ở trang 1, Điểm đến nào có Doanh thu nhỏ nhất?",Điểm đến,Doanh thu,Vịnh Hạ Long,p01_b00030,1,6,0,False,2,Vịnh Hạ Long,p01_b00030,1,6,0,False,2,24.294,24294.0,5,7,True
B-train-00017-q04,B-train-00017,argmax,"Trong bảng 1 ở trang 1, Điểm đến nào có Khách quốc tế lớn nhất?",Điểm đến,Khách quốc tế,Phú Quốc,p01_b00025,1,5,0,False,1,Phú Quốc,p01_b00025,1,5,0,False,1,6.390,6390.0,4,7,True
B-train-00017-q09,B-train-00017,argmax,"Trong bảng 1 ở trang 1, Điểm đến nào có Công suất phòng lớn nhất?",Điểm đến,Công suất phòng,Vịnh Hạ Long,p01_b00030,1,6,0,False,2,Vịnh Hạ Long,p01_b00030,1,6,0,False,2,"87,2%",87.2,5,7,True
B-train-00017-q10,B-train-00017,argmin,"Trong bảng 1 ở trang 1, Điểm đến nào có Khách quốc tế nhỏ nhất?",Điểm đến,Khách quốc tế,Đà Lạt,p01_b00015,1,3,0,False,1,Đà Lạt,p01_b00015,1,3,0,False,1,2.930,2930.0,2,7,True
B-train-00018-q05,B-train-00018,argmin,"Trong bảng 1 ở trang 1, Điểm quan trắc nào có COD nhỏ nhất?",Điểm quan trắc,COD,Hồ Xuân Hương,p01_b00015,1,3,0,False,2,Hồ Xuân Hương,p01_b00015,1,3,0,False,2,9,9.0,2,8,True
B-train-00018-q08,B-train-00018,argmax,"Trong bảng 1 ở trang 1, Điểm quan trắc nào có BOD5 lớn nhất?",Điểm quan trắc,BOD5,Sông Hồng,p01_b00030,1,6,0,True,2,Sông Hồng,p01_b00030,1,6,0,True,2,29,29.0,5,8,True
B-train-00019-q05,B-train-00019,argmin,"Trong bảng 1 ở trang 1, Khoa nào có Lượt khám nhỏ nhất?",Khoa,Lượt khám,Nhi,p01_b00015,1,3,0,True,1,Nội tổng hợp,p01_b00005,1,1,0,False,2,117,117.0,0,7,False
B-train-00019-q06,B-train-00019,argmin,"Trong bảng 1 ở trang 1, Khoa nào có Nhập viện nhỏ nhất?",Khoa,Nhập viện,Nhi,p01_b00015,1,3,0,True,1,Nhi,p01_b00015,1,3,0,True,1,14,14.0,2,7,True
B-train-00019-q08,B-train-00019,argmax,"Trong bảng 1 ở trang 1, Khoa nào có Lượt khám lớn nhất?",Khoa,Lượt khám,Ngoại,p01_b00010,1,2,0,False,1,Nội tổng hợp,p01_b00035,1,7,0,False,2,464,464.0,6,7,False
B-train-00020-q01,B-train-00020,argmax,"Trong bảng 1 ở trang 1, Điểm đến nào có Doanh thu lớn nhất?",Điểm đến,Doanh thu,Đà Lạt,p01_b00015,1,3,0,False,2,Đà Lạt,p01_b00015,1,3,0,False,2,132.096,132096.0,2,8,True
B-train-00020-q03,B-train-00020,argmin,"Trong bảng 1 ở trang 1, Điểm đến nào có Khách quốc tế nhỏ nhất?",Điểm đến,Khách quốc tế,Phố cổ Hội An,p01_b00010,1,2,0,True,2,Phố cổ Hội An,p01_b00010,1,2,0,True,2,218,218.0,1,8,True
B-train-00020-q06,B-train-00020,argmax,"Trong bảng 1 ở trang 1, Điểm đến nào có Công suất phòng lớn nhất?",Điểm đến,Công suất phòng,Nha Trang,p01_b00020,1,4,0,False,1,Nha Trang,p01_b00020,1,4,0,False,1,"81,5%",81.5,3,8,True
B-train-00020-q09,B-train-00020,argmin,"Trong bảng 1 ở trang 1, Điểm đến nào có Công suất phòng nhỏ nhất?",Điểm đến,Công suất phòng,Phố cổ Hội An,p01_b00035,1,7,0,False,2,Phố cổ Hội An,p01_b00035,1,7,0,False,2,"51,4%",51.4,6,8,True
B-train-00021-q03,B-train-00021,argmin,"Trong bảng 1 ở trang 1, Gói thầu nào có Giá dự toán nhỏ nhất?",Gói thầu,Giá dự toán,GT48,p01_b00025,1,5,0,False,1,GT48,p01_b00025,1,5,0,False,1,620,620.0,4,5,True
B-train-00021-q04,B-train-00021,argmax,"Trong bảng 1 ở trang 1, Gói thầu nào có Giá trúng lớn nhất?",Gói thầu,Giá trúng,GT37,p01_b00015,1,3,0,True,1,GT37,p01_b00015,1,3,0,True,1,1.210,1210.0,2,5,True
B-train-00021-q09,B-train-00021,argmin,"Trong bảng 1 ở trang 1, Gói thầu nào có Giá trúng nhỏ nhất?",Gói thầu,Giá trúng,GT48,p01_b00025,1,5,0,False,1,GT48,p01_b00025,1,5,0,False,1,490,490.0,4,5,True
B-train-00022-q05,B-train-00022,argmin,"Trong bảng 1 ở trang 1, Khu vực nào có Kế hoạch nhỏ nhất?",Khu vực,Kế hoạch,Miền Trung,p01_b00010,1,2,0,True,1,Miền Trung,p01_b00010,1,2,0,True,1,1.100,1100.0,1,6,True
B-train-00022-q06,B-train-00022,argmin,"Trong bảng 1 ở trang 1, Khu vực nào có Thực hiện nhỏ nhất?",Khu vực,Thực hiện,Tây Nguyên,p01_b00020,1,4,0,False,1,Tây Nguyên,p01_b00020,1,4,0,False,1,840,840.0,3,6,True
B-train-00022-q09,B-train-00022,argmax,"Trong bảng 1 ở trang 1, Khu vực nào có Thực hiện lớn nhất?",Khu vực,Thực hiện,Miền Nam,p01_b00015,1,3,0,False,1,Miền Nam,p01_b00015,1,3,0,False,1,3.080,3080.0,2,6,True
B-train-00022-q10,B-train-00022,argmax,"Trong bảng 1 ở trang 1, Khu vực nào có Tỷ lệ lớn nhất?",Khu vực,Tỷ lệ,Miền Trung,p01_b00010,1,2,0,True,1,Miền Trung,p01_b00010,1,2,0,True,1,"170,0%",170.0,1,6,True
B-train-00023-q01,B-train-00023,argmin,"Trong bảng 1 ở trang 1, Khu vực nào có Thực hiện nhỏ nhất?",Khu vực,Thực hiện,Miền Trung,p01_b00010,1,2,0,False,2,Miền Trung,p01_b00010,1,2,0,False,2,470,470.0,1,8,True
B-train-00023-q05,B-train-00023,argmin,"Trong bảng 1 ở trang 1, Khu vực nào có Tỷ lệ nhỏ nhất?",Khu vực,Tỷ lệ,Miền Trung,p01_b00010,1,2,0,False,2,Miền Trung,p01_b00010,1,2,0,False,2,"55,3%",55.3,1,8,True
B-train-00023-q06,B-train-00023,argmax,"Trong bảng 1 ở trang 1, Khu vực nào có Thực hiện lớn nhất?",Khu vực,Thực hiện,Miền Bắc,p01_b00005,1,1,0,False,2,Miền Bắc,p01_b00005,1,1,0,False,2,4.060,4060.0,0,8,True
B-train-00023-q08,B-train-00023,argmax,"Trong bảng 1 ở trang 1, Khu vực nào có Chênh lệch lớn nhất?",Khu vực,Chênh lệch,Đồng bằng sông Cửu Long,p01_b00025,1,5,0,False,1,Đồng bằng sông Cửu Long,p01_b00025,1,5,0,False,1,640,640.0,4,8,True
B-train-00024-q04,B-train-00024,argmax,"Trong bảng 1 ở trang 1, Nhóm chế độ nào có Chi trả lớn nhất?",Nhóm chế độ,Chi trả,Thất nghiệp,p01_b00010,1,2,0,False,2,Thất nghiệp,p01_b00010,1,2,0,False,2,24.426,24426.0,1,7,True
B-train-00024-q05,B-train-00024,argmax,"Trong bảng 1 ở trang 1, Nhóm chế độ nào có Đã giải quyết lớn nhất?",Nhóm chế độ,Đã giải quyết,Ốm đau,p01_b00015,1,3,0,False,1,Ốm đau,p01_b00015,1,3,0,False,1,2261,2261.0,2,7,True
B-train-00024-q07,B-train-00024,argmin,"Trong bảng 1 ở trang 1, Nhóm chế độ nào có Trễ hạn nhỏ nhất?",Nhóm chế độ,Trễ hạn,Hưu trí,p01_b00005,1,1,0,False,2,Hưu trí,p01_b00005,1,1,0,False,2,0,0.0,0,7,True
B-train-00024-q10,B-train-00024,argmin,"Trong bảng 1 ở trang 1, Nhóm chế độ nào có Hồ sơ nhận nhỏ nhất?",Nhóm chế độ,Hồ sơ nhận,Tai nạn lao động,p01_b00025,1,5,0,False,1,Thất nghiệp,p01_b00035,1,7,0,False,2,285,285.0,6,7,False
B-train-00025-q01,B-train-00025,argmin,"Trong bảng 1 ở trang 1, Nhóm chế độ nào có Trễ hạn nhỏ nhất?",Nhóm chế độ,Trễ hạn,Thai sản,p01_b00020,1,4,0,True,1,Thai sản,p01_b00020,1,4,0,True,1,6,6.0,3,5,True
B-train-00025-q03,B-train-00025,argmin,"Trong bảng 1 ở trang 1, Nhóm chế độ nào có Chi trả nhỏ nhất?",Nhóm chế độ,Chi trả,Ốm đau,p01_b00015,1,3,0,False,1,Ốm đau,p01_b00015,1,3,0,False,1,7.994,7994.0,2,5,True
B-train-00025-q08,B-train-00025,argmax,"Trong bảng 1 ở trang 1, Nhóm chế độ nào có Chi trả lớn nhất?",Nhóm chế độ,Chi trả,Thất nghiệp,p01_b00010,1,2,0,False,1,Thất nghiệp,p01_b00010,1,2,0,False,1,32.606,32606.0,1,5,True
B-train-00025-q10,B-train-00025,argmax,"Trong bảng 1 ở trang 1, Nhóm chế độ nào có Hồ sơ nhận lớn nhất?",Nhóm chế độ,Hồ sơ nhận,Hưu trí,p01_b00005,1,1,0,False,1,Hưu trí,p01_b00005,1,1,0,False,1,2134,2134.0,0,5,True
B-train-00026-q04,B-train-00026,argmax,"Trong bảng 1 ở trang 1, Khoa nào có Chuyển tuyến lớn nhất?",Khoa,Chuyển tuyến,Sản,p01_b00020,1,4,0,False,1,Sản,p01_b00020,1,4,0,False,1,12,12.0,3,7,True
B-train-00026-q08,B-train-00026,argmin,"Trong bảng 1 ở trang 1, Khoa nào có Lượt khám nhỏ nhất?",Khoa,Lượt khám,Mắt,p01_b00025,1,5,0,False,1,Mắt,p01_b00025,1,5,0,False,1,81,81.0,4,7,True
B-train-00026-q10,B-train-00026,argmax,"Trong bảng 1 ở trang 1, Khoa nào có Lượt khám lớn nhất?",Khoa,Lượt khám,Sản,p01_b00020,1,4,0,False,1,Sản,p01_b00020,1,4,0,False,1,475,475.0,3,7,True
B-train-00027-q05,B-train-00027,argmax,"Trong bảng 1 ở trang 1, Phòng ban nào có Hiện có lớn nhất?",Phòng ban,Hiện có,Kinh doanh,p01_b00005,1,1,0,False,1,Kinh doanh,p01_b00005,1,1,0,False,1,37,37.0,0,6,True
B-train-00027-q06,B-train-00027,argmin,"Trong bảng 1 ở trang 1, Phòng ban nào có Tuyển mới nhỏ nhất?",Phòng ban,Tuyển mới,Kinh doanh,p01_b00005,1,1,0,False,1,Kinh doanh,p01_b00005,1,1,0,False,1,0,0.0,0,6,True
B-train-00027-q07,B-train-00027,argmin,"Trong bảng 1 ở trang 1, Phòng ban nào có Định biên nhỏ nhất?",Phòng ban,Định biên,Hành chính,p01_b00025,1,5,0,False,1,Hành chính,p01_b00025,1,5,0,False,1,13,13.0,4,6,True
B-train-00027-q10,B-train-00027,argmax,"Trong bảng 1 ở trang 1, Phòng ban nào có Thiếu/thừa lớn nhất?",Phòng ban,Thiếu/thừa,Kinh doanh,p01_b00005,1,1,0,False,1,Kinh doanh,p01_b00005,1,1,0,False,1,+3,3.0,0,6,True
B-train-00028-q01,B-train-00028,argmin,"Trong bảng 1 ở trang 1, Điểm bán nào có Giá trị bán nhỏ nhất?",Điểm bán,Giá trị bán,Cửa hàng 01,p01_b00030,1,6,0,False,2,Cửa hàng 01,p01_b00030,1,6,0,False,2,196.830,196830.0,5,8,True
B-train-00028-q04,B-train-00028,argmax,"Trong bảng 1 ở trang 1, Điểm bán nào có Số đơn lớn nhất?",Điểm bán,Số đơn,Cửa hàng 02,p01_b00010,1,2,0,False,2,Cửa hàng 02,p01_b00010,1,2,0,False,2,3823,3823.0,1,8,True
B-train-00028-q08,B-train-00028,argmin,"Trong bảng 1 ở trang 1, Điểm bán nào có Hoàn trả nhỏ nhất?",Điểm bán,Hoàn trả,Cửa hàng 02,p01_b00035,1,7,0,False,2,Cửa hàng 02,p01_b00035,1,7,0,False,2,"0,0%",0.0,6,8,True
B-train-00029-q02,B-train-00029,argmax,"Trong bảng 1 ở trang 1, Đơn vị nào có Đạt lớn nhất?",Đơn vị,Đạt,THPT Nguyễn Trãi,p01_b00030,1,6,0,False,2,THPT Nguyễn Trãi,p01_b00030,1,6,0,False,2,42,42.0,5,7,True
B-train-00029-q04,B-train-00029,argmax,"Trong bảng 1 ở trang 1, Đơn vị nào có Tỷ lệ đạt lớn nhất?",Đơn vị,Tỷ lệ đạt,THPT Nguyễn Trãi,p01_b00005,1,1,0,False,2,THPT Nguyễn Trãi,p01_b00005,1,1,0,False,2,"96,7%",96.7,0,7,True
B-train-00029-q10,B-train-00029,argmin,"Trong bảng 1 ở trang 1, Đơn vị nào có Thí sinh nhỏ nhất?",Đơn vị,Thí sinh,THPT Trần Phú,p01_b00015,1,3,0,False,1,THPT Trần Phú,p01_b00015,1,3,0,False,1,26,26.0,2,7,True
B-train-00030-q04,B-train-00030,argmin,"Trong bảng 1 ở trang 1, Khoa nào có Lượt khám nhỏ nhất?",Khoa,Lượt khám,Mắt,p01_b00025,1,5,0,True,1,Mắt,p01_b00025,1,5,0,True,1,142,142.0,4,8,True
B-train-00030-q07,B-train-00030,argmax,"Trong bảng 1 ở trang 1, Khoa nào có Lượt khám lớn nhất?",Khoa,Lượt khám,Tai Mũi Họng,p01_b00030,1,6,0,False,1,Ngoại,p01_b00010,1,2,0,False,2,419,419.0,1,8,False
B-train-00030-q09,B-train-00030,argmin,"Trong bảng 1 ở trang 1, Khoa nào có Chuyển tuyến nhỏ nhất?",Khoa,Chuyển tuyến,Sản,p01_b00020,1,4,0,False,1,Sản,p01_b00020,1,4,0,False,1,1,1.0,3,8,True
B-train-00031-q03,B-train-00031,argmax,"Trong bảng 1 ở trang 1, Khu vực nào có Tỷ lệ rớt cuộc lớn nhất?",Khu vực,Tỷ lệ rớt cuộc,Khu vực ven biển,p01_b00015,1,3,0,False,1,Khu vực ven biển,p01_b00015,1,3,0,False,1,"3,5%",3.5,2,7,True
B-train-00031-q06,B-train-00031,argmax,"Trong bảng 1 ở trang 1, Khu vực nào có Thuê bao lớn nhất?",Khu vực,Thuê bao,Khu vực đô thị,p01_b00020,1,4,0,False,1,Khu vực đô thị,p01_b00020,1,4,0,False,1,55.629,55629.0,3,7,True
B-train-00031-q07,B-train-00031,argmin,"Trong bảng 1 ở trang 1, Khu vực nào có Lưu lượng nhỏ nhất?",Khu vực,Lưu lượng,Khu vực đô thị,p01_b00020,1,4,0,False,1,Khu vực đô thị,p01_b00020,1,4,0,False,1,31.528,31528.0,3,7,True
B-train-00031-q08,B-train-00031,argmin,"Trong bảng 1 ở trang 1, Khu vực nào có Thuê bao nhỏ nhất?",Khu vực,Thuê bao,Khu vực miền núi,p01_b00025,1,5,0,True,1,Khu vực miền núi,p01_b00025,1,5,0,True,1,20.639,20639.0,4,7,True
B-train-00032-q04,B-train-00032,argmax,"Trong bảng 1 ở trang 1, Điểm đến nào có Khách nội địa lớn nhất?",Điểm đến,Khách nội địa,Đà Lạt,p01_b00015,1,3,0,False,1,Vịnh Hạ Long,p01_b00030,1,6,0,False,2,20.396,20396.0,5,7,False
B-train-00032-q05,B-train-00032,argmin,"Trong bảng 1 ở trang 1, Điểm đến nào có Doanh thu nhỏ nhất?",Điểm đến,Doanh thu,Nha Trang,p01_b00020,1,4,0,False,1,Nha Trang,p01_b00020,1,4,0,False,1,18.526,18526.0,3,7,True
B-train-00032-q08,B-train-00032,argmin,"Trong bảng 1 ở trang 1, Điểm đến nào có Khách quốc tế nhỏ nhất?",Điểm đến,Khách quốc tế,Nha Trang,p01_b00020,1,4,0,False,1,Nha Trang,p01_b00020,1,4,0,False,1,366,366.0,3,7,True
B-train-00032-q10,B-train-00032,argmax,"Trong bảng 1 ở trang 1, Điểm đến nào có Doanh thu lớn nhất?",Điểm đến,Doanh thu,Vịnh Hạ Long,p01_b00005,1,1,0,False,2,Vịnh Hạ Long,p01_b00005,1,1,0,False,2,83.514,83514.0,0,7,True
B-train-00033-q01,B-train-00033,argmin,"Trong bảng 1 ở trang 1, Phòng ban nào có Hiện có nhỏ nhất?",Phòng ban,Hiện có,Công nghệ,p01_b00020,1,4,0,False,1,Công nghệ,p01_b00020,1,4,0,False,1,21,21.0,3,8,True
B-train-00033-q04,B-train-00033,argmax,"Trong bảng 1 ở trang 1, Phòng ban nào có Thiếu/thừa lớn nhất?",Phòng ban,Thiếu/thừa,Kinh doanh,p01_b00005,1,1,0,False,2,Kinh doanh,p01_b00005,1,1,0,False,2,+4,4.0,0,8,True
B-train-00033-q07,B-train-00033,argmin,"Trong bảng 1 ở trang 1, Phòng ban nào có Định biên nhỏ nhất?",Phòng ban,Định biên,Chăm sóc khách hàng,p01_b00030,1,6,0,False,1,Chăm sóc khách hàng,p01_b00030,1,6,0,False,1,19,19.0,5,8,True
B-train-00033-q10,B-train-00033,argmax,"Trong bảng 1 ở trang 1, Phòng ban nào có Hiện có lớn nhất?",Phòng ban,Hiện có,Kinh doanh,p01_b00035,1,7,0,False,2,Kinh doanh,p01_b00035,1,7,0,False,2,40,40.0,6,8,True
B-train-00034-q01,B-train-00034,argmax,"Trong bảng 1 ở trang 1, Điểm quan trắc nào có pH lớn nhất?",Điểm quan trắc,pH,Sông Hương,p01_b00010,1,2,0,False,1,Sông Hương,p01_b00010,1,2,0,False,1,"8,28",8.28,1,6,True
B-train-00034-q02,B-train-00034,argmin,"Trong bảng 1 ở trang 1, Điểm quan trắc nào có pH nhỏ nhất?",Điểm quan trắc,pH,KCN Long Thành,p01_b00020,1,4,0,True,1,KCN Long Thành,p01_b00020,1,4,0,True,1,"5,96",5.96,3,6,True
B-train-00034-q05,B-train-00034,argmax,"Trong bảng 1 ở trang 1, Điểm quan trắc nào có COD lớn nhất?",Điểm quan trắc,COD,Sông Hồng,p01_b00005,1,1,0,False,2,Sông Hồng,p01_b00005,1,1,0,False,2,88,88.0,0,6,True
B-train-00034-q06,B-train-00034,argmin,"Trong bảng 1 ở trang 1, Điểm quan trắc nào có COD nhỏ nhất?",Điểm quan trắc,COD,Sông Hồng,p01_b00030,1,6,0,False,2,Sông Hồng,p01_b00030,1,6,0,False,2,15,15.0,5,6,True
B-train-00035-q02,B-train-00035,argmin,"Trong bảng 1 ở trang 1, Kho/điểm nào có Chi phí nhỏ nhất?",Kho/điểm,Chi phí,Kho Hà Nội,p01_b00005,1,1,0,False,1,Kho Hà Nội,p01_b00005,1,1,0,False,1,16.454,16454.0,0,5,True
B-train-00035-q04,B-train-00035,argmin,"Trong bảng 1 ở trang 1, Kho/điểm nào có Đúng hạn nhỏ nhất?",Kho/điểm,Đúng hạn,Kho Hà Nội,p01_b00005,1,1,0,False,1,Kho Hà Nội,p01_b00005,1,1,0,False,1,"79,0%",79.0,0,5,True
B-train-00035-q05,B-train-00035,argmax,"Trong bảng 1 ở trang 1, Kho/điểm nào có Đơn xử lý lớn nhất?",Kho/điểm,Đơn xử lý,Kho Cần Thơ,p01_b00020,1,4,0,False,1,Kho Cần Thơ,p01_b00020,1,4,0,False,1,3636,3636.0,3,5,True
B-train-00035-q09,B-train-00035,argmax,"Trong bảng 1 ở trang 1, Kho/điểm nào có Đúng hạn lớn nhất?",Kho/điểm,Đúng hạn,Kho Bình Dương,p01_b00015,1,3,0,True,1,Kho Bình Dương,p01_b00015,1,3,0,True,1,"98,5%",98.5,2,5,True
B-train-00036-q02,B-train-00036,argmin,"Trong bảng 1 ở trang 1, Khu vực nào có Thực hiện nhỏ nhất?",Khu vực,Thực hiện,Miền Bắc,p01_b00030,1,6,0,False,2,Miền Bắc,p01_b00030,1,6,0,False,2,1.220,1220.0,5,7,True
B-train-00036-q03,B-train-00036,argmax,"Trong bảng 1 ở trang 1, Khu vực nào có Chênh lệch lớn nhất?",Khu vực,Chênh lệch,Đồng bằng sông Cửu Long,p01_b00025,1,5,0,False,1,Đồng bằng sông Cửu Long,p01_b00025,1,5,0,False,1,810,810.0,4,7,True
B-train-00036-q09,B-train-00036,argmin,"Trong bảng 1 ở trang 1, Khu vực nào có Kế hoạch nhỏ nhất?",Khu vực,Kế hoạch,Miền Nam,p01_b00015,1,3,0,False,1,Miền Bắc,p01_b00030,1,6,0,False,2,1.800,1800.0,5,7,False
B-train-00037-q01,B-train-00037,argmax,"Trong bảng 1 ở trang 1, Khoa nào có Chuyển tuyến lớn nhất?",Khoa,Chuyển tuyến,Sản,p01_b00020,1,4,0,False,1,Sản,p01_b00020,1,4,0,False,1,6,6.0,3,6,True
B-train-00037-q03,B-train-00037,argmin,"Trong bảng 1 ở trang 1, Khoa nào có Nhập viện nhỏ nhất?",Khoa,Nhập viện,Tai Mũi Họng,p01_b00030,1,6,0,False,1,Tai Mũi Họng,p01_b00030,1,6,0,False,1,8,8.0,5,6,True
B-train-00037-q07,B-train-00037,argmin,"Trong bảng 1 ở trang 1, Khoa nào có Lượt khám nhỏ nhất?",Khoa,Lượt khám,Tai Mũi Họng,p01_b00030,1,6,0,False,1,Tai Mũi Họng,p01_b00030,1,6,0,False,1,116,116.0,5,6,True
B-train-00037-q10,B-train-00037,argmax,"Trong bảng 1 ở trang 1, Khoa nào có Nhập viện lớn nhất?",Khoa,Nhập viện,Mắt,p01_b00025,1,5,0,False,1,Mắt,p01_b00025,1,5,0,False,1,82,82.0,4,6,True
B-train-00038-q02,B-train-00038,argmax,"Trong bảng 1 ở trang 1, Gói thầu nào có Giá dự toán lớn nhất?",Gói thầu,Giá dự toán,GT64,p01_b00025,1,5,0,False,1,GT64,p01_b00025,1,5,0,False,1,1.790,1790.0,4,6,True
B-train-00038-q09,B-train-00038,argmin,"Trong bảng 1 ở trang 1, Gói thầu nào có Giá dự toán nhỏ nhất?",Gói thầu,Giá dự toán,GT63,p01_b00030,1,6,0,False,1,GT63,p01_b00030,1,6,0,False,1,600,600.0,5,6,True
B-train-00039-q01,B-train-00039,argmin,"Trong bảng 1 ở trang 1, Phòng ban nào có Hiện có nhỏ nhất?",Phòng ban,Hiện có,Hành chính,p01_b00025,1,5,0,False,1,Hành chính,p01_b00025,1,5,0,False,1,6,6.0,4,6,True
B-train-00039-q02,B-train-00039,argmax,"Trong bảng 1 ở trang 1, Phòng ban nào có Định biên lớn nhất?",Phòng ban,Định biên,Kế toán,p01_b00010,1,2,0,False,1,Kế toán,p01_b00010,1,2,0,False,1,30,30.0,1,6,True
B-train-00039-q05,B-train-00039,argmin,"Trong bảng 1 ở trang 1, Phòng ban nào có Định biên nhỏ nhất?",Phòng ban,Định biên,Hành chính,p01_b00025,1,5,0,False,1,Hành chính,p01_b00025,1,5,0,False,1,14,14.0,4,6,True
B-train-00039-q08,B-train-00039,argmax,"Trong bảng 1 ở trang 1, Phòng ban nào có Tuyển mới lớn nhất?",Phòng ban,Tuyển mới,Hành chính,p01_b00025,1,5,0,False,1,Hành chính,p01_b00025,1,5,0,False,1,8,8.0,4,6,True
B-train-00040-q01,B-train-00040,argmax,"Trong bảng 1 ở trang 1, Khoa nào có Lượt khám lớn nhất?",Khoa,Lượt khám,Nội tổng hợp,p01_b00005,1,1,0,False,1,Nội tổng hợp,p01_b00005,1,1,0,False,1,497,497.0,0,5,True
B-train-00040-q04,B-train-00040,argmax,"Trong bảng 1 ở trang 1, Khoa nào có Chuyển tuyến lớn nhất?",Khoa,Chuyển tuyến,Ngoại,p01_b00010,1,2,0,False,1,Ngoại,p01_b00010,1,2,0,False,1,7,7.0,1,5,True
B-train-00040-q05,B-train-00040,argmin,"Trong bảng 1 ở trang 1, Khoa nào có Nhập viện nhỏ nhất?",Khoa,Nhập viện,Nhi,p01_b00015,1,3,0,True,1,Nhi,p01_b00015,1,3,0,True,1,15,15.0,2,5,True
B-train-00040-q09,B-train-00040,argmin,"Trong bảng 1 ở trang 1, Khoa nào có Lượt khám nhỏ nhất?",Khoa,Lượt khám,Ngoại,p01_b00010,1,2,0,False,1,Ngoại,p01_b00010,1,2,0,False,1,140,140.0,1,5,True
B-train-00041-q02,B-train-00041,argmin,"Trong bảng 1 ở trang 1, Chi nhánh nào có Huy động nhỏ nhất?",Chi nhánh,Huy động,Hà Nội 01,p01_b00030,1,6,0,False,2,Hà Nội 01,p01_b00030,1,6,0,False,2,1.840,1840.0,5,8,True
B-train-00041-q04,B-train-00041,argmax,"Trong bảng 1 ở trang 1, Chi nhánh nào có Huy động lớn nhất?",Chi nhánh,Huy động,Đà Nẵng 01,p01_b00040,1,8,0,False,2,Đà Nẵng 01,p01_b00040,1,8,0,False,2,10.220,10220.0,7,8,True
B-train-00041-q06,B-train-00041,argmin,"Trong bảng 1 ở trang 1, Chi nhánh nào có Nợ quá hạn nhỏ nhất?",Chi nhánh,Nợ quá hạn,Cần Thơ 02,p01_b00025,1,5,0,False,1,Cần Thơ 02,p01_b00025,1,5,0,False,1,0,0.0,4,8,True
B-train-00041-q07,B-train-00041,argmax,"Trong bảng 1 ở trang 1, Chi nhánh nào có Nợ quá hạn lớn nhất?",Chi nhánh,Nợ quá hạn,Hà Nội 01,p01_b00005,1,1,0,False,2,Hà Nội 01,p01_b00005,1,1,0,False,2,440,440.0,0,8,True
B-train-00042-q04,B-train-00042,argmin,"Trong bảng 1 ở trang 1, Tuyến nào có Doanh thu nhỏ nhất?",Tuyến,Doanh thu,Đà Nẵng – Huế,p01_b00036,1,6,0,False,2,Đà Nẵng – Huế,p01_b00036,1,6,0,False,2,82.800,82800.0,5,7,True
B-train-00042-q05,B-train-00042,argmax,"Trong bảng 1 ở trang 1, Tuyến nào có Đúng giờ lớn nhất?",Tuyến,Đúng giờ,Đà Nẵng – Huế,p01_b00036,1,6,0,False,2,Đà Nẵng – Huế,p01_b00036,1,6,0,False,2,"93,1%",93.1,5,7,True
B-train-00042-q09,B-train-00042,argmax,"Trong bảng 1 ở trang 1, Tuyến nào có Hành khách lớn nhất?",Tuyến,Hành khách,Nha Trang – Đà Lạt,p01_b00024,1,4,0,False,1,Nha Trang – Đà Lạt,p01_b00024,1,4,0,False,1,1.596,1596.0,3,7,True
B-train-00042-q10,B-train-00042,argmin,"Trong bảng 1 ở trang 1, Tuyến nào có Đúng giờ nhỏ nhất?",Tuyến,Đúng giờ,Đà Nẵng – Huế,p01_b00012,1,2,0,False,2,Đà Nẵng – Huế,p01_b00012,1,2,0,False,2,"84,9%",84.9,1,7,True
B-train-00043-q01,B-train-00043,argmin,"Trong bảng 1 ở trang 1, Tuyến nào có Doanh thu nhỏ nhất?",Tuyến,Doanh thu,Nha Trang – Đà Lạt,p01_b00024,1,4,0,False,2,Nha Trang – Đà Lạt,p01_b00024,1,4,0,False,2,30.780,30780.0,3,8,True
B-train-00043-q03,B-train-00043,argmax,"Trong bảng 1 ở trang 1, Tuyến nào có Đúng giờ lớn nhất?",Tuyến,Đúng giờ,TP.HCM – Cần Thơ,p01_b00018,1,3,0,False,2,TP.HCM – Cần Thơ,p01_b00018,1,3,0,False,2,"96,7%",96.7,2,8,True
B-train-00043-q07,B-train-00043,argmax,"Trong bảng 1 ở trang 1, Tuyến nào có Doanh thu lớn nhất?",Tuyến,Doanh thu,Hà Nội – Hải Phòng,p01_b00006,1,1,0,False,2,Hà Nội – Hải Phòng,p01_b00006,1,1,0,False,2,259.776,259776.0,0,8,True
B-train-00043-q08,B-train-00043,argmin,"Trong bảng 1 ở trang 1, Tuyến nào có Đúng giờ nhỏ nhất?",Tuyến,Đúng giờ,Đà Nẵng – Huế,p01_b00012,1,2,0,False,2,Đà Nẵng – Huế,p01_b00012,1,2,0,False,2,"82,8%",82.8,1,8,True
B-train-00044-q03,B-train-00044,argmin,"Trong bảng 1 ở trang 1, Dự án nào có Tiến độ nhỏ nhất?",Dự án,Tiến độ,Cầu Đông Thành,p01_b00005,1,1,0,False,1,Cầu Đông Thành,p01_b00005,1,1,0,False,1,"36,2%",36.2,0,5,True
B-train-00044-q05,B-train-00044,argmax,"Trong bảng 1 ở trang 1, Dự án nào có Giá trị hợp đồng lớn nhất?",Dự án,Giá trị hợp đồng,Nhà máy nước,p01_b00020,1,4,0,False,1,Nhà máy nước,p01_b00020,1,4,0,False,1,17.480,17480.0,3,5,True
B-train-00044-q08,B-train-00044,argmin,"Trong bảng 1 ở trang 1, Dự án nào có Giá trị hợp đồng nhỏ nhất?",Dự án,Giá trị hợp đồng,Cầu Đông Thành,p01_b00005,1,1,0,False,1,Cầu Đông Thành,p01_b00005,1,1,0,False,1,1.200,1200.0,0,5,True
B-train-00044-q09,B-train-00044,argmax,"Trong bảng 1 ở trang 1, Dự án nào có Tiến độ lớn nhất?",Dự án,Tiến độ,Trường liên cấp,p01_b00015,1,3,0,False,1,Trường liên cấp,p01_b00015,1,3,0,False,1,"98,7%",98.7,2,5,True
B-train-00045-q03,B-train-00045,argmax,"Trong bảng 1 ở trang 1, Khu vực nào có Lưu lượng lớn nhất?",Khu vực,Lưu lượng,Khu vực ven biển,p01_b00040,1,8,0,False,2,Khu vực ven biển,p01_b00040,1,8,0,False,2,93.457,93457.0,7,8,True
B-train-00045-q04,B-train-00045,argmin,"Trong bảng 1 ở trang 1, Khu vực nào có Phản ánh nhỏ nhất?",Khu vực,Phản ánh,Khu vực đô thị,p01_b00020,1,4,0,False,1,Khu vực đô thị,p01_b00020,1,4,0,False,1,8,8.0,3,8,True
B-train-00045-q07,B-train-00045,argmin,"Trong bảng 1 ở trang 1, Khu vực nào có Lưu lượng nhỏ nhất?",Khu vực,Lưu lượng,Cụm BTS-01,p01_b00030,1,6,0,True,2,Cụm BTS-01,p01_b00030,1,6,0,True,2,27.397,27397.0,5,8,True
B-train-00045-q08,B-train-00045,argmax,"Trong bảng 1 ở trang 1, Khu vực nào có Tỷ lệ rớt cuộc lớn nhất?",Khu vực,Tỷ lệ rớt cuộc,Cụm BTS-02,p01_b00010,1,2,0,False,2,Cụm BTS-02,p01_b00010,1,2,0,False,2,"3,4%",3.4,1,8,True
B-train-00046-q01,B-train-00046,argmin,"Trong bảng 1 ở trang 1, Chi nhánh nào có Nợ quá hạn nhỏ nhất?",Chi nhánh,Nợ quá hạn,Hải Phòng 02,p01_b00010,1,2,0,False,1,Hải Phòng 02,p01_b00010,1,2,0,False,1,10,10.0,1,5,True
B-train-00046-q06,B-train-00046,argmin,"Trong bảng 1 ở trang 1, Chi nhánh nào có Dư nợ nhỏ nhất?",Chi nhánh,Dư nợ,Đà Nẵng 01,p01_b00015,1,3,0,False,1,Đà Nẵng 01,p01_b00015,1,3,0,False,1,1.640,1640.0,2,5,True
B-train-00046-q07,B-train-00046,argmax,"Trong bảng 1 ở trang 1, Chi nhánh nào có Nợ quá hạn lớn nhất?",Chi nhánh,Nợ quá hạn,Hà Nội 01,p01_b00005,1,1,0,False,1,Hà Nội 01,p01_b00005,1,1,0,False,1,660,660.0,0,5,True
B-train-00046-q10,B-train-00046,argmax,"Trong bảng 1 ở trang 1, Chi nhánh nào có Tăng trưởng lớn nhất?",Chi nhánh,Tăng trưởng,Đà Nẵng 01,p01_b00015,1,3,0,False,1,Đà Nẵng 01,p01_b00015,1,3,0,False,1,"14,9%",14.9,2,5,True
B-train-00047-q03,B-train-00047,argmin,"Trong bảng 1 ở trang 1, Trạm nào có Sản lượng nhỏ nhất?",Trạm,Sản lượng,Trạm Cao Nguyên,p01_b00025,1,5,0,False,1,Trạm 220kV Trung,p01_b00010,1,2,0,False,2,3.743,3743.0,1,7,False
B-train-00047-q06,B-train-00047,argmax,"Trong bảng 1 ở trang 1, Trạm nào có Tổn thất lớn nhất?",Trạm,Tổn thất,Trạm Cao Nguyên,p01_b00025,1,5,0,False,1,Trạm Cao Nguyên,p01_b00025,1,5,0,False,1,"8,4%",8.4,4,7,True
B-train-00047-q07,B-train-00047,argmax,"Trong bảng 1 ở trang 1, Trạm nào có Sản lượng lớn nhất?",Trạm,Sản lượng,Trạm Nam Sông,p01_b00015,1,3,0,False,1,Trạm 110kV Bắc,p01_b00005,1,1,0,True,2,17.429,17429.0,0,7,False
B-train-00047-q10,B-train-00047,argmin,"Trong bảng 1 ở trang 1, Trạm nào có Sự cố nhỏ nhất?",Trạm,Sự cố,Trạm 220kV Trung,p01_b00010,1,2,0,False,2,Trạm 220kV Trung,p01_b00010,1,2,0,False,2,0,0.0,1,7,True
B-train-00048-q01,B-train-00048,argmin,"Trong bảng 1 ở trang 1, Chi nhánh nào có Nợ quá hạn nhỏ nhất?",Chi nhánh,Nợ quá hạn,Đà Nẵng 01,p01_b00015,1,3,0,False,1,Đà Nẵng 01,p01_b00015,1,3,0,False,1,80,80.0,2,6,True
B-train-00048-q07,B-train-00048,argmin,"Trong bảng 1 ở trang 1, Chi nhánh nào có Dư nợ nhỏ nhất?",Chi nhánh,Dư nợ,Đà Nẵng 01,p01_b00015,1,3,0,False,1,Đà Nẵng 01,p01_b00015,1,3,0,False,1,1.750,1750.0,2,6,True
B-train-00048-q09,B-train-00048,argmax,"Trong bảng 1 ở trang 1, Chi nhánh nào có Tăng trưởng lớn nhất?",Chi nhánh,Tăng trưởng,Hà Nội 01,p01_b00005,1,1,0,False,2,Hà Nội 01,p01_b00005,1,1,0,False,2,"12,2%",12.2,0,6,True
B-train-00049-q03,B-train-00049,argmin,"Trong bảng 1 ở trang 1, Khoa nào có Lượt khám nhỏ nhất?",Khoa,Lượt khám,Sản,p01_b00020,1,4,0,False,1,Sản,p01_b00020,1,4,0,False,1,140,140.0,3,8,True
B-train-00049-q04,B-train-00049,argmax,"Trong bảng 1 ở trang 1, Khoa nào có Nhập viện lớn nhất?",Khoa,Nhập viện,Nội tổng hợp,p01_b00035,1,7,0,False,2,Nội tổng hợp,p01_b00035,1,7,0,False,2,42,42.0,6,8,True
B-train-00049-q08,B-train-00049,argmax,"Trong bảng 1 ở trang 1, Khoa nào có Lượt khám lớn nhất?",Khoa,Lượt khám,Nhi,p01_b00015,1,3,0,False,1,Ngoại,p01_b00040,1,8,0,False,2,479,479.0,7,8,False
B-train-00049-q10,B-train-00049,argmin,"Trong bảng 1 ở trang 1, Khoa nào có Nhập viện nhỏ nhất?",Khoa,Nhập viện,Nội tổng hợp,p01_b00005,1,1,0,True,2,Nội tổng hợp,p01_b00005,1,1,0,True,2,5,5.0,0,8,True
B-train-00050-q01,B-train-00050,argmax,"Trong bảng 1 ở trang 1, Khoa nào có Lượt khám lớn nhất?",Khoa,Lượt khám,Sản,p01_b00020,1,4,0,False,1,Sản,p01_b00020,1,4,0,False,1,446,446.0,3,6,True
B-train-00050-q06,B-train-00050,argmin,"Trong bảng 1 ở trang 1, Khoa nào có Lượt khám nhỏ nhất?",Khoa,Lượt khám,Ngoại,p01_b00010,1,2,0,False,1,Ngoại,p01_b00010,1,2,0,False,1,66,66.0,1,6,True
B-train-00050-q07,B-train-00050,argmax,"Trong bảng 1 ở trang 1, Khoa nào có Chuyển tuyến lớn nhất?",Khoa,Chuyển tuyến,Ngoại,p01_b00010,1,2,0,False,1,Ngoại,p01_b00010,1,2,0,False,1,11,11.0,1,6,True
B-train-00050-q09,B-train-00050,argmin,"Trong bảng 1 ở trang 1, Khoa nào có Chuyển tuyến nhỏ nhất?",Khoa,Chuyển tuyến,Sản,p01_b00020,1,4,0,False,1,Sản,p01_b00020,1,4,0,False,1,1,1.0,3,6,True
B-train-00051-q02,B-train-00051,argmin,"Trong bảng 1 ở trang 1, Chi nhánh nào có Huy động nhỏ nhất?",Chi nhánh,Huy động,Cần Thơ 02,p01_b00025,1,5,0,False,1,Cần Thơ 02,p01_b00025,1,5,0,False,1,2.060,2060.0,4,6,True
B-train-00051-q04,B-train-00051,argmin,"Trong bảng 1 ở trang 1, Chi nhánh nào có Nợ quá hạn nhỏ nhất?",Chi nhánh,Nợ quá hạn,Cần Thơ 02,p01_b00025,1,5,0,False,1,Cần Thơ 02,p01_b00025,1,5,0,False,1,30,30.0,4,6,True
B-train-00051-q05,B-train-00051,argmax,"Trong bảng 1 ở trang 1, Chi nhánh nào có Tăng trưởng lớn nhất?",Chi nhánh,Tăng trưởng,Đà Nẵng 01,p01_b00015,1,3,0,False,1,Đà Nẵng 01,p01_b00015,1,3,0,False,1,"15,0%",15.0,2,6,True
B-train-00051-q06,B-train-00051,argmax,"Trong bảng 1 ở trang 1, Chi nhánh nào có Huy động lớn nhất?",Chi nhánh,Huy động,Hà Nội 01,p01_b00030,1,6,0,True,2,Hà Nội 01,p01_b00030,1,6,0,True,2,9.900,9900.0,5,6,True
B-train-00052-q02,B-train-00052,argmax,"Trong bảng 1 ở trang 1, Trạm nào có Sản lượng lớn nhất?",Trạm,Sản lượng,Trạm 220kV Trung,p01_b00010,1,2,0,False,1,Trạm 220kV Trung,p01_b00010,1,2,0,False,1,16.163,16163.0,1,5,True
B-train-00052-q08,B-train-00052,argmin,"Trong bảng 1 ở trang 1, Trạm nào có Sự cố nhỏ nhất?",Trạm,Sự cố,Trạm 110kV Bắc,p01_b00005,1,1,0,False,1,Trạm 110kV Bắc,p01_b00005,1,1,0,False,1,0,0.0,0,5,True
B-train-00052-q09,B-train-00052,argmin,"Trong bảng 1 ở trang 1, Trạm nào có Công suất đỉnh nhỏ nhất?",Trạm,Công suất đỉnh,Trạm 110kV Bắc,p01_b00005,1,1,0,False,1,Trạm 110kV Bắc,p01_b00005,1,1,0,False,1,151,151.0,0,5,True
B-train-00052-q10,B-train-00052,argmax,"Trong bảng 1 ở trang 1, Trạm nào có Công suất đỉnh lớn nhất?",Trạm,Công suất đỉnh,Trạm Nam Sông,p01_b00015,1,3,0,True,1,Trạm Nam Sông,p01_b00015,1,3,0,True,1,759,759.0,2,5,True
B-train-00053-q01,B-train-00053,argmax,"Trong bảng 1 ở trang 1, Phòng ban nào có Định biên lớn nhất?",Phòng ban,Định biên,Kinh doanh,p01_b00005,1,1,0,False,1,Kinh doanh,p01_b00005,1,1,0,False,1,45,45.0,0,5,True
B-train-00053-q05,B-train-00053,argmax,"Trong bảng 1 ở trang 1, Phòng ban nào có Tuyển mới lớn nhất?",Phòng ban,Tuyển mới,Kế toán,p01_b00010,1,2,0,False,1,Kế toán,p01_b00010,1,2,0,False,1,8,8.0,1,5,True
B-train-00053-q07,B-train-00053,argmin,"Trong bảng 1 ở trang 1, Phòng ban nào có Tuyển mới nhỏ nhất?",Phòng ban,Tuyển mới,Hành chính,p01_b00025,1,5,0,True,1,Hành chính,p01_b00025,1,5,0,True,1,0,0.0,4,5,True
B-train-00053-q10,B-train-00053,argmin,"Trong bảng 1 ở trang 1, Phòng ban nào có Hiện có nhỏ nhất?",Phòng ban,Hiện có,Hành chính,p01_b00025,1,5,0,True,1,Hành chính,p01_b00025,1,5,0,True,1,14,14.0,4,5,True
B-train-00054-q03,B-train-00054,argmax,"Trong bảng 1 ở trang 1, Gói thầu nào có Giá dự toán lớn nhất?",Gói thầu,Giá dự toán,GT77,p01_b00010,1,2,0,False,1,GT77,p01_b00010,1,2,0,False,1,2.280,2280.0,1,6,True
B-train-00054-q09,B-train-00054,argmax,"Trong bảng 1 ở trang 1, Gói thầu nào có Giá trúng lớn nhất?",Gói thầu,Giá trúng,GT41,p01_b00025,1,5,0,True,1,GT41,p01_b00025,1,5,0,True,1,2.190,2190.0,4,6,True
B-train-00055-q05,B-train-00055,argmax,"Trong bảng 1 ở trang 1, Dự án nào có Tiến độ lớn nhất?",Dự án,Tiến độ,Khu tái định cư,p01_b00025,1,5,0,False,1,Khu tái định cư,p01_b00025,1,5,0,False,1,"98,6%",98.6,4,5,True
B-train-00055-q06,B-train-00055,argmin,"Trong bảng 1 ở trang 1, Dự án nào có Giải ngân nhỏ nhất?",Dự án,Giải ngân,Trường liên cấp,p01_b00015,1,3,0,False,1,Trường liên cấp,p01_b00015,1,3,0,False,1,3.695,3695.0,2,5,True
B-train-00055-q07,B-train-00055,argmax,"Trong bảng 1 ở trang 1, Dự án nào có Giá trị hợp đồng lớn nhất?",Dự án,Giá trị hợp đồng,Khu tái định cư,p01_b00025,1,5,0,False,1,Khu tái định cư,p01_b00025,1,5,0,False,1,20.230,20230.0,4,5,True
B-train-00055-q09,B-train-00055,argmin,"Trong bảng 1 ở trang 1, Dự án nào có Tiến độ nhỏ nhất?",Dự án,Tiến độ,Nhà máy nước,p01_b00020,1,4,0,True,1,Nhà máy nước,p01_b00020,1,4,0,True,1,"44,9%",44.9,3,5,True
B-train-00056-q01,B-train-00056,argmax,"Trong bảng 1 ở trang 1, Nghiệp vụ nào có Bồi thường lớn nhất?",Nghiệp vụ,Bồi thường,Tài sản,p01_b00015,1,3,0,False,1,Tài sản,p01_b00015,1,3,0,False,1,3.879,3879.0,2,5,True
B-train-00056-q03,B-train-00056,argmin,"Trong bảng 1 ở trang 1, Nghiệp vụ nào có Bồi thường nhỏ nhất?",Nghiệp vụ,Bồi thường,Hàng hóa,p01_b00020,1,4,0,False,1,Hàng hóa,p01_b00020,1,4,0,False,1,278,278.0,3,5,True
B-train-00056-q04,B-train-00056,argmin,"Trong bảng 1 ở trang 1, Nghiệp vụ nào có Tỷ lệ nhỏ nhất?",Nghiệp vụ,Tỷ lệ,Hàng hóa,p01_b00020,1,4,0,False,1,Hàng hóa,p01_b00020,1,4,0,False,1,"2,3%",2.3,3,5,True
B-train-00056-q07,B-train-00056,argmax,"Trong bảng 1 ở trang 1, Nghiệp vụ nào có Tỷ lệ lớn nhất?",Nghiệp vụ,Tỷ lệ,Tài sản,p01_b00015,1,3,0,False,1,Tài sản,p01_b00015,1,3,0,False,1,"51,9%",51.9,2,5,True
B-train-00057-q03,B-train-00057,argmin,"Trong bảng 1 ở trang 1, Chi nhánh nào có Huy động nhỏ nhất?",Chi nhánh,Huy động,Hà Nội 01,p01_b00030,1,6,0,True,2,Hà Nội 01,p01_b00030,1,6,0,True,2,1.020,1020.0,5,8,True
B-train-00057-q04,B-train-00057,argmax,"Trong bảng 1 ở trang 1, Chi nhánh nào có Tăng trưởng lớn nhất?",Chi nhánh,Tăng trưởng,Hải Phòng 02,p01_b00010,1,2,0,False,2,Hải Phòng 02,p01_b00010,1,2,0,False,2,"17,7%",17.7,1,8,True
B-train-00057-q06,B-train-00057,argmax,"Trong bảng 1 ở trang 1, Chi nhánh nào có Nợ quá hạn lớn nhất?",Chi nhánh,Nợ quá hạn,Đà Nẵng 01,p01_b00040,1,8,0,False,2,Đà Nẵng 01,p01_b00040,1,8,0,False,2,390,390.0,7,8,True
B-train-00057-q10,B-train-00057,argmin,"Trong bảng 1 ở trang 1, Chi nhánh nào có Nợ quá hạn nhỏ nhất?",Chi nhánh,Nợ quá hạn,Đà Nẵng 01,p01_b00015,1,3,0,False,2,Đà Nẵng 01,p01_b00015,1,3,0,False,2,10,10.0,2,8,True
B-train-00058-q02,B-train-00058,argmin,"Trong bảng 1 ở trang 1, Trạm nào có Tổn thất nhỏ nhất?",Trạm,Tổn thất,Trạm 220kV Trung,p01_b00010,1,2,0,False,2,Trạm 220kV Trung,p01_b00010,1,2,0,False,2,"1,4%",1.4,1,7,True
B-train-00058-q05,B-train-00058,argmin,"Trong bảng 1 ở trang 1, Trạm nào có Công suất đỉnh nhỏ nhất?",Trạm,Công suất đỉnh,Trạm 110kV Bắc,p01_b00030,1,6,0,False,2,Trạm 110kV Bắc,p01_b00030,1,6,0,False,2,152,152.0,5,7,True
B-train-00058-q08,B-train-00058,argmax,"Trong bảng 1 ở trang 1, Trạm nào có Tổn thất lớn nhất?",Trạm,Tổn thất,Trạm Cao Nguyên,p01_b00025,1,5,0,True,1,Trạm Cao Nguyên,p01_b00025,1,5,0,True,1,"7,9%",7.9,4,7,True
B-train-00058-q09,B-train-00058,argmax,"Trong bảng 1 ở trang 1, Trạm nào có Sản lượng lớn nhất?",Trạm,Sản lượng,Trạm Cao Nguyên,p01_b00025,1,5,0,True,1,Trạm Cao Nguyên,p01_b00025,1,5,0,True,1,12.244,12244.0,4,7,True
B-train-00059-q01,B-train-00059,argmax,"Trong bảng 1 ở trang 1, Chi nhánh nào có Nợ quá hạn lớn nhất?",Chi nhánh,Nợ quá hạn,Hải Phòng 02,p01_b00035,1,7,0,False,2,Hải Phòng 02,p01_b00035,1,7,0,False,2,540,540.0,6,8,True
B-train-00059-q02,B-train-00059,argmin,"Trong bảng 1 ở trang 1, Chi nhánh nào có Huy động nhỏ nhất?",Chi nhánh,Huy động,Hà Nội 01,p01_b00030,1,6,0,False,2,Hà Nội 01,p01_b00030,1,6,0,False,2,900,900.0,5,8,True
B-train-00059-q03,B-train-00059,argmax,"Trong bảng 1 ở trang 1, Chi nhánh nào có Tăng trưởng lớn nhất?",Chi nhánh,Tăng trưởng,Đà Nẵng 01,p01_b00015,1,3,0,False,2,Đà Nẵng 01,p01_b00015,1,3,0,False,2,"15,8%",15.8,2,8,True
B-train-00059-q08,B-train-00059,argmin,"Trong bảng 1 ở trang 1, Chi nhánh nào có Tăng trưởng nhỏ nhất?",Chi nhánh,Tăng trưởng,Hà Nội 01,p01_b00005,1,1,0,False,2,Hà Nội 01,p01_b00005,1,1,0,False,2,"0,1%",0.1,0,8,True
B-train-00060-q01,B-train-00060,argmin,"Trong bảng 1 ở trang 1, Điểm đến nào có Công suất phòng nhỏ nhất?",Điểm đến,Công suất phòng,Phố cổ Hội An,p01_b00035,1,7,0,True,2,Phố cổ Hội An,p01_b00035,1,7,0,True,2,"57,7%",57.7,6,8,True
B-train-00060-q04,B-train-00060,argmin,"Trong bảng 1 ở trang 1, Điểm đến nào có Khách quốc tế nhỏ nhất?",Điểm đến,Khách quốc tế,Phố cổ Hội An,p01_b00010,1,2,0,False,2,Phố cổ Hội An,p01_b00010,1,2,0,False,2,628,628.0,1,8,True
B-train-00060-q06,B-train-00060,argmax,"Trong bảng 1 ở trang 1, Điểm đến nào có Công suất phòng lớn nhất?",Điểm đến,Công suất phòng,Nha Trang,p01_b00020,1,4,0,False,1,Nha Trang,p01_b00020,1,4,0,False,1,"89,4%",89.4,3,8,True
B-train-00061-q01,B-train-00061,argmin,"Trong bảng 1 ở trang 1, Dự án nào có Giá trị hợp đồng nhỏ nhất?",Dự án,Giá trị hợp đồng,Khu tái định cư,p01_b00025,1,5,0,False,1,Khu tái định cư,p01_b00025,1,5,0,False,1,8.430,8430.0,4,5,True
B-train-00061-q02,B-train-00061,argmax,"Trong bảng 1 ở trang 1, Dự án nào có Tiến độ lớn nhất?",Dự án,Tiến độ,Khu tái định cư,p01_b00025,1,5,0,False,1,Khu tái định cư,p01_b00025,1,5,0,False,1,"85,4%",85.4,4,5,True
B-train-00061-q03,B-train-00061,argmin,"Trong bảng 1 ở trang 1, Dự án nào có Tiến độ nhỏ nhất?",Dự án,Tiến độ,Nhà máy nước,p01_b00020,1,4,0,False,1,Nhà máy nước,p01_b00020,1,4,0,False,1,"20,0%",20.0,3,5,True
B-train-00061-q09,B-train-00061,argmax,"Trong bảng 1 ở trang 1, Dự án nào có Giải ngân lớn nhất?",Dự án,Giải ngân,Trường liên cấp,p01_b00015,1,3,0,True,1,Trường liên cấp,p01_b00015,1,3,0,True,1,10.890,10890.0,2,5,True
B-train-00062-q05,B-train-00062,argmin,"Trong bảng 1 ở trang 1, Gói thầu nào có Giá trúng nhỏ nhất?",Gói thầu,Giá trúng,GT82,p01_b00015,1,3,0,False,1,GT82,p01_b00015,1,3,0,False,1,230,230.0,2,5,True
B-train-00062-q06,B-train-00062,argmax,"Trong bảng 1 ở trang 1, Gói thầu nào có Giá trúng lớn nhất?",Gói thầu,Giá trúng,GT54,p01_b00025,1,5,0,False,1,GT54,p01_b00025,1,5,0,False,1,1.230,1230.0,4,5,True
B-train-00062-q07,B-train-00062,argmin,"Trong bảng 1 ở trang 1, Gói thầu nào có Giá dự toán nhỏ nhất?",Gói thầu,Giá dự toán,GT82,p01_b00015,1,3,0,False,1,GT82,p01_b00015,1,3,0,False,1,310,310.0,2,5,True
B-train-00062-q10,B-train-00062,argmax,"Trong bảng 1 ở trang 1, Gói thầu nào có Giá dự toán lớn nhất?",Gói thầu,Giá dự toán,GT54,p01_b00025,1,5,0,False,1,GT54,p01_b00025,1,5,0,False,1,1.390,1390.0,4,5,True
B-train-00063-q02,B-train-00063,argmin,"Trong bảng 1 ở trang 1, Điểm đến nào có Doanh thu nhỏ nhất?",Điểm đến,Doanh thu,Phố cổ Hội An,p01_b00010,1,2,0,False,2,Phố cổ Hội An,p01_b00010,1,2,0,False,2,10.378,10378.0,1,7,True
B-train-00063-q04,B-train-00063,argmin,"Trong bảng 1 ở trang 1, Điểm đến nào có Công suất phòng nhỏ nhất?",Điểm đến,Công suất phòng,Đà Lạt,p01_b00015,1,3,0,False,1,Đà Lạt,p01_b00015,1,3,0,False,1,"55,6%",55.6,2,7,True
B-train-00063-q07,B-train-00063,argmax,"Trong bảng 1 ở trang 1, Điểm đến nào có Công suất phòng lớn nhất?",Điểm đến,Công suất phòng,Vịnh Hạ Long,p01_b00005,1,1,0,False,2,Vịnh Hạ Long,p01_b00005,1,1,0,False,2,"92,5%",92.5,0,7,True
B-train-00063-q10,B-train-00063,argmax,"Trong bảng 1 ở trang 1, Điểm đến nào có Khách quốc tế lớn nhất?",Điểm đến,Khách quốc tế,Vịnh Hạ Long,p01_b00030,1,6,0,True,2,Vịnh Hạ Long,p01_b00030,1,6,0,True,2,6.598,6598.0,5,7,True
B-train-00064-q04,B-train-00064,argmin,"Trong bảng 1 ở trang 1, Phòng ban nào có Hiện có nhỏ nhất?",Phòng ban,Hiện có,Kế toán,p01_b00010,1,2,0,True,1,Kế toán,p01_b00010,1,2,0,True,1,10,10.0,1,5,True
B-train-00064-q05,B-train-00064,argmin,"Trong bảng 1 ở trang 1, Phòng ban nào có Thiếu/thừa nhỏ nhất?",Phòng ban,Thiếu/thừa,Kinh doanh,p01_b00005,1,1,0,False,1,Kinh doanh,p01_b00005,1,1,0,False,1,-7,-7.0,0,5,True
B-train-00064-q06,B-train-00064,argmax,"Trong bảng 1 ở trang 1, Phòng ban nào có Tuyển mới lớn nhất?",Phòng ban,Tuyển mới,Kinh doanh,p01_b00005,1,1,0,False,1,Kinh doanh,p01_b00005,1,1,0,False,1,7,7.0,0,5,True
B-train-00064-q10,B-train-00064,argmax,"Trong bảng 1 ở trang 1, Phòng ban nào có Hiện có lớn nhất?",Phòng ban,Hiện có,Hành chính,p01_b00025,1,5,0,False,1,Hành chính,p01_b00025,1,5,0,False,1,25,25.0,4,5,True
B-train-00065-q02,B-train-00065,argmax,"Trong bảng 1 ở trang 1, Dự án nào có Giải ngân lớn nhất?",Dự án,Giải ngân,Khu tái định cư,p01_b00025,1,5,0,True,1,Khu tái định cư,p01_b00025,1,5,0,True,1,16.685,16685.0,4,5,True
B-train-00065-q05,B-train-00065,argmin,"Trong bảng 1 ở trang 1, Dự án nào có Tiến độ nhỏ nhất?",Dự án,Tiến độ,Nhà máy nước,p01_b00020,1,4,0,False,1,Nhà máy nước,p01_b00020,1,4,0,False,1,"45,7%",45.7,3,5,True
B-train-00065-q09,B-train-00065,argmin,"Trong bảng 1 ở trang 1, Dự án nào có Giải ngân nhỏ nhất?",Dự án,Giải ngân,Đường vành đai,p01_b00010,1,2,0,False,1,Đường vành đai,p01_b00010,1,2,0,False,1,8.515,8515.0,1,5,True
B-train-00065-q10,B-train-00065,argmax,"Trong bảng 1 ở trang 1, Dự án nào có Giá trị hợp đồng lớn nhất?",Dự án,Giá trị hợp đồng,Nhà máy nước,p01_b00020,1,4,0,False,1,Nhà máy nước,p01_b00020,1,4,0,False,1,27.850,27850.0,3,5,True
B-train-00066-q01,B-train-00066,argmax,"Trong bảng 1 ở trang 1, Khoa nào có Chuyển tuyến lớn nhất?",Khoa,Chuyển tuyến,Nhi,p01_b00015,1,3,0,False,1,Nhi,p01_b00015,1,3,0,False,1,12,12.0,2,5,True
B-train-00066-q02,B-train-00066,argmin,"Trong bảng 1 ở trang 1, Khoa nào có Lượt khám nhỏ nhất?",Khoa,Lượt khám,Nội tổng hợp,p01_b00005,1,1,0,False,1,Nội tổng hợp,p01_b00005,1,1,0,False,1,97,97.0,0,5,True
B-train-00066-q03,B-train-00066,argmin,"Trong bảng 1 ở trang 1, Khoa nào có Nhập viện nhỏ nhất?",Khoa,Nhập viện,Ngoại,p01_b00010,1,2,0,False,1,Ngoại,p01_b00010,1,2,0,False,1,16,16.0,1,5,True
B-train-00066-q04,B-train-00066,argmax,"Trong bảng 1 ở trang 1, Khoa nào có Lượt khám lớn nhất?",Khoa,Lượt khám,Sản,p01_b00020,1,4,0,True,1,Sản,p01_b00020,1,4,0,True,1,331,331.0,3,5,True
B-train-00067-q07,B-train-00067,argmax,"Trong bảng 1 ở trang 1, Gói thầu nào có Giá trúng lớn nhất?",Gói thầu,Giá trúng,GT50,p01_b00030,1,6,0,False,1,GT50,p01_b00030,1,6,0,False,1,2.240,2240.0,5,6,True
B-train-00067-q08,B-train-00067,argmin,"Trong bảng 1 ở trang 1, Gói thầu nào có Giá dự toán nhỏ nhất?",Gói thầu,Giá dự toán,GT80,p01_b00010,1,2,0,False,1,GT80,p01_b00010,1,2,0,False,1,490,490.0,1,6,True
B-train-00067-q09,B-train-00067,argmin,"Trong bảng 1 ở trang 1, Gói thầu nào có Giá trúng nhỏ nhất?",Gói thầu,Giá trúng,GT80,p01_b00010,1,2,0,False,1,GT80,p01_b00010,1,2,0,False,1,490,490.0,1,6,True
B-train-00068-q01,B-train-00068,argmin,"Trong bảng 1 ở trang 1, Tuyến nào có Doanh thu nhỏ nhất?",Tuyến,Doanh thu,Đà Nẵng – Huế,p01_b00012,1,2,0,False,2,Đà Nẵng – Huế,p01_b00012,1,2,0,False,2,35.370,35370.0,1,8,True
B-train-00068-q05,B-train-00068,argmin,"Trong bảng 1 ở trang 1, Tuyến nào có Đúng giờ nhỏ nhất?",Tuyến,Đúng giờ,Đà Nẵng – Huế,p01_b00036,1,6,0,False,2,Đà Nẵng – Huế,p01_b00036,1,6,0,False,2,"84,6%",84.6,5,8,True
B-train-00068-q06,B-train-00068,argmax,"Trong bảng 1 ở trang 1, Tuyến nào có Hành khách lớn nhất?",Tuyến,Hành khách,Hà Nội – Hải Phòng,p01_b00030,1,5,0,False,2,Hà Nội – Hải Phòng,p01_b00030,1,5,0,False,2,1.517,1517.0,4,8,True
B-train-00069-q04,B-train-00069,argmax,"Trong bảng 1 ở trang 1, Địa bàn nào có Diện tích (ha) lớn nhất?",Địa bàn,Diện tích (ha),Đồng Nai,p01_b00025,1,5,0,True,1,Đồng Nai,p01_b00025,1,5,0,True,1,871,871.0,4,8,True
B-train-00069-q08,B-train-00069,argmax,"Trong bảng 1 ở trang 1, Địa bàn nào có Sản lượng (tấn) lớn nhất?",Địa bàn,Sản lượng (tấn),Đồng Nai,p01_b00025,1,5,0,True,1,Đồng Nai,p01_b00025,1,5,0,True,1,7.839,7839.0,4,8,True
B-train-00069-q10,B-train-00069,argmin,"Trong bảng 1 ở trang 1, Địa bàn nào có Diện tích (ha) nhỏ nhất?",Địa bàn,Diện tích (ha),Khánh Hòa,p01_b00020,1,4,0,False,1,Khánh Hòa,p01_b00020,1,4,0,False,1,229,229.0,3,8,True
B-train-00070-q05,B-train-00070,argmin,"Trong bảng 1 ở trang 1, Khu vực nào có Lưu lượng nhỏ nhất?",Khu vực,Lưu lượng,Khu vực miền núi,p01_b00025,1,5,0,False,1,Khu vực miền núi,p01_b00025,1,5,0,False,1,26.037,26037.0,4,8,True
B-train-00070-q08,B-train-00070,argmax,"Trong bảng 1 ở trang 1, Khu vực nào có Phản ánh lớn nhất?",Khu vực,Phản ánh,Cụm BTS-01,p01_b00005,1,1,0,False,2,Cụm BTS-01,p01_b00005,1,1,0,False,2,91,91.0,0,8,True
B-train-00070-q10,B-train-00070,argmax,"Trong bảng 1 ở trang 1, Khu vực nào có Tỷ lệ rớt cuộc lớn nhất?",Khu vực,Tỷ lệ rớt cuộc,Khu vực miền núi,p01_b00025,1,5,0,False,1,Khu vực miền núi,p01_b00025,1,5,0,False,1,"3,4%",3.4,4,8,True
B-train-00071-q01,B-train-00071,argmax,"Trong bảng 1 ở trang 1, Tuyến nào có Đúng giờ lớn nhất?",Tuyến,Đúng giờ,Nha Trang – Đà Lạt,p01_b00024,1,4,0,False,1,Nha Trang – Đà Lạt,p01_b00024,1,4,0,False,1,"95,2%",95.2,3,6,True
B-train-00071-q05,B-train-00071,argmin,"Trong bảng 1 ở trang 1, Tuyến nào có Đúng giờ nhỏ nhất?",Tuyến,Đúng giờ,Hà Nội – Hải Phòng,p01_b00030,1,5,0,True,2,Hà Nội – Hải Phòng,p01_b00030,1,5,0,True,2,"85,1%",85.1,4,6,True
B-train-00071-q08,B-train-00071,argmax,"Trong bảng 1 ở trang 1, Tuyến nào có Hành khách lớn nhất?",Tuyến,Hành khách,Đà Nẵng – Huế,p01_b00036,1,6,0,False,2,Đà Nẵng – Huế,p01_b00036,1,6,0,False,2,1.326,1326.0,5,6,True
B-train-00071-q10,B-train-00071,argmin,"Trong bảng 1 ở trang 1, Tuyến nào có Hành khách nhỏ nhất?",Tuyến,Hành khách,Hà Nội – Hải Phòng,p01_b00006,1,1,0,False,2,Hà Nội – Hải Phòng,p01_b00006,1,1,0,False,2,336,336.0,0,6,True
B-train-00072-q04,B-train-00072,argmax,"Trong bảng 1 ở trang 1, Tuyến nào có Hành khách lớn nhất?",Tuyến,Hành khách,Hà Nội – Hải Phòng,p01_b00030,1,5,0,False,2,Hà Nội – Hải Phòng,p01_b00030,1,5,0,False,2,1.440,1440.0,4,5,True
B-train-00072-q08,B-train-00072,argmax,"Trong bảng 1 ở trang 1, Tuyến nào có Đúng giờ lớn nhất?",Tuyến,Đúng giờ,Hà Nội – Hải Phòng,p01_b00030,1,5,0,False,2,Hà Nội – Hải Phòng,p01_b00030,1,5,0,False,2,"97,4%",97.4,4,5,True
B-train-00072-q10,B-train-00072,argmin,"Trong bảng 1 ở trang 1, Tuyến nào có Doanh thu nhỏ nhất?",Tuyến,Doanh thu,Nha Trang – Đà Lạt,p01_b00024,1,4,0,False,1,Nha Trang – Đà Lạt,p01_b00024,1,4,0,False,1,26.026,26026.0,3,5,True
B-train-00073-q01,B-train-00073,argmax,"Trong bảng 1 ở trang 1, Phòng ban nào có Tuyển mới lớn nhất?",Phòng ban,Tuyển mới,Công nghệ,p01_b00020,1,4,0,True,1,Công nghệ,p01_b00020,1,4,0,True,1,4,4.0,3,6,True
B-train-00073-q07,B-train-00073,argmin,"Trong bảng 1 ở trang 1, Phòng ban nào có Hiện có nhỏ nhất?",Phòng ban,Hiện có,Công nghệ,p01_b00020,1,4,0,True,1,Công nghệ,p01_b00020,1,4,0,True,1,6,6.0,3,6,True
B-train-00073-q08,B-train-00073,argmax,"Trong bảng 1 ở trang 1, Phòng ban nào có Thiếu/thừa lớn nhất?",Phòng ban,Thiếu/thừa,Kế toán,p01_b00010,1,2,0,False,1,Kế toán,p01_b00010,1,2,0,False,1,+4,4.0,1,6,True
B-train-00073-q10,B-train-00073,argmin,"Trong bảng 1 ở trang 1, Phòng ban nào có Định biên nhỏ nhất?",Phòng ban,Định biên,Công nghệ,p01_b00020,1,4,0,True,1,Công nghệ,p01_b00020,1,4,0,True,1,10,10.0,3,6,True
B-train-00074-q03,B-train-00074,argmin,"Trong bảng 1 ở trang 1, Nhóm chế độ nào có Hồ sơ nhận nhỏ nhất?",Nhóm chế độ,Hồ sơ nhận,Hưu trí,p01_b00005,1,1,0,False,1,Hưu trí,p01_b00005,1,1,0,False,1,1031,1031.0,0,5,True
B-train-00074-q08,B-train-00074,argmax,"Trong bảng 1 ở trang 1, Nhóm chế độ nào có Trễ hạn lớn nhất?",Nhóm chế độ,Trễ hạn,Hưu trí,p01_b00005,1,1,0,False,1,Hưu trí,p01_b00005,1,1,0,False,1,93,93.0,0,5,True
B-train-00074-q09,B-train-00074,argmax,"Trong bảng 1 ở trang 1, Nhóm chế độ nào có Hồ sơ nhận lớn nhất?",Nhóm chế độ,Hồ sơ nhận,Tai nạn lao động,p01_b00025,1,5,0,False,1,Tai nạn lao động,p01_b00025,1,5,0,False,1,2222,2222.0,4,5,True
B-train-00075-q01,B-train-00075,argmin,"Trong bảng 1 ở trang 1, Điểm bán nào có Giá trị bán nhỏ nhất?",Điểm bán,Giá trị bán,Cửa hàng 01,p01_b00005,1,1,0,False,2,Cửa hàng 01,p01_b00005,1,1,0,False,2,122.808,122808.0,0,8,True
B-train-00075-q06,B-train-00075,argmax,"Trong bảng 1 ở trang 1, Điểm bán nào có Hoàn trả lớn nhất?",Điểm bán,Hoàn trả,Cửa hàng 01,p01_b00030,1,6,0,False,2,Cửa hàng 01,p01_b00030,1,6,0,False,2,"5,5%",5.5,5,8,True
B-train-00075-q09,B-train-00075,argmin,"Trong bảng 1 ở trang 1, Điểm bán nào có Số đơn nhỏ nhất?",Điểm bán,Số đơn,Siêu thị trung tâm,p01_b00040,1,8,0,False,2,Siêu thị trung tâm,p01_b00040,1,8,0,False,2,398,398.0,7,8,True
B-train-00075-q10,B-train-00075,argmax,"Trong bảng 1 ở trang 1, Điểm bán nào có Giá trị bán lớn nhất?",Điểm bán,Giá trị bán,Điểm bán phía Nam,p01_b00025,1,5,0,False,1,Điểm bán phía Nam,p01_b00025,1,5,0,False,1,2.112.684,2112684.0,4,8,True
B-train-00076-q03,B-train-00076,argmin,"Trong bảng 1 ở trang 1, Đơn vị nào có Đạt nhỏ nhất?",Đơn vị,Đạt,THPT Lê Quý Đôn,p01_b00035,1,7,0,False,2,THPT Lê Quý Đôn,p01_b00035,1,7,0,False,2,13,13.0,6,7,True
B-train-00076-q07,B-train-00076,argmin,"Trong bảng 1 ở trang 1, Đơn vị nào có Tỷ lệ đạt nhỏ nhất?",Đơn vị,Tỷ lệ đạt,THPT Lê Quý Đôn,p01_b00035,1,7,0,False,2,THPT Lê Quý Đôn,p01_b00035,1,7,0,False,2,"52,0%",52.0,6,7,True
B-train-00076-q09,B-train-00076,argmax,"Trong bảng 1 ở trang 1, Đơn vị nào có Đạt lớn nhất?",Đơn vị,Đạt,THPT Trần Phú,p01_b00015,1,3,0,False,1,THPT Trần Phú,p01_b00015,1,3,0,False,1,46,46.0,2,7,True
B-train-00076-q10,B-train-00076,argmax,"Trong bảng 1 ở trang 1, Đơn vị nào có Thí sinh lớn nhất?",Đơn vị,Thí sinh,THPT Trần Phú,p01_b00015,1,3,0,False,1,THPT Trần Phú,p01_b00015,1,3,0,False,1,48,48.0,2,7,True
B-train-00077-q01,B-train-00077,argmin,"Trong bảng 1 ở trang 1, Kho/điểm nào có Đơn xử lý nhỏ nhất?",Kho/điểm,Đơn xử lý,Kho Đà Nẵng,p01_b00010,1,2,0,False,1,Kho Đà Nẵng,p01_b00010,1,2,0,False,1,1222,1222.0,1,6,True
B-train-00077-q05,B-train-00077,argmin,"Trong bảng 1 ở trang 1, Kho/điểm nào có Tồn cuối nhỏ nhất?",Kho/điểm,Tồn cuối,Kho Bình Dương,p01_b00015,1,3,0,False,1,Kho Bình Dương,p01_b00015,1,3,0,False,1,299,299.0,2,6,True
B-train-00077-q09,B-train-00077,argmax,"Trong bảng 1 ở trang 1, Kho/điểm nào có Đúng hạn lớn nhất?",Kho/điểm,Đúng hạn,Kho trung chuyển,p01_b00025,1,5,0,False,1,Kho trung chuyển,p01_b00025,1,5,0,False,1,"96,6%",96.6,4,6,True
B-train-00077-q10,B-train-00077,argmax,"Trong bảng 1 ở trang 1, Kho/điểm nào có Đơn xử lý lớn nhất?",Kho/điểm,Đơn xử lý,Kho Cần Thơ,p01_b00020,1,4,0,True,1,Kho Hà Nội,p01_b00030,1,6,0,False,2,6204,6204.0,5,6,False
B-train-00078-q01,B-train-00078,argmax,"Trong bảng 1 ở trang 1, Kho/điểm nào có Đơn xử lý lớn nhất?",Kho/điểm,Đơn xử lý,Kho Bình Dương,p01_b00015,1,3,0,False,1,Kho Hà Nội,p01_b00030,1,6,0,False,2,6134,6134.0,5,7,False
B-train-00078-q05,B-train-00078,argmax,"Trong bảng 1 ở trang 1, Kho/điểm nào có Tồn cuối lớn nhất?",Kho/điểm,Tồn cuối,Kho Đà Nẵng,p01_b00010,1,2,0,False,2,Kho Đà Nẵng,p01_b00010,1,2,0,False,2,896,896.0,1,7,True
B-train-00078-q06,B-train-00078,argmin,"Trong bảng 1 ở trang 1, Kho/điểm nào có Đơn xử lý nhỏ nhất?",Kho/điểm,Đơn xử lý,Kho trung chuyển,p01_b00025,1,5,0,False,1,Kho Hà Nội,p01_b00005,1,1,0,False,2,647,647.0,0,7,False
B-train-00079-q01,B-train-00079,argmax,"Trong bảng 1 ở trang 1, Nhóm chế độ nào có Hồ sơ nhận lớn nhất?",Nhóm chế độ,Hồ sơ nhận,Thất nghiệp,p01_b00010,1,2,0,False,1,Thất nghiệp,p01_b00010,1,2,0,False,1,2358,2358.0,1,6,True
B-train-00079-q03,B-train-00079,argmin,"Trong bảng 1 ở trang 1, Nhóm chế độ nào có Trễ hạn nhỏ nhất?",Nhóm chế độ,Trễ hạn,Ốm đau,p01_b00015,1,3,0,False,1,Ốm đau,p01_b00015,1,3,0,False,1,6,6.0,2,6,True
B-train-00079-q05,B-train-00079,argmin,"Trong bảng 1 ở trang 1, Nhóm chế độ nào có Hồ sơ nhận nhỏ nhất?",Nhóm chế độ,Hồ sơ nhận,Tai nạn lao động,p01_b00025,1,5,0,False,1,Tai nạn lao động,p01_b00025,1,5,0,False,1,604,604.0,4,6,True
B-train-00079-q07,B-train-00079,argmax,"Trong bảng 1 ở trang 1, Nhóm chế độ nào có Chi trả lớn nhất?",Nhóm chế độ,Chi trả,Thất nghiệp,p01_b00010,1,2,0,False,1,Thất nghiệp,p01_b00010,1,2,0,False,1,29.367,29367.0,1,6,True
B-train-00080-q04,B-train-00080,argmin,"Trong bảng 1 ở trang 1, Đơn vị nào có Thí sinh nhỏ nhất?",Đơn vị,Thí sinh,THPT Lê Quý Đôn,p01_b00010,1,2,0,False,1,THPT Lê Quý Đôn,p01_b00010,1,2,0,False,1,27,27.0,1,6,True
B-train-00080-q05,B-train-00080,argmax,"Trong bảng 1 ở trang 1, Đơn vị nào có Tỷ lệ đạt lớn nhất?",Đơn vị,Tỷ lệ đạt,THPT Lê Quý Đôn,p01_b00010,1,2,0,False,1,THPT Lê Quý Đôn,p01_b00010,1,2,0,False,1,"88,9%",88.9,1,6,True
B-train-00080-q09,B-train-00080,argmax,"Trong bảng 1 ở trang 1, Đơn vị nào có Đạt lớn nhất?",Đơn vị,Đạt,THPT Trần Phú,p01_b00015,1,3,0,True,1,THPT Trần Phú,p01_b00015,1,3,0,True,1,38,38.0,2,6,True
B-train-00080-q10,B-train-00080,argmin,"Trong bảng 1 ở trang 1, Đơn vị nào có Tỷ lệ đạt nhỏ nhất?",Đơn vị,Tỷ lệ đạt,THPT Phan Bội Châu,p01_b00020,1,4,0,False,1,THPT Phan Bội Châu,p01_b00020,1,4,0,False,1,"71,0%",71.0,3,6,True
B-train-00081-q01,B-train-00081,argmin,"Trong bảng 1 ở trang 1, Đơn vị nào có Tỷ lệ đạt nhỏ nhất?",Đơn vị,Tỷ lệ đạt,THPT Lê Quý Đôn,p01_b00010,1,2,0,False,1,THPT Lê Quý Đôn,p01_b00010,1,2,0,False,1,"73,5%",73.5,1,5,True
B-train-00081-q03,B-train-00081,argmax,"Trong bảng 1 ở trang 1, Đơn vị nào có Thí sinh lớn nhất?",Đơn vị,Thí sinh,THPT Phan Bội Châu,p01_b00020,1,4,0,False,1,THPT Phan Bội Châu,p01_b00020,1,4,0,False,1,45,45.0,3,5,True
B-train-00081-q05,B-train-00081,argmin,"Trong bảng 1 ở trang 1, Đơn vị nào có Thí sinh nhỏ nhất?",Đơn vị,Thí sinh,THPT Chu Văn An,p01_b00025,1,5,0,False,1,THPT Chu Văn An,p01_b00025,1,5,0,False,1,29,29.0,4,5,True
B-train-00081-q07,B-train-00081,argmax,"Trong bảng 1 ở trang 1, Đơn vị nào có Tỷ lệ đạt lớn nhất?",Đơn vị,Tỷ lệ đạt,THPT Phan Bội Châu,p01_b00020,1,4,0,False,1,THPT Phan Bội Châu,p01_b00020,1,4,0,False,1,"86,7%",86.7,3,5,True
B-train-00082-q07,B-train-00082,argmin,"Trong bảng 1 ở trang 1, Chi nhánh nào có Dư nợ nhỏ nhất?",Chi nhánh,Dư nợ,Cần Thơ 02,p01_b00025,1,5,0,False,1,Hà Nội 01,p01_b00030,1,6,0,False,2,1.270,1270.0,5,7,False
B-train-00082-q08,B-train-00082,argmin,"Trong bảng 1 ở trang 1, Chi nhánh nào có Tăng trưởng nhỏ nhất?",Chi nhánh,Tăng trưởng,Cần Thơ 02,p01_b00025,1,5,0,False,1,Cần Thơ 02,p01_b00025,1,5,0,False,1,"-1,4%",-1.4,4,7,True
B-train-00082-q09,B-train-00082,argmax,"Trong bảng 1 ở trang 1, Chi nhánh nào có Tăng trưởng lớn nhất?",Chi nhánh,Tăng trưởng,Hà Nội 01,p01_b00030,1,6,0,False,2,Hà Nội 01,p01_b00030,1,6,0,False,2,"15,0%",15.0,5,7,True
B-train-00083-q03,B-train-00083,argmax,"Trong bảng 1 ở trang 1, Phòng ban nào có Tuyển mới lớn nhất?",Phòng ban,Tuyển mới,Vận hành,p01_b00015,1,3,0,False,1,Vận hành,p01_b00015,1,3,0,False,1,7,7.0,2,6,True
B-train-00083-q05,B-train-00083,argmax,"Trong bảng 1 ở trang 1, Phòng ban nào có Thiếu/thừa lớn nhất?",Phòng ban,Thiếu/thừa,Công nghệ,p01_b00020,1,4,0,False,1,Công nghệ,p01_b00020,1,4,0,False,1,+3,3.0,3,6,True
B-train-00083-q07,B-train-00083,argmin,"Trong bảng 1 ở trang 1, Phòng ban nào có Thiếu/thừa nhỏ nhất?",Phòng ban,Thiếu/thừa,Vận hành,p01_b00015,1,3,0,False,1,Vận hành,p01_b00015,1,3,0,False,1,-7,-7.0,2,6,True
B-train-00083-q08,B-train-00083,argmin,"Trong bảng 1 ở trang 1, Phòng ban nào có Định biên nhỏ nhất?",Phòng ban,Định biên,Kinh doanh,p01_b00005,1,1,0,True,1,Kinh doanh,p01_b00005,1,1,0,True,1,9,9.0,0,6,True
B-train-00084-q06,B-train-00084,argmax,"Trong bảng 1 ở trang 1, Kho/điểm nào có Tồn cuối lớn nhất?",Kho/điểm,Tồn cuối,Kho Cần Thơ,p01_b00020,1,4,0,False,1,Kho Cần Thơ,p01_b00020,1,4,0,False,1,947,947.0,3,6,True
B-train-00084-q08,B-train-00084,argmax,"Trong bảng 1 ở trang 1, Kho/điểm nào có Đơn xử lý lớn nhất?",Kho/điểm,Đơn xử lý,Kho Đà Nẵng,p01_b00010,1,2,0,True,1,Kho Đà Nẵng,p01_b00010,1,2,0,True,1,5585,5585.0,1,6,True
B-train-00084-q10,B-train-00084,argmin,"Trong bảng 1 ở trang 1, Kho/điểm nào có Đúng hạn nhỏ nhất?",Kho/điểm,Đúng hạn,Kho trung chuyển,p01_b00025,1,5,0,False,1,Kho trung chuyển,p01_b00025,1,5,0,False,1,"79,2%",79.2,4,6,True
B-train-00085-q01,B-train-00085,argmax,"Trong bảng 1 ở trang 1, Dự án nào có Tiến độ lớn nhất?",Dự án,Tiến độ,Trường liên cấp,p01_b00015,1,3,0,False,1,Trường liên cấp,p01_b00015,1,3,0,False,1,"78,7%",78.7,2,6,True
B-train-00085-q06,B-train-00085,argmin,"Trong bảng 1 ở trang 1, Dự án nào có Giá trị hợp đồng nhỏ nhất?",Dự án,Giá trị hợp đồng,Khu tái định cư,p01_b00025,1,5,0,True,1,Khu tái định cư,p01_b00025,1,5,0,True,1,1.710,1710.0,4,6,True
B-train-00085-q08,B-train-00085,argmax,"Trong bảng 1 ở trang 1, Dự án nào có Giá trị hợp đồng lớn nhất?",Dự án,Giá trị hợp đồng,Đường vành đai,p01_b00010,1,2,0,False,1,Đường vành đai,p01_b00010,1,2,0,False,1,23.980,23980.0,1,6,True
B-train-00085-q10,B-train-00085,argmin,"Trong bảng 1 ở trang 1, Dự án nào có Tiến độ nhỏ nhất?",Dự án,Tiến độ,Cầu Đông Thành,p01_b00005,1,1,0,False,2,Cầu Đông Thành,p01_b00005,1,1,0,False,2,"33,6%",33.6,0,6,True
B-train-00086-q01,B-train-00086,argmin,"Trong bảng 1 ở trang 1, Đơn vị nào có Tỷ lệ đạt nhỏ nhất?",Đơn vị,Tỷ lệ đạt,THPT Lê Quý Đôn,p01_b00010,1,2,0,False,2,THPT Lê Quý Đôn,p01_b00010,1,2,0,False,2,"72,1%",72.1,1,8,True
B-train-00086-q03,B-train-00086,argmin,"Trong bảng 1 ở trang 1, Đơn vị nào có Đạt nhỏ nhất?",Đơn vị,Đạt,THPT Lê Quý Đôn,p01_b00035,1,7,0,False,2,THPT Lê Quý Đôn,p01_b00035,1,7,0,False,2,26,26.0,6,8,True
B-train-00086-q09,B-train-00086,argmax,"Trong bảng 1 ở trang 1, Đơn vị nào có Đạt lớn nhất?",Đơn vị,Đạt,THPT Trần Phú,p01_b00040,1,8,0,True,2,THPT Trần Phú,p01_b00040,1,8,0,True,2,47,47.0,7,8,True
B-train-00087-q02,B-train-00087,argmin,"Trong bảng 1 ở trang 1, Điểm đến nào có Công suất phòng nhỏ nhất?",Điểm đến,Công suất phòng,Nha Trang,p01_b00020,1,4,0,False,1,Nha Trang,p01_b00020,1,4,0,False,1,"57,3%",57.3,3,5,True
B-train-00087-q04,B-train-00087,argmax,"Trong bảng 1 ở trang 1, Điểm đến nào có Doanh thu lớn nhất?",Điểm đến,Doanh thu,Đà Lạt,p01_b00015,1,3,0,True,1,Đà Lạt,p01_b00015,1,3,0,True,1,122.814,122814.0,2,5,True
B-train-00087-q08,B-train-00087,argmax,"Trong bảng 1 ở trang 1, Điểm đến nào có Khách quốc tế lớn nhất?",Điểm đến,Khách quốc tế,Nha Trang,p01_b00020,1,4,0,False,1,Nha Trang,p01_b00020,1,4,0,False,1,5.718,5718.0,3,5,True
B-train-00087-q10,B-train-00087,argmin,"Trong bảng 1 ở trang 1, Điểm đến nào có Khách nội địa nhỏ nhất?",Điểm đến,Khách nội địa,Nha Trang,p01_b00020,1,4,0,False,1,Nha Trang,p01_b00020,1,4,0,False,1,4.292,4292.0,3,5,True
B-train-00088-q01,B-train-00088,argmin,"Trong bảng 1 ở trang 1, Nhóm chế độ nào có Trễ hạn nhỏ nhất?",Nhóm chế độ,Trễ hạn,Thất nghiệp,p01_b00035,1,7,0,True,2,Thất nghiệp,p01_b00035,1,7,0,True,2,1,1.0,6,7,True
B-train-00088-q02,B-train-00088,argmin,"Trong bảng 1 ở trang 1, Nhóm chế độ nào có Đã giải quyết nhỏ nhất?",Nhóm chế độ,Đã giải quyết,Hưu trí,p01_b00005,1,1,0,False,2,Hưu trí,p01_b00005,1,1,0,False,2,608,608.0,0,7,True
B-train-00088-q06,B-train-00088,argmax,"Trong bảng 1 ở trang 1, Nhóm chế độ nào có Đã giải quyết lớn nhất?",Nhóm chế độ,Đã giải quyết,Tai nạn lao động,p01_b00025,1,5,0,False,1,Tai nạn lao động,p01_b00025,1,5,0,False,1,1826,1826.0,4,7,True
B-train-00089-q02,B-train-00089,argmin,"Trong bảng 1 ở trang 1, Nghiệp vụ nào có Hợp đồng nhỏ nhất?",Nghiệp vụ,Hợp đồng,Xe cơ giới,p01_b00010,1,2,0,False,1,Xe cơ giới,p01_b00010,1,2,0,False,1,175,175.0,1,5,True
B-train-00089-q04,B-train-00089,argmax,"Trong bảng 1 ở trang 1, Nghiệp vụ nào có Phí bảo hiểm lớn nhất?",Nghiệp vụ,Phí bảo hiểm,Hàng hóa,p01_b00020,1,4,0,False,1,Hàng hóa,p01_b00020,1,4,0,False,1,7.446,7446.0,3,5,True
B-train-00089-q09,B-train-00089,argmin,"Trong bảng 1 ở trang 1, Nghiệp vụ nào có Bồi thường nhỏ nhất?",Nghiệp vụ,Bồi thường,Xe cơ giới,p01_b00010,1,2,0,False,1,Xe cơ giới,p01_b00010,1,2,0,False,1,126,126.0,1,5,True
B-train-00089-q10,B-train-00089,argmax,"Trong bảng 1 ở trang 1, Nghiệp vụ nào có Tỷ lệ lớn nhất?",Nghiệp vụ,Tỷ lệ,Sức khỏe,p01_b00005,1,1,0,True,1,Sức khỏe,p01_b00005,1,1,0,True,1,"59,3%",59.3,0,5,True
B-train-00090-q02,B-train-00090,argmax,"Trong bảng 1 ở trang 1, Phòng ban nào có Hiện có lớn nhất?",Phòng ban,Hiện có,Vận hành,p01_b00015,1,3,0,False,1,Vận hành,p01_b00015,1,3,0,False,1,28,28.0,2,6,True
B-train-00090-q07,B-train-00090,argmax,"Trong bảng 1 ở trang 1, Phòng ban nào có Tuyển mới lớn nhất?",Phòng ban,Tuyển mới,Hành chính,p01_b00025,1,5,0,False,1,Hành chính,p01_b00025,1,5,0,False,1,8,8.0,4,6,True
B-train-00090-q10,B-train-00090,argmin,"Trong bảng 1 ở trang 1, Phòng ban nào có Thiếu/thừa nhỏ nhất?",Phòng ban,Thiếu/thừa,Hành chính,p01_b00025,1,5,0,False,1,Hành chính,p01_b00025,1,5,0,False,1,-8,-8.0,4,6,True
B-train-00091-q01,B-train-00091,argmin,"Trong bảng 1 ở trang 1, Đơn vị nào có Thí sinh nhỏ nhất?",Đơn vị,Thí sinh,THPT Phan Bội Châu,p01_b00020,1,4,0,False,1,THPT Phan Bội Châu,p01_b00020,1,4,0,False,1,29,29.0,3,5,True
B-train-00091-q05,B-train-00091,argmax,"Trong bảng 1 ở trang 1, Đơn vị nào có Thí sinh lớn nhất?",Đơn vị,Thí sinh,THPT Trần Phú,p01_b00015,1,3,0,False,1,THPT Trần Phú,p01_b00015,1,3,0,False,1,47,47.0,2,5,True
B-train-00091-q07,B-train-00091,argmax,"Trong bảng 1 ở trang 1, Đơn vị nào có Đạt lớn nhất?",Đơn vị,Đạt,THPT Nguyễn Trãi,p01_b00005,1,1,0,True,1,THPT Nguyễn Trãi,p01_b00005,1,1,0,True,1,44,44.0,0,5,True
B-train-00091-q09,B-train-00091,argmin,"Trong bảng 1 ở trang 1, Đơn vị nào có Tỷ lệ đạt nhỏ nhất?",Đơn vị,Tỷ lệ đạt,THPT Trần Phú,p01_b00015,1,3,0,False,1,THPT Trần Phú,p01_b00015,1,3,0,False,1,"83,0%",83.0,2,5,True
B-train-00092-q02,B-train-00092,argmax,"Trong bảng 1 ở trang 1, Khu vực nào có Thực hiện lớn nhất?",Khu vực,Thực hiện,Miền Nam,p01_b00015,1,3,0,False,1,Miền Nam,p01_b00015,1,3,0,False,1,4.020,4020.0,2,5,True
B-train-00092-q03,B-train-00092,argmin,"Trong bảng 1 ở trang 1, Khu vực nào có Chênh lệch nhỏ nhất?",Khu vực,Chênh lệch,Miền Trung,p01_b00010,1,2,0,False,1,Miền Trung,p01_b00010,1,2,0,False,1,-390,-390.0,1,5,True
B-train-00092-q05,B-train-00092,argmax,"Trong bảng 1 ở trang 1, Khu vực nào có Chênh lệch lớn nhất?",Khu vực,Chênh lệch,Tây Nguyên,p01_b00020,1,4,0,True,1,Tây Nguyên,p01_b00020,1,4,0,True,1,720,720.0,3,5,True
B-train-00092-q07,B-train-00092,argmin,"Trong bảng 1 ở trang 1, Khu vực nào có Thực hiện nhỏ nhất?",Khu vực,Thực hiện,Đồng bằng sông Cửu Long,p01_b00025,1,5,0,False,1,Đồng bằng sông Cửu Long,p01_b00025,1,5,0,False,1,1.030,1030.0,4,5,True
B-train-00093-q01,B-train-00093,argmax,"Trong bảng 1 ở trang 1, Điểm đến nào có Khách quốc tế lớn nhất?",Điểm đến,Khách quốc tế,Phú Quốc,p01_b00025,1,5,0,False,1,Phú Quốc,p01_b00025,1,5,0,False,1,3.888,3888.0,4,6,True
B-train-00093-q02,B-train-00093,argmin,"Trong bảng 1 ở trang 1, Điểm đến nào có Công suất phòng nhỏ nhất?",Điểm đến,Công suất phòng,Vịnh Hạ Long,p01_b00030,1,6,0,False,2,Vịnh Hạ Long,p01_b00030,1,6,0,False,2,"49,4%",49.4,5,6,True
B-train-00093-q09,B-train-00093,argmax,"Trong bảng 1 ở trang 1, Điểm đến nào có Doanh thu lớn nhất?",Điểm đến,Doanh thu,Vịnh Hạ Long,p01_b00030,1,6,0,False,2,Vịnh Hạ Long,p01_b00030,1,6,0,False,2,108.270,108270.0,5,6,True
B-train-00093-q10,B-train-00093,argmin,"Trong bảng 1 ở trang 1, Điểm đến nào có Khách quốc tế nhỏ nhất?",Điểm đến,Khách quốc tế,Đà Lạt,p01_b00015,1,3,0,False,1,Đà Lạt,p01_b00015,1,3,0,False,1,559,559.0,2,6,True
B-train-00094-q01,B-train-00094,argmin,"Trong bảng 1 ở trang 1, Gói thầu nào có Giá dự toán nhỏ nhất?",Gói thầu,Giá dự toán,GT92,p01_b00015,1,3,0,False,1,GT92,p01_b00015,1,3,0,False,1,290,290.0,2,5,True
B-train-00094-q02,B-train-00094,argmax,"Trong bảng 1 ở trang 1, Gói thầu nào có Giá trúng lớn nhất?",Gói thầu,Giá trúng,GT33,p01_b00025,1,5,0,False,1,GT33,p01_b00025,1,5,0,False,1,2.170,2170.0,4,5,True
B-train-00094-q08,B-train-00094,argmin,"Trong bảng 1 ở trang 1, Gói thầu nào có Giá trúng nhỏ nhất?",Gói thầu,Giá trúng,GT92,p01_b00015,1,3,0,False,1,GT92,p01_b00015,1,3,0,False,1,180,180.0,2,5,True
B-train-00095-q04,B-train-00095,argmin,"Trong bảng 1 ở trang 1, Tuyến nào có Hành khách nhỏ nhất?",Tuyến,Hành khách,Hà Nội – Hải Phòng,p01_b00006,1,1,0,False,2,Hà Nội – Hải Phòng,p01_b00006,1,1,0,False,2,405,405.0,0,6,True
B-train-00095-q05,B-train-00095,argmin,"Trong bảng 1 ở trang 1, Tuyến nào có Đúng giờ nhỏ nhất?",Tuyến,Đúng giờ,Đà Nẵng – Huế,p01_b00012,1,2,0,True,2,Đà Nẵng – Huế,p01_b00012,1,2,0,True,2,"83,0%",83.0,1,6,True
B-train-00095-q08,B-train-00095,argmax,"Trong bảng 1 ở trang 1, Tuyến nào có Doanh thu lớn nhất?",Tuyến,Doanh thu,Đà Nẵng – Huế,p01_b00012,1,2,0,True,2,Đà Nẵng – Huế,p01_b00012,1,2,0,True,2,299.013,299013.0,1,6,True
B-train-00095-q10,B-train-00095,argmax,"Trong bảng 1 ở trang 1, Tuyến nào có Đúng giờ lớn nhất?",Tuyến,Đúng giờ,Hà Nội – Hải Phòng,p01_b00006,1,1,0,False,2,Hà Nội – Hải Phòng,p01_b00006,1,1,0,False,2,"87,9%",87.9,0,6,True
B-train-00096-q01,B-train-00096,argmin,"Trong bảng 1 ở trang 1, Chi nhánh nào có Nợ quá hạn nhỏ nhất?",Chi nhánh,Nợ quá hạn,Hà Nội 01,p01_b00030,1,6,0,False,2,Hà Nội 01,p01_b00030,1,6,0,False,2,40,40.0,5,6,True
B-train-00096-q06,B-train-00096,argmin,"Trong bảng 1 ở trang 1, Chi nhánh nào có Huy động nhỏ nhất?",Chi nhánh,Huy động,Khánh Hòa 03,p01_b00020,1,4,0,False,1,Khánh Hòa 03,p01_b00020,1,4,0,False,1,5.220,5220.0,3,6,True
B-train-00096-q07,B-train-00096,argmax,"Trong bảng 1 ở trang 1, Chi nhánh nào có Tăng trưởng lớn nhất?",Chi nhánh,Tăng trưởng,Hà Nội 01,p01_b00030,1,6,0,False,2,Hà Nội 01,p01_b00030,1,6,0,False,2,"15,6%",15.6,5,6,True
B-train-00096-q09,B-train-00096,argmax,"Trong bảng 1 ở trang 1, Chi nhánh nào có Dư nợ lớn nhất?",Chi nhánh,Dư nợ,Khánh Hòa 03,p01_b00020,1,4,0,False,1,Hà Nội 01,p01_b00005,1,1,0,False,2,8.010,8010.0,0,6,False
B-train-00097-q01,B-train-00097,argmax,"Trong bảng 1 ở trang 1, Tuyến nào có Số chuyến lớn nhất?",Tuyến,Số chuyến,TP.HCM – Cần Thơ,p01_b00018,1,3,0,True,1,TP.HCM – Cần Thơ,p01_b00018,1,3,0,True,1,33,33.0,2,5,True
B-train-00097-q03,B-train-00097,argmax,"Trong bảng 1 ở trang 1, Tuyến nào có Doanh thu lớn nhất?",Tuyến,Doanh thu,Hà Nội – Hải Phòng,p01_b00006,1,1,0,False,2,Hà Nội – Hải Phòng,p01_b00006,1,1,0,False,2,153.957,153957.0,0,5,True
B-train-00097-q04,B-train-00097,argmin,"Trong bảng 1 ở trang 1, Tuyến nào có Đúng giờ nhỏ nhất?",Tuyến,Đúng giờ,Nha Trang – Đà Lạt,p01_b00024,1,4,0,False,1,Nha Trang – Đà Lạt,p01_b00024,1,4,0,False,1,"92,7%",92.7,3,5,True
B-train-00097-q07,B-train-00097,argmin,"Trong bảng 1 ở trang 1, Tuyến nào có Hành khách nhỏ nhất?",Tuyến,Hành khách,Nha Trang – Đà Lạt,p01_b00024,1,4,0,False,1,Nha Trang – Đà Lạt,p01_b00024,1,4,0,False,1,351,351.0,3,5,True
B-train-00098-q01,B-train-00098,argmin,"Trong bảng 1 ở trang 1, Trạm nào có Sự cố nhỏ nhất?",Trạm,Sự cố,Trạm Tây Đô,p01_b00020,1,4,0,True,1,Trạm Tây Đô,p01_b00020,1,4,0,True,1,2,2.0,3,8,True
B-train-00098-q08,B-train-00098,argmax,"Trong bảng 1 ở trang 1, Trạm nào có Công suất đỉnh lớn nhất?",Trạm,Công suất đỉnh,Trạm 220kV Trung,p01_b00035,1,7,0,False,2,Trạm 220kV Trung,p01_b00035,1,7,0,False,2,885,885.0,6,8,True
B-train-00098-q09,B-train-00098,argmin,"Trong bảng 1 ở trang 1, Trạm nào có Tổn thất nhỏ nhất?",Trạm,Tổn thất,Trạm 220kV Trung,p01_b00035,1,7,0,False,2,Trạm 220kV Trung,p01_b00035,1,7,0,False,2,"2,1%",2.1,6,8,True
B-train-00099-q02,B-train-00099,argmax,"Trong bảng 1 ở trang 1, Điểm bán nào có Giá trị bán lớn nhất?",Điểm bán,Giá trị bán,Siêu thị trung tâm,p01_b00015,1,3,0,False,1,Siêu thị trung tâm,p01_b00015,1,3,0,False,1,1.550.400,1550400.0,2,6,True
B-train-00099-q05,B-train-00099,argmin,"Trong bảng 1 ở trang 1, Điểm bán nào có Số đơn nhỏ nhất?",Điểm bán,Số đơn,Cửa hàng 02,p01_b00010,1,2,0,False,1,Cửa hàng 02,p01_b00010,1,2,0,False,1,725,725.0,1,6,True
B-train-00099-q08,B-train-00099,argmax,"Trong bảng 1 ở trang 1, Điểm bán nào có Số đơn lớn nhất?",Điểm bán,Số đơn,Siêu thị trung tâm,p01_b00015,1,3,0,False,1,Siêu thị trung tâm,p01_b00015,1,3,0,False,1,2720,2720.0,2,6,True
B-train-00099-q09,B-train-00099,argmin,"Trong bảng 1 ở trang 1, Điểm bán nào có Lượt khách nhỏ nhất?",Điểm bán,Lượt khách,Điểm bán phía Bắc,p01_b00020,1,4,0,False,1,Điểm bán phía Bắc,p01_b00020,1,4,0,False,1,1806,1806.0,3,6,True
B-train-00100-q03,B-train-00100,argmax,"Trong bảng 1 ở trang 1, Kho/điểm nào có Tồn cuối lớn nhất?",Kho/điểm,Tồn cuối,Kho Hà Nội,p01_b00011,1,3,0,False,2,Kho Hà Nội,p01_b00011,1,3,0,False,2,927,927.0,0,14,True
B-train-00100-q04,B-train-00100,argmin,"Trong bảng 1 ở trang 1, Kho/điểm nào có Chi phí nhỏ nhất?",Kho/điểm,Chi phí,Kho Hà Nội,p01_b00050,1,8,0,False,2,Kho Hà Nội,p01_b00050,1,8,0,False,2,25.218,25218.0,5,14,True
B-train-00100-q07,B-train-00100,argmin,"Trong bảng 1 ở trang 1, Kho/điểm nào có Đúng hạn nhỏ nhất?",Kho/điểm,Đúng hạn,Cần Thơ,p01_b00090,1,13,0,False,1,Cần Thơ,p01_b00090,1,13,0,False,1,"78,7%",78.7,10,14,True
B-train-00101-q01,B-train-00101,argmin,"Trong bảng 2 ở trang 1, Nhóm chế độ nào có Đã giải quyết nhỏ nhất?",Nhóm chế độ,Đã giải quyết,Thất nghiệp,p01_b00107,2,4,0,False,2,Thất nghiệp,p01_b00107,2,4,0,False,2,249,249.0,1,10,True
B-train-00101-q03,B-train-00101,argmax,"Trong bảng 1 ở trang 1, Khu vực nào có Tỷ lệ lớn nhất?",Khu vực,Tỷ lệ,Miền Nam,p01_b00072,1,10,0,False,1,Miền Nam,p01_b00072,1,10,0,False,1,"118,6%",118.6,7,9,True
B-train-00101-q08,B-train-00101,argmax,"Trong bảng 1 ở trang 1, Khu vực nào có Kế hoạch lớn nhất?",Khu vực,Kế hoạch,Miền Trung,p01_b00063,1,9,0,False,1,Tây Nguyên,p01_b00037,1,6,0,False,2,4.580,4580.0,3,9,False
B-train-00101-q09,B-train-00101,argmin,"Trong bảng 1 ở trang 1, Khu vực nào có Kỳ này nhỏ nhất?",Khu vực,Kỳ này,Tây Nguyên,p01_b00081,1,11,0,True,2,Tây Nguyên,p01_b00081,1,11,0,True,2,128,128.0,8,9,True
B-train-00102-q01,B-train-00102,argmax,"Trong bảng 1 ở trang 1, Khoa nào có Tỷ trọng (%) lớn nhất?",Khoa,Tỷ trọng (%),Nhi,p01_b00107,1,17,0,False,2,Nhi,p01_b00107,1,17,0,False,2,"34,9%",34.9,14,18,True
B-train-00102-q04,B-train-00102,argmin,"Trong bảng 1 ở trang 1, Khoa nào có Nhập viện nhỏ nhất?",Khoa,Nhập viện,Mắt,p01_b00038,1,7,0,False,2,Mắt,p01_b00038,1,7,0,False,2,8,8.0,4,18,True
B-train-00103-q02,B-train-00103,argmax,"Trong bảng 1 ở trang 2, Địa bàn nào có Sản lượng (tấn) lớn nhất?",Địa bàn,Sản lượng (tấn),Cần Thơ,p02_b00017,1,4,0,False,2,Cần Thơ,p02_b00017,1,4,0,False,2,4.431,4431.0,1,11,True
B-train-00103-q03,B-train-00103,argmin,"Trong bảng 1 ở trang 2, Địa bàn nào có Sản lượng (tấn) nhỏ nhất?",Địa bàn,Sản lượng (tấn),Đồng Nai,p02_b00010,1,3,0,False,2,Đồng Nai,p02_b00010,1,3,0,False,2,300,300.0,0,11,True
B-train-00103-q04,B-train-00103,argmin,"Trong bảng 1 ở trang 2, Địa bàn nào có Diện tích (ha) nhỏ nhất?",Địa bàn,Diện tích (ha),Đồng Nai,p02_b00010,1,3,0,False,2,Đồng Nai,p02_b00010,1,3,0,False,2,50,50.0,0,11,True
B-train-00103-q09,B-train-00103,argmax,"Trong bảng 1 ở trang 1, Địa bàn nào có Diện tích (ha) lớn nhất?",Địa bàn,Diện tích (ha),Hải Phòng,p01_b00064,1,11,0,False,2,Hải Phòng,p01_b00064,1,11,0,False,2,666,666.0,8,11,True
B-train-00104-q06,B-train-00104,argmin,"Trong bảng 1 ở trang 1, Khu vực nào có Tỷ trọng (%) nhỏ nhất?",Khu vực,Tỷ trọng (%),Cụm BTS-01,p01_b00078,1,13,0,False,3,Cụm BTS-01,p01_b00078,1,13,0,False,3,"1,9%",1.9,10,18,True
B-train-00104-q09,B-train-00104,argmax,"Trong bảng 1 ở trang 1, Khu vực nào có Phản ánh lớn nhất?",Khu vực,Phản ánh,Khu vực đô thị,p01_b00099,1,16,0,False,2,Khu vực đô thị,p01_b00099,1,16,0,False,2,95,95.0,13,18,True
B-train-00104-q10,B-train-00104,argmax,"Trong bảng 1 ở trang 1, Khu vực nào có Tỷ lệ rớt cuộc lớn nhất?",Khu vực,Tỷ lệ rớt cuộc,Cụm BTS-01,p01_b00010,1,3,0,False,3,Cụm BTS-01,p01_b00010,1,3,0,False,3,"3,6%",3.6,0,18,True
B-train-00105-q03,B-train-00105,argmax,"Trong bảng 1 ở trang 1, Khu vực nào có Tỷ lệ lớn nhất?",Khu vực,Tỷ lệ,Tây Nguyên,p01_b00063,1,11,0,False,2,Tây Nguyên,p01_b00063,1,11,0,False,2,"157,1%",157.1,8,11,True
B-train-00105-q04,B-train-00105,argmin,"Trong bảng 1 ở trang 1, Khu vực nào có Tỷ lệ nhỏ nhất?",Khu vực,Tỷ lệ,Tây Nguyên,p01_b00031,1,6,0,False,2,Miền Bắc Đã đối chiếu,p01_b00010,1,3,0,False,1,"84,5%",84.5,0,11,False
B-train-00105-q05,B-train-00105,argmax,"Trong bảng 2 ở trang 1, Điểm đến nào có Khách quốc tế lớn nhất?",Điểm đến,Khách quốc tế,Phú Quốc,p01_b00131,2,7,0,False,1,Phú Quốc,p01_b00131,2,7,0,False,1,4.271,4271.0,4,8,True
B-train-00105-q10,B-train-00105,argmin,"Trong bảng 1 ở trang 1, Khu vực nào có Chênh lệch nhỏ nhất?",Khu vực,Chênh lệch,Tây Nguyên,p01_b00031,1,6,0,False,2,Miền Bắc Đã đối chiếu,p01_b00010,1,3,0,False,1,-550,-550.0,0,11,False
B-train-00106-q05,B-train-00106,argmin,"Trong bảng 2 ở trang 1, Trạm nào có Tỷ trọng (%) nhỏ nhất?",Trạm,Tỷ trọng (%),Trạm 110kV Bắc,p01_b00120,2,8,0,False,2,Trạm Nam Sông,p01_b00138,2,10,0,False,2,"1,5%",1.5,7,12,False
B-train-00106-q07,B-train-00106,argmax,"Trong bảng 2 ở trang 1, Trạm nào có Tổn thất lớn nhất?",Trạm,Tổn thất,Hải Phòng,p01_b00165,2,13,0,False,1,Hải Phòng,p01_b00165,2,13,0,False,1,"8,3%",8.3,10,12,True
B-train-00106-q09,B-train-00106,argmin,"Trong bảng 1 ở trang 1, Tuyến nào có Đúng giờ nhỏ nhất?",Tuyến,Đúng giờ,Đà Nẵng – Huế,p01_b00042,1,8,0,False,1,Đà Nẵng – Huế,p01_b00042,1,8,0,False,1,"83,4%",83.4,5,8,True
B-train-00106-q10,B-train-00106,argmax,"Trong bảng 2 ở trang 1, Trạm nào có Sự cố lớn nhất?",Trạm,Sự cố,Trạm 220kV Trung,p01_b00084,2,4,0,False,2,Trạm 220kV Trung,p01_b00084,2,4,0,False,2,6,6.0,1,12,True
B-train-00107-q03,B-train-00107,argmax,"Trong bảng 1 ở trang 1, Kho/điểm nào có Đúng hạn lớn nhất?",Kho/điểm,Đúng hạn,Kho trung chuyển,p01_b00037,1,7,0,False,2,Kho trung chuyển,p01_b00037,1,7,0,False,2,"99,2%",99.2,4,14,True
B-train-00107-q04,B-train-00107,argmax,"Trong bảng 1 ở trang 1, Kho/điểm nào có Chi phí lớn nhất?",Kho/điểm,Chi phí,Kho Cần Thơ,p01_b00063,1,11,0,False,3,Kho Cần Thơ,p01_b00063,1,11,0,False,3,373.670,373670.0,8,14,True
B-train-00107-q06,B-train-00107,argmin,"Trong bảng 1 ở trang 1, Kho/điểm nào có Chi phí nhỏ nhất?",Kho/điểm,Chi phí,Kho Cần Thơ,p01_b00098,1,16,0,False,3,Kho Cần Thơ,p01_b00098,1,16,0,False,3,39.636,39636.0,13,14,True
B-train-00107-q07,B-train-00107,argmin,"Trong bảng 1 ở trang 1, Kho/điểm nào có Tồn cuối nhỏ nhất?",Kho/điểm,Tồn cuối,Kho Bình Dương,p01_b00056,1,10,0,False,3,Kho Bình Dương,p01_b00056,1,10,0,False,3,101,101.0,7,14,True
B-train-00108-q03,B-train-00108,argmax,"Trong bảng 1 ở trang 1, Đơn vị nào có Kỳ trước lớn nhất?",Đơn vị,Kỳ trước,THPT Lê Quý Đôn,p01_b00051,1,9,0,False,3,THPT Lê Quý Đôn,p01_b00051,1,9,0,False,3,9.571,9571.0,6,13,True
B-train-00108-q04,B-train-00108,argmin,"Trong bảng 1 ở trang 1, Đơn vị nào có Kỳ trước nhỏ nhất?",Đơn vị,Kỳ trước,THPT Trần Phú,p01_b00091,1,15,0,False,2,THPT Trần Phú,p01_b00091,1,15,0,False,2,892,892.0,12,13,True
B-train-00108-q08,B-train-00108,argmax,"Trong bảng 1 ở trang 1, Đơn vị nào có Kỳ này lớn nhất?",Đơn vị,Kỳ này,THPT Nguyễn Trãi,p01_b00010,1,3,0,False,3,THPT Nguyễn Trãi,p01_b00010,1,3,0,False,3,9.374,9374.0,0,13,True
B-train-00108-q10,B-train-00108,argmin,"Trong bảng 1 ở trang 1, Đơn vị nào có Tỷ lệ đạt nhỏ nhất?",Đơn vị,Tỷ lệ đạt,Đồng Nai,p01_b00058,1,10,0,False,1,Đồng Nai,p01_b00058,1,10,0,False,1,"66,7%",66.7,7,13,True
B-train-00109-q02,B-train-00109,argmin,"Trong bảng 1 ở trang 1, Khoa nào có Lượt khám nhỏ nhất?",Khoa,Lượt khám,Sản,p01_b00080,1,12,0,False,1,Mắt,p01_b00042,1,7,0,False,2,72,72.0,4,12,False
B-train-00109-q04,B-train-00109,argmax,"Trong bảng 1 ở trang 1, Khoa nào có Lượt khám lớn nhất?",Khoa,Lượt khám,Nhi,p01_b00073,1,11,0,False,1,Nhi,p01_b00073,1,11,0,False,1,449,449.0,8,12,True
B-train-00109-q07,B-train-00109,argmin,"Trong bảng 1 ở trang 1, Khoa nào có Kế hoạch năm nhỏ nhất?",Khoa,Kế hoạch năm,Nhi,p01_b00073,1,11,0,False,1,Nhi,p01_b00073,1,11,0,False,1,455,455.0,8,12,True
B-train-00109-q10,B-train-00109,argmax,"Trong bảng 1 ở trang 1, Khoa nào có Nhập viện lớn nhất?",Khoa,Nhập viện,Nhi,p01_b00073,1,11,0,False,1,Nhi,p01_b00073,1,11,0,False,1,85,85.0,8,12,True
B-train-00110-q02,B-train-00110,argmin,"Trong bảng 1 ở trang 1, Khu vực nào có Tỷ lệ nhỏ nhất?",Khu vực,Tỷ lệ,Miền Trung,p01_b00020,1,4,0,False,2,Miền Trung,p01_b00020,1,4,0,False,2,"84,4%",84.4,1,16,True
B-train-00110-q07,B-train-00110,argmax,"Trong bảng 1 ở trang 1, Khu vực nào có Thực hiện lớn nhất?",Khu vực,Thực hiện,Tây Nguyên,p01_b00038,1,6,0,False,3,Tây Nguyên,p01_b00038,1,6,0,False,3,5.690,5690.0,3,16,True
B-train-00110-q08,B-train-00110,argmax,"Trong bảng 1 ở trang 1, Khu vực nào có Lũy kế lớn nhất?",Khu vực,Lũy kế,Miền Bắc,p01_b00144,1,18,0,True,3,Miền Bắc,p01_b00144,1,18,0,True,3,9.706,9706.0,15,16,True
B-train-00111-q03,B-train-00111,argmax,"Trong bảng 1 ở trang 1, Mã hàng nào có Kỳ này lớn nhất?",Mã hàng,Kỳ này,VT939,p01_b00064,1,9,0,False,1,VT939,p01_b00064,1,9,0,False,1,9.533,9533.0,6,17,True
B-train-00111-q08,B-train-00111,argmin,"Trong bảng 1 ở trang 1, Mã hàng nào có Nhập nhỏ nhất?",Mã hàng,Nhập,VT939,p01_b00064,1,9,0,False,1,VT939,p01_b00064,1,9,0,False,1,0,0.0,6,17,True
B-train-00111-q09,B-train-00111,argmax,"Trong bảng 1 ở trang 1, Mã hàng nào có Nhập lớn nhất?",Mã hàng,Nhập,VT088,p01_b00099,1,13,0,False,1,VT088,p01_b00099,1,13,0,False,1,108,108.0,10,17,True
B-train-00111-q10,B-train-00111,argmin,"Trong bảng 1 ở trang 1, Mã hàng nào có Tồn đầu nhỏ nhất?",Mã hàng,Tồn đầu,VT939,p01_b00064,1,9,0,False,1,VT939,p01_b00064,1,9,0,False,1,57,57.0,6,17,True
B-train-00112-q04,B-train-00112,argmin,"Trong bảng 1 ở trang 2, Khoa nào có Kế hoạch năm nhỏ nhất?",Khoa,Kế hoạch năm,Sản,p02_b00090,1,13,0,False,2,Sản,p02_b00090,1,13,0,False,2,1.376,1376.0,10,11,True
B-train-00112-q07,B-train-00112,argmax,"Trong bảng 1 ở trang 2, Khoa nào có Chuyển tuyến lớn nhất?",Khoa,Chuyển tuyến,Nội tổng hợp,p02_b00067,1,10,0,False,2,Nội tổng hợp,p02_b00067,1,10,0,False,2,12,12.0,7,11,True
B-train-00112-q09,B-train-00112,argmin,"Trong bảng 1 ở trang 2, Khoa nào có Nhập viện nhỏ nhất?",Khoa,Nhập viện,Sản,p02_b00043,1,7,0,False,2,Sản,p02_b00043,1,7,0,False,2,7,7.0,4,11,True
B-train-00113-q03,B-train-00113,argmin,"Trong bảng 1 ở trang 1, Phòng ban nào có Hiện có nhỏ nhất?",Phòng ban,Hiện có,Công nghệ,p01_b00093,1,12,0,False,2,Công nghệ,p01_b00093,1,12,0,False,2,1,1.0,9,14,True
B-train-00113-q04,B-train-00113,argmin,"Trong bảng 1 ở trang 2, Phòng ban nào có Thiếu/thừa nhỏ nhất?",Phòng ban,Thiếu/thừa,Công nghệ,p02_b00128,1,16,0,False,3,Công nghệ,p02_b00128,1,16,0,False,3,-8,-8.0,13,15,True
B-train-00113-q05,B-train-00113,argmax,"Trong bảng 1 ở trang 1, Phòng ban nào có Thiếu/thừa lớn nhất?",Phòng ban,Thiếu/thừa,Kế toán,p01_b00075,1,10,0,False,3,Kế toán,p01_b00075,1,10,0,False,3,+1,1.0,7,14,True
B-train-00113-q08,B-train-00113,argmax,"Trong bảng 1 ở trang 2, Phòng ban nào có Kế hoạch năm lớn nhất?",Phòng ban,Kế hoạch năm,Hành chính,p02_b00083,1,11,0,False,3,Hành chính,p02_b00083,1,11,0,False,3,9.795,9795.0,8,15,True
B-train-00114-q01,B-train-00114,argmin,"Trong bảng 1 ở trang 1, Dự án nào có Lũy kế nhỏ nhất?",Dự án,Lũy kế,Hải Phòng,p01_b00027,1,5,0,False,1,Hải Phòng,p01_b00027,1,5,0,False,1,112,112.0,2,14,True
B-train-00114-q06,B-train-00114,argmax,"Trong bảng 1 ở trang 1, Dự án nào có Giải ngân lớn nhất?",Dự án,Giải ngân,Nhà máy nước,p01_b00072,1,11,0,False,2,Nhà máy nước,p01_b00072,1,11,0,False,2,18.939,18939.0,8,14,True
B-train-00114-q07,B-train-00114,argmin,"Trong bảng 1 ở trang 1, Dự án nào có Giải ngân nhỏ nhất?",Dự án,Giải ngân,Trường liên cấp,p01_b00064,1,10,0,False,2,Trường liên cấp,p01_b00064,1,10,0,False,2,1.031,1031.0,7,14,True
B-train-00114-q09,B-train-00114,argmax,"Trong bảng 1 ở trang 1, Dự án nào có Tiến độ lớn nhất?",Dự án,Tiến độ,Cầu Đông Thành,p01_b00011,1,3,0,False,3,Cầu Đông Thành,p01_b00011,1,3,0,False,3,"98,0%",98.0,0,14,True
B-train-00115-q02,B-train-00115,argmin,"Trong bảng 2 ở trang 1, Mã hàng nào có Kỳ này nhỏ nhất?",Mã hàng,Kỳ này,VT442,p01_b00152,2,9,0,False,1,VT442,p01_b00152,2,9,0,False,1,828,828.0,6,10,True
B-train-00115-q05,B-train-00115,argmin,"Trong bảng 2 ở trang 1, Mã hàng nào có Tồn đầu nhỏ nhất?",Mã hàng,Tồn đầu,VT442,p01_b00152,2,9,0,False,1,VT442,p01_b00152,2,9,0,False,1,32,32.0,6,10,True
B-train-00115-q09,B-train-00115,argmax,"Trong bảng 1 ở trang 1, Mã hàng nào có Tồn cuối lớn nhất?",Mã hàng,Tồn cuối,VT202,p01_b00018,1,4,0,False,1,VT202,p01_b00018,1,4,0,False,1,251,251.0,1,10,True
B-train-00115-q10,B-train-00115,argmax,"Trong bảng 1 ở trang 1, Mã hàng nào có Tồn đầu lớn nhất?",Mã hàng,Tồn đầu,VT202,p01_b00018,1,4,0,False,1,VT202,p01_b00018,1,4,0,False,1,175,175.0,1,10,True
B-train-00116-q02,B-train-00116,argmax,"Trong bảng 2 ở trang 1, Kho/điểm nào có Đúng hạn lớn nhất?",Kho/điểm,Đúng hạn,Kho Cần Thơ,p01_b00171,2,11,0,True,1,Kho Cần Thơ,p01_b00171,2,11,0,True,1,"97,9%",97.9,8,9,True
B-train-00116-q06,B-train-00116,argmin,"Trong bảng 2 ở trang 1, Kho/điểm nào có Kỳ trước nhỏ nhất?",Kho/điểm,Kỳ trước,Kho Đà Nẵng,p01_b00155,2,9,0,False,2,Kho Đà Nẵng,p01_b00155,2,9,0,False,2,447,447.0,6,9,True
B-train-00116-q07,B-train-00116,argmax,"Trong bảng 1 ở trang 1, Điểm quan trắc nào có BOD5 lớn nhất?",Điểm quan trắc,BOD5,Cửa biển Đà Nẵng,p01_b00090,1,12,0,False,2,Cửa biển Đà Nẵng,p01_b00090,1,12,0,False,2,43,43.0,9,10,True
B-train-00116-q10,B-train-00116,argmin,"Trong bảng 2 ở trang 1, Kho/điểm nào có Tồn cuối nhỏ nhất?",Kho/điểm,Tồn cuối,Kho Đà Nẵng,p01_b00155,2,9,0,False,2,Kho Đà Nẵng,p01_b00155,2,9,0,False,2,49,49.0,6,9,True
B-train-00117-q01,B-train-00117,argmax,"Trong bảng 1 ở trang 1, Khoa nào có Nhập viện lớn nhất?",Khoa,Nhập viện,Mắt,p01_b00088,1,13,0,False,2,Mắt,p01_b00088,1,13,0,False,2,69,69.0,10,11,True
B-train-00117-q09,B-train-00117,argmin,"Trong bảng 1 ở trang 1, Khoa nào có Nhập viện nhỏ nhất?",Khoa,Nhập viện,Đà Nẵng,p01_b00073,1,11,0,True,1,Đà Nẵng,p01_b00073,1,11,0,True,1,7,7.0,8,11,True
B-train-00117-q10,B-train-00117,argmin,"Trong bảng 2 ở trang 1, Địa bàn nào có Sản lượng (tấn) nhỏ nhất?",Địa bàn,Sản lượng (tấn),Khánh Hòa,p01_b00126,2,6,0,False,1,Khánh Hòa,p01_b00126,2,6,0,False,1,288,288.0,3,9,True
B-train-00118-q06,B-train-00118,argmax,"Trong bảng 2 ở trang 1, Gói thầu nào có Giá dự toán lớn nhất?",Gói thầu,Giá dự toán,Miền Nam,p01_b00118,2,8,0,False,1,Miền Nam,p01_b00118,2,8,0,False,1,2.460,2460.0,5,11,True
B-train-00118-q08,B-train-00118,argmax,"Trong bảng 2 ở trang 1, Gói thầu nào có Lũy kế lớn nhất?",Gói thầu,Lũy kế,GT45,p01_b00075,2,3,0,False,1,GT45,p01_b00075,2,3,0,False,1,7.670,7670.0,0,11,True
B-train-00119-q03,B-train-00119,argmax,"Trong bảng 1 ở trang 1, Điểm đến nào có Công suất phòng lớn nhất?",Điểm đến,Công suất phòng,Nha Trang,p01_b00033,1,6,0,False,2,Nha Trang,p01_b00033,1,6,0,False,2,"93,8%",93.8,3,12,True
B-train-00119-q05,B-train-00119,argmax,"Trong bảng 1 ở trang 1, Điểm đến nào có Doanh thu lớn nhất?",Điểm đến,Doanh thu,Đà Lạt,p01_b00026,1,5,0,False,1,Đà Lạt,p01_b00026,1,5,0,False,1,159.762,159762.0,2,12,True
B-train-00119-q06,B-train-00119,argmin,"Trong bảng 1 ở trang 1, Điểm đến nào có Khách quốc tế nhỏ nhất?",Điểm đến,Khách quốc tế,Khánh Hòa,p01_b00057,1,9,0,False,1,Khánh Hòa,p01_b00057,1,9,0,False,1,642,642.0,7,12,True
B-train-00120-q02,B-train-00120,argmin,"Trong bảng 1 ở trang 1, Điểm bán nào có Giá trị bán nhỏ nhất?",Điểm bán,Giá trị bán,Cửa hàng 02,p01_b00110,1,14,0,False,3,Hải Phòng,p01_b00119,1,15,0,False,1,50.218,50218.0,13,14,False
B-train-00120-q05,B-train-00120,argmax,"Trong bảng 1 ở trang 1, Điểm bán nào có Số đơn lớn nhất?",Điểm bán,Số đơn,Hải Phòng,p01_b00119,1,15,0,False,1,Hải Phòng,p01_b00119,1,15,0,False,1,3738,3738.0,12,14,True
B-train-00120-q07,B-train-00120,argmax,"Trong bảng 1 ở trang 1, Điểm bán nào có Lũy kế lớn nhất?",Điểm bán,Lũy kế,Điểm bán phía Bắc,p01_b00038,1,6,0,False,2,Điểm bán phía Bắc,p01_b00038,1,6,0,False,2,8.297,8297.0,3,14,True
B-train-00121-q02,B-train-00121,argmin,"Trong bảng 1 ở trang 1, Điểm bán nào có Số đơn nhỏ nhất?",Điểm bán,Số đơn,Miền Bắc,p01_b00089,1,13,0,False,1,Miền Bắc,p01_b00089,1,13,0,False,1,153,153.0,10,12,True
B-train-00121-q06,B-train-00121,argmax,"Trong bảng 1 ở trang 1, Điểm bán nào có Lũy kế lớn nhất?",Điểm bán,Lũy kế,Siêu thị trung tâm,p01_b00025,1,5,0,False,2,Siêu thị trung tâm,p01_b00025,1,5,0,False,2,8.431,8431.0,2,12,True
B-train-00121-q08,B-train-00121,argmax,"Trong bảng 1 ở trang 1, Điểm bán nào có Giá trị bán lớn nhất?",Điểm bán,Giá trị bán,Điểm bán phía Nam,p01_b00041,1,7,0,False,2,Điểm bán phía Nam,p01_b00041,1,7,0,False,2,1.230.152,1230152.0,4,12,True
B-train-00121-q09,B-train-00121,argmin,"Trong bảng 1 ở trang 1, Điểm bán nào có Giá trị bán nhỏ nhất?",Điểm bán,Giá trị bán,Miền Bắc,p01_b00089,1,13,0,False,1,Miền Bắc,p01_b00089,1,13,0,False,1,42.381,42381.0,10,12,True
B-train-00122-q01,B-train-00122,argmin,"Trong bảng 1 ở trang 1, Nghiệp vụ nào có Tỷ lệ nhỏ nhất?",Nghiệp vụ,Tỷ lệ,Tài sản,p01_b00030,1,5,0,False,3,Tài sản,p01_b00030,1,5,0,False,3,"2,9%",2.9,2,15,True
B-train-00122-q02,B-train-00122,argmax,"Trong bảng 1 ở trang 1, Nghiệp vụ nào có Bồi thường lớn nhất?",Nghiệp vụ,Bồi thường,Hàng hóa,p01_b00038,1,6,0,False,2,Hàng hóa,p01_b00038,1,6,0,False,2,6.398,6398.0,3,15,True
B-train-00122-q05,B-train-00122,argmin,"Trong bảng 1 ở trang 1, Nghiệp vụ nào có Phí bảo hiểm nhỏ nhất?",Nghiệp vụ,Phí bảo hiểm,Tài sản,p01_b00118,1,15,0,False,2,Tài sản,p01_b00118,1,15,0,False,2,216,216.0,12,15,True
B-train-00122-q09,B-train-00122,argmax,"Trong bảng 1 ở trang 1, Nghiệp vụ nào có Phí bảo hiểm lớn nhất?",Nghiệp vụ,Phí bảo hiểm,Hàng hóa,p01_b00038,1,6,0,False,2,Hàng hóa,p01_b00038,1,6,0,False,2,13.702,13702.0,3,15,True
B-train-00123-q03,B-train-00123,argmax,"Trong bảng 1 ở trang 1, Địa bàn nào có Kế hoạch năm lớn nhất?",Địa bàn,Kế hoạch năm,Đồng Nai,p01_b00096,1,14,0,False,1,Đồng Nai,p01_b00096,1,14,0,False,1,9.215,9215.0,11,12,True
B-train-00123-q09,B-train-00123,argmin,"Trong bảng 1 ở trang 1, Địa bàn nào có Kế hoạch năm nhỏ nhất?",Địa bàn,Kế hoạch năm,Hà Nội,p01_b00064,1,10,0,False,2,Hải Phòng,p01_b00019,1,4,0,False,2,472,472.0,2,12,False
B-train-00123-q10,B-train-00123,argmax,"Trong bảng 1 ở trang 1, Địa bàn nào có Sản lượng (tấn) lớn nhất?",Địa bàn,Sản lượng (tấn),Hải Phòng,p01_b00019,1,4,0,False,2,Hải Phòng,p01_b00019,1,4,0,False,2,4.530,4530.0,1,12,True
B-train-00124-q01,B-train-00124,argmax,"Trong bảng 1 ở trang 1, Kho/điểm nào có Tồn cuối lớn nhất?",Kho/điểm,Tồn cuối,Kho Hà Nội,p01_b00044,1,8,0,True,3,Hải Phòng,p01_b00051,1,9,0,False,1,934,934.0,7,12,False
B-train-00124-q03,B-train-00124,argmax,"Trong bảng 1 ở trang 1, Kho/điểm nào có Chi phí lớn nhất?",Kho/điểm,Chi phí,Kho Bình Dương,p01_b00023,1,5,0,False,1,Kho Bình Dương,p01_b00023,1,5,0,False,1,353.375,353375.0,2,12,True
B-train-00124-q08,B-train-00124,argmin,"Trong bảng 2 ở trang 1, Chi nhánh nào có Lũy kế nhỏ nhất?",Chi nhánh,Lũy kế,Cần Thơ 02,p01_b00129,2,7,0,False,1,Miền Bắc,p01_b00136,2,8,0,False,1,4.449,4449.0,6,8,False
B-train-00125-q01,B-train-00125,argmax,"Trong bảng 2 ở trang 1, Tuyến nào có Doanh thu lớn nhất?",Tuyến,Doanh thu,Đà Nẵng – Huế,p01_b00098,2,4,0,True,2,Đà Nẵng – Huế,p01_b00098,2,4,0,True,2,308.115,308115.0,1,9,True
B-train-00125-q04,B-train-00125,argmax,"Trong bảng 1 ở trang 1, Dự án nào có Giải ngân lớn nhất?",Dự án,Giải ngân,Cầu Đông Thành,p01_b00049,1,8,0,False,2,Cầu Đông Thành,p01_b00049,1,8,0,False,2,20.242,20242.0,5,9,True
B-train-00125-q06,B-train-00125,argmin,"Trong bảng 2 ở trang 1, Tuyến nào có Đúng giờ nhỏ nhất?",Tuyến,Đúng giờ,Đà Nẵng – Huế,p01_b00098,2,4,0,True,2,Đà Nẵng – Huế,p01_b00098,2,4,0,True,2,"82,5%",82.5,1,9,True
B-train-00125-q09,B-train-00125,argmin,"Trong bảng 2 ở trang 1, Tuyến nào có Số chuyến nhỏ nhất?",Tuyến,Số chuyến,Đà Nẵng,p01_b00106,2,5,0,False,1,Đà Nẵng – Huế,p01_b00129,2,8,0,False,2,8,8.0,5,9,False
B-train-00126-q02,B-train-00126,argmax,"Trong bảng 1 ở trang 1, Chi nhánh nào có Huy động lớn nhất?",Chi nhánh,Huy động,Cần Thơ 02,p01_b00038,1,7,0,False,3,Cần Thơ 02,p01_b00038,1,7,0,False,3,10.380,10380.0,4,15,True
B-train-00126-q04,B-train-00126,argmin,"Trong bảng 1 ở trang 1, Chi nhánh nào có Huy động nhỏ nhất?",Chi nhánh,Huy động,Hải Phòng 02,p01_b00052,1,9,0,False,2,Hải Phòng 02,p01_b00052,1,9,0,False,2,960,960.0,6,15,True
B-train-00126-q06,B-train-00126,argmax,"Trong bảng 1 ở trang 1, Chi nhánh nào có Nợ quá hạn lớn nhất?",Chi nhánh,Nợ quá hạn,Cần Thơ 02,p01_b00038,1,7,0,False,3,Cần Thơ 02,p01_b00038,1,7,0,False,3,480,480.0,4,15,True
B-train-00126-q08,B-train-00126,argmin,"Trong bảng 1 ở trang 1, Chi nhánh nào có Nợ quá hạn nhỏ nhất?",Chi nhánh,Nợ quá hạn,Cần Thơ 02,p01_b00105,1,17,0,False,3,Cần Thơ 02,p01_b00105,1,17,0,False,3,20,20.0,14,15,True
B-train-00127-q02,B-train-00127,argmax,"Trong bảng 1 ở trang 1, Gói thầu nào có Giá dự toán lớn nhất?",Gói thầu,Giá dự toán,GT95,p01_b00056,1,8,0,False,1,Miền Trung,p01_b00012,1,3,0,False,1,2.330,2330.0,1,13,False
B-train-00127-q06,B-train-00127,argmin,"Trong bảng 1 ở trang 1, Gói thầu nào có Kỳ trước nhỏ nhất?",Gói thầu,Kỳ trước,GT95,p01_b00056,1,8,0,False,1,GT95,p01_b00056,1,8,0,False,1,540,540.0,5,13,True
B-train-00127-q09,B-train-00127,argmin,"Trong bảng 1 ở trang 1, Gói thầu nào có Giá trúng nhỏ nhất?",Gói thầu,Giá trúng,GT41,p01_b00029,1,5,0,False,1,GT41,p01_b00029,1,5,0,False,1,100,100.0,2,13,True
B-train-00128-q01,B-train-00128,argmax,"Trong bảng 2 ở trang 1, Địa bàn nào có Sản lượng (tấn) lớn nhất?",Địa bàn,Sản lượng (tấn),Đồng Nai,p01_b00102,2,6,0,False,1,Đồng Nai,p01_b00102,2,6,0,False,1,6.952,6952.0,3,11,True
B-train-00128-q06,B-train-00128,argmax,"Trong bảng 1 ở trang 1, Trạm nào có Sản lượng lớn nhất?",Trạm,Sản lượng,Trạm Nam Sông,p01_b00065,1,10,0,False,1,Trạm Nam Sông,p01_b00065,1,10,0,False,1,17.928,17928.0,7,8,True
B-train-00128-q07,B-train-00128,argmin,"Trong bảng 1 ở trang 1, Trạm nào có Tổn thất nhỏ nhất?",Trạm,Tổn thất,Trạm Tây Đô,p01_b00033,1,6,0,False,1,Trạm Tây Đô,p01_b00033,1,6,0,False,1,"1,7%",1.7,3,8,True
B-train-00128-q10,B-train-00128,argmin,"Trong bảng 1 ở trang 1, Trạm nào có Sản lượng nhỏ nhất?",Trạm,Sản lượng,Trạm Cao Nguyên,p01_b00041,1,7,0,True,1,Trạm Cao Nguyên,p01_b00041,1,7,0,True,1,2.052,2052.0,4,8,True
B-train-00129-q02,B-train-00129,argmin,"Trong bảng 1 ở trang 1, Trạm nào có Tổn thất nhỏ nhất?",Trạm,Tổn thất,Trạm Tây Đô,p01_b00039,1,6,0,False,2,Trạm Tây Đô,p01_b00039,1,6,0,False,2,"1,6%",1.6,3,17,True
B-train-00129-q07,B-train-00129,argmax,"Trong bảng 1 ở trang 1, Trạm nào có Sự cố lớn nhất?",Trạm,Sự cố,Trạm Tây Đô,p01_b00039,1,6,0,False,2,Trạm Tây Đô,p01_b00039,1,6,0,False,2,7,7.0,3,17,True
B-train-00129-q08,B-train-00129,argmin,"Trong bảng 1 ở trang 1, Trạm nào có Lũy kế nhỏ nhất?",Trạm,Lũy kế,Trạm 220kV Trung,p01_b00021,1,4,0,False,4,Trạm 220kV Trung,p01_b00021,1,4,0,False,4,604,604.0,1,17,True
B-train-00129-q09,B-train-00129,argmax,"Trong bảng 1 ở trang 1, Trạm nào có Lũy kế lớn nhất?",Trạm,Lũy kế,Trạm Tây Đô,p01_b00084,1,11,0,False,2,Trạm Tây Đô,p01_b00084,1,11,0,False,2,9.824,9824.0,8,17,True
B-train-00130-q01,B-train-00130,argmax,"Trong bảng 1 ở trang 1, Khu vực nào có Kỳ trước lớn nhất?",Khu vực,Kỳ trước,Miền Nam,p01_b00026,1,5,0,False,3,Miền Nam,p01_b00026,1,5,0,False,3,9.793,9793.0,2,17,True
B-train-00130-q02,B-train-00130,argmin,"Trong bảng 1 ở trang 1, Khu vực nào có Kỳ trước nhỏ nhất?",Khu vực,Kỳ trước,Khánh Hòa,p01_b00011,1,3,0,False,1,Khánh Hòa,p01_b00011,1,3,0,False,1,244,244.0,0,17,True
B-train-00130-q04,B-train-00130,argmax,"Trong bảng 1 ở trang 1, Khu vực nào có Thực hiện lớn nhất?",Khu vực,Thực hiện,Miền Nam,p01_b00026,1,5,0,False,3,Miền Nam,p01_b00026,1,5,0,False,3,5.410,5410.0,2,17,True
B-train-00130-q10,B-train-00130,argmin,"Trong bảng 1 ở trang 1, Khu vực nào có Tỷ lệ nhỏ nhất?",Khu vực,Tỷ lệ,Miền Trung,p01_b00056,1,9,0,False,3,Miền Trung,p01_b00056,1,9,0,False,3,"43,2%",43.2,6,17,True
B-train-00131-q02,B-train-00131,argmin,"Trong bảng 2 ở trang 1, Dự án nào có Giá trị hợp đồng nhỏ nhất?",Dự án,Giá trị hợp đồng,Trường liên cấp,p01_b00164,2,10,0,True,1,Đường vành đai,p01_b00112,2,4,0,False,3,6.770,6770.0,1,12,False
B-train-00131-q04,B-train-00131,argmin,"Trong bảng 1 ở trang 1, Tuyến nào có Hành khách nhỏ nhất?",Tuyến,Hành khách,Đà Nẵng – Huế,p01_b00070,1,12,0,False,2,Đà Nẵng – Huế,p01_b00070,1,12,0,False,2,216,216.0,9,12,True
B-train-00131-q06,B-train-00131,argmax,"Trong bảng 2 ở trang 1, Dự án nào có Tỷ trọng (%) lớn nhất?",Dự án,Tỷ trọng (%),Đường vành đai,p01_b00155,2,9,0,False,3,Đường vành đai,p01_b00155,2,9,0,False,3,"33,8%",33.8,6,12,True
B-train-00131-q08,B-train-00131,argmax,"Trong bảng 2 ở trang 1, Dự án nào có Giải ngân lớn nhất?",Dự án,Giải ngân,Miền Nam,p01_b00121,2,5,0,False,1,Miền Nam,p01_b00121,2,5,0,False,1,18.515,18515.0,2,12,True
B-train-00132-q01,B-train-00132,argmax,"Trong bảng 1 ở trang 1, Kho/điểm nào có Chi phí lớn nhất?",Kho/điểm,Chi phí,Kho Hà Nội,p01_b00101,1,13,0,False,1,Kho Hà Nội,p01_b00101,1,13,0,False,1,206.136,206136.0,10,14,True
B-train-00132-q06,B-train-00132,argmin,"Trong bảng 1 ở trang 1, Kho/điểm nào có Đúng hạn nhỏ nhất?",Kho/điểm,Đúng hạn,Kho Bình Dương,p01_b00074,1,10,0,True,3,Kho Hà Nội Đã đối chiếu,p01_b00012,1,3,0,False,1,"78,9%",78.9,0,14,False
B-train-00132-q10,B-train-00132,argmin,"Trong bảng 1 ở trang 1, Kho/điểm nào có Tồn cuối nhỏ nhất?",Kho/điểm,Tồn cuối,Kho Cần Thơ,p01_b00039,1,6,0,False,3,Kho Cần Thơ,p01_b00039,1,6,0,False,3,75,75.0,3,14,True
B-train-00133-q01,B-train-00133,argmin,"Trong bảng 1 ở trang 1, Điểm quan trắc nào có Kỳ trước nhỏ nhất?",Điểm quan trắc,Kỳ trước,KCN Long Thành,p01_b00034,1,6,0,False,2,KCN Long Thành,p01_b00034,1,6,0,False,2,203,203.0,3,18,True
B-train-00133-q04,B-train-00133,argmin,"Trong bảng 1 ở trang 1, Điểm quan trắc nào có Kế hoạch năm nhỏ nhất?",Điểm quan trắc,Kế hoạch năm,KCN Long Thành,p01_b00034,1,6,0,False,2,KCN Long Thành,p01_b00034,1,6,0,False,2,480,480.0,3,18,True
B-train-00133-q05,B-train-00133,argmax,"Trong bảng 1 ở trang 1, Điểm quan trắc nào có COD lớn nhất?",Điểm quan trắc,COD,Sông Hồng,p01_b00088,1,13,0,False,4,Sông Hồng,p01_b00088,1,13,0,False,4,83,83.0,10,18,True
B-train-00133-q07,B-train-00133,argmax,"Trong bảng 1 ở trang 1, Điểm quan trắc nào có BOD5 lớn nhất?",Điểm quan trắc,BOD5,Sông Hồng,p01_b00011,1,3,0,False,4,Sông Hồng,p01_b00011,1,3,0,False,4,47,47.0,0,18,True
B-train-00134-q05,B-train-00134,argmin,"Trong bảng 1 ở trang 1, Địa bàn nào có Kế hoạch năm nhỏ nhất?",Địa bàn,Kế hoạch năm,Khánh Hòa,p01_b00034,1,6,0,False,1,Khánh Hòa,p01_b00034,1,6,0,False,1,175,175.0,3,13,True
B-train-00134-q08,B-train-00134,argmax,"Trong bảng 1 ở trang 1, Địa bàn nào có Diện tích (ha) lớn nhất?",Địa bàn,Diện tích (ha),Hải Phòng,p01_b00073,1,11,0,False,2,Hải Phòng,p01_b00073,1,11,0,False,2,842,842.0,8,13,True
B-train-00134-q10,B-train-00134,argmin,"Trong bảng 1 ở trang 1, Địa bàn nào có Diện tích (ha) nhỏ nhất?",Địa bàn,Diện tích (ha),Hải Phòng,p01_b00019,1,4,0,False,2,Hải Phòng,p01_b00019,1,4,0,False,2,86,86.0,1,13,True
B-train-00135-q03,B-train-00135,argmin,"Trong bảng 2 ở trang 1, Nghiệp vụ nào có Phí bảo hiểm nhỏ nhất?",Nghiệp vụ,Phí bảo hiểm,Tài sản,p01_b00110,2,5,0,False,2,Tài sản,p01_b00110,2,5,0,False,2,1.728,1728.0,2,8,True
B-train-00135-q06,B-train-00135,argmax,"Trong bảng 2 ở trang 1, Nghiệp vụ nào có Lũy kế lớn nhất?",Nghiệp vụ,Lũy kế,Tài sản,p01_b00153,2,10,0,True,2,Tài sản,p01_b00153,2,10,0,True,2,8.533,8533.0,7,8,True
B-train-00135-q08,B-train-00135,argmax,"Trong bảng 1 ở trang 1, Kho/điểm nào có Chi phí lớn nhất?",Kho/điểm,Chi phí,Kho Cần Thơ,p01_b00034,1,6,0,False,2,Kho Cần Thơ,p01_b00034,1,6,0,False,2,255.612,255612.0,3,9,True
B-train-00135-q10,B-train-00135,argmin,"Trong bảng 1 ở trang 1, Kho/điểm nào có Kỳ trước nhỏ nhất?",Kho/điểm,Kỳ trước,Kho Đà Nẵng,p01_b00019,1,4,0,False,2,Kho Đà Nẵng,p01_b00019,1,4,0,False,2,880,880.0,1,9,True
B-train-00136-q04,B-train-00136,argmax,"Trong bảng 1 ở trang 1, Khu vực nào có Chênh lệch lớn nhất?",Khu vực,Chênh lệch,Miền Bắc,p01_b00012,1,3,0,False,1,Miền Bắc,p01_b00012,1,3,0,False,1,230,230.0,0,9,True
B-train-00136-q05,B-train-00136,argmin,"Trong bảng 1 ở trang 1, Khu vực nào có Kỳ trước nhỏ nhất?",Khu vực,Kỳ trước,Miền Bắc,p01_b00012,1,3,0,False,1,Miền Bắc,p01_b00012,1,3,0,False,1,465,465.0,0,9,True
B-train-00136-q07,B-train-00136,argmin,"Trong bảng 1 ở trang 1, Khu vực nào có Kế hoạch năm nhỏ nhất?",Khu vực,Kế hoạch năm,Miền Trung,p01_b00021,1,4,0,False,2,Miền Trung,p01_b00021,1,4,0,False,2,498,498.0,1,9,True
B-train-00136-q08,B-train-00136,argmax,"Trong bảng 1 ở trang 1, Khu vực nào có Kế hoạch năm lớn nhất?",Khu vực,Kế hoạch năm,Đà Nẵng,p01_b00048,1,7,0,False,1,Đà Nẵng,p01_b00048,1,7,0,False,1,7.424,7424.0,4,9,True
B-train-00137-q03,B-train-00137,argmax,"Trong bảng 1 ở trang 1, Khu vực nào có Phản ánh lớn nhất?",Khu vực,Phản ánh,Miền Bắc,p01_b00055,1,8,0,False,1,Miền Bắc,p01_b00055,1,8,0,False,1,75,75.0,5,8,True
B-train-00137-q08,B-train-00137,argmin,"Trong bảng 1 ở trang 1, Khu vực nào có Lũy kế nhỏ nhất?",Khu vực,Lũy kế,Cụm BTS-01,p01_b00012,1,3,0,False,1,Cụm BTS-01,p01_b00012,1,3,0,False,1,20,20.0,0,8,True
B-train-00137-q09,B-train-00137,argmin,"Trong bảng 1 ở trang 1, Khu vực nào có Tỷ lệ rớt cuộc nhỏ nhất?",Khu vực,Tỷ lệ rớt cuộc,Khu vực miền núi,p01_b00047,1,7,0,False,1,Khu vực miền núi,p01_b00047,1,7,0,False,1,"0,3%",0.3,4,8,True
B-train-00137-q10,B-train-00137,argmax,"Trong bảng 1 ở trang 1, Khu vực nào có Kỳ này lớn nhất?",Khu vực,Kỳ này,Khu vực miền núi,p01_b00047,1,7,0,False,1,Khu vực miền núi,p01_b00047,1,7,0,False,1,8.525,8525.0,4,8,True
B-train-00138-q01,B-train-00138,argmin,"Trong bảng 1 ở trang 1, Chi nhánh nào có Huy động nhỏ nhất?",Chi nhánh,Huy động,Hà Nội 01,p01_b00010,1,3,0,False,2,Hà Nội 01,p01_b00010,1,3,0,False,2,1.700,1700.0,0,10,True
B-train-00138-q02,B-train-00138,argmax,"Trong bảng 1 ở trang 1, Chi nhánh nào có Nợ quá hạn lớn nhất?",Chi nhánh,Nợ quá hạn,Hà Nội 01,p01_b00043,1,8,0,False,2,Hà Nội 01,p01_b00043,1,8,0,False,2,500,500.0,5,10,True
B-train-00138-q03,B-train-00138,argmax,"Trong bảng 1 ở trang 1, Chi nhánh nào có Tăng trưởng lớn nhất?",Chi nhánh,Tăng trưởng,Hà Nội 01,p01_b00043,1,8,0,False,2,Hà Nội 01,p01_b00043,1,8,0,False,2,"13,6%",13.6,5,10,True
B-train-00138-q08,B-train-00138,argmin,"Trong bảng 1 ở trang 1, Chi nhánh nào có Dư nợ nhỏ nhất?",Chi nhánh,Dư nợ,Đà Nẵng 01,p01_b00023,1,5,0,False,1,Cần Thơ 02,p01_b00036,1,7,0,False,2,860,860.0,4,10,False
B-train-00139-q04,B-train-00139,argmax,"Trong bảng 1 ở trang 1, Khoa nào có Chuyển tuyến lớn nhất?",Khoa,Chuyển tuyến,Ngoại,p01_b00018,1,4,0,False,2,Ngoại,p01_b00018,1,4,0,False,2,12,12.0,1,12,True
B-train-00139-q08,B-train-00139,argmax,"Trong bảng 1 ở trang 1, Khoa nào có Tỷ trọng (%) lớn nhất?",Khoa,Tỷ trọng (%),Ngoại,p01_b00065,1,10,0,False,2,Ngoại,p01_b00065,1,10,0,False,2,"37,7%",37.7,7,12,True
B-train-00139-q09,B-train-00139,argmin,"Trong bảng 1 ở trang 1, Khoa nào có Tỷ trọng (%) nhỏ nhất?",Khoa,Tỷ trọng (%),Tai Mũi Họng,p01_b00097,1,14,0,False,1,Tai Mũi Họng,p01_b00097,1,14,0,False,1,"6,6%",6.6,11,12,True
B-train-00139-q10,B-train-00139,argmin,"Trong bảng 1 ở trang 1, Khoa nào có Lượt khám nhỏ nhất?",Khoa,Lượt khám,Miền Nam,p01_b00050,1,8,0,False,1,Nhi,p01_b00073,1,11,0,False,2,162,162.0,8,12,False
B-train-00140-q03,B-train-00140,argmin,"Trong bảng 1 ở trang 1, Điểm quan trắc nào có BOD5 nhỏ nhất?",Điểm quan trắc,BOD5,Sông Hương,p01_b00064,1,9,0,False,2,Sông Hương,p01_b00064,1,9,0,False,2,4,4.0,6,11,True
B-train-00140-q08,B-train-00140,argmax,"Trong bảng 1 ở trang 1, Điểm quan trắc nào có COD lớn nhất?",Điểm quan trắc,COD,Sông Hồng,p01_b00055,1,8,0,False,3,Sông Hồng,p01_b00055,1,8,0,False,3,95,95.0,5,11,True
B-train-00140-q10,B-train-00140,argmin,"Trong bảng 2 ở trang 1, Chi nhánh nào có Huy động nhỏ nhất?",Chi nhánh,Huy động,Hải Phòng 02,p01_b00166,2,9,0,False,2,Hải Phòng 02,p01_b00166,2,9,0,False,2,2.520,2520.0,6,8,True
B-train-00141-q02,B-train-00141,argmax,"Trong bảng 2 ở trang 1, Khoa nào có Chuyển tuyến lớn nhất?",Khoa,Chuyển tuyến,Nội tổng hợp,p01_b00083,2,3,0,False,1,Nội tổng hợp,p01_b00083,2,3,0,False,1,10,10.0,0,9,True
B-train-00141-q03,B-train-00141,argmin,"Trong bảng 1 ở trang 1, Khu vực nào có Lũy kế nhỏ nhất?",Khu vực,Lũy kế,Miền Trung,p01_b00057,1,9,0,False,2,Miền Trung,p01_b00057,1,9,0,False,2,3.071,3071.0,6,8,True
B-train-00141-q04,B-train-00141,argmin,"Trong bảng 1 ở trang 1, Khu vực nào có Thực hiện nhỏ nhất?",Khu vực,Thực hiện,Miền Nam,p01_b00064,1,10,0,False,1,Miền Nam,p01_b00064,1,10,0,False,1,1.390,1390.0,7,8,True
B-train-00141-q08,B-train-00141,argmax,"Trong bảng 1 ở trang 1, Khu vực nào có Tỷ trọng (%) lớn nhất?",Khu vực,Tỷ trọng (%),Miền Bắc,p01_b00049,1,8,0,False,2,Miền Bắc,p01_b00049,1,8,0,False,2,"37,9%",37.9,5,8,True
B-train-00142-q01,B-train-00142,argmin,"Trong bảng 2 ở trang 1, Nghiệp vụ nào có Lũy kế nhỏ nhất?",Nghiệp vụ,Lũy kế,Sức khỏe,p01_b00183,2,13,0,False,3,Đồng bằng sông Cửu Long,p01_b00105,2,4,0,False,1,233,233.0,2,11,False
B-train-00142-q03,B-train-00142,argmax,"Trong bảng 2 ở trang 1, Nghiệp vụ nào có Kỳ trước lớn nhất?",Nghiệp vụ,Kỳ trước,Sức khỏe,p01_b00096,2,3,0,False,3,Đồng bằng sông Cửu Long,p01_b00105,2,4,0,False,1,9.328,9328.0,2,11,False
B-train-00142-q05,B-train-00142,argmin,"Trong bảng 1 ở trang 1, Khu vực nào có Tỷ lệ nhỏ nhất?",Khu vực,Tỷ lệ,Miền Bắc,p01_b00010,1,3,0,False,2,Miền Nam,p01_b00057,1,10,0,True,2,"58,7%",58.7,7,11,False
B-train-00142-q10,B-train-00142,argmax,"Trong bảng 2 ở trang 1, Nghiệp vụ nào có Bồi thường lớn nhất?",Nghiệp vụ,Bồi thường,Sức khỏe,p01_b00183,2,13,0,False,3,Sức khỏe,p01_b00183,2,13,0,False,3,5.836,5836.0,10,11,True
B-train-00143-q03,B-train-00143,argmin,"Trong bảng 2 ở trang 1, Điểm bán nào có Tỷ trọng (%) nhỏ nhất?",Điểm bán,Tỷ trọng (%),Cửa hàng 01,p01_b00187,2,13,0,False,3,Cần Thơ,p01_b00153,2,9,0,False,1,"10,3%",10.3,7,11,False
B-train-00143-q04,B-train-00143,argmax,"Trong bảng 2 ở trang 1, Điểm bán nào có Số đơn lớn nhất?",Điểm bán,Số đơn,Cần Thơ,p01_b00153,2,9,0,False,1,Cần Thơ,p01_b00153,2,9,0,False,1,3286,3286.0,6,11,True
B-train-00143-q08,B-train-00143,argmax,"Trong bảng 2 ở trang 1, Điểm bán nào có Hoàn trả lớn nhất?",Điểm bán,Hoàn trả,Điểm bán phía Bắc,p01_b00169,2,11,0,False,2,Điểm bán phía Bắc,p01_b00169,2,11,0,False,2,"7,4%",7.4,8,11,True
B-train-00144-q02,B-train-00144,argmax,"Trong bảng 1 ở trang 1, Dự án nào có Tiến độ lớn nhất?",Dự án,Tiến độ,Đường vành đai,p01_b00021,1,4,0,False,3,Đường vành đai,p01_b00021,1,4,0,False,3,"96,6%",96.6,1,17,True
B-train-00144-q04,B-train-00144,argmin,"Trong bảng 1 ở trang 1, Dự án nào có Giải ngân nhỏ nhất?",Dự án,Giải ngân,Nhà máy nước,p01_b00126,1,16,0,False,2,Nhà máy nước,p01_b00126,1,16,0,False,2,1.831,1831.0,13,17,True
B-train-00144-q06,B-train-00144,argmin,"Trong bảng 1 ở trang 1, Dự án nào có Lũy kế nhỏ nhất?",Dự án,Lũy kế,Khu tái định cư,p01_b00135,1,17,0,False,3,Khu tái định cư,p01_b00135,1,17,0,False,3,346,346.0,14,17,True
B-train-00145-q03,B-train-00145,argmax,"Trong bảng 2 ở trang 1, Nghiệp vụ nào có Tỷ trọng (%) lớn nhất?",Nghiệp vụ,Tỷ trọng (%),Hàng hóa,p01_b00163,2,11,0,False,1,Hàng hóa,p01_b00163,2,11,0,False,1,"32,4%",32.4,8,12,True
B-train-00145-q04,B-train-00145,argmin,"Trong bảng 1 ở trang 1, Đơn vị nào có Kỳ này nhỏ nhất?",Đơn vị,Kỳ này,THPT Nguyễn Trãi,p01_b00054,1,8,0,False,2,THPT Nguyễn Trãi,p01_b00054,1,8,0,False,2,765,765.0,5,8,True
B-train-00145-q10,B-train-00145,argmax,"Trong bảng 2 ở trang 1, Nghiệp vụ nào có Tỷ lệ lớn nhất?",Nghiệp vụ,Tỷ lệ,Hàng hóa,p01_b00163,2,11,0,False,1,Hàng hóa,p01_b00163,2,11,0,False,1,"69,0%",69.0,8,12,True
B-train-00146-q05,B-train-00146,argmax,"Trong bảng 1 ở trang 1, Chi nhánh nào có Huy động lớn nhất?",Chi nhánh,Huy động,Cần Thơ 02,p01_b00137,1,17,0,False,3,Cần Thơ 02,p01_b00137,1,17,0,False,3,10.450,10450.0,14,18,True
B-train-00146-q07,B-train-00146,argmin,"Trong bảng 1 ở trang 1, Chi nhánh nào có Huy động nhỏ nhất?",Chi nhánh,Huy động,Đà Nẵng 01,p01_b00119,1,15,0,False,4,Đà Nẵng 01,p01_b00119,1,15,0,False,4,3.550,3550.0,12,18,True
B-train-00146-q10,B-train-00146,argmax,"Trong bảng 1 ở trang 1, Chi nhánh nào có Lũy kế lớn nhất?",Chi nhánh,Lũy kế,Hà Nội 01,p01_b00012,1,3,0,True,3,Hà Nội 01,p01_b00012,1,3,0,True,3,9.581,9581.0,0,18,True
B-train-00147-q04,B-train-00147,argmax,"Trong bảng 1 ở trang 1, Nhóm chế độ nào có Trễ hạn lớn nhất?",Nhóm chế độ,Trễ hạn,Cần Thơ,p01_b00046,1,7,0,False,1,Cần Thơ,p01_b00046,1,7,0,False,1,45,45.0,4,12,True
B-train-00147-q08,B-train-00147,argmin,"Trong bảng 2 ở trang 1, Dự án nào có Giải ngân nhỏ nhất?",Dự án,Giải ngân,Đường vành đai,p01_b00168,2,9,0,False,2,Đường vành đai,p01_b00168,2,9,0,False,2,995,995.0,6,10,True
B-train-00147-q09,B-train-00147,argmin,"Trong bảng 2 ở trang 1, Dự án nào có Tỷ trọng (%) nhỏ nhất?",Dự án,Tỷ trọng (%),Đường vành đai,p01_b00168,2,9,0,False,2,Đường vành đai,p01_b00168,2,9,0,False,2,"1,2%",1.2,6,10,True
B-train-00148-q01,B-train-00148,argmax,"Trong bảng 1 ở trang 1, Điểm bán nào có Hoàn trả lớn nhất?",Điểm bán,Hoàn trả,Cửa hàng 01,p01_b00077,1,13,0,False,2,Cửa hàng 01,p01_b00077,1,13,0,False,2,"7,3%",7.3,10,14,True
B-train-00148-q06,B-train-00148,argmax,"Trong bảng 1 ở trang 1, Điểm bán nào có Số đơn lớn nhất?",Điểm bán,Số đơn,Siêu thị trung tâm,p01_b00056,1,10,0,False,3,Siêu thị trung tâm,p01_b00056,1,10,0,False,3,3463,3463.0,7,14,True
B-train-00148-q09,B-train-00148,argmin,"Trong bảng 1 ở trang 1, Điểm bán nào có Hoàn trả nhỏ nhất?",Điểm bán,Hoàn trả,Cửa hàng 02,p01_b00084,1,14,0,True,2,Cửa hàng 02,p01_b00084,1,14,0,True,2,"0,2%",0.2,11,14,True
B-train-00149-q02,B-train-00149,argmax,"Trong bảng 1 ở trang 1, Khu vực nào có Phản ánh lớn nhất?",Khu vực,Phản ánh,Khu vực ven biển,p01_b00023,1,5,0,False,2,Khu vực ven biển,p01_b00023,1,5,0,False,2,91,91.0,2,16,True
B-train-00149-q03,B-train-00149,argmax,"Trong bảng 1 ở trang 1, Khu vực nào có Lưu lượng lớn nhất?",Khu vực,Lưu lượng,Tây Nguyên,p01_b00057,1,10,0,False,1,Tây Nguyên,p01_b00057,1,10,0,False,1,96.736,96736.0,7,16,True
B-train-00149-q05,B-train-00149,argmin,"Trong bảng 1 ở trang 1, Khu vực nào có Lưu lượng nhỏ nhất?",Khu vực,Lưu lượng,Cụm BTS-02,p01_b00016,1,4,0,False,3,Cụm BTS-01,p01_b00010,1,3,0,True,3,8.763,8763.0,0,16,False
B-train-00149-q07,B-train-00149,argmin,"Trong bảng 1 ở trang 1, Khu vực nào có Tỷ lệ rớt cuộc nhỏ nhất?",Khu vực,Tỷ lệ rớt cuộc,Khu vực ven biển,p01_b00091,1,15,0,False,2,Khu vực ven biển,p01_b00091,1,15,0,False,2,"0,1%",0.1,12,16,True
B-train-00150-q01,B-train-00150,argmin,"Trong bảng 1 ở trang 1, Khu vực nào có Kỳ trước nhỏ nhất?",Khu vực,Kỳ trước,Cụm BTS-02,p01_b00065,1,9,0,False,3,Cụm BTS-02,p01_b00065,1,9,0,False,3,254,254.0,6,16,True
B-train-00150-q02,B-train-00150,argmax,"Trong bảng 1 ở trang 1, Khu vực nào có Lũy kế lớn nhất?",Khu vực,Lũy kế,Cần Thơ,p01_b00136,1,17,0,False,1,Cần Thơ,p01_b00136,1,17,0,False,1,9.648,9648.0,14,16,True
B-train-00150-q07,B-train-00150,argmin,"Trong bảng 1 ở trang 1, Khu vực nào có Phản ánh nhỏ nhất?",Khu vực,Phản ánh,Cụm BTS-02,p01_b00065,1,9,0,False,3,Cụm BTS-02,p01_b00065,1,9,0,False,3,6,6.0,6,16,True
B-train-00150-q09,B-train-00150,argmax,"Trong bảng 1 ở trang 1, Khu vực nào có Phản ánh lớn nhất?",Khu vực,Phản ánh,Khu vực ven biển,p01_b00029,1,5,0,False,3,Khu vực ven biển,p01_b00029,1,5,0,False,3,95,95.0,2,16,True
B-train-00151-q03,B-train-00151,argmax,"Trong bảng 1 ở trang 1, Đơn vị nào có Đạt lớn nhất?",Đơn vị,Đạt,THPT Chu Văn An,p01_b00037,1,7,0,False,1,THPT Chu Văn An,p01_b00037,1,7,0,False,1,47,47.0,4,11,True
B-train-00151-q04,B-train-00151,argmax,"Trong bảng 2 ở trang 1, Đơn vị nào có Kỳ này lớn nhất?",Đơn vị,Kỳ này,THPT Nguyễn Trãi,p01_b00140,2,8,0,False,2,THPT Nguyễn Trãi,p01_b00140,2,8,0,False,2,9.741,9741.0,5,12,True
B-train-00151-q08,B-train-00151,argmin,"Trong bảng 2 ở trang 1, Đơn vị nào có Kỳ này nhỏ nhất?",Đơn vị,Kỳ này,Đà Nẵng,p01_b00096,2,3,0,True,1,Đà Nẵng,p01_b00096,2,3,0,True,1,465,465.0,0,12,True
B-train-00151-q10,B-train-00151,argmin,"Trong bảng 2 ở trang 1, Đơn vị nào có Đạt nhỏ nhất?",Đơn vị,Đạt,THPT Lê Quý Đôn,p01_b00149,2,9,0,False,2,THPT Lê Quý Đôn,p01_b00149,2,9,0,False,2,19,19.0,6,12,True
B-train-00152-q02,B-train-00152,argmin,"Trong bảng 2 ở trang 1, Tuyến nào có Đúng giờ nhỏ nhất?",Tuyến,Đúng giờ,Hà Nội – Hải Phòng,p01_b00107,2,3,0,True,2,Hà Nội – Hải Phòng,p01_b00107,2,3,0,True,2,"84,8%",84.8,0,9,True
B-train-00152-q05,B-train-00152,argmax,"Trong bảng 1 ở trang 1, Khu vực nào có Tỷ lệ lớn nhất?",Khu vực,Tỷ lệ,Miền Bắc,p01_b00051,1,8,0,False,3,Miền Bắc,p01_b00051,1,8,0,False,3,"151,2%",151.2,5,11,True
B-train-00152-q08,B-train-00152,argmin,"Trong bảng 1 ở trang 1, Khu vực nào có Tỷ trọng (%) nhỏ nhất?",Khu vực,Tỷ trọng (%),Miền Trung,p01_b00059,1,9,0,False,2,Miền Trung,p01_b00059,1,9,0,False,2,"1,7%",1.7,6,11,True
B-train-00153-q02,B-train-00153,argmin,"Trong bảng 1 ở trang 2, Điểm đến nào có Lũy kế nhỏ nhất?",Điểm đến,Lũy kế,Vịnh Hạ Long,p02_b00066,1,9,0,False,3,Vịnh Hạ Long,p02_b00066,1,9,0,False,3,831,831.0,6,15,True
B-train-00153-q08,B-train-00153,argmax,"Trong bảng 1 ở trang 2, Điểm đến nào có Công suất phòng lớn nhất?",Điểm đến,Công suất phòng,Nha Trang,p02_b00137,1,17,0,False,3,Nha Trang,p02_b00137,1,17,0,False,3,"93,7%",93.7,14,15,True
B-train-00153-q09,B-train-00153,argmin,"Trong bảng 1 ở trang 1, Điểm đến nào có Kỳ trước nhỏ nhất?",Điểm đến,Kỳ trước,Vịnh Hạ Long,p01_b00101,1,13,0,False,3,Vịnh Hạ Long,p01_b00101,1,13,0,False,3,141,141.0,10,14,True
B-train-00153-q10,B-train-00153,argmax,"Trong bảng 1 ở trang 2, Điểm đến nào có Kỳ trước lớn nhất?",Điểm đến,Kỳ trước,Nha Trang,p02_b00093,1,12,0,False,3,Nha Trang,p02_b00093,1,12,0,False,3,9.776,9776.0,9,15,True
B-train-00154-q06,B-train-00154,argmax,"Trong bảng 2 ở trang 1, Chi nhánh nào có Tăng trưởng lớn nhất?",Chi nhánh,Tăng trưởng,Đà Nẵng 01,p01_b00095,2,5,0,False,1,Đà Nẵng 01,p01_b00095,2,5,0,False,1,"13,1%",13.1,2,10,True
B-train-00154-q08,B-train-00154,argmax,"Trong bảng 1 ở trang 1, Khu vực nào có Kế hoạch lớn nhất?",Khu vực,Kế hoạch,Khánh Hòa,p01_b00011,1,3,0,False,1,Khánh Hòa,p01_b00011,1,3,0,False,1,4.830,4830.0,0,8,True
B-train-00155-q04,B-train-00155,argmax,"Trong bảng 1 ở trang 1, Điểm đến nào có Kỳ trước lớn nhất?",Điểm đến,Kỳ trước,Phố cổ Hội An,p01_b00064,1,9,0,False,1,Phố cổ Hội An,p01_b00064,1,9,0,False,1,8.489,8489.0,6,10,True
B-train-00155-q05,B-train-00155,argmax,"Trong bảng 1 ở trang 1, Điểm đến nào có Công suất phòng lớn nhất?",Điểm đến,Công suất phòng,Tây Nguyên,p01_b00047,1,7,0,False,1,Tây Nguyên,p01_b00047,1,7,0,False,1,"86,8%",86.8,4,10,True
B-train-00155-q06,B-train-00155,argmin,"Trong bảng 1 ở trang 1, Điểm đến nào có Công suất phòng nhỏ nhất?",Điểm đến,Công suất phòng,Vịnh Hạ Long,p01_b00012,1,3,0,False,1,Vịnh Hạ Long,p01_b00012,1,3,0,False,1,"48,9%",48.9,0,10,True
B-train-00155-q10,B-train-00155,argmin,"Trong bảng 1 ở trang 1, Điểm đến nào có Tỷ trọng (%) nhỏ nhất?",Điểm đến,Tỷ trọng (%),Nha Trang,p01_b00082,1,11,0,False,2,Nha Trang,p01_b00082,1,11,0,False,2,"4,9%",4.9,8,10,True
B-train-00156-q02,B-train-00156,argmax,"Trong bảng 1 ở trang 1, Địa bàn nào có Diện tích (ha) lớn nhất?",Địa bàn,Diện tích (ha),Cần Thơ,p01_b00057,1,8,0,False,3,Cần Thơ,p01_b00057,1,8,0,False,3,758,758.0,5,13,True
B-train-00156-q05,B-train-00156,argmin,"Trong bảng 1 ở trang 1, Địa bàn nào có Sản lượng (tấn) nhỏ nhất?",Địa bàn,Sản lượng (tấn),Khánh Hòa,p01_b00039,1,6,0,False,2,Khánh Hòa,p01_b00039,1,6,0,False,2,464,464.0,3,13,True
B-train-00156-q09,B-train-00156,argmin,"Trong bảng 1 ở trang 1, Địa bàn nào có Kỳ này nhỏ nhất?",Địa bàn,Kỳ này,Khánh Hòa,p01_b00099,1,13,0,False,2,Khánh Hòa,p01_b00099,1,13,0,False,2,1.189,1189.0,10,13,True
B-train-00156-q10,B-train-00156,argmax,"Trong bảng 1 ở trang 1, Địa bàn nào có Kỳ này lớn nhất?",Địa bàn,Kỳ này,Đà Nẵng,p01_b00030,1,5,0,False,2,Đà Nẵng,p01_b00030,1,5,0,False,2,8.852,8852.0,2,13,True
B-train-00157-q01,B-train-00157,argmin,"Trong bảng 2 ở trang 1, Dự án nào có Tiến độ nhỏ nhất?",Dự án,Tiến độ,Nhà máy nước,p01_b00143,2,6,0,False,2,Nhà máy nước,p01_b00143,2,6,0,False,2,"19,4%",19.4,3,12,True
B-train-00157-q03,B-train-00157,argmax,"Trong bảng 1 ở trang 1, Kho/điểm nào có Đơn xử lý lớn nhất?",Kho/điểm,Đơn xử lý,Kho Bình Dương,p01_b00072,1,10,0,False,1,Kho trung chuyển,p01_b00090,1,12,0,False,2,3137,3137.0,9,11,False
B-train-00157-q04,B-train-00157,argmax,"Trong bảng 1 ở trang 1, Kho/điểm nào có Đúng hạn lớn nhất?",Kho/điểm,Đúng hạn,Kho trung chuyển,p01_b00046,1,7,0,False,2,Kho trung chuyển,p01_b00046,1,7,0,False,2,"95,6%",95.6,4,11,True
B-train-00157-q06,B-train-00157,argmin,"Trong bảng 1 ở trang 1, Kho/điểm nào có Đúng hạn nhỏ nhất?",Kho/điểm,Đúng hạn,Kho Hà Nội,p01_b00099,1,13,0,False,3,Kho Hà Nội,p01_b00099,1,13,0,False,3,"78,6%",78.6,10,11,True
B-train-00158-q06,B-train-00158,argmin,"Trong bảng 1 ở trang 1, Điểm bán nào có Số đơn nhỏ nhất?",Điểm bán,Số đơn,Cửa hàng 01,p01_b00043,1,8,0,True,2,Cửa hàng 01,p01_b00043,1,8,0,True,2,636,636.0,5,13,True
B-train-00158-q07,B-train-00158,argmin,"Trong bảng 1 ở trang 1, Điểm bán nào có Hoàn trả nhỏ nhất?",Điểm bán,Hoàn trả,Điểm bán phía Nam,p01_b00037,1,7,0,False,2,Điểm bán phía Nam,p01_b00037,1,7,0,False,2,"0,4%",0.4,4,13,True
B-train-00158-q08,B-train-00158,argmax,"Trong bảng 1 ở trang 1, Điểm bán nào có Hoàn trả lớn nhất?",Điểm bán,Hoàn trả,Điểm bán phía Bắc,p01_b00030,1,6,0,False,2,Miền Nam,p01_b00010,1,3,0,False,1,"7,1%",7.1,1,13,False
B-train-00158-q09,B-train-00158,argmax,"Trong bảng 1 ở trang 1, Điểm bán nào có Số đơn lớn nhất?",Điểm bán,Số đơn,Điểm bán phía Nam,p01_b00037,1,7,0,False,2,Điểm bán phía Nam,p01_b00037,1,7,0,False,2,2726,2726.0,4,13,True
B-train-00159-q01,B-train-00159,argmax,"Trong bảng 2 ở trang 1, Kho/điểm nào có Tồn cuối lớn nhất?",Kho/điểm,Tồn cuối,Kho Đà Nẵng,p01_b00109,2,4,0,False,3,Kho Đà Nẵng,p01_b00109,2,4,0,False,3,824,824.0,1,12,True
B-train-00159-q05,B-train-00159,argmax,"Trong bảng 2 ở trang 1, Kho/điểm nào có Đơn xử lý lớn nhất?",Kho/điểm,Đơn xử lý,Kho trung chuyển,p01_b00133,2,7,0,True,1,Kho Hà Nội,p01_b00179,2,13,0,False,3,5350,5350.0,10,12,False
B-train-00159-q06,B-train-00159,argmin,"Trong bảng 2 ở trang 1, Kho/điểm nào có Chi phí nhỏ nhất?",Kho/điểm,Chi phí,Lâm Đồng,p01_b00164,2,11,0,False,1,Lâm Đồng,p01_b00164,2,11,0,False,1,24.259,24259.0,8,12,True
B-train-00159-q07,B-train-00159,argmin,"Trong bảng 1 ở trang 1, Điểm quan trắc nào có Kỳ này nhỏ nhất?",Điểm quan trắc,Kỳ này,Sông Hồng,p01_b00012,1,3,0,False,2,Sông Hồng,p01_b00012,1,3,0,False,2,388,388.0,0,9,True
B-train-00160-q01,B-train-00160,argmax,"Trong bảng 1 ở trang 1, Chi nhánh nào có Tăng trưởng lớn nhất?",Chi nhánh,Tăng trưởng,Khánh Hòa 03,p01_b00034,1,6,0,False,3,Khánh Hòa 03,p01_b00034,1,6,0,False,3,"16,7%",16.7,3,17,True
B-train-00160-q05,B-train-00160,argmin,"Trong bảng 1 ở trang 1, Chi nhánh nào có Tăng trưởng nhỏ nhất?",Chi nhánh,Tăng trưởng,Hải Phòng 02,p01_b00057,1,9,0,False,3,Hải Phòng 02,p01_b00057,1,9,0,False,3,"-1,7%",-1.7,6,17,True
B-train-00160-q06,B-train-00160,argmax,"Trong bảng 1 ở trang 1, Chi nhánh nào có Huy động lớn nhất?",Chi nhánh,Huy động,Hải Phòng 02,p01_b00057,1,9,0,False,3,Cần Thơ,p01_b00019,1,4,0,False,1,10.270,10270.0,2,17,False
B-train-00161-q03,B-train-00161,argmin,"Trong bảng 2 ở trang 1, Đơn vị nào có Kỳ này nhỏ nhất?",Đơn vị,Kỳ này,THPT Chu Văn An,p01_b00121,2,7,0,False,1,THPT Chu Văn An,p01_b00121,2,7,0,False,1,2.510,2510.0,4,9,True
B-train-00161-q04,B-train-00161,argmax,"Trong bảng 1 ở trang 1, Chi nhánh nào có Dư nợ lớn nhất?",Chi nhánh,Dư nợ,Đà Nẵng 01,p01_b00064,1,10,0,False,1,Đà Nẵng 01,p01_b00064,1,10,0,False,1,8.080,8080.0,7,9,True
B-train-00161-q06,B-train-00161,argmax,"Trong bảng 2 ở trang 1, Đơn vị nào có Tỷ trọng (%) lớn nhất?",Đơn vị,Tỷ trọng (%),THPT Trần Phú,p01_b00144,2,10,0,True,2,THPT Trần Phú,p01_b00106,2,5,0,False,2,"36,0%",36.0,2,9,True
B-train-00161-q09,B-train-00161,argmin,"Trong bảng 1 ở trang 1, Chi nhánh nào có Tỷ trọng (%) nhỏ nhất?",Chi nhánh,Tỷ trọng (%),Cần Thơ 02,p01_b00041,1,7,0,True,1,Cần Thơ 02,p01_b00041,1,7,0,True,1,"5,5%",5.5,4,9,True
B-train-00162-q01,B-train-00162,argmax,"Trong bảng 1 ở trang 1, Địa bàn nào có Kỳ trước lớn nhất?",Địa bàn,Kỳ trước,Hải Phòng,p01_b00081,1,11,0,False,1,Hải Phòng,p01_b00081,1,11,0,False,1,8.091,8091.0,8,9,True
B-train-00162-q06,B-train-00162,argmin,"Trong bảng 1 ở trang 1, Địa bàn nào có Sản lượng (tấn) nhỏ nhất?",Địa bàn,Sản lượng (tấn),Cần Thơ,p01_b00054,1,8,0,False,1,Cần Thơ,p01_b00054,1,8,0,False,1,789,789.0,5,9,True
B-train-00162-q08,B-train-00162,argmin,"Trong bảng 1 ở trang 1, Địa bàn nào có Tỷ trọng (%) nhỏ nhất?",Địa bàn,Tỷ trọng (%),Lâm Đồng,p01_b00063,1,9,0,True,1,Lâm Đồng,p01_b00063,1,9,0,True,1,"3,6%",3.6,6,9,True
B-train-00162-q09,B-train-00162,argmax,"Trong bảng 1 ở trang 1, Địa bàn nào có Kỳ này lớn nhất?",Địa bàn,Kỳ này,Hải Phòng,p01_b00081,1,11,0,False,1,Hải Phòng,p01_b00081,1,11,0,False,1,8.325,8325.0,8,9,True
B-train-00163-q01,B-train-00163,argmin,"Trong bảng 1 ở trang 1, Đơn vị nào có Tỷ lệ đạt nhỏ nhất?",Đơn vị,Tỷ lệ đạt,THPT Trần Phú,p01_b00162,1,20,0,False,4,THPT Trần Phú,p01_b00162,1,20,0,False,4,"53,8%",53.8,17,18,True
B-train-00163-q03,B-train-00163,argmax,"Trong bảng 1 ở trang 1, Đơn vị nào có Đạt lớn nhất?",Đơn vị,Đạt,THPT Nguyễn Trãi,p01_b00144,1,18,0,False,3,THPT Nguyễn Trãi,p01_b00144,1,18,0,False,3,42,42.0,15,18,True
B-train-00163-q05,B-train-00163,argmin,"Trong bảng 1 ở trang 1, Đơn vị nào có Kế hoạch năm nhỏ nhất?",Đơn vị,Kế hoạch năm,THPT Chu Văn An,p01_b00135,1,17,0,False,3,THPT Chu Văn An,p01_b00135,1,17,0,False,3,486,486.0,14,18,True
B-train-00163-q10,B-train-00163,argmax,"Trong bảng 1 ở trang 1, Đơn vị nào có Kỳ trước lớn nhất?",Đơn vị,Kỳ trước,THPT Lê Quý Đôn,p01_b00153,1,19,0,False,3,THPT Lê Quý Đôn,p01_b00153,1,19,0,False,3,9.849,9849.0,16,18,True
B-train-00164-q01,B-train-00164,argmin,"Trong bảng 1 ở trang 1, Nghiệp vụ nào có Tỷ lệ nhỏ nhất?",Nghiệp vụ,Tỷ lệ,Sức khỏe,p01_b00010,1,3,0,False,3,Sức khỏe,p01_b00010,1,3,0,False,3,"8,1%",8.1,0,12,True
B-train-00164-q03,B-train-00164,argmax,"Trong bảng 1 ở trang 2, Nghiệp vụ nào có Tỷ lệ lớn nhất?",Nghiệp vụ,Tỷ lệ,Hàng hóa,p02_b00017,1,4,0,False,3,Hàng hóa,p02_b00017,1,4,0,False,3,"65,9%",65.9,1,13,True
B-train-00164-q04,B-train-00164,argmin,"Trong bảng 1 ở trang 2, Nghiệp vụ nào có Phí bảo hiểm nhỏ nhất?",Nghiệp vụ,Phí bảo hiểm,Sức khỏe,p02_b00031,1,6,0,False,1,Sức khỏe,p02_b00031,1,6,0,False,1,2.196,2196.0,3,13,True
B-train-00165-q01,B-train-00165,argmin,"Trong bảng 1 ở trang 1, Điểm đến nào có Kỳ này nhỏ nhất?",Điểm đến,Kỳ này,Vịnh Hạ Long,p01_b00099,1,13,0,True,2,Vịnh Hạ Long,p01_b00099,1,13,0,True,2,808,808.0,10,14,True
B-train-00165-q02,B-train-00165,argmin,"Trong bảng 1 ở trang 1, Điểm đến nào có Công suất phòng nhỏ nhất?",Điểm đến,Công suất phòng,Vịnh Hạ Long,p01_b00099,1,13,0,True,2,Vịnh Hạ Long,p01_b00099,1,13,0,True,2,"48,8%",48.8,10,14,True
B-train-00165-q08,B-train-00165,argmax,"Trong bảng 1 ở trang 1, Điểm đến nào có Doanh thu lớn nhất?",Điểm đến,Doanh thu,Vịnh Hạ Long,p01_b00099,1,13,0,True,2,Vịnh Hạ Long,p01_b00099,1,13,0,True,2,161.826,161826.0,10,14,True
B-train-00165-q10,B-train-00165,argmax,"Trong bảng 1 ở trang 1, Điểm đến nào có Lũy kế lớn nhất?",Điểm đến,Lũy kế,Đà Lạt,p01_b00117,1,15,0,False,3,Đà Lạt,p01_b00117,1,15,0,False,3,8.502,8502.0,12,14,True
B-train-00166-q04,B-train-00166,argmax,"Trong bảng 2 ở trang 1, Phòng ban nào có Lũy kế lớn nhất?",Phòng ban,Lũy kế,Công nghệ,p01_b00093,2,6,0,False,2,Hành chính,p01_b00100,2,7,0,False,2,9.409,9409.0,4,11,False
B-train-00166-q05,B-train-00166,argmin,"Trong bảng 1 ở trang 1, Điểm đến nào có Kỳ này nhỏ nhất?",Điểm đến,Kỳ này,Phố cổ Hội An,p01_b00050,1,9,0,False,2,Phố cổ Hội An,p01_b00050,1,9,0,False,2,1.065,1065.0,6,8,True
B-train-00166-q06,B-train-00166,argmin,"Trong bảng 2 ở trang 1, Phòng ban nào có Thiếu/thừa nhỏ nhất?",Phòng ban,Thiếu/thừa,Kế toán,p01_b00080,2,4,0,False,2,Đồng bằng sông Cửu Long,p01_b00106,2,8,0,False,1,-8,-8.0,6,11,False
B-train-00166-q08,B-train-00166,argmax,"Trong bảng 2 ở trang 1, Phòng ban nào có Thiếu/thừa lớn nhất?",Phòng ban,Thiếu/thừa,Vận hành,p01_b00086,2,5,0,False,2,Vận hành,p01_b00086,2,5,0,False,2,+4,4.0,2,11,True
B-train-00167-q04,B-train-00167,argmin,"Trong bảng 1 ở trang 1, Gói thầu nào có Giá trúng nhỏ nhất?",Gói thầu,Giá trúng,GT75,p01_b00039,1,6,0,False,1,GT75,p01_b00039,1,6,0,False,1,210,210.0,3,15,True
B-train-00167-q05,B-train-00167,argmax,"Trong bảng 1 ở trang 1, Gói thầu nào có Giá trúng lớn nhất?",Gói thầu,Giá trúng,GT07,p01_b00135,1,17,0,False,1,Miền Nam,p01_b00118,1,15,0,False,1,2.110,2110.0,13,15,False
B-train-00167-q08,B-train-00167,argmin,"Trong bảng 1 ở trang 1, Gói thầu nào có Giá dự toán nhỏ nhất?",Gói thầu,Giá dự toán,GT75,p01_b00039,1,6,0,False,1,GT75,p01_b00039,1,6,0,False,1,380,380.0,3,15,True
B-train-00167-q09,B-train-00167,argmax,"Trong bảng 1 ở trang 1, Gói thầu nào có Giá dự toán lớn nhất?",Gói thầu,Giá dự toán,GT07,p01_b00135,1,17,0,False,1,Miền Nam,p01_b00118,1,15,0,False,1,2.270,2270.0,13,15,False
B-train-00168-q01,B-train-00168,argmax,"Trong bảng 1 ở trang 1, Khu vực nào có Tỷ lệ lớn nhất?",Khu vực,Tỷ lệ,Miền Nam,p01_b00074,1,10,0,False,2,Miền Bắc,p01_b00012,1,3,0,False,4,"119,0%",119.0,0,16,False
B-train-00168-q07,B-train-00168,argmax,"Trong bảng 1 ở trang 1, Khu vực nào có Kỳ trước lớn nhất?",Khu vực,Kỳ trước,Miền Nam,p01_b00117,1,15,0,False,2,Miền Nam,p01_b00117,1,15,0,False,2,9.962,9962.0,12,16,True
B-train-00168-q09,B-train-00168,argmin,"Trong bảng 1 ở trang 1, Khu vực nào có Lũy kế nhỏ nhất?",Khu vực,Lũy kế,Miền Trung,p01_b00109,1,14,0,False,3,Miền Trung,p01_b00109,1,14,0,False,3,3.975,3975.0,11,16,True
B-train-00169-q02,B-train-00169,argmin,"Trong bảng 1 ở trang 1, Khu vực nào có Chênh lệch nhỏ nhất?",Khu vực,Chênh lệch,Miền Trung,p01_b00020,1,4,0,False,3,Miền Trung,p01_b00020,1,4,0,False,3,-470,-470.0,1,12,True
B-train-00169-q03,B-train-00169,argmax,"Trong bảng 1 ở trang 1, Khu vực nào có Thực hiện lớn nhất?",Khu vực,Thực hiện,Miền Bắc,p01_b00100,1,13,0,False,2,Miền Bắc,p01_b00100,1,13,0,False,2,4.870,4870.0,10,12,True
B-train-00169-q08,B-train-00169,argmin,"Trong bảng 1 ở trang 1, Khu vực nào có Tỷ lệ nhỏ nhất?",Khu vực,Tỷ lệ,Miền Trung,p01_b00020,1,4,0,False,3,Tây Nguyên,p01_b00047,1,7,0,False,3,"65,3%",65.3,5,12,False
B-train-00169-q09,B-train-00169,argmax,"Trong bảng 1 ở trang 1, Khu vực nào có Tỷ lệ lớn nhất?",Khu vực,Tỷ lệ,Miền Trung,p01_b00064,1,9,0,False,3,Miền Trung,p01_b00064,1,9,0,False,3,"153,4%",153.4,6,12,True
B-train-00170-q04,B-train-00170,argmax,"Trong bảng 1 ở trang 1, Khu vực nào có Kỳ này lớn nhất?",Khu vực,Kỳ này,Khu vực ven biển,p01_b00023,1,5,0,False,1,Khu vực ven biển,p01_b00023,1,5,0,False,1,8.001,8001.0,2,9,True
B-train-00170-q07,B-train-00170,argmin,"Trong bảng 1 ở trang 1, Khu vực nào có Phản ánh nhỏ nhất?",Khu vực,Phản ánh,Miền Trung,p01_b00051,1,9,0,False,1,Miền Trung,p01_b00051,1,9,0,False,1,11,11.0,6,9,True
B-train-00171-q01,B-train-00171,argmin,"Trong bảng 1 ở trang 1, Khu vực nào có Chênh lệch nhỏ nhất?",Khu vực,Chênh lệch,Đồng bằng sông Cửu Long,p01_b00071,1,12,0,False,2,Đồng bằng sông Cửu Long,p01_b00071,1,12,0,False,2,-260,-260.0,9,11,True
B-train-00171-q02,B-train-00171,argmin,"Trong bảng 1 ở trang 1, Khu vực nào có Tỷ lệ nhỏ nhất?",Khu vực,Tỷ lệ,Miền Nam,p01_b00058,1,10,0,False,2,Miền Nam,p01_b00058,1,10,0,False,2,"75,6%",75.6,7,11,True
B-train-00171-q08,B-train-00171,argmax,"Trong bảng 1 ở trang 1, Khu vực nào có Chênh lệch lớn nhất?",Khu vực,Chênh lệch,Đồng bằng sông Cửu Long,p01_b00037,1,7,0,False,2,Đồng bằng sông Cửu Long,p01_b00037,1,7,0,False,2,830,830.0,4,11,True
B-train-00171-q10,B-train-00171,argmax,"Trong bảng 1 ở trang 2, Khu vực nào có Tỷ lệ lớn nhất?",Khu vực,Tỷ lệ,Miền Bắc,p02_b00073,1,12,0,False,2,Miền Bắc,p02_b00073,1,12,0,False,2,"176,5%",176.5,9,12,True
B-train-00172-q01,B-train-00172,argmin,"Trong bảng 1 ở trang 1, Điểm bán nào có Số đơn nhỏ nhất?",Điểm bán,Số đơn,Điểm bán phía Bắc,p01_b00030,1,6,0,False,2,Điểm bán phía Bắc,p01_b00030,1,6,0,False,2,585,585.0,3,12,True
B-train-00172-q07,B-train-00172,argmax,"Trong bảng 2 ở trang 1, Điểm quan trắc nào có Tỷ trọng (%) lớn nhất?",Điểm quan trắc,Tỷ trọng (%),Sông Hồng,p01_b00141,2,8,0,False,3,Sông Hồng,p01_b00141,2,8,0,False,3,"37,7%",37.7,5,11,True
B-train-00172-q10,B-train-00172,argmin,"Trong bảng 1 ở trang 1, Điểm bán nào có Lũy kế nhỏ nhất?",Điểm bán,Lũy kế,Cửa hàng 01,p01_b00077,1,13,0,False,1,Lâm Đồng,p01_b00044,1,8,0,True,1,2.218,2218.0,6,12,False
B-train-00173-q02,B-train-00173,argmax,"Trong bảng 2 ở trang 1, Khu vực nào có Chênh lệch lớn nhất?",Khu vực,Chênh lệch,Đồng bằng sông Cửu Long,p01_b00113,2,7,0,True,2,Đồng bằng sông Cửu Long,p01_b00113,2,7,0,True,2,840,840.0,4,10,True
B-train-00173-q03,B-train-00173,argmin,"Trong bảng 1 ở trang 1, Khu vực nào có Lưu lượng nhỏ nhất?",Khu vực,Lưu lượng,Cụm BTS-01,p01_b00049,1,8,0,False,2,Cụm BTS-01,p01_b00049,1,8,0,False,2,31.101,31101.0,5,8,True
B-train-00173-q04,B-train-00173,argmin,"Trong bảng 2 ở trang 1, Khu vực nào có Kỳ này nhỏ nhất?",Khu vực,Kỳ này,Đồng bằng sông Cửu Long,p01_b00113,2,7,0,True,2,Đồng bằng sông Cửu Long,p01_b00113,2,7,0,True,2,1.218,1218.0,4,10,True
B-train-00173-q08,B-train-00173,argmax,"Trong bảng 1 ở trang 1, Khu vực nào có Thuê bao lớn nhất?",Khu vực,Thuê bao,Khu vực ven biển,p01_b00064,1,10,0,False,1,Cụm BTS-01,p01_b00011,1,3,0,False,2,53.935,53935.0,0,8,False
B-train-00174-q04,B-train-00174,argmax,"Trong bảng 1 ở trang 1, Nhóm chế độ nào có Đã giải quyết lớn nhất?",Nhóm chế độ,Đã giải quyết,Ốm đau,p01_b00073,1,10,0,True,2,Ốm đau,p01_b00073,1,10,0,True,2,2139,2139.0,7,10,True
B-train-00174-q06,B-train-00174,argmax,"Trong bảng 2 ở trang 1, Điểm đến nào có Công suất phòng lớn nhất?",Điểm đến,Công suất phòng,Đà Lạt,p01_b00163,2,10,0,False,2,Đà Lạt,p01_b00163,2,10,0,False,2,"89,4%",89.4,7,9,True
B-train-00174-q07,B-train-00174,argmin,"Trong bảng 1 ở trang 1, Nhóm chế độ nào có Lũy kế nhỏ nhất?",Nhóm chế độ,Lũy kế,Thai sản,p01_b00038,1,6,0,False,2,Thai sản,p01_b00038,1,6,0,False,2,655,655.0,3,10,True
B-train-00174-q08,B-train-00174,argmin,"Trong bảng 2 ở trang 1, Điểm đến nào có Kế hoạch năm nhỏ nhất?",Điểm đến,Kế hoạch năm,Vịnh Hạ Long,p01_b00148,2,8,0,False,1,Vịnh Hạ Long,p01_b00148,2,8,0,False,1,190,190.0,5,9,True
B-train-00175-q02,B-train-00175,argmin,"Trong bảng 1 ở trang 1, Điểm bán nào có Tỷ trọng (%) nhỏ nhất?",Điểm bán,Tỷ trọng (%),Điểm bán phía Nam,p01_b00047,1,7,0,False,1,Điểm bán phía Nam,p01_b00047,1,7,0,False,1,"0,7%",0.7,4,13,True
B-train-00175-q03,B-train-00175,argmax,"Trong bảng 1 ở trang 1, Điểm bán nào có Kỳ trước lớn nhất?",Điểm bán,Kỳ trước,Cửa hàng 01,p01_b00100,1,13,0,False,3,Cửa hàng 01,p01_b00100,1,13,0,False,3,9.641,9641.0,10,13,True
B-train-00175-q06,B-train-00175,argmin,"Trong bảng 1 ở trang 1, Điểm bán nào có Số đơn nhỏ nhất?",Điểm bán,Số đơn,Siêu thị trung tâm,p01_b00117,1,15,0,True,2,Siêu thị trung tâm,p01_b00117,1,15,0,True,2,425,425.0,12,13,True
B-train-00175-q10,B-train-00175,argmax,"Trong bảng 1 ở trang 1, Điểm bán nào có Số đơn lớn nhất?",Điểm bán,Số đơn,Cửa hàng 02,p01_b00065,1,9,0,False,3,Cửa hàng 02,p01_b00065,1,9,0,False,3,3743,3743.0,6,13,True
B-train-00176-q01,B-train-00176,argmax,"Trong bảng 1 ở trang 1, Khu vực nào có Tỷ trọng (%) lớn nhất?",Khu vực,Tỷ trọng (%),Tây Nguyên,p01_b00031,1,6,0,False,2,Tây Nguyên,p01_b00031,1,6,0,False,2,"36,7%",36.7,3,15,True
B-train-00176-q02,B-train-00176,argmin,"Trong bảng 1 ở trang 1, Khu vực nào có Tỷ trọng (%) nhỏ nhất?",Khu vực,Tỷ trọng (%),Miền Bắc,p01_b00010,1,3,0,True,3,Miền Bắc,p01_b00010,1,3,0,True,3,"4,1%",4.1,0,15,True
B-train-00176-q03,B-train-00176,argmax,"Trong bảng 1 ở trang 1, Khu vực nào có Chênh lệch lớn nhất?",Khu vực,Chênh lệch,Miền Trung,p01_b00017,1,4,0,False,3,Miền Trung,p01_b00017,1,4,0,False,3,830,830.0,1,15,True
B-train-00176-q10,B-train-00176,argmin,"Trong bảng 1 ở trang 1, Khu vực nào có Chênh lệch nhỏ nhất?",Khu vực,Chênh lệch,Khánh Hòa,p01_b00099,1,16,0,False,1,Khánh Hòa,p01_b00099,1,16,0,False,1,-600,-600.0,13,15,True
B-train-00177-q03,B-train-00177,argmax,"Trong bảng 1 ở trang 1, Điểm quan trắc nào có BOD5 lớn nhất?",Điểm quan trắc,BOD5,Sông Hồng,p01_b00045,1,8,0,False,2,Sông Hồng,p01_b00045,1,8,0,False,2,47,47.0,5,10,True
B-train-00177-q05,B-train-00177,argmax,"Trong bảng 1 ở trang 1, Điểm quan trắc nào có COD lớn nhất?",Điểm quan trắc,COD,Hồ Xuân Hương,p01_b00058,1,10,0,False,2,Hồ Xuân Hương,p01_b00058,1,10,0,False,2,94,94.0,7,10,True
B-train-00177-q08,B-train-00177,argmin,"Trong bảng 1 ở trang 1, Điểm quan trắc nào có BOD5 nhỏ nhất?",Điểm quan trắc,BOD5,Hồ Xuân Hương,p01_b00024,1,5,0,False,2,Hồ Xuân Hương,p01_b00024,1,5,0,False,2,13,13.0,2,10,True
B-train-00177-q09,B-train-00177,argmin,"Trong bảng 2 ở trang 1, Địa bàn nào có Sản lượng (tấn) nhỏ nhất?",Địa bàn,Sản lượng (tấn),Đồng Nai,p01_b00119,2,7,0,True,1,Đồng Nai,p01_b00119,2,7,0,True,1,560,560.0,4,12,True
B-train-00178-q04,B-train-00178,argmin,"Trong bảng 1 ở trang 1, Khu vực nào có Tỷ lệ nhỏ nhất?",Khu vực,Tỷ lệ,Đồng bằng sông Cửu Long,p01_b00071,1,12,0,False,3,Đồng bằng sông Cửu Long,p01_b00071,1,12,0,False,3,"79,7%",79.7,9,16,True
B-train-00178-q07,B-train-00178,argmin,"Trong bảng 1 ở trang 1, Khu vực nào có Thực hiện nhỏ nhất?",Khu vực,Thực hiện,Miền Bắc,p01_b00112,1,18,0,False,4,Miền Bắc,p01_b00112,1,18,0,False,4,880,880.0,15,16,True
B-train-00179-q04,B-train-00179,argmin,"Trong bảng 1 ở trang 1, Điểm đến nào có Doanh thu nhỏ nhất?",Điểm đến,Doanh thu,Phố cổ Hội An,p01_b00021,1,4,0,False,3,Phố cổ Hội An,p01_b00021,1,4,0,False,3,22.505,22505.0,1,12,True
B-train-00179-q07,B-train-00179,argmax,"Trong bảng 1 ở trang 1, Điểm đến nào có Công suất phòng lớn nhất?",Điểm đến,Công suất phòng,Đà Lạt,p01_b00073,1,10,0,False,1,Đà Lạt,p01_b00073,1,10,0,False,1,"91,4%",91.4,7,12,True
B-train-00179-q08,B-train-00179,argmax,"Trong bảng 1 ở trang 1, Điểm đến nào có Lũy kế lớn nhất?",Điểm đến,Lũy kế,Vịnh Hạ Long,p01_b00055,1,8,0,False,3,Hà Nội,p01_b00030,1,5,0,False,1,8.599,8599.0,3,12,False
B-train-00179-q10,B-train-00179,argmin,"Trong bảng 1 ở trang 1, Điểm đến nào có Khách quốc tế nhỏ nhất?",Điểm đến,Khách quốc tế,Phố cổ Hội An,p01_b00108,1,14,0,False,3,Phố cổ Hội An,p01_b00108,1,14,0,False,3,469,469.0,11,12,True
B-train-00180-q02,B-train-00180,argmin,"Trong bảng 1 ở trang 1, Gói thầu nào có Kỳ này nhỏ nhất?",Gói thầu,Kỳ này,GT71,p01_b00019,1,4,0,True,2,GT71,p01_b00019,1,4,0,True,2,1.261,1261.0,1,16,True
B-train-00180-q06,B-train-00180,argmin,"Trong bảng 1 ở trang 1, Gói thầu nào có Giá dự toán nhỏ nhất?",Gói thầu,Giá dự toán,GT88,p01_b00104,1,15,0,False,1,GT88,p01_b00104,1,15,0,False,1,430,430.0,12,16,True
B-train-00180-q07,B-train-00180,argmax,"Trong bảng 1 ở trang 1, Gói thầu nào có Giá trúng lớn nhất?",Gói thầu,Giá trúng,GT86,p01_b00097,1,14,0,False,1,GT86,p01_b00097,1,14,0,False,1,2.480,2480.0,11,16,True
B-train-00180-q09,B-train-00180,argmax,"Trong bảng 1 ở trang 1, Gói thầu nào có Kỳ này lớn nhất?",Gói thầu,Kỳ này,GT26,p01_b00081,1,12,0,False,1,GT26,p01_b00081,1,12,0,False,1,9.508,9508.0,9,16,True
B-train-00181-q04,B-train-00181,argmin,"Trong bảng 1 ở trang 1, Điểm bán nào có Số đơn nhỏ nhất?",Điểm bán,Số đơn,Cửa hàng 02,p01_b00084,1,14,0,False,2,Cửa hàng 02,p01_b00084,1,14,0,False,2,433,433.0,11,12,True
B-train-00181-q07,B-train-00181,argmin,"Trong bảng 1 ở trang 1, Điểm bán nào có Kỳ trước nhỏ nhất?",Điểm bán,Kỳ trước,Điểm bán phía Bắc,p01_b00031,1,6,0,False,2,Điểm bán phía Bắc,p01_b00031,1,6,0,False,2,44,44.0,3,12,True
B-train-00181-q08,B-train-00181,argmax,"Trong bảng 1 ở trang 1, Điểm bán nào có Giá trị bán lớn nhất?",Điểm bán,Giá trị bán,Điểm bán phía Bắc,p01_b00031,1,6,0,False,2,Miền Nam,p01_b00044,1,8,0,False,1,1.683.135,1683135.0,6,12,False
B-train-00181-q09,B-train-00181,argmax,"Trong bảng 1 ở trang 1, Điểm bán nào có Kỳ trước lớn nhất?",Điểm bán,Kỳ trước,Điểm bán phía Nam,p01_b00070,1,12,0,False,2,Điểm bán phía Nam,p01_b00070,1,12,0,False,2,8.523,8523.0,9,12,True
B-train-00182-q01,B-train-00182,argmax,"Trong bảng 1 ở trang 1, Tuyến nào có Đúng giờ lớn nhất?",Tuyến,Đúng giờ,TP.HCM – Cần Thơ,p01_b00050,1,9,0,False,4,TP.HCM – Cần Thơ,p01_b00050,1,9,0,False,4,"98,4%",98.4,6,16,True
B-train-00182-q02,B-train-00182,argmax,"Trong bảng 1 ở trang 1, Tuyến nào có Doanh thu lớn nhất?",Tuyến,Doanh thu,Nha Trang – Đà Lạt,p01_b00085,1,14,0,False,4,Nha Trang – Đà Lạt,p01_b00085,1,14,0,False,4,253.344,253344.0,11,16,True
B-train-00182-q05,B-train-00182,argmin,"Trong bảng 1 ở trang 1, Tuyến nào có Hành khách nhỏ nhất?",Tuyến,Hành khách,Hà Nội – Hải Phòng,p01_b00064,1,11,0,False,3,Hà Nội – Hải Phòng,p01_b00064,1,11,0,False,3,480,480.0,8,16,True
B-train-00182-q08,B-train-00182,argmin,"Trong bảng 1 ở trang 1, Tuyến nào có Doanh thu nhỏ nhất?",Tuyến,Doanh thu,Hà Nội – Hải Phòng,p01_b00064,1,11,0,False,3,Hà Nội – Hải Phòng,p01_b00064,1,11,0,False,3,48.000,48000.0,8,16,True
B-train-00183-q01,B-train-00183,argmin,"Trong bảng 1 ở trang 1, Điểm bán nào có Số đơn nhỏ nhất?",Điểm bán,Số đơn,Cửa hàng 01,p01_b00010,1,3,0,False,2,Cửa hàng 01,p01_b00010,1,3,0,False,2,338,338.0,0,10,True
B-train-00183-q03,B-train-00183,argmin,"Trong bảng 2 ở trang 1, Điểm bán nào có Giá trị bán nhỏ nhất?",Điểm bán,Giá trị bán,Miền Trung,p01_b00133,2,8,0,False,1,Miền Trung,p01_b00133,2,8,0,False,1,49.470,49470.0,5,12,True
B-train-00183-q06,B-train-00183,argmax,"Trong bảng 1 ở trang 1, Điểm bán nào có Số đơn lớn nhất?",Điểm bán,Số đơn,Cửa hàng 02,p01_b00017,1,4,0,False,1,Cửa hàng 02,p01_b00017,1,4,0,False,1,3394,3394.0,1,10,True
B-train-00183-q09,B-train-00183,argmax,"Trong bảng 2 ở trang 1, Điểm bán nào có Giá trị bán lớn nhất?",Điểm bán,Giá trị bán,Cửa hàng 01,p01_b00176,2,13,0,True,2,Cửa hàng 01,p01_b00176,2,13,0,True,2,1.474.070,1474070.0,10,12,True
B-train-00184-q01,B-train-00184,argmax,"Trong bảng 1 ở trang 1, Địa bàn nào có Kỳ này lớn nhất?",Địa bàn,Kỳ này,Cần Thơ,p01_b00044,1,8,0,False,2,Cần Thơ,p01_b00044,1,8,0,False,2,9.646,9646.0,5,13,True
B-train-00184-q06,B-train-00184,argmin,"Trong bảng 1 ở trang 1, Địa bàn nào có Diện tích (ha) nhỏ nhất?",Địa bàn,Diện tích (ha),Đồng Nai,p01_b00084,1,14,0,False,3,Đồng Nai,p01_b00084,1,14,0,False,3,51,51.0,11,13,True
B-train-00184-q08,B-train-00184,argmin,"Trong bảng 1 ở trang 1, Địa bàn nào có Sản lượng (tấn) nhỏ nhất?",Địa bàn,Sản lượng (tấn),Đồng Nai,p01_b00084,1,14,0,False,3,Đồng Nai,p01_b00084,1,14,0,False,3,255,255.0,11,13,True
B-train-00185-q03,B-train-00185,argmax,"Trong bảng 1 ở trang 1, Nhóm chế độ nào có Chi trả lớn nhất?",Nhóm chế độ,Chi trả,Hưu trí,p01_b00056,1,8,0,True,4,Hưu trí,p01_b00056,1,8,0,True,4,36.108,36108.0,5,16,True
B-train-00185-q04,B-train-00185,argmin,"Trong bảng 1 ở trang 1, Nhóm chế độ nào có Đã giải quyết nhỏ nhất?",Nhóm chế độ,Đã giải quyết,Miền Bắc,p01_b00119,1,15,0,False,1,Miền Bắc,p01_b00119,1,15,0,False,1,163,163.0,12,16,True
B-train-00185-q07,B-train-00185,argmin,"Trong bảng 1 ở trang 1, Nhóm chế độ nào có Trễ hạn nhỏ nhất?",Nhóm chế độ,Trễ hạn,Thai sản,p01_b00039,1,6,0,False,2,Thai sản,p01_b00039,1,6,0,False,2,2,2.0,3,16,True
B-train-00185-q08,B-train-00185,argmax,"Trong bảng 1 ở trang 1, Nhóm chế độ nào có Kỳ trước lớn nhất?",Nhóm chế độ,Kỳ trước,Hưu trí,p01_b00012,1,3,0,False,4,Hưu trí,p01_b00012,1,3,0,False,4,9.794,9794.0,0,16,True
B-train-00186-q01,B-train-00186,argmin,"Trong bảng 1 ở trang 1, Nghiệp vụ nào có Phí bảo hiểm nhỏ nhất?",Nghiệp vụ,Phí bảo hiểm,Tai nạn con người,p01_b00041,1,7,0,False,3,Tai nạn con người,p01_b00041,1,7,0,False,3,684,684.0,4,18,True
B-train-00186-q02,B-train-00186,argmax,"Trong bảng 1 ở trang 1, Nghiệp vụ nào có Lũy kế lớn nhất?",Nghiệp vụ,Lũy kế,Tai nạn con người,p01_b00120,1,17,0,False,3,Tai nạn con người,p01_b00120,1,17,0,False,3,9.585,9585.0,14,18,True
B-train-00186-q06,B-train-00186,argmax,"Trong bảng 1 ở trang 1, Nghiệp vụ nào có Phí bảo hiểm lớn nhất?",Nghiệp vụ,Phí bảo hiểm,Tai nạn con người,p01_b00120,1,17,0,False,3,Tai nạn con người,p01_b00120,1,17,0,False,3,10.574,10574.0,14,18,True
B-train-00186-q07,B-train-00186,argmin,"Trong bảng 1 ở trang 1, Nghiệp vụ nào có Bồi thường nhỏ nhất?",Nghiệp vụ,Bồi thường,Tài sản,p01_b00144,1,20,0,True,3,Tài sản,p01_b00144,1,20,0,True,3,8,8.0,17,18,True
B-train-00187-q01,B-train-00187,argmax,"Trong bảng 1 ở trang 1, Địa bàn nào có Sản lượng (tấn) lớn nhất?",Địa bàn,Sản lượng (tấn),Hà Nội,p01_b00057,1,10,0,False,3,Hà Nội,p01_b00057,1,10,0,False,3,5.200,5200.0,7,18,True
B-train-00187-q03,B-train-00187,argmin,"Trong bảng 1 ở trang 1, Địa bàn nào có Sản lượng (tấn) nhỏ nhất?",Địa bàn,Sản lượng (tấn),Hải Phòng,p01_b00112,1,18,0,False,2,Hải Phòng,p01_b00112,1,18,0,False,2,87,87.0,15,18,True
B-train-00187-q04,B-train-00187,argmax,"Trong bảng 1 ở trang 1, Địa bàn nào có Diện tích (ha) lớn nhất?",Địa bàn,Diện tích (ha),Tây Nguyên,p01_b00038,1,7,0,False,1,Tây Nguyên,p01_b00038,1,7,0,False,1,854,854.0,4,18,True
B-train-00187-q05,B-train-00187,argmin,"Trong bảng 1 ở trang 1, Địa bàn nào có Diện tích (ha) nhỏ nhất?",Địa bàn,Diện tích (ha),Hải Phòng,p01_b00112,1,18,0,False,2,Hải Phòng,p01_b00112,1,18,0,False,2,29,29.0,15,18,True
B-train-00188-q01,B-train-00188,argmax,"Trong bảng 1 ở trang 1, Chi nhánh nào có Tăng trưởng lớn nhất?",Chi nhánh,Tăng trưởng,Hà Nội 01,p01_b00011,1,3,0,False,3,Hà Nội 01,p01_b00011,1,3,0,False,3,"16,9%",16.9,0,18,True
B-train-00188-q05,B-train-00188,argmin,"Trong bảng 1 ở trang 1, Chi nhánh nào có Huy động nhỏ nhất?",Chi nhánh,Huy động,Đà Nẵng 01,p01_b00105,1,15,0,True,4,Miền Trung,p01_b00043,1,7,0,False,1,1.010,1010.0,5,18,False
B-train-00188-q10,B-train-00188,argmax,"Trong bảng 1 ở trang 1, Chi nhánh nào có Lũy kế lớn nhất?",Chi nhánh,Lũy kế,Hà Nội 01,p01_b00011,1,3,0,False,3,Hà Nội 01,p01_b00011,1,3,0,False,3,8.969,8969.0,0,18,True
B-train-00189-q03,B-train-00189,argmin,"Trong bảng 1 ở trang 2, Điểm quan trắc nào có Kỳ này nhỏ nhất?",Điểm quan trắc,Kỳ này,Sông Hương,p02_b00030,1,5,0,False,3,Sông Hương,p02_b00030,1,5,0,False,3,756,756.0,2,15,True
B-train-00189-q07,B-train-00189,argmax,"Trong bảng 1 ở trang 2, Điểm quan trắc nào có BOD5 lớn nhất?",Điểm quan trắc,BOD5,Sông Hương,p02_b00075,1,10,0,False,3,Sông Hương,p02_b00075,1,10,0,False,3,47,47.0,7,15,True
B-train-00189-q10,B-train-00189,argmax,"Trong bảng 1 ở trang 2, Điểm quan trắc nào có COD lớn nhất?",Điểm quan trắc,COD,Cửa biển Đà Nẵng,p02_b00012,1,3,0,False,3,Cửa biển Đà Nẵng,p02_b00012,1,3,0,False,3,93,93.0,0,15,True
B-train-00190-q06,B-train-00190,argmin,"Trong bảng 1 ở trang 1, Điểm quan trắc nào có Kỳ này nhỏ nhất?",Điểm quan trắc,Kỳ này,Miền Nam,p01_b00058,1,10,0,False,1,Miền Nam,p01_b00058,1,10,0,False,1,380,380.0,7,11,True
B-train-00190-q07,B-train-00190,argmax,"Trong bảng 2 ở trang 1, Địa bàn nào có Sản lượng (tấn) lớn nhất?",Địa bàn,Sản lượng (tấn),Khánh Hòa,p01_b00113,2,6,0,True,1,Khánh Hòa,p01_b00113,2,6,0,True,1,7.857,7857.0,3,9,True
B-train-00191-q01,B-train-00191,argmax,"Trong bảng 1 ở trang 1, Trạm nào có Kỳ này lớn nhất?",Trạm,Kỳ này,Đồng Nai,p01_b00083,1,11,0,False,1,Đồng Nai,p01_b00083,1,11,0,False,1,9.126,9126.0,8,12,True
B-train-00191-q02,B-train-00191,argmax,"Trong bảng 1 ở trang 1, Trạm nào có Tổn thất lớn nhất?",Trạm,Tổn thất,Trạm 220kV Trung,p01_b00065,1,9,0,False,2,Đồng Nai,p01_b00083,1,11,0,False,1,"8,4%",8.4,9,12,False
B-train-00191-q08,B-train-00191,argmin,"Trong bảng 1 ở trang 1, Trạm nào có Tổn thất nhỏ nhất?",Trạm,Tổn thất,Trạm Tây Đô,p01_b00039,1,6,0,False,1,Trạm Tây Đô,p01_b00039,1,6,0,False,1,"1,3%",1.3,3,12,True
B-train-00192-q01,B-train-00192,argmin,"Trong bảng 1 ở trang 1, Khu vực nào có Tỷ lệ rớt cuộc nhỏ nhất?",Khu vực,Tỷ lệ rớt cuộc,Khu vực miền núi,p01_b00038,1,7,0,False,2,Khu vực miền núi,p01_b00038,1,7,0,False,2,"0,1%",0.1,4,12,True
B-train-00192-q06,B-train-00192,argmax,"Trong bảng 1 ở trang 2, Khu vực nào có Tỷ lệ rớt cuộc lớn nhất?",Khu vực,Tỷ lệ rớt cuộc,Cụm BTS-01,p02_b00030,1,6,0,False,2,Cụm BTS-01,p02_b00030,1,6,0,False,2,"3,2%",3.2,3,13,True
B-train-00192-q07,B-train-00192,argmax,"Trong bảng 1 ở trang 1, Khu vực nào có Lưu lượng lớn nhất?",Khu vực,Lưu lượng,Cụm BTS-01,p01_b00010,1,3,0,False,3,Cụm BTS-01,p01_b00010,1,3,0,False,3,90.216,90216.0,0,12,True
B-train-00193-q02,B-train-00193,argmax,"Trong bảng 1 ở trang 1, Trạm nào có Công suất đỉnh lớn nhất?",Trạm,Công suất đỉnh,Trạm Nam Sông,p01_b00029,1,5,0,False,3,Trạm Nam Sông,p01_b00029,1,5,0,False,3,871,871.0,2,16,True
B-train-00193-q03,B-train-00193,argmax,"Trong bảng 1 ở trang 1, Trạm nào có Tỷ trọng (%) lớn nhất?",Trạm,Tỷ trọng (%),Trạm Tây Đô,p01_b00083,1,11,0,False,3,Trạm Tây Đô,p01_b00083,1,11,0,False,3,"35,9%",35.9,8,16,True
B-train-00193-q06,B-train-00193,argmin,"Trong bảng 1 ở trang 1, Trạm nào có Công suất đỉnh nhỏ nhất?",Trạm,Công suất đỉnh,Trạm 220kV Trung,p01_b00065,1,9,0,False,3,Trạm 220kV Trung,p01_b00065,1,9,0,False,3,171,171.0,6,16,True
B-train-00193-q07,B-train-00193,argmin,"Trong bảng 1 ở trang 1, Trạm nào có Lũy kế nhỏ nhất?",Trạm,Lũy kế,Trạm 220kV Trung,p01_b00110,1,14,0,False,2,Trạm 220kV Trung,p01_b00110,1,14,0,False,2,1.369,1369.0,11,16,True
B-train-00194-q03,B-train-00194,argmax,"Trong bảng 1 ở trang 1, Khu vực nào có Lũy kế lớn nhất?",Khu vực,Lũy kế,Tây Nguyên,p01_b00114,1,16,0,False,3,Tây Nguyên,p01_b00114,1,16,0,False,3,9.493,9493.0,13,18,True
B-train-00194-q07,B-train-00194,argmin,"Trong bảng 1 ở trang 1, Khu vực nào có Tỷ lệ nhỏ nhất?",Khu vực,Tỷ lệ,Miền Trung,p01_b00098,1,14,0,False,3,Miền Trung,p01_b00098,1,14,0,False,3,"50,0%",50.0,11,18,True
B-train-00194-q08,B-train-00194,argmin,"Trong bảng 1 ở trang 1, Khu vực nào có Lũy kế nhỏ nhất?",Khu vực,Lũy kế,Đồng bằng sông Cửu Long,p01_b00122,1,17,0,False,3,Đồng bằng sông Cửu Long,p01_b00122,1,17,0,False,3,227,227.0,14,18,True
B-train-00195-q01,B-train-00195,argmax,"Trong bảng 1 ở trang 1, Tuyến nào có Doanh thu lớn nhất?",Tuyến,Doanh thu,Đà Nẵng – Huế,p01_b00081,1,12,0,False,2,Đà Nẵng – Huế,p01_b00081,1,12,0,False,2,193.320,193320.0,9,10,True
B-train-00195-q02,B-train-00195,argmin,"Trong bảng 2 ở trang 1, Mã hàng nào có Tồn cuối nhỏ nhất?",Mã hàng,Tồn cuối,VT756,p01_b00168,2,12,0,False,1,VT756,p01_b00168,2,12,0,False,1,4,4.0,9,10,True
B-train-00195-q03,B-train-00195,argmax,"Trong bảng 2 ở trang 1, Mã hàng nào có Tồn cuối lớn nhất?",Mã hàng,Tồn cuối,VT349,p01_b00153,2,10,0,False,1,VT349,p01_b00153,2,10,0,False,1,103,103.0,7,10,True
B-train-00195-q06,B-train-00195,argmin,"Trong bảng 1 ở trang 1, Tuyến nào có Đúng giờ nhỏ nhất?",Tuyến,Đúng giờ,Lâm Đồng,p01_b00011,1,3,0,False,1,Lâm Đồng,p01_b00011,1,3,0,False,1,"83,9%",83.9,1,10,True
B-train-00196-q03,B-train-00196,argmin,"Trong bảng 1 ở trang 1, Đơn vị nào có Tỷ lệ đạt nhỏ nhất?",Đơn vị,Tỷ lệ đạt,THPT Nguyễn Trãi,p01_b00050,1,8,0,False,2,THPT Nguyễn Trãi,p01_b00050,1,8,0,False,2,"68,8%",68.8,5,10,True
B-train-00196-q10,B-train-00196,argmax,"Trong bảng 2 ở trang 1, Địa bàn nào có Sản lượng (tấn) lớn nhất?",Địa bàn,Sản lượng (tấn),Miền Nam,p01_b00119,2,6,0,False,1,Hải Phòng,p01_b00105,2,4,0,False,2,8.082,8082.0,1,9,False
B-train-00197-q01,B-train-00197,argmin,"Trong bảng 1 ở trang 1, Điểm bán nào có Số đơn nhỏ nhất?",Điểm bán,Số đơn,Điểm bán phía Bắc,p01_b00075,1,11,0,False,2,Điểm bán phía Bắc,p01_b00075,1,11,0,False,2,608,608.0,8,12,True
B-train-00197-q02,B-train-00197,argmax,"Trong bảng 1 ở trang 2, Điểm bán nào có Lũy kế lớn nhất?",Điểm bán,Lũy kế,Điểm bán phía Bắc,p02_b00059,1,9,0,False,3,Điểm bán phía Bắc,p02_b00059,1,9,0,False,3,7.815,7815.0,6,12,True
B-train-00197-q03,B-train-00197,argmax,"Trong bảng 1 ở trang 2, Điểm bán nào có Số đơn lớn nhất?",Điểm bán,Số đơn,Điểm bán phía Bắc,p02_b00019,1,4,0,False,3,Cửa hàng 01,p02_b00035,1,6,0,False,2,3236,3236.0,3,12,False
B-train-00197-q10,B-train-00197,argmin,"Trong bảng 1 ở trang 1, Điểm bán nào có Lũy kế nhỏ nhất?",Điểm bán,Lũy kế,Cửa hàng 02,p01_b00019,1,4,0,False,3,Cửa hàng 02,p01_b00019,1,4,0,False,3,411,411.0,1,12,True
B-train-00198-q01,B-train-00198,argmax,"Trong bảng 1 ở trang 1, Dự án nào có Giải ngân lớn nhất?",Dự án,Giải ngân,Đường vành đai,p01_b00097,1,14,0,False,3,Đường vành đai,p01_b00097,1,14,0,False,3,28.762,28762.0,11,14,True
B-train-00198-q05,B-train-00198,argmin,"Trong bảng 1 ở trang 1, Dự án nào có Giải ngân nhỏ nhất?",Dự án,Giải ngân,Cầu Đông Thành,p01_b00011,1,3,0,False,2,Cầu Đông Thành,p01_b00011,1,3,0,False,2,487,487.0,0,14,True
B-train-00198-q06,B-train-00198,argmax,"Trong bảng 1 ở trang 1, Dự án nào có Kỳ trước lớn nhất?",Dự án,Kỳ trước,Trường liên cấp,p01_b00027,1,5,0,False,2,Trường liên cấp,p01_b00027,1,5,0,False,2,9.766,9766.0,2,14,True
B-train-00198-q07,B-train-00198,argmin,"Trong bảng 1 ở trang 1, Dự án nào có Kỳ này nhỏ nhất?",Dự án,Kỳ này,Cầu Đông Thành,p01_b00050,1,8,0,False,3,Cầu Đông Thành,p01_b00050,1,8,0,False,3,885,885.0,5,14,True
B-train-00199-q02,B-train-00199,argmin,"Trong bảng 1 ở trang 1, Dự án nào có Tỷ trọng (%) nhỏ nhất?",Dự án,Tỷ trọng (%),Khu tái định cư,p01_b00043,1,7,0,False,2,Khu tái định cư,p01_b00043,1,7,0,False,2,"1,6%",1.6,4,14,True
B-train-00199-q03,B-train-00199,argmin,"Trong bảng 1 ở trang 1, Dự án nào có Tiến độ nhỏ nhất?",Dự án,Tiến độ,Trường liên cấp,p01_b00104,1,15,0,False,3,Trường liên cấp,p01_b00104,1,15,0,False,3,"22,4%",22.4,12,14,True
B-train-00199-q06,B-train-00199,argmax,"Trong bảng 1 ở trang 1, Dự án nào có Tiến độ lớn nhất?",Dự án,Tiến độ,Trường liên cấp,p01_b00065,1,10,0,False,3,Trường liên cấp,p01_b00065,1,10,0,False,3,"99,5%",99.5,7,14,True
B-train-00199-q08,B-train-00199,argmax,"Trong bảng 1 ở trang 1, Dự án nào có Tỷ trọng (%) lớn nhất?",Dự án,Tỷ trọng (%),Nhà máy nước,p01_b00073,1,11,0,False,3,Nhà máy nước,p01_b00073,1,11,0,False,3,"37,6%",37.6,8,14,True
B-train-00200-q07,B-train-00200,argmax,"Trong bảng 1 ở trang 1, Gói thầu nào có Giá trúng lớn nhất?",Gói thầu,Giá trúng,GT03,p01_b00037,1,7,0,False,1,GT03,p01_b00037,1,7,0,False,1,2.030,2030.0,4,14,True
B-train-00200-q08,B-train-00200,argmin,"Trong bảng 1 ở trang 1, Gói thầu nào có Giá trúng nhỏ nhất?",Gói thầu,Giá trúng,GT74,p01_b00030,1,6,0,False,1,GT74,p01_b00030,1,6,0,False,1,260,260.0,3,14,True
B-train-00200-q09,B-train-00200,argmin,"Trong bảng 1 ở trang 1, Gói thầu nào có Giá dự toán nhỏ nhất?",Gói thầu,Giá dự toán,GT74,p01_b00030,1,6,0,False,1,GT74,p01_b00030,1,6,0,False,1,340,340.0,3,14,True
B-train-00201-q01,B-train-00201,argmin,"Trong bảng 2 ở trang 1, Khu vực nào có Phản ánh nhỏ nhất?",Khu vực,Phản ánh,Khu vực miền núi,p01_b00128,2,7,0,False,1,Khu vực miền núi,p01_b00128,2,7,0,False,1,29,29.0,4,9,True
B-train-00201-q04,B-train-00201,argmax,"Trong bảng 2 ở trang 1, Khu vực nào có Phản ánh lớn nhất?",Khu vực,Phản ánh,Cụm BTS-02,p01_b00146,2,9,0,False,2,Tây Nguyên,p01_b00111,2,5,0,True,1,74,74.0,3,9,False
B-train-00201-q06,B-train-00201,argmin,"Trong bảng 1 ở trang 1, Khu vực nào có Kế hoạch năm nhỏ nhất?",Khu vực,Kế hoạch năm,Khu vực ven biển,p01_b00072,1,10,0,False,1,Cụm BTS-02 Đã đối chiếu,p01_b00063,1,9,0,False,1,164,164.0,6,8,False
B-train-00202-q01,B-train-00202,argmin,"Trong bảng 1 ở trang 1, Dự án nào có Tiến độ nhỏ nhất?",Dự án,Tiến độ,Khu tái định cư,p01_b00072,1,12,0,False,2,Trường liên cấp Đã đối chiếu,p01_b00059,1,10,0,False,1,"12,4%",12.4,7,11,False
B-train-00202-q09,B-train-00202,argmin,"Trong bảng 1 ở trang 1, Dự án nào có Giải ngân nhỏ nhất?",Dự án,Giải ngân,Khu tái định cư,p01_b00072,1,12,0,False,2,Trường liên cấp Đã đối chiếu,p01_b00059,1,10,0,False,1,271,271.0,7,11,False
B-train-00203-q02,B-train-00203,argmax,"Trong bảng 1 ở trang 1, Địa bàn nào có Sản lượng (tấn) lớn nhất?",Địa bàn,Sản lượng (tấn),Hà Nội,p01_b00057,1,10,0,False,2,Lâm Đồng,p01_b00010,1,3,0,False,2,5.495,5495.0,1,16,False
B-train-00203-q06,B-train-00203,argmin,"Trong bảng 1 ở trang 1, Địa bàn nào có Tỷ trọng (%) nhỏ nhất?",Địa bàn,Tỷ trọng (%),Đồng Nai,p01_b00085,1,14,0,True,2,Đồng Nai,p01_b00085,1,14,0,True,2,"3,0%",3.0,11,16,True
B-train-00203-q08,B-train-00203,argmax,"Trong bảng 1 ở trang 1, Địa bàn nào có Diện tích (ha) lớn nhất?",Địa bàn,Diện tích (ha),Đà Nẵng,p01_b00023,1,5,0,False,2,Lâm Đồng,p01_b00010,1,3,0,False,2,785,785.0,1,16,False
B-train-00203-q09,B-train-00203,argmin,"Trong bảng 1 ở trang 1, Địa bàn nào có Kỳ trước nhỏ nhất?",Địa bàn,Kỳ trước,Hải Phòng,p01_b00112,1,18,0,False,2,Lâm Đồng,p01_b00010,1,3,0,False,2,294,294.0,1,16,False
B-train-00204-q05,B-train-00204,argmin,"Trong bảng 1 ở trang 1, Dự án nào có Giải ngân nhỏ nhất?",Dự án,Giải ngân,Cầu Đông Thành,p01_b00049,1,8,0,False,2,Cầu Đông Thành,p01_b00049,1,8,0,False,2,266,266.0,5,12,True
B-train-00204-q08,B-train-00204,argmax,"Trong bảng 1 ở trang 1, Dự án nào có Giải ngân lớn nhất?",Dự án,Giải ngân,Cầu Đông Thành,p01_b00088,1,13,0,False,2,Cầu Đông Thành,p01_b00088,1,13,0,False,2,22.935,22935.0,10,12,True
B-train-00204-q10,B-train-00204,argmin,"Trong bảng 1 ở trang 1, Dự án nào có Tỷ trọng (%) nhỏ nhất?",Dự án,Tỷ trọng (%),Đường vành đai,p01_b00057,1,9,0,False,2,Đường vành đai,p01_b00057,1,9,0,False,2,"4,3%",4.3,6,12,True
B-train-00205-q02,B-train-00205,argmin,"Trong bảng 1 ở trang 1, Mã hàng nào có Tồn đầu nhỏ nhất?",Mã hàng,Tồn đầu,VT071,p01_b00072,1,12,0,False,1,VT071,p01_b00072,1,12,0,False,1,28,28.0,9,16,True
B-train-00205-q03,B-train-00205,argmax,"Trong bảng 1 ở trang 1, Mã hàng nào có Nhập lớn nhất?",Mã hàng,Nhập,VT573,p01_b00024,1,5,0,False,1,Tây Nguyên,p01_b00052,1,9,0,False,1,99,99.0,7,16,False
B-train-00205-q08,B-train-00205,argmax,"Trong bảng 1 ở trang 1, Mã hàng nào có Tồn cuối lớn nhất?",Mã hàng,Tồn cuối,VT728,p01_b00078,1,13,0,False,1,VT728,p01_b00078,1,13,0,False,1,132,132.0,10,16,True
B-train-00205-q10,B-train-00205,argmin,"Trong bảng 1 ở trang 1, Mã hàng nào có Tồn cuối nhỏ nhất?",Mã hàng,Tồn cuối,VT442,p01_b00105,1,17,0,False,1,VT442,p01_b00105,1,17,0,False,1,16,16.0,14,16,True
B-train-00206-q04,B-train-00206,argmax,"Trong bảng 1 ở trang 1, Tuyến nào có Hành khách lớn nhất?",Tuyến,Hành khách,TP.HCM – Cần Thơ,p01_b00024,1,5,0,False,4,TP.HCM – Cần Thơ,p01_b00024,1,5,0,False,4,1.365,1365.0,2,17,True
B-train-00206-q07,B-train-00206,argmin,"Trong bảng 1 ở trang 1, Tuyến nào có Hành khách nhỏ nhất?",Tuyến,Hành khách,Đà Nẵng – Huế,p01_b00044,1,8,0,False,2,Đà Nẵng – Huế,p01_b00044,1,8,0,False,2,207,207.0,5,17,True
B-train-00206-q08,B-train-00206,argmin,"Trong bảng 1 ở trang 1, Tuyến nào có Doanh thu nhỏ nhất?",Tuyến,Doanh thu,Đà Nẵng – Huế,p01_b00044,1,8,0,False,2,Đà Nẵng – Huế,p01_b00044,1,8,0,False,2,34.155,34155.0,5,17,True
B-train-00207-q02,B-train-00207,argmin,"Trong bảng 1 ở trang 1, Địa bàn nào có Kế hoạch năm nhỏ nhất?",Địa bàn,Kế hoạch năm,Hải Phòng,p01_b00019,1,4,0,False,2,Hải Phòng,p01_b00019,1,4,0,False,2,1.057,1057.0,1,12,True
B-train-00207-q03,B-train-00207,argmax,"Trong bảng 1 ở trang 1, Địa bàn nào có Lũy kế lớn nhất?",Địa bàn,Lũy kế,Hà Nội,p01_b00064,1,10,0,False,3,Hà Nội,p01_b00064,1,10,0,False,3,8.752,8752.0,7,12,True
B-train-00207-q04,B-train-00207,argmax,"Trong bảng 1 ở trang 1, Địa bàn nào có Diện tích (ha) lớn nhất?",Địa bàn,Diện tích (ha),Đà Nẵng,p01_b00080,1,12,0,False,2,Đà Nẵng,p01_b00080,1,12,0,False,2,895,895.0,9,12,True
B-train-00208-q04,B-train-00208,argmax,"Trong bảng 1 ở trang 1, Khu vực nào có Tỷ lệ rớt cuộc lớn nhất?",Khu vực,Tỷ lệ rớt cuộc,Cụm BTS-02,p01_b00017,1,4,0,False,3,Cụm BTS-02,p01_b00017,1,4,0,False,3,"3,4%",3.4,1,12,True
B-train-00208-q05,B-train-00208,argmax,"Trong bảng 1 ở trang 2, Khu vực nào có Lưu lượng lớn nhất?",Khu vực,Lưu lượng,Khu vực ven biển,p02_b00045,1,8,0,False,3,Khu vực ven biển,p02_b00045,1,8,0,False,3,92.002,92002.0,5,13,True
B-train-00208-q09,B-train-00208,argmin,"Trong bảng 1 ở trang 2, Khu vực nào có Tỷ lệ rớt cuộc nhỏ nhất?",Khu vực,Tỷ lệ rớt cuộc,Khu vực miền núi,p02_b00024,1,5,0,False,3,Khu vực miền núi,p02_b00024,1,5,0,False,3,"0,2%",0.2,2,13,True
B-train-00209-q03,B-train-00209,argmin,"Trong bảng 2 ở trang 1, Kho/điểm nào có Đơn xử lý nhỏ nhất?",Kho/điểm,Đơn xử lý,Kho Cần Thơ,p01_b00111,2,6,0,False,1,Đồng bằng sông Cửu Long,p01_b00145,2,10,0,True,1,966,966.0,8,11,False
B-train-00209-q04,B-train-00209,argmax,"Trong bảng 1 ở trang 1, Trạm nào có Tỷ trọng (%) lớn nhất?",Trạm,Tỷ trọng (%),Miền Bắc,p01_b00019,1,4,0,False,1,Miền Bắc,p01_b00019,1,4,0,False,1,"36,3%",36.3,1,8,True
B-train-00209-q07,B-train-00209,argmax,"Trong bảng 2 ở trang 1, Kho/điểm nào có Đúng hạn lớn nhất?",Kho/điểm,Đúng hạn,Kho trung chuyển,p01_b00162,2,12,0,False,2,Kho trung chuyển,p01_b00162,2,12,0,False,2,"99,6%",99.6,9,11,True
B-train-00209-q09,B-train-00209,argmin,"Trong bảng 1 ở trang 1, Trạm nào có Sản lượng nhỏ nhất?",Trạm,Sản lượng,Trạm 110kV Bắc,p01_b00011,1,3,0,True,1,Trạm 110kV Bắc,p01_b00011,1,3,0,True,1,4.369,4369.0,0,8,True
B-train-00210-q01,B-train-00210,argmax,"Trong bảng 2 ở trang 1, Tuyến nào có Đúng giờ lớn nhất?",Tuyến,Đúng giờ,Nha Trang – Đà Lạt,p01_b00107,2,6,0,False,1,Nha Trang – Đà Lạt,p01_b00107,2,6,0,False,1,"99,0%",99.0,3,10,True
B-train-00210-q03,B-train-00210,argmax,"Trong bảng 1 ở trang 1, Điểm bán nào có Hoàn trả lớn nhất?",Điểm bán,Hoàn trả,Cửa hàng 02,p01_b00050,1,9,0,False,2,Cửa hàng 02,p01_b00050,1,9,0,False,2,"5,7%",5.7,6,10,True
B-train-00210-q05,B-train-00210,argmin,"Trong bảng 1 ở trang 1, Điểm bán nào có Hoàn trả nhỏ nhất?",Điểm bán,Hoàn trả,Cửa hàng 01,p01_b00010,1,3,0,False,1,Đà Nẵng,p01_b00037,1,7,0,False,1,"0,1%",0.1,5,10,False
B-train-00210-q06,B-train-00210,argmin,"Trong bảng 1 ở trang 1, Điểm bán nào có Giá trị bán nhỏ nhất?",Điểm bán,Giá trị bán,Cửa hàng 01,p01_b00010,1,3,0,False,1,Điểm bán phía Bắc,p01_b00063,1,11,0,False,2,117.845,117845.0,8,10,False
B-train-00211-q06,B-train-00211,argmax,"Trong bảng 1 ở trang 1, Điểm bán nào có Giá trị bán lớn nhất?",Điểm bán,Giá trị bán,Điểm bán phía Nam,p01_b00036,1,7,0,False,1,Điểm bán phía Nam,p01_b00036,1,7,0,False,1,2.891.309,2891309.0,4,13,True
B-train-00211-q07,B-train-00211,argmin,"Trong bảng 1 ở trang 1, Điểm bán nào có Kế hoạch năm nhỏ nhất?",Điểm bán,Kế hoạch năm,Lâm Đồng,p01_b00064,1,11,0,False,1,Lâm Đồng,p01_b00064,1,11,0,False,1,576,576.0,8,13,True
B-train-00211-q09,B-train-00211,argmin,"Trong bảng 1 ở trang 1, Điểm bán nào có Lượt khách nhỏ nhất?",Điểm bán,Lượt khách,Điểm bán phía Bắc,p01_b00029,1,6,0,False,1,Lâm Đồng,p01_b00064,1,11,0,False,1,1079,1079.0,9,13,False
B-train-00211-q10,B-train-00211,argmax,"Trong bảng 1 ở trang 1, Điểm bán nào có Hoàn trả lớn nhất?",Điểm bán,Hoàn trả,Cửa hàng 02,p01_b00084,1,14,0,False,3,Cửa hàng 02,p01_b00084,1,14,0,False,3,"7,0%",7.0,11,13,True
B-train-00212-q03,B-train-00212,argmax,"Trong bảng 1 ở trang 1, Đơn vị nào có Tỷ trọng (%) lớn nhất?",Đơn vị,Tỷ trọng (%),THPT Lê Quý Đôn,p01_b00019,1,4,0,False,2,THPT Lê Quý Đôn,p01_b00019,1,4,0,False,2,"35,9%",35.9,1,9,True
B-train-00212-q08,B-train-00212,argmin,"Trong bảng 1 ở trang 1, Đơn vị nào có Đạt nhỏ nhất?",Đơn vị,Đạt,THPT Lê Quý Đôn,p01_b00019,1,4,0,False,2,THPT Lê Quý Đôn,p01_b00019,1,4,0,False,2,23,23.0,1,9,True
B-train-00212-q09,B-train-00212,argmin,"Trong bảng 1 ở trang 1, Đơn vị nào có Tỷ trọng (%) nhỏ nhất?",Đơn vị,Tỷ trọng (%),THPT Chu Văn An,p01_b00041,1,7,0,False,1,THPT Chu Văn An,p01_b00041,1,7,0,False,1,"5,3%",5.3,4,9,True
B-train-00212-q10,B-train-00212,argmax,"Trong bảng 1 ở trang 1, Đơn vị nào có Tỷ lệ đạt lớn nhất?",Đơn vị,Tỷ lệ đạt,THPT Lê Quý Đôn,p01_b00019,1,4,0,False,2,THPT Lê Quý Đôn,p01_b00019,1,4,0,False,2,"92,0%",92.0,1,9,True
B-train-00213-q02,B-train-00213,argmin,"Trong bảng 1 ở trang 1, Mã hàng nào có Tồn cuối nhỏ nhất?",Mã hàng,Tồn cuối,VT238,p01_b00090,1,12,0,False,1,VT238,p01_b00090,1,12,0,False,1,1,1.0,9,14,True
B-train-00213-q06,B-train-00213,argmin,"Trong bảng 1 ở trang 1, Mã hàng nào có Nhập nhỏ nhất?",Mã hàng,Nhập,VT665,p01_b00048,1,7,0,False,1,VT665,p01_b00048,1,7,0,False,1,9,9.0,4,14,True
B-train-00213-q10,B-train-00213,argmax,"Trong bảng 1 ở trang 1, Mã hàng nào có Tồn cuối lớn nhất?",Mã hàng,Tồn cuối,VT854,p01_b00039,1,6,0,False,1,VT854,p01_b00039,1,6,0,False,1,164,164.0,3,14,True
B-train-00214-q08,B-train-00214,argmax,"Trong bảng 1 ở trang 1, Điểm bán nào có Lũy kế lớn nhất?",Điểm bán,Lũy kế,Điểm bán phía Bắc,p01_b00075,1,11,0,False,2,Điểm bán phía Bắc,p01_b00075,1,11,0,False,2,7.768,7768.0,8,11,True
B-train-00214-q09,B-train-00214,argmax,"Trong bảng 1 ở trang 2, Điểm bán nào có Kỳ này lớn nhất?",Điểm bán,Kỳ này,Siêu thị trung tâm,p02_b00019,1,4,0,False,2,Siêu thị trung tâm,p02_b00019,1,4,0,False,2,8.149,8149.0,1,11,True
B-train-00214-q10,B-train-00214,argmin,"Trong bảng 1 ở trang 1, Điểm bán nào có Số đơn nhỏ nhất?",Điểm bán,Số đơn,Cửa hàng 01,p01_b00091,1,13,0,False,3,Cửa hàng 01,p01_b00091,1,13,0,False,3,172,172.0,10,11,True
B-train-00215-q03,B-train-00215,argmin,"Trong bảng 2 ở trang 1, Tuyến nào có Hành khách nhỏ nhất?",Tuyến,Hành khách,Nha Trang – Đà Lạt,p01_b00179,2,10,0,False,2,Nha Trang – Đà Lạt,p01_b00179,2,10,0,False,2,253,253.0,7,11,True
B-train-00215-q06,B-train-00215,argmax,"Trong bảng 2 ở trang 1, Tuyến nào có Lũy kế lớn nhất?",Tuyến,Lũy kế,TP.HCM – Cần Thơ,p01_b00170,2,9,0,True,2,TP.HCM – Cần Thơ,p01_b00170,2,9,0,True,2,9.834,9834.0,6,11,True
B-train-00215-q07,B-train-00215,argmax,"Trong bảng 1 ở trang 1, Trạm nào có Tổn thất lớn nhất?",Trạm,Tổn thất,Trạm Nam Sông,p01_b00065,1,10,0,False,2,Trạm Nam Sông,p01_b00065,1,10,0,False,2,"7,3%",7.3,7,12,True
B-train-00215-q10,B-train-00215,argmin,"Trong bảng 1 ở trang 1, Trạm nào có Công suất đỉnh nhỏ nhất?",Trạm,Công suất đỉnh,Đồng Nai,p01_b00081,1,12,0,False,1,Đồng Nai,p01_b00081,1,12,0,False,1,141,141.0,9,12,True
B-train-00216-q01,B-train-00216,argmax,"Trong bảng 1 ở trang 1, Mã hàng nào có Tồn cuối lớn nhất?",Mã hàng,Tồn cuối,VT267,p01_b00023,1,5,0,False,1,VT267,p01_b00023,1,5,0,False,1,132,132.0,2,8,True
B-train-00216-q02,B-train-00216,argmax,"Trong bảng 2 ở trang 1, Điểm quan trắc nào có Lũy kế lớn nhất?",Điểm quan trắc,Lũy kế,Sông Hương,p01_b00112,2,9,0,False,1,Sông Hương,p01_b00112,2,9,0,False,1,9.608,9608.0,6,10,True
B-train-00216-q03,B-train-00216,argmin,"Trong bảng 1 ở trang 1, Mã hàng nào có Tồn đầu nhỏ nhất?",Mã hàng,Tồn đầu,VT924,p01_b00030,1,6,0,False,1,VT924,p01_b00030,1,6,0,False,1,50,50.0,3,8,True
B-train-00216-q07,B-train-00216,argmin,"Trong bảng 1 ở trang 1, Mã hàng nào có Nhập nhỏ nhất?",Mã hàng,Nhập,VT008,p01_b00044,1,8,0,False,1,Hà Nội,p01_b00051,1,9,0,False,1,1,1.0,7,8,False
B-train-00217-q03,B-train-00217,argmax,"Trong bảng 1 ở trang 1, Mã hàng nào có Tồn đầu lớn nhất?",Mã hàng,Tồn đầu,VT105,p01_b00019,1,4,0,False,1,VT105,p01_b00019,1,4,0,False,1,175,175.0,1,13,True
B-train-00217-q09,B-train-00217,argmax,"Trong bảng 1 ở trang 1, Mã hàng nào có Tồn cuối lớn nhất?",Mã hàng,Tồn cuối,VT974,p01_b00011,1,3,0,False,1,VT974,p01_b00011,1,3,0,False,1,221,221.0,0,13,True
B-train-00218-q04,B-train-00218,argmax,"Trong bảng 1 ở trang 2, Khu vực nào có Lưu lượng lớn nhất?",Khu vực,Lưu lượng,Cụm BTS-02,p02_b00024,1,5,0,False,3,Cụm BTS-02,p02_b00024,1,5,0,False,3,88.863,88863.0,2,14,True
B-train-00218-q08,B-train-00218,argmin,"Trong bảng 1 ở trang 1, Khu vực nào có Tỷ lệ rớt cuộc nhỏ nhất?",Khu vực,Tỷ lệ rớt cuộc,Cụm BTS-02,p01_b00052,1,9,0,False,3,Cụm BTS-02,p01_b00052,1,9,0,False,3,"0,6%",0.6,6,14,True
B-train-00218-q10,B-train-00218,argmin,"Trong bảng 1 ở trang 1, Khu vực nào có Lũy kế nhỏ nhất?",Khu vực,Lũy kế,Khu vực ven biển,p01_b00092,1,15,0,False,3,Khu vực ven biển,p01_b00092,1,15,0,False,3,246,246.0,12,14,True
B-train-00219-q03,B-train-00219,argmin,"Trong bảng 1 ở trang 1, Chi nhánh nào có Kỳ này nhỏ nhất?",Chi nhánh,Kỳ này,Miền Nam,p01_b00145,1,18,0,False,1,Miền Nam,p01_b00145,1,18,0,False,1,173,173.0,15,18,True
B-train-00219-q05,B-train-00219,argmax,"Trong bảng 1 ở trang 1, Chi nhánh nào có Tăng trưởng lớn nhất?",Chi nhánh,Tăng trưởng,Khánh Hòa 03,p01_b00038,1,6,0,False,2,Khánh Hòa 03,p01_b00038,1,6,0,False,2,"17,2%",17.2,3,18,True
B-train-00219-q07,B-train-00219,argmin,"Trong bảng 1 ở trang 1, Chi nhánh nào có Tăng trưởng nhỏ nhất?",Chi nhánh,Tăng trưởng,Hải Phòng 02,p01_b00021,1,4,0,False,3,Hải Phòng 02,p01_b00021,1,4,0,False,3,"-2,4%",-2.4,1,18,True
B-train-00220-q01,B-train-00220,argmin,"Trong bảng 1 ở trang 1, Phòng ban nào có Kỳ trước nhỏ nhất?",Phòng ban,Kỳ trước,Vận hành,p01_b00064,1,11,0,False,3,Vận hành,p01_b00064,1,11,0,False,3,758,758.0,8,15,True
B-train-00220-q05,B-train-00220,argmax,"Trong bảng 1 ở trang 1, Phòng ban nào có Tuyển mới lớn nhất?",Phòng ban,Tuyển mới,Kế toán,p01_b00057,1,10,0,False,2,Kế toán,p01_b00057,1,10,0,False,2,7,7.0,7,15,True
B-train-00220-q10,B-train-00220,argmin,"Trong bảng 1 ở trang 1, Phòng ban nào có Hiện có nhỏ nhất?",Phòng ban,Hiện có,Kế toán,p01_b00098,1,16,0,False,2,Kế toán,p01_b00098,1,16,0,False,2,6,6.0,13,15,True
B-train-00221-q02,B-train-00221,argmin,"Trong bảng 1 ở trang 1, Tuyến nào có Lũy kế nhỏ nhất?",Tuyến,Lũy kế,Hà Nội – Hải Phòng,p01_b00064,1,11,0,False,2,Hà Nội – Hải Phòng,p01_b00064,1,11,0,False,2,855,855.0,8,10,True
B-train-00221-q03,B-train-00221,argmin,"Trong bảng 2 ở trang 1, Nghiệp vụ nào có Phí bảo hiểm nhỏ nhất?",Nghiệp vụ,Phí bảo hiểm,Xe cơ giới,p01_b00098,2,4,0,False,1,Xe cơ giới,p01_b00098,2,4,0,False,1,542,542.0,1,8,True
B-train-00221-q07,B-train-00221,argmax,"Trong bảng 2 ở trang 1, Nghiệp vụ nào có Bồi thường lớn nhất?",Nghiệp vụ,Bồi thường,Hàng hóa,p01_b00116,2,6,0,False,1,Hàng hóa,p01_b00116,2,6,0,False,1,2.339,2339.0,3,8,True
B-train-00221-q08,B-train-00221,argmax,"Trong bảng 2 ở trang 1, Nghiệp vụ nào có Phí bảo hiểm lớn nhất?",Nghiệp vụ,Phí bảo hiểm,Tai nạn con người,p01_b00124,2,7,0,False,1,Tai nạn con người,p01_b00124,2,7,0,False,1,11.440,11440.0,4,8,True
B-train-00222-q01,B-train-00222,argmax,"Trong bảng 2 ở trang 1, Nhóm chế độ nào có Đã giải quyết lớn nhất?",Nhóm chế độ,Đã giải quyết,Hưu trí,p01_b00117,2,8,0,False,2,Hưu trí,p01_b00117,2,8,0,False,2,2243,2243.0,5,8,True
B-train-00222-q02,B-train-00222,argmin,"Trong bảng 1 ở trang 1, Chi nhánh nào có Huy động nhỏ nhất?",Chi nhánh,Huy động,Đà Nẵng 01,p01_b00056,1,10,0,False,2,Đà Nẵng 01,p01_b00024,1,5,0,False,2,1.810,1810.0,2,8,True
B-train-00222-q08,B-train-00222,argmax,"Trong bảng 2 ở trang 1, Nhóm chế độ nào có Kỳ này lớn nhất?",Nhóm chế độ,Kỳ này,Lâm Đồng,p01_b00093,2,5,0,False,1,Lâm Đồng,p01_b00093,2,5,0,False,1,7.683,7683.0,2,8,True
B-train-00223-q01,B-train-00223,argmin,"Trong bảng 1 ở trang 1, Nghiệp vụ nào có Tỷ lệ nhỏ nhất?",Nghiệp vụ,Tỷ lệ,Tai nạn con người,p01_b00081,1,12,0,False,3,Tai nạn con người,p01_b00081,1,12,0,False,3,"2,6%",2.6,9,18,True
B-train-00223-q05,B-train-00223,argmax,"Trong bảng 1 ở trang 1, Nghiệp vụ nào có Tỷ lệ lớn nhất?",Nghiệp vụ,Tỷ lệ,Hàng hóa,p01_b00034,1,6,0,False,3,Hàng hóa,p01_b00034,1,6,0,False,3,"68,0%",68.0,3,18,True
B-train-00223-q06,B-train-00223,argmax,"Trong bảng 1 ở trang 1, Nghiệp vụ nào có Phí bảo hiểm lớn nhất?",Nghiệp vụ,Phí bảo hiểm,Xe cơ giới,p01_b00097,1,14,0,False,3,Xe cơ giới,p01_b00097,1,14,0,False,3,8.856,8856.0,11,18,True
B-train-00223-q10,B-train-00223,argmin,"Trong bảng 1 ở trang 1, Nghiệp vụ nào có Lũy kế nhỏ nhất?",Nghiệp vụ,Lũy kế,Hàng hóa,p01_b00073,1,11,0,False,3,Hàng hóa,p01_b00073,1,11,0,False,3,578,578.0,8,18,True
B-train-00224-q04,B-train-00224,argmin,"Trong bảng 1 ở trang 1, Tuyến nào có Kế hoạch năm nhỏ nhất?",Tuyến,Kế hoạch năm,Đà Nẵng – Huế,p01_b00021,1,4,0,False,3,Đà Nẵng – Huế,p01_b00021,1,4,0,False,3,158,158.0,1,13,True
B-train-00224-q05,B-train-00224,argmin,"Trong bảng 1 ở trang 1, Tuyến nào có Hành khách nhỏ nhất?",Tuyến,Hành khách,Hà Nội – Hải Phòng,p01_b00012,1,3,0,False,4,Hà Nội – Hải Phòng,p01_b00012,1,3,0,False,4,336,336.0,0,13,True
B-train-00224-q07,B-train-00224,argmax,"Trong bảng 1 ở trang 1, Tuyến nào có Hành khách lớn nhất?",Tuyến,Hành khách,Đà Nẵng – Huế,p01_b00056,1,8,0,False,3,Đà Nẵng – Huế,p01_b00056,1,8,0,False,3,1.305,1305.0,5,13,True
B-train-00225-q02,B-train-00225,argmin,"Trong bảng 1 ở trang 1, Kho/điểm nào có Đơn xử lý nhỏ nhất?",Kho/điểm,Đơn xử lý,Cần Thơ,p01_b00064,1,11,0,False,1,Kho Bình Dương,p01_b00024,1,5,0,False,2,344,344.0,2,12,False
B-train-00225-q04,B-train-00225,argmax,"Trong bảng 1 ở trang 1, Kho/điểm nào có Tồn cuối lớn nhất?",Kho/điểm,Tồn cuối,Cần Thơ,p01_b00064,1,11,0,False,1,Cần Thơ,p01_b00064,1,11,0,False,1,861,861.0,8,12,True
B-train-00225-q05,B-train-00225,argmax,"Trong bảng 1 ở trang 1, Kho/điểm nào có Đơn xử lý lớn nhất?",Kho/điểm,Đơn xử lý,Kho trung chuyển,p01_b00037,1,7,0,False,1,Kho Hà Nội,p01_b00044,1,8,0,False,3,4863,4863.0,5,12,False
B-train-00225-q07,B-train-00225,argmin,"Trong bảng 1 ở trang 1, Kho/điểm nào có Tồn cuối nhỏ nhất?",Kho/điểm,Tồn cuối,Kho Hà Nội,p01_b00077,1,13,0,True,3,Kho Hà Nội,p01_b00077,1,13,0,True,3,37,37.0,10,12,True
B-train-00226-q02,B-train-00226,argmin,"Trong bảng 1 ở trang 1, Điểm bán nào có Số đơn nhỏ nhất?",Điểm bán,Số đơn,Cửa hàng 02,p01_b00057,1,9,0,False,3,Hải Phòng,p01_b00027,1,5,0,True,1,313,313.0,3,12,False
B-train-00226-q03,B-train-00226,argmax,"Trong bảng 1 ở trang 1, Điểm bán nào có Hoàn trả lớn nhất?",Điểm bán,Hoàn trả,Cửa hàng 02,p01_b00019,1,4,0,False,3,Cửa hàng 02,p01_b00019,1,4,0,False,3,"7,4%",7.4,1,12,True
B-train-00226-q10,B-train-00226,argmin,"Trong bảng 1 ở trang 1, Điểm bán nào có Hoàn trả nhỏ nhất?",Điểm bán,Hoàn trả,Hải Phòng,p01_b00027,1,5,0,True,1,Hải Phòng,p01_b00027,1,5,0,True,1,"1,0%",1.0,2,12,True
B-train-00227-q03,B-train-00227,argmin,"Trong bảng 1 ở trang 1, Nhóm chế độ nào có Hồ sơ nhận nhỏ nhất?",Nhóm chế độ,Hồ sơ nhận,Hà Nội,p01_b00073,1,10,0,False,1,Hà Nội,p01_b00073,1,10,0,False,1,560,560.0,7,12,True
B-train-00227-q04,B-train-00227,argmax,"Trong bảng 2 ở trang 1, Điểm quan trắc nào có BOD5 lớn nhất?",Điểm quan trắc,BOD5,KCN Long Thành,p01_b00146,2,6,0,True,2,KCN Long Thành,p01_b00146,2,6,0,True,2,47,47.0,3,9,True
B-train-00227-q05,B-train-00227,argmax,"Trong bảng 1 ở trang 1, Nhóm chế độ nào có Tỷ trọng (%) lớn nhất?",Nhóm chế độ,Tỷ trọng (%),Tai nạn lao động,p01_b00090,1,12,0,False,1,Tai nạn lao động,p01_b00090,1,12,0,False,1,"35,7%",35.7,9,12,True
B-train-00227-q10,B-train-00227,argmin,"Trong bảng 2 ở trang 1, Điểm quan trắc nào có BOD5 nhỏ nhất?",Điểm quan trắc,BOD5,Cửa biển Đà Nẵng,p01_b00153,2,7,0,False,1,Cửa biển Đà Nẵng,p01_b00153,2,7,0,False,1,3,3.0,4,9,True
B-train-00228-q03,B-train-00228,argmin,"Trong bảng 1 ở trang 1, Kho/điểm nào có Kỳ trước nhỏ nhất?",Kho/điểm,Kỳ trước,Kho Hà Nội,p01_b00012,1,3,0,True,2,Kho Hà Nội,p01_b00012,1,3,0,True,2,405,405.0,0,8,True
B-train-00228-q04,B-train-00228,argmin,"Trong bảng 1 ở trang 1, Kho/điểm nào có Tồn cuối nhỏ nhất?",Kho/điểm,Tồn cuối,Kho trung chuyển,p01_b00047,1,7,0,False,1,Kho trung chuyển,p01_b00047,1,7,0,False,1,34,34.0,4,8,True
B-train-00228-q06,B-train-00228,argmax,"Trong bảng 2 ở trang 1, Địa bàn nào có Diện tích (ha) lớn nhất?",Địa bàn,Diện tích (ha),Hải Phòng,p01_b00145,2,11,0,False,1,Hải Phòng,p01_b00145,2,11,0,False,1,837,837.0,8,11,True
B-train-00228-q07,B-train-00228,argmax,"Trong bảng 1 ở trang 1, Kho/điểm nào có Kế hoạch năm lớn nhất?",Kho/điểm,Kế hoạch năm,Hải Phòng,p01_b00065,1,9,0,False,1,Hải Phòng,p01_b00065,1,9,0,False,1,9.062,9062.0,6,8,True
B-train-00229-q01,B-train-00229,argmin,"Trong bảng 1 ở trang 1, Nhóm chế độ nào có Chi trả nhỏ nhất?",Nhóm chế độ,Chi trả,Ốm đau,p01_b00066,1,10,0,False,2,Ốm đau,p01_b00066,1,10,0,False,2,768,768.0,7,15,True
B-train-00229-q03,B-train-00229,argmax,"Trong bảng 1 ở trang 1, Nhóm chế độ nào có Kỳ trước lớn nhất?",Nhóm chế độ,Kỳ trước,Ốm đau,p01_b00104,1,15,0,False,2,Ốm đau,p01_b00104,1,15,0,False,2,8.829,8829.0,12,15,True
B-train-00229-q09,B-train-00229,argmax,"Trong bảng 1 ở trang 1, Nhóm chế độ nào có Chi trả lớn nhất?",Nhóm chế độ,Chi trả,Ốm đau,p01_b00104,1,15,0,False,2,Ốm đau,p01_b00104,1,15,0,False,2,25.506,25506.0,12,15,True
B-train-00229-q10,B-train-00229,argmin,"Trong bảng 1 ở trang 1, Nhóm chế độ nào có Đã giải quyết nhỏ nhất?",Nhóm chế độ,Đã giải quyết,Miền Bắc,p01_b00027,1,5,0,False,1,Miền Bắc,p01_b00027,1,5,0,False,1,231,231.0,2,15,True
B-train-00230-q02,B-train-00230,argmin,"Trong bảng 2 ở trang 1, Điểm bán nào có Hoàn trả nhỏ nhất?",Điểm bán,Hoàn trả,Cửa hàng 01,p01_b00147,2,13,0,False,2,Cửa hàng 01,p01_b00147,2,13,0,False,2,"0,0%",0.0,10,11,True
B-train-00230-q03,B-train-00230,argmin,"Trong bảng 1 ở trang 1, Kho/điểm nào có Chi phí nhỏ nhất?",Kho/điểm,Chi phí,Kho trung chuyển,p01_b00036,1,7,0,True,1,Kho trung chuyển,p01_b00036,1,7,0,True,1,32.652,32652.0,4,9,True
B-train-00230-q04,B-train-00230,argmax,"Trong bảng 1 ở trang 1, Kho/điểm nào có Kỳ trước lớn nhất?",Kho/điểm,Kỳ trước,Kho Bình Dương,p01_b00023,1,5,0,False,1,Kho Bình Dương,p01_b00023,1,5,0,False,1,9.346,9346.0,2,9,True
B-train-00231-q02,B-train-00231,argmax,"Trong bảng 1 ở trang 1, Mã hàng nào có Tồn cuối lớn nhất?",Mã hàng,Tồn cuối,VT941,p01_b00042,1,7,0,False,1,VT941,p01_b00042,1,7,0,False,1,253,253.0,4,15,True
B-train-00231-q03,B-train-00231,argmin,"Trong bảng 1 ở trang 1, Mã hàng nào có Xuất nhỏ nhất?",Mã hàng,Xuất,VT390,p01_b00050,1,8,0,False,1,VT390,p01_b00050,1,8,0,False,1,1,1.0,5,15,True
B-train-00231-q07,B-train-00231,argmax,"Trong bảng 1 ở trang 1, Mã hàng nào có Nhập lớn nhất?",Mã hàng,Nhập,VT941,p01_b00042,1,7,0,False,1,VT941,p01_b00042,1,7,0,False,1,120,120.0,4,15,True
B-train-00231-q09,B-train-00231,argmin,"Trong bảng 1 ở trang 1, Mã hàng nào có Tồn đầu nhỏ nhất?",Mã hàng,Tồn đầu,Cần Thơ,p01_b00114,1,16,0,False,1,Cần Thơ,p01_b00114,1,16,0,False,1,14,14.0,13,15,True
B-train-00232-q04,B-train-00232,argmin,"Trong bảng 1 ở trang 1, Kho/điểm nào có Kỳ này nhỏ nhất?",Kho/điểm,Kỳ này,Kho Hà Nội,p01_b00049,1,8,0,False,1,Kho Hà Nội,p01_b00049,1,8,0,False,1,140,140.0,5,9,True
B-train-00232-q07,B-train-00232,argmax,"Trong bảng 1 ở trang 1, Kho/điểm nào có Kỳ này lớn nhất?",Kho/điểm,Kỳ này,Kho Đà Nẵng,p01_b00056,1,9,0,True,1,Kho Đà Nẵng,p01_b00056,1,9,0,True,1,9.399,9399.0,6,9,True
B-train-00232-q09,B-train-00232,argmin,"Trong bảng 1 ở trang 1, Kho/điểm nào có Kỳ trước nhỏ nhất?",Kho/điểm,Kỳ trước,Kho Cần Thơ,p01_b00072,1,11,0,False,1,Kho Cần Thơ,p01_b00072,1,11,0,False,1,2.373,2373.0,8,9,True
B-train-00233-q01,B-train-00233,argmax,"Trong bảng 1 ở trang 1, Kho/điểm nào có Chi phí lớn nhất?",Kho/điểm,Chi phí,Kho Đà Nẵng,p01_b00058,1,9,0,False,3,Kho Đà Nẵng,p01_b00058,1,9,0,False,3,349.980,349980.0,6,12,True
B-train-00233-q05,B-train-00233,argmin,"Trong bảng 1 ở trang 1, Kho/điểm nào có Chi phí nhỏ nhất?",Kho/điểm,Chi phí,Kho Đà Nẵng,p01_b00019,1,4,0,False,3,Kho Đà Nẵng,p01_b00019,1,4,0,False,3,19.332,19332.0,1,12,True
B-train-00233-q06,B-train-00233,argmax,"Trong bảng 1 ở trang 1, Kho/điểm nào có Kế hoạch năm lớn nhất?",Kho/điểm,Kế hoạch năm,Kho Bình Dương,p01_b00027,1,5,0,False,2,Kho Bình Dương,p01_b00027,1,5,0,False,2,9.565,9565.0,2,12,True
B-train-00233-q09,B-train-00233,argmin,"Trong bảng 1 ở trang 1, Kho/điểm nào có Kế hoạch năm nhỏ nhất?",Kho/điểm,Kế hoạch năm,Kho Hà Nội,p01_b00089,1,13,0,False,2,Kho Hà Nội,p01_b00089,1,13,0,False,2,1.630,1630.0,10,12,True
B-train-00234-q02,B-train-00234,argmax,"Trong bảng 1 ở trang 1, Điểm quan trắc nào có Lũy kế lớn nhất?",Điểm quan trắc,Lũy kế,Sông Hồng,p01_b00011,1,3,0,False,2,Sông Hồng,p01_b00011,1,3,0,False,2,8.798,8798.0,0,12,True
B-train-00234-q06,B-train-00234,argmin,"Trong bảng 2 ở trang 1, Gói thầu nào có Giá trúng nhỏ nhất?",Gói thầu,Giá trúng,GT07,p01_b00149,2,7,0,False,1,GT07,p01_b00149,2,7,0,False,1,370,370.0,4,8,True
B-train-00234-q07,B-train-00234,argmax,"Trong bảng 1 ở trang 1, Điểm quan trắc nào có BOD5 lớn nhất?",Điểm quan trắc,BOD5,Hồ Xuân Hương,p01_b00066,1,10,0,False,2,Hồ Xuân Hương,p01_b00066,1,10,0,False,2,45,45.0,7,12,True
B-train-00234-q09,B-train-00234,argmin,"Trong bảng 1 ở trang 1, Điểm quan trắc nào có Lũy kế nhỏ nhất?",Điểm quan trắc,Lũy kế,Hồ Xuân Hương,p01_b00066,1,10,0,False,2,Hồ Xuân Hương,p01_b00066,1,10,0,False,2,502,502.0,7,12,True
B-train-00235-q02,B-train-00235,argmax,"Trong bảng 1 ở trang 1, Điểm quan trắc nào có BOD5 lớn nhất?",Điểm quan trắc,BOD5,Đà Nẵng,p01_b00017,1,4,0,False,1,Đà Nẵng,p01_b00017,1,4,0,False,1,38,38.0,1,9,True
B-train-00235-q05,B-train-00235,argmin,"Trong bảng 2 ở trang 1, Địa bàn nào có Sản lượng (tấn) nhỏ nhất?",Địa bàn,Sản lượng (tấn),Đà Nẵng,p01_b00160,2,12,0,False,2,Đà Nẵng,p01_b00160,2,12,0,False,2,192,192.0,9,10,True
B-train-00235-q08,B-train-00235,argmax,"Trong bảng 2 ở trang 1, Địa bàn nào có Sản lượng (tấn) lớn nhất?",Địa bàn,Sản lượng (tấn),Hải Phòng,p01_b00091,2,4,0,False,2,Hải Phòng,p01_b00091,2,4,0,False,2,7.911,7911.0,1,10,True
B-train-00235-q10,B-train-00235,argmin,"Trong bảng 1 ở trang 1, Điểm quan trắc nào có COD nhỏ nhất?",Điểm quan trắc,COD,Đà Nẵng,p01_b00017,1,4,0,False,1,Đà Nẵng,p01_b00017,1,4,0,False,1,15,15.0,2,9,True
B-train-00236-q04,B-train-00236,argmax,"Trong bảng 2 ở trang 1, Khu vực nào có Thực hiện lớn nhất?",Khu vực,Thực hiện,Tây Nguyên,p01_b00108,2,6,0,False,2,Tây Nguyên,p01_b00108,2,6,0,False,2,4.690,4690.0,3,10,True
B-train-00236-q05,B-train-00236,argmin,"Trong bảng 2 ở trang 1, Khu vực nào có Kỳ này nhỏ nhất?",Khu vực,Kỳ này,Miền Nam,p01_b00142,2,10,0,False,2,Miền Nam,p01_b00142,2,10,0,False,2,219,219.0,7,10,True
B-train-00236-q09,B-train-00236,argmin,"Trong bảng 2 ở trang 1, Khu vực nào có Thực hiện nhỏ nhất?",Khu vực,Thực hiện,Miền Nam,p01_b00100,2,5,0,False,2,Miền Nam,p01_b00100,2,5,0,False,2,1.130,1130.0,2,10,True
B-train-00237-q01,B-train-00237,argmin,"Trong bảng 1 ở trang 1, Trạm nào có Công suất đỉnh nhỏ nhất?",Trạm,Công suất đỉnh,Trạm Tây Đô,p01_b00127,1,16,0,False,3,Trạm Tây Đô,p01_b00127,1,16,0,False,3,158,158.0,13,18,True
B-train-00237-q03,B-train-00237,argmin,"Trong bảng 1 ở trang 1, Trạm nào có Kỳ trước nhỏ nhất?",Trạm,Kỳ trước,Trạm 110kV Bắc,p01_b00101,1,13,0,False,4,Trạm 110kV Bắc,p01_b00101,1,13,0,False,4,44,44.0,10,18,True
B-train-00237-q04,B-train-00237,argmax,"Trong bảng 1 ở trang 1, Trạm nào có Tỷ trọng (%) lớn nhất?",Trạm,Tỷ trọng (%),Trạm Nam Sông,p01_b00074,1,10,0,False,3,Trạm Nam Sông,p01_b00074,1,10,0,False,3,"37,6%",37.6,7,18,True
B-train-00237-q09,B-train-00237,argmax,"Trong bảng 1 ở trang 1, Trạm nào có Công suất đỉnh lớn nhất?",Trạm,Công suất đỉnh,Trạm 220kV Trung,p01_b00109,1,14,0,False,3,Trạm 220kV Trung,p01_b00109,1,14,0,False,3,909,909.0,11,18,True
B-train-00238-q04,B-train-00238,argmin,"Trong bảng 2 ở trang 1, Khu vực nào có Lưu lượng nhỏ nhất?",Khu vực,Lưu lượng,Cụm BTS-02,p01_b00125,2,4,0,False,2,Cần Thơ,p01_b00169,2,9,0,False,1,6.406,6406.0,7,12,False
B-train-00238-q05,B-train-00238,argmin,"Trong bảng 1 ở trang 1, Tuyến nào có Kỳ trước nhỏ nhất?",Tuyến,Kỳ trước,Đà Nẵng – Huế,p01_b00019,1,4,0,False,3,Đà Nẵng – Huế,p01_b00019,1,4,0,False,3,651,651.0,1,12,True
B-train-00238-q07,B-train-00238,argmax,"Trong bảng 1 ở trang 1, Tuyến nào có Kế hoạch năm lớn nhất?",Tuyến,Kế hoạch năm,Nha Trang – Đà Lạt,p01_b00065,1,10,0,False,2,Nha Trang – Đà Lạt,p01_b00065,1,10,0,False,2,9.233,9233.0,7,12,True
B-train-00238-q10,B-train-00238,argmax,"Trong bảng 2 ở trang 1, Khu vực nào có Lưu lượng lớn nhất?",Khu vực,Lưu lượng,Khu vực đô thị,p01_b00185,2,11,0,False,2,Khu vực đô thị,p01_b00185,2,11,0,False,2,94.237,94237.0,8,12,True
B-train-00239-q03,B-train-00239,argmax,"Trong bảng 1 ở trang 1, Điểm quan trắc nào có BOD5 lớn nhất?",Điểm quan trắc,BOD5,Miền Trung,p01_b00105,1,15,0,False,1,Miền Trung,p01_b00105,1,15,0,False,1,44,44.0,12,18,True
B-train-00239-q04,B-train-00239,argmax,"Trong bảng 1 ở trang 1, Điểm quan trắc nào có COD lớn nhất?",Điểm quan trắc,COD,Hồ Xuân Hương,p01_b00144,1,20,0,False,3,Hồ Xuân Hương,p01_b00144,1,20,0,False,3,89,89.0,17,18,True
B-train-00239-q05,B-train-00239,argmin,"Trong bảng 1 ở trang 1, Điểm quan trắc nào có BOD5 nhỏ nhất?",Điểm quan trắc,BOD5,Hồ Xuân Hương,p01_b00144,1,20,0,False,3,Hồ Xuân Hương,p01_b00144,1,20,0,False,3,3,3.0,17,18,True
B-train-00239-q06,B-train-00239,argmin,"Trong bảng 1 ở trang 1, Điểm quan trắc nào có COD nhỏ nhất?",Điểm quan trắc,COD,Sông Hương,p01_b00136,1,19,0,False,4,Sông Hương,p01_b00136,1,19,0,False,4,12,12.0,16,18,True
B-train-00240-q03,B-train-00240,argmax,"Trong bảng 1 ở trang 1, Khoa nào có Chuyển tuyến lớn nhất?",Khoa,Chuyển tuyến,Mắt,p01_b00042,1,7,0,False,2,Mắt,p01_b00042,1,7,0,False,2,12,12.0,4,14,True
B-train-00240-q04,B-train-00240,argmax,"Trong bảng 1 ở trang 1, Khoa nào có Nhập viện lớn nhất?",Khoa,Nhập viện,Ngoại,p01_b00114,1,16,0,False,3,Ngoại,p01_b00114,1,16,0,False,3,90,90.0,13,14,True
B-train-00240-q05,B-train-00240,argmin,"Trong bảng 1 ở trang 2, Khoa nào có Kỳ này nhỏ nhất?",Khoa,Kỳ này,Tai Mũi Họng,p02_b00083,1,12,0,False,2,Tai Mũi Họng,p02_b00083,1,12,0,False,2,594,594.0,9,15,True
B-train-00240-q07,B-train-00240,argmin,"Trong bảng 1 ở trang 1, Khoa nào có Kỳ này nhỏ nhất?",Khoa,Kỳ này,Nội tổng hợp,p01_b00058,1,9,0,False,3,Nội tổng hợp,p01_b00058,1,9,0,False,3,636,636.0,6,14,True
B-train-00241-q01,B-train-00241,argmin,"Trong bảng 1 ở trang 2, Nhóm chế độ nào có Đã giải quyết nhỏ nhất?",Nhóm chế độ,Đã giải quyết,Thai sản,p02_b00083,1,12,0,False,2,Thai sản,p02_b00083,1,12,0,False,2,105,105.0,9,14,True
B-train-00241-q06,B-train-00241,argmax,"Trong bảng 1 ở trang 2, Nhóm chế độ nào có Trễ hạn lớn nhất?",Nhóm chế độ,Trễ hạn,Tai nạn lao động,p02_b00091,1,13,0,False,3,Tai nạn lao động,p02_b00091,1,13,0,False,3,96,96.0,10,14,True
B-train-00241-q08,B-train-00241,argmin,"Trong bảng 1 ở trang 1, Nhóm chế độ nào có Đã giải quyết nhỏ nhất?",Nhóm chế độ,Đã giải quyết,Hưu trí,p01_b00090,1,13,0,False,3,Hưu trí,p01_b00090,1,13,0,False,3,51,51.0,10,14,True
B-train-00242-q03,B-train-00242,argmax,"Trong bảng 2 ở trang 1, Khu vực nào có Chênh lệch lớn nhất?",Khu vực,Chênh lệch,Miền Trung,p01_b00106,2,4,0,True,1,Miền Trung,p01_b00106,2,4,0,True,1,870,870.0,1,8,True
B-train-00242-q07,B-train-00242,argmin,"Trong bảng 2 ở trang 1, Khu vực nào có Kế hoạch năm nhỏ nhất?",Khu vực,Kế hoạch năm,Đồng Nai,p01_b00138,2,8,0,False,1,Đồng Nai,p01_b00138,2,8,0,False,1,574,574.0,5,8,True
B-train-00242-q08,B-train-00242,argmax,"Trong bảng 2 ở trang 1, Khu vực nào có Kế hoạch lớn nhất?",Khu vực,Kế hoạch,Đồng Nai,p01_b00138,2,8,0,False,1,Miền Nam,p01_b00114,2,5,0,False,2,4.960,4960.0,2,8,False
B-train-00242-q09,B-train-00242,argmin,"Trong bảng 1 ở trang 1, Tuyến nào có Hành khách nhỏ nhất?",Tuyến,Hành khách,Nha Trang – Đà Lạt,p01_b00064,1,10,0,False,2,Nha Trang – Đà Lạt,p01_b00064,1,10,0,False,2,231,231.0,7,10,True
B-train-00243-q02,B-train-00243,argmin,"Trong bảng 2 ở trang 1, Điểm đến nào có Doanh thu nhỏ nhất?",Điểm đến,Doanh thu,Phú Quốc,p01_b00178,2,12,0,False,2,Đồng Nai,p01_b00124,2,4,0,False,1,36.840,36840.0,2,12,False
B-train-00243-q06,B-train-00243,argmin,"Trong bảng 1 ở trang 1, Địa bàn nào có Diện tích (ha) nhỏ nhất?",Địa bàn,Diện tích (ha),Hà Nội,p01_b00073,1,10,0,False,1,Hà Nội,p01_b00073,1,10,0,False,1,43,43.0,7,11,True
B-train-00243-q07,B-train-00243,argmax,"Trong bảng 1 ở trang 1, Địa bàn nào có Diện tích (ha) lớn nhất?",Địa bàn,Diện tích (ha),Khánh Hòa,p01_b00099,1,13,0,True,2,Khánh Hòa,p01_b00099,1,13,0,True,2,850,850.0,10,11,True
B-train-00244-q01,B-train-00244,argmin,"Trong bảng 1 ở trang 1, Mã hàng nào có Nhập nhỏ nhất?",Mã hàng,Nhập,Miền Nam,p01_b00058,1,10,0,False,1,Miền Nam,p01_b00058,1,10,0,False,1,2,2.0,7,14,True
B-train-00244-q04,B-train-00244,argmin,"Trong bảng 1 ở trang 1, Mã hàng nào có Tồn cuối nhỏ nhất?",Mã hàng,Tồn cuối,VT739,p01_b00024,1,5,0,True,1,VT739,p01_b00024,1,5,0,True,1,9,9.0,2,14,True
B-train-00244-q08,B-train-00244,argmax,"Trong bảng 1 ở trang 1, Mã hàng nào có Nhập lớn nhất?",Mã hàng,Nhập,VT652,p01_b00091,1,15,0,False,1,VT652,p01_b00091,1,15,0,False,1,120,120.0,12,14,True
B-train-00245-q02,B-train-00245,argmax,"Trong bảng 1 ở trang 1, Điểm đến nào có Khách quốc tế lớn nhất?",Điểm đến,Khách quốc tế,Hải Phòng,p01_b00010,1,3,0,False,1,Hải Phòng,p01_b00010,1,3,0,False,1,5.936,5936.0,0,8,True
B-train-00245-q07,B-train-00245,argmin,"Trong bảng 1 ở trang 1, Điểm đến nào có Lũy kế nhỏ nhất?",Điểm đến,Lũy kế,Vịnh Hạ Long,p01_b00042,1,8,0,False,1,Vịnh Hạ Long,p01_b00042,1,8,0,False,1,4.214,4214.0,5,8,True
B-train-00245-q09,B-train-00245,argmin,"Trong bảng 2 ở trang 1, Khu vực nào có Kỳ này nhỏ nhất?",Khu vực,Kỳ này,Khu vực đô thị,p01_b00144,2,11,0,False,2,Khu vực đô thị,p01_b00144,2,11,0,False,2,1.353,1353.0,8,9,True
B-train-00245-q10,B-train-00245,argmax,"Trong bảng 1 ở trang 1, Điểm đến nào có Doanh thu lớn nhất?",Điểm đến,Doanh thu,Nha Trang,p01_b00029,1,6,0,True,1,Nha Trang,p01_b00029,1,6,0,True,1,164.311,164311.0,3,8,True
B-train-00246-q02,B-train-00246,argmin,"Trong bảng 1 ở trang 2, Dự án nào có Tiến độ nhỏ nhất?",Dự án,Tiến độ,Khu tái định cư,p02_b00019,1,4,0,False,3,Khu tái định cư,p02_b00019,1,4,0,False,3,"22,2%",22.2,1,14,True
B-train-00246-q08,B-train-00246,argmin,"Trong bảng 1 ở trang 1, Dự án nào có Giải ngân nhỏ nhất?",Dự án,Giải ngân,Trường liên cấp,p01_b00026,1,5,0,False,3,Trường liên cấp,p01_b00026,1,5,0,False,3,2.546,2546.0,2,13,True
B-train-00247-q02,B-train-00247,argmax,"Trong bảng 2 ở trang 1, Chi nhánh nào có Huy động lớn nhất?",Chi nhánh,Huy động,Hà Nội 01,p01_b00168,2,13,0,False,3,Hà Nội 01,p01_b00168,2,13,0,False,3,9.840,9840.0,10,12,True
B-train-00247-q03,B-train-00247,argmax,"Trong bảng 1 ở trang 1, Chi nhánh nào có Huy động lớn nhất?",Chi nhánh,Huy động,Đà Nẵng 01,p01_b00073,1,10,0,False,1,Đà Nẵng 01,p01_b00073,1,10,0,False,1,8.930,8930.0,7,9,True
B-train-00247-q06,B-train-00247,argmin,"Trong bảng 2 ở trang 1, Chi nhánh nào có Kế hoạch năm nhỏ nhất?",Chi nhánh,Kế hoạch năm,Đà Nẵng 01,p01_b00147,2,10,0,False,1,Đà Nẵng 01,p01_b00147,2,10,0,False,1,964,964.0,7,12,True
B-train-00247-q10,B-train-00247,argmin,"Trong bảng 2 ở trang 1, Chi nhánh nào có Huy động nhỏ nhất?",Chi nhánh,Huy động,Cần Thơ 02,p01_b00161,2,12,0,False,2,Cần Thơ 02,p01_b00161,2,12,0,False,2,1.650,1650.0,9,12,True
B-train-00248-q01,B-train-00248,argmin,"Trong bảng 1 ở trang 2, Nghiệp vụ nào có Kế hoạch năm nhỏ nhất?",Nghiệp vụ,Kế hoạch năm,Tai nạn con người,p02_b00027,1,5,0,False,2,Tai nạn con người,p02_b00027,1,5,0,False,2,402,402.0,2,12,True
B-train-00248-q10,B-train-00248,argmin,"Trong bảng 1 ở trang 2, Nghiệp vụ nào có Tỷ lệ nhỏ nhất?",Nghiệp vụ,Tỷ lệ,Sức khỏe,p02_b00035,1,6,0,False,1,Sức khỏe,p02_b00035,1,6,0,False,1,"0,7%",0.7,3,12,True
B-train-00249-q02,B-train-00249,argmax,"Trong bảng 1 ở trang 1, Khu vực nào có Chênh lệch lớn nhất?",Khu vực,Chênh lệch,Tây Nguyên,p01_b00034,1,6,0,False,2,Tây Nguyên,p01_b00034,1,6,0,False,2,890,890.0,3,16,True
B-train-00249-q03,B-train-00249,argmax,"Trong bảng 1 ở trang 1, Khu vực nào có Kế hoạch năm lớn nhất?",Khu vực,Kế hoạch năm,Đồng bằng sông Cửu Long,p01_b00120,1,17,0,False,3,Đồng bằng sông Cửu Long,p01_b00120,1,17,0,False,3,9.154,9154.0,14,16,True
B-train-00249-q05,B-train-00249,argmin,"Trong bảng 1 ở trang 1, Khu vực nào có Kế hoạch năm nhỏ nhất?",Khu vực,Kế hoạch năm,Miền Trung,p01_b00096,1,14,0,False,3,Miền Trung,p01_b00096,1,14,0,False,3,996,996.0,11,16,True
B-train-00249-q07,B-train-00249,argmin,"Trong bảng 1 ở trang 1, Khu vực nào có Tỷ lệ nhỏ nhất?",Khu vực,Tỷ lệ,Đồng bằng sông Cửu Long,p01_b00081,1,12,0,False,3,Đồng bằng sông Cửu Long,p01_b00081,1,12,0,False,3,"79,0%",79.0,9,16,True
B-train-00250-q01,B-train-00250,argmax,"Trong bảng 1 ở trang 1, Khoa nào có Chuyển tuyến lớn nhất?",Khoa,Chuyển tuyến,Ngoại,p01_b00057,1,10,0,False,2,Ngoại,p01_b00057,1,10,0,False,2,10,10.0,7,15,True
B-train-00250-q08,B-train-00250,argmax,"Trong bảng 1 ở trang 1, Khoa nào có Nhập viện lớn nhất?",Khoa,Nhập viện,Nhi,p01_b00064,1,11,0,False,2,Nhi,p01_b00064,1,11,0,False,2,76,76.0,8,15,True
B-train-00251-q04,B-train-00251,argmin,"Trong bảng 1 ở trang 1, Khoa nào có Chuyển tuyến nhỏ nhất?",Khoa,Chuyển tuyến,Nhi,p01_b00120,1,17,0,False,2,Nhi,p01_b00120,1,17,0,False,2,0,0.0,14,17,True
B-train-00251-q06,B-train-00251,argmax,"Trong bảng 1 ở trang 1, Khoa nào có Chuyển tuyến lớn nhất?",Khoa,Chuyển tuyến,Nội tổng hợp,p01_b00011,1,3,0,False,3,Nội tổng hợp,p01_b00011,1,3,0,False,3,12,12.0,0,17,True
B-train-00251-q08,B-train-00251,argmax,"Trong bảng 1 ở trang 1, Khoa nào có Nhập viện lớn nhất?",Khoa,Nhập viện,Nhi,p01_b00026,1,5,0,True,1,Nhi,p01_b00026,1,5,0,True,1,70,70.0,2,17,True
B-train-00251-q10,B-train-00251,argmin,"Trong bảng 1 ở trang 1, Khoa nào có Kỳ này nhỏ nhất?",Khoa,Kỳ này,Sản,p01_b00128,1,18,0,False,2,Sản,p01_b00128,1,18,0,False,2,306,306.0,15,17,True
B-train-00252-q01,B-train-00252,argmin,"Trong bảng 1 ở trang 1, Trạm nào có Tổn thất nhỏ nhất?",Trạm,Tổn thất,Trạm Nam Sông,p01_b00056,1,10,0,True,2,Trạm Nam Sông,p01_b00056,1,10,0,True,2,"1,6%",1.6,7,8,True
B-train-00252-q02,B-train-00252,argmax,"Trong bảng 2 ở trang 1, Nghiệp vụ nào có Bồi thường lớn nhất?",Nghiệp vụ,Bồi thường,Xe cơ giới,p01_b00159,2,14,0,False,3,Xe cơ giới,p01_b00159,2,14,0,False,3,3.932,3932.0,11,12,True
B-train-00252-q05,B-train-00252,argmax,"Trong bảng 1 ở trang 1, Trạm nào có Kế hoạch năm lớn nhất?",Trạm,Kế hoạch năm,Trạm 110kV Bắc,p01_b00010,1,3,0,False,1,Trạm 110kV Bắc,p01_b00010,1,3,0,False,1,9.028,9028.0,0,8,True
B-train-00252-q09,B-train-00252,argmin,"Trong bảng 2 ở trang 1, Nghiệp vụ nào có Hợp đồng nhỏ nhất?",Nghiệp vụ,Hợp đồng,Miền Trung,p01_b00128,2,10,0,False,1,Miền Trung,p01_b00128,2,10,0,False,1,59,59.0,7,12,True
B-train-00253-q03,B-train-00253,argmin,"Trong bảng 2 ở trang 1, Trạm nào có Sản lượng nhỏ nhất?",Trạm,Sản lượng,Trạm Tây Đô,p01_b00106,2,6,0,False,1,Trạm Tây Đô,p01_b00106,2,6,0,False,1,2.447,2447.0,3,8,True
B-train-00253-q07,B-train-00253,argmin,"Trong bảng 2 ở trang 1, Trạm nào có Kế hoạch năm nhỏ nhất?",Trạm,Kế hoạch năm,Trạm Nam Sông,p01_b00099,2,5,0,False,2,Đồng Nai,p01_b00122,2,8,0,False,1,351,351.0,6,8,False
B-train-00253-q09,B-train-00253,argmax,"Trong bảng 2 ở trang 1, Trạm nào có Sự cố lớn nhất?",Trạm,Sự cố,Đồng Nai,p01_b00122,2,8,0,False,1,Đồng Nai,p01_b00122,2,8,0,False,1,7,7.0,5,8,True
B-train-00253-q10,B-train-00253,argmax,"Trong bảng 1 ở trang 1, Khu vực nào có Tỷ lệ lớn nhất?",Khu vực,Tỷ lệ,Miền Nam,p01_b00026,1,5,0,False,2,Miền Nam,p01_b00026,1,5,0,False,2,"119,8%",119.8,2,8,True
B-train-00254-q01,B-train-00254,argmin,"Trong bảng 1 ở trang 1, Khu vực nào có Lũy kế nhỏ nhất?",Khu vực,Lũy kế,Miền Bắc,p01_b00101,1,13,0,False,3,Miền Bắc,p01_b00101,1,13,0,False,3,813,813.0,10,17,True
B-train-00254-q08,B-train-00254,argmin,"Trong bảng 1 ở trang 1, Khu vực nào có Kỳ này nhỏ nhất?",Khu vực,Kỳ này,Miền Trung,p01_b00153,1,19,0,True,4,Miền Trung,p01_b00153,1,19,0,True,4,991,991.0,16,17,True
B-train-00254-q09,B-train-00254,argmax,"Trong bảng 1 ở trang 1, Khu vực nào có Lũy kế lớn nhất?",Khu vực,Lũy kế,Miền Nam,p01_b00119,1,15,0,False,3,Miền Nam,p01_b00119,1,15,0,False,3,8.450,8450.0,12,17,True
B-train-00255-q04,B-train-00255,argmax,"Trong bảng 1 ở trang 1, Nhóm chế độ nào có Hồ sơ nhận lớn nhất?",Nhóm chế độ,Hồ sơ nhận,Hưu trí,p01_b00010,1,3,0,False,1,Khánh Hòa,p01_b00037,1,7,0,False,1,2334,2334.0,5,8,False
B-train-00255-q07,B-train-00255,argmax,"Trong bảng 2 ở trang 1, Dự án nào có Giá trị hợp đồng lớn nhất?",Dự án,Giá trị hợp đồng,Hà Nội,p01_b00092,2,6,0,True,1,Đường vành đai,p01_b00112,2,9,0,False,2,29.250,29250.0,6,8,False
B-train-00255-q08,B-train-00255,argmin,"Trong bảng 2 ở trang 1, Dự án nào có Giá trị hợp đồng nhỏ nhất?",Dự án,Giá trị hợp đồng,Trường liên cấp,p01_b00119,2,10,0,False,1,Trường liên cấp,p01_b00119,2,10,0,False,1,13.180,13180.0,7,8,True
B-train-00255-q09,B-train-00255,argmin,"Trong bảng 1 ở trang 1, Nhóm chế độ nào có Trễ hạn nhỏ nhất?",Nhóm chế độ,Trễ hạn,Thất nghiệp,p01_b00017,1,4,0,False,2,Thất nghiệp,p01_b00017,1,4,0,False,2,8,8.0,1,8,True
B-train-00256-q01,B-train-00256,argmax,"Trong bảng 1 ở trang 1, Điểm quan trắc nào có COD lớn nhất?",Điểm quan trắc,COD,Hồ Xuân Hương,p01_b00064,1,10,0,False,2,Hồ Xuân Hương,p01_b00064,1,10,0,False,2,94,94.0,7,9,True
B-train-00256-q08,B-train-00256,argmin,"Trong bảng 2 ở trang 1, Phòng ban nào có Thiếu/thừa nhỏ nhất?",Phòng ban,Thiếu/thừa,Công nghệ,p01_b00117,2,6,0,False,1,Đồng Nai,p01_b00092,2,3,0,False,1,-5,-5.0,1,8,False
B-train-00257-q03,B-train-00257,argmin,"Trong bảng 1 ở trang 2, Nhóm chế độ nào có Chi trả nhỏ nhất?",Nhóm chế độ,Chi trả,Hưu trí,p02_b00065,1,9,0,False,3,Hưu trí,p02_b00065,1,9,0,False,3,78,78.0,6,14,True
B-train-00257-q04,B-train-00257,argmax,"Trong bảng 1 ở trang 1, Nhóm chế độ nào có Chi trả lớn nhất?",Nhóm chế độ,Chi trả,Ốm đau,p01_b00075,1,10,0,False,3,Ốm đau,p01_b00075,1,10,0,False,3,30.992,30992.0,7,14,True
B-train-00257-q06,B-train-00257,argmax,"Trong bảng 1 ở trang 1, Nhóm chế độ nào có Kế hoạch năm lớn nhất?",Nhóm chế độ,Kế hoạch năm,Thai sản,p01_b00039,1,6,0,False,3,Thai sản,p01_b00039,1,6,0,False,3,9.751,9751.0,3,14,True
B-train-00257-q08,B-train-00257,argmin,"Trong bảng 1 ở trang 1, Nhóm chế độ nào có Trễ hạn nhỏ nhất?",Nhóm chế độ,Trễ hạn,Thất nghiệp,p01_b00111,1,14,0,False,3,Thất nghiệp,p01_b00111,1,14,0,False,3,4,4.0,11,14,True
B-train-00258-q01,B-train-00258,argmax,"Trong bảng 1 ở trang 1, Gói thầu nào có Giá dự toán lớn nhất?",Gói thầu,Giá dự toán,GT15,p01_b00117,1,15,0,False,1,GT15,p01_b00117,1,15,0,False,1,2.350,2350.0,12,14,True
B-train-00258-q08,B-train-00258,argmin,"Trong bảng 1 ở trang 1, Gói thầu nào có Kỳ trước nhỏ nhất?",Gói thầu,Kỳ trước,GT04,p01_b00075,1,10,0,False,1,GT04,p01_b00075,1,10,0,False,1,303,303.0,7,14,True
B-train-00258-q09,B-train-00258,argmax,"Trong bảng 1 ở trang 1, Gói thầu nào có Kỳ trước lớn nhất?",Gói thầu,Kỳ trước,GT66,p01_b00021,1,4,0,False,1,GT66,p01_b00021,1,4,0,False,1,8.799,8799.0,1,14,True
B-train-00259-q02,B-train-00259,argmax,"Trong bảng 1 ở trang 2, Khoa nào có Nhập viện lớn nhất?",Khoa,Nhập viện,Tai Mũi Họng,p02_b00080,1,13,0,False,2,Tai Mũi Họng,p02_b00080,1,13,0,False,2,89,89.0,10,14,True
B-train-00259-q05,B-train-00259,argmin,"Trong bảng 1 ở trang 1, Khoa nào có Nhập viện nhỏ nhất?",Khoa,Nhập viện,Nội tổng hợp,p01_b00051,1,9,0,False,3,Nội tổng hợp,p01_b00051,1,9,0,False,3,5,5.0,6,13,True
B-train-00259-q06,B-train-00259,argmin,"Trong bảng 1 ở trang 1, Khoa nào có Kỳ này nhỏ nhất?",Khoa,Kỳ này,Nội tổng hợp,p01_b00051,1,9,0,False,3,Nội tổng hợp,p01_b00051,1,9,0,False,3,2.494,2494.0,6,13,True
B-train-00260-q01,B-train-00260,argmax,"Trong bảng 1 ở trang 1, Kho/điểm nào có Đúng hạn lớn nhất?",Kho/điểm,Đúng hạn,Kho Cần Thơ,p01_b00034,1,6,0,False,1,Kho Cần Thơ,p01_b00034,1,6,0,False,1,"99,7%",99.7,3,11,True
B-train-00260-q02,B-train-00260,argmin,"Trong bảng 1 ở trang 1, Kho/điểm nào có Chi phí nhỏ nhất?",Kho/điểm,Chi phí,Kho trung chuyển,p01_b00080,1,12,0,False,2,Kho trung chuyển,p01_b00080,1,12,0,False,2,27.936,27936.0,9,11,True
B-train-00260-q05,B-train-00260,argmax,"Trong bảng 2 ở trang 1, Tuyến nào có Hành khách lớn nhất?",Tuyến,Hành khách,TP.HCM – Cần Thơ,p01_b00195,2,13,0,True,2,TP.HCM – Cần Thơ,p01_b00195,2,13,0,True,2,1.400,1400.0,10,12,True
B-train-00260-q06,B-train-00260,argmin,"Trong bảng 1 ở trang 1, Kho/điểm nào có Kỳ này nhỏ nhất?",Kho/điểm,Kỳ này,Kho Bình Dương,p01_b00026,1,5,0,True,1,Kho Bình Dương,p01_b00026,1,5,0,True,1,444,444.0,2,11,True
B-train-00261-q03,B-train-00261,argmax,"Trong bảng 1 ở trang 1, Dự án nào có Giá trị hợp đồng lớn nhất?",Dự án,Giá trị hợp đồng,Đồng Nai,p01_b00035,1,6,0,False,1,Trường liên cấp,p01_b00064,1,10,0,False,2,28.030,28030.0,7,12,False
B-train-00261-q06,B-train-00261,argmax,"Trong bảng 1 ở trang 1, Dự án nào có Giải ngân lớn nhất?",Dự án,Giải ngân,Cầu Đông Thành,p01_b00011,1,3,0,False,3,Cầu Đông Thành,p01_b00011,1,3,0,False,3,23.853,23853.0,0,12,True
B-train-00261-q08,B-train-00261,argmin,"Trong bảng 2 ở trang 1, Tuyến nào có Số chuyến nhỏ nhất?",Tuyến,Số chuyến,Đà Nẵng – Huế,p01_b00125,2,4,0,False,1,Đà Nẵng – Huế,p01_b00125,2,4,0,False,1,12,12.0,1,8,True
B-train-00261-q09,B-train-00261,argmin,"Trong bảng 1 ở trang 1, Dự án nào có Giải ngân nhỏ nhất?",Dự án,Giải ngân,Đồng Nai,p01_b00035,1,6,0,False,1,Đồng Nai,p01_b00035,1,6,0,False,1,1.145,1145.0,3,12,True
B-train-00262-q01,B-train-00262,argmin,"Trong bảng 1 ở trang 1, Khu vực nào có Tỷ lệ nhỏ nhất?",Khu vực,Tỷ lệ,Đồng bằng sông Cửu Long,p01_b00091,1,12,0,False,3,Đồng bằng sông Cửu Long,p01_b00091,1,12,0,False,3,"83,2%",83.2,9,15,True
B-train-00262-q05,B-train-00262,argmin,"Trong bảng 1 ở trang 1, Khu vực nào có Kỳ trước nhỏ nhất?",Khu vực,Kỳ trước,Tây Nguyên,p01_b00038,1,6,0,False,3,Miền Nam,p01_b00118,1,15,0,False,2,405,405.0,12,15,False
B-train-00262-q06,B-train-00262,argmax,"Trong bảng 1 ở trang 1, Khu vực nào có Kỳ trước lớn nhất?",Khu vực,Kỳ trước,Đồng bằng sông Cửu Long,p01_b00046,1,7,0,False,3,Đồng bằng sông Cửu Long,p01_b00046,1,7,0,False,3,8.169,8169.0,4,15,True
B-train-00262-q09,B-train-00262,argmax,"Trong bảng 1 ở trang 1, Khu vực nào có Thực hiện lớn nhất?",Khu vực,Thực hiện,Miền Bắc,p01_b00012,1,3,0,False,3,Miền Bắc,p01_b00012,1,3,0,False,3,4.980,4980.0,0,15,True
B-train-00263-q02,B-train-00263,argmax,"Trong bảng 1 ở trang 1, Địa bàn nào có Kế hoạch năm lớn nhất?",Địa bàn,Kế hoạch năm,Hà Nội,p01_b00073,1,10,0,False,2,Miền Bắc,p01_b00047,1,7,0,False,1,9.687,9687.0,5,12,False
B-train-00263-q08,B-train-00263,argmax,"Trong bảng 1 ở trang 1, Địa bàn nào có Sản lượng (tấn) lớn nhất?",Địa bàn,Sản lượng (tấn),Khánh Hòa,p01_b00099,1,13,0,False,2,Khánh Hòa,p01_b00099,1,13,0,False,2,7.254,7254.0,10,12,True
B-train-00263-q09,B-train-00263,argmin,"Trong bảng 2 ở trang 1, Chi nhánh nào có Tăng trưởng nhỏ nhất?",Chi nhánh,Tăng trưởng,Hải Phòng 02,p01_b00136,2,4,0,False,3,Hải Phòng 02,p01_b00136,2,4,0,False,3,"-1,9%",-1.9,1,12,True
B-train-00263-q10,B-train-00263,argmin,"Trong bảng 1 ở trang 1, Địa bàn nào có Lũy kế nhỏ nhất?",Địa bàn,Lũy kế,Khánh Hòa,p01_b00099,1,13,0,False,2,Miền Bắc,p01_b00047,1,7,0,False,1,1.259,1259.0,5,12,False
B-train-00264-q01,B-train-00264,argmin,"Trong bảng 1 ở trang 1, Nhóm chế độ nào có Kỳ trước nhỏ nhất?",Nhóm chế độ,Kỳ trước,Hưu trí,p01_b00089,1,13,0,False,2,Hưu trí,p01_b00089,1,13,0,False,2,2.618,2618.0,10,13,True
B-train-00264-q04,B-train-00264,argmax,"Trong bảng 1 ở trang 1, Nhóm chế độ nào có Kỳ trước lớn nhất?",Nhóm chế độ,Kỳ trước,Ốm đau,p01_b00026,1,5,0,False,3,Ốm đau,p01_b00026,1,5,0,False,3,9.432,9432.0,2,13,True
B-train-00264-q06,B-train-00264,argmax,"Trong bảng 1 ở trang 1, Nhóm chế độ nào có Chi trả lớn nhất?",Nhóm chế độ,Chi trả,Thất nghiệp,p01_b00057,1,9,0,False,2,Thất nghiệp,p01_b00057,1,9,0,False,2,33.120,33120.0,6,13,True
B-train-00264-q08,B-train-00264,argmin,"Trong bảng 1 ở trang 1, Nhóm chế độ nào có Đã giải quyết nhỏ nhất?",Nhóm chế độ,Đã giải quyết,Thất nghiệp,p01_b00097,1,14,0,True,2,Thất nghiệp,p01_b00097,1,14,0,True,2,25,25.0,11,13,True
B-train-00265-q02,B-train-00265,argmin,"Trong bảng 1 ở trang 1, Phòng ban nào có Hiện có nhỏ nhất?",Phòng ban,Hiện có,Miền Nam,p01_b00072,1,12,0,False,1,Miền Nam,p01_b00072,1,12,0,False,1,2,2.0,9,16,True
B-train-00265-q08,B-train-00265,argmax,"Trong bảng 1 ở trang 1, Phòng ban nào có Thiếu/thừa lớn nhất?",Phòng ban,Thiếu/thừa,Kinh doanh,p01_b00051,1,9,0,True,2,Kinh doanh,p01_b00051,1,9,0,True,2,+4,4.0,6,16,True
B-train-00265-q10,B-train-00265,argmax,"Trong bảng 1 ở trang 1, Phòng ban nào có Hiện có lớn nhất?",Phòng ban,Hiện có,Kế toán,p01_b00017,1,4,0,False,3,Kế toán,p01_b00017,1,4,0,False,3,44,44.0,1,16,True
B-train-00266-q01,B-train-00266,argmax,"Trong bảng 1 ở trang 1, Đơn vị nào có Kế hoạch năm lớn nhất?",Đơn vị,Kế hoạch năm,THPT Chu Văn An,p01_b00090,1,12,0,False,2,THPT Chu Văn An,p01_b00090,1,12,0,False,2,8.843,8843.0,9,13,True
B-train-00266-q04,B-train-00266,argmin,"Trong bảng 1 ở trang 1, Đơn vị nào có Đạt nhỏ nhất?",Đơn vị,Đạt,THPT Nguyễn Trãi,p01_b00055,1,8,0,False,3,THPT Nguyễn Trãi,p01_b00055,1,8,0,False,3,14,14.0,5,13,True
B-train-00266-q05,B-train-00266,argmax,"Trong bảng 1 ở trang 1, Đơn vị nào có Tỷ trọng (%) lớn nhất?",Đơn vị,Tỷ trọng (%),THPT Lê Quý Đôn,p01_b00064,1,9,0,False,3,THPT Lê Quý Đôn,p01_b00064,1,9,0,False,3,"36,2%",36.2,6,13,True
B-train-00266-q08,B-train-00266,argmin,"Trong bảng 1 ở trang 1, Đơn vị nào có Lũy kế nhỏ nhất?",Đơn vị,Lũy kế,THPT Lê Quý Đôn,p01_b00021,1,4,0,False,3,THPT Lê Quý Đôn,p01_b00021,1,4,0,False,3,998,998.0,1,13,True
B-train-00267-q01,B-train-00267,argmin,"Trong bảng 2 ở trang 1, Kho/điểm nào có Kỳ trước nhỏ nhất?",Kho/điểm,Kỳ trước,Kho Bình Dương,p01_b00122,2,5,0,False,1,Kho Bình Dương,p01_b00122,2,5,0,False,1,1.130,1130.0,2,10,True
B-train-00267-q03,B-train-00267,argmin,"Trong bảng 1 ở trang 1, Khu vực nào có Tỷ trọng (%) nhỏ nhất?",Khu vực,Tỷ trọng (%),Miền Trung,p01_b00018,1,4,0,False,2,Miền Trung,p01_b00018,1,4,0,False,2,"5,3%",5.3,1,11,True
B-train-00267-q06,B-train-00267,argmax,"Trong bảng 2 ở trang 1, Kho/điểm nào có Đúng hạn lớn nhất?",Kho/điểm,Đúng hạn,Kho Bình Dương,p01_b00122,2,5,0,False,1,Kho Bình Dương,p01_b00122,2,5,0,False,1,"98,4%",98.4,2,10,True
B-train-00267-q10,B-train-00267,argmax,"Trong bảng 2 ở trang 1, Kho/điểm nào có Tồn cuối lớn nhất?",Kho/điểm,Tồn cuối,Kho Bình Dương,p01_b00122,2,5,0,False,1,Khánh Hòa,p01_b00161,2,10,0,False,1,865,865.0,8,10,False
B-train-00268-q01,B-train-00268,argmin,"Trong bảng 1 ở trang 1, Đơn vị nào có Tỷ lệ đạt nhỏ nhất?",Đơn vị,Tỷ lệ đạt,Đồng Nai,p01_b00027,1,5,0,False,1,Đồng Nai,p01_b00027,1,5,0,False,1,"71,4%",71.4,3,10,True
B-train-00268-q05,B-train-00268,argmin,"Trong bảng 1 ở trang 1, Đơn vị nào có Đạt nhỏ nhất?",Đơn vị,Đạt,Đồng Nai,p01_b00027,1,5,0,False,1,Đồng Nai,p01_b00027,1,5,0,False,1,19,19.0,2,10,True
B-train-00268-q10,B-train-00268,argmax,"Trong bảng 2 ở trang 1, Đơn vị nào có Kế hoạch năm lớn nhất?",Đơn vị,Kế hoạch năm,Hà Nội,p01_b00100,2,3,0,False,1,Hà Nội,p01_b00100,2,3,0,False,1,8.630,8630.0,1,8,True
B-train-00269-q04,B-train-00269,argmax,"Trong bảng 2 ở trang 1, Điểm đến nào có Khách nội địa lớn nhất?",Điểm đến,Khách nội địa,Đà Lạt,p01_b00172,2,10,0,False,1,Đà Nẵng,p01_b00135,2,5,0,False,1,13.389,13389.0,3,8,False
B-train-00269-q05,B-train-00269,argmax,"Trong bảng 1 ở trang 1, Trạm nào có Tổn thất lớn nhất?",Trạm,Tổn thất,Trạm 220kV Trung,p01_b00021,1,4,0,False,2,Trạm 220kV Trung,p01_b00021,1,4,0,False,2,"6,9%",6.9,1,11,True
B-train-00269-q09,B-train-00269,argmin,"Trong bảng 2 ở trang 1, Điểm đến nào có Công suất phòng nhỏ nhất?",Điểm đến,Công suất phòng,Phú Quốc,p01_b00149,2,7,0,False,1,Phú Quốc,p01_b00149,2,7,0,False,1,"49,1%",49.1,4,8,True
B-train-00270-q04,B-train-00270,argmin,"Trong bảng 1 ở trang 1, Điểm quan trắc nào có COD nhỏ nhất?",Điểm quan trắc,COD,Hồ Xuân Hương,p01_b00057,1,10,0,False,3,Hồ Xuân Hương,p01_b00057,1,10,0,False,3,12,12.0,7,18,True
B-train-00270-q09,B-train-00270,argmax,"Trong bảng 1 ở trang 1, Điểm quan trắc nào có Lũy kế lớn nhất?",Điểm quan trắc,Lũy kế,Hồ Xuân Hương,p01_b00057,1,10,0,False,3,Hồ Xuân Hương,p01_b00057,1,10,0,False,3,9.593,9593.0,7,18,True
B-train-00270-q10,B-train-00270,argmax,"Trong bảng 1 ở trang 1, Điểm quan trắc nào có BOD5 lớn nhất?",Điểm quan trắc,BOD5,Sông Hồng,p01_b00078,1,13,0,False,3,Sông Hồng,p01_b00078,1,13,0,False,3,48,48.0,10,18,True
B-train-00271-q01,B-train-00271,argmax,"Trong bảng 1 ở trang 1, Đơn vị nào có Đạt lớn nhất?",Đơn vị,Đạt,THPT Lê Quý Đôn,p01_b00019,1,4,0,False,3,THPT Lê Quý Đôn,p01_b00019,1,4,0,False,3,47,47.0,1,14,True
B-train-00271-q02,B-train-00271,argmin,"Trong bảng 1 ở trang 1, Đơn vị nào có Tỷ trọng (%) nhỏ nhất?",Đơn vị,Tỷ trọng (%),THPT Lê Quý Đôn,p01_b00059,1,9,0,False,3,THPT Lê Quý Đôn,p01_b00059,1,9,0,False,3,"1,2%",1.2,6,14,True
B-train-00271-q09,B-train-00271,argmin,"Trong bảng 1 ở trang 1, Đơn vị nào có Đạt nhỏ nhất?",Đơn vị,Đạt,Hải Phòng,p01_b00075,1,11,0,False,1,Hải Phòng,p01_b00075,1,11,0,False,1,15,15.0,8,14,True
B-train-00272-q02,B-train-00272,argmax,"Trong bảng 1 ở trang 1, Chi nhánh nào có Dư nợ lớn nhất?",Chi nhánh,Dư nợ,Đồng bằng sông Cửu Long,p01_b00039,1,6,0,False,1,Hải Phòng 02,p01_b00064,1,9,0,False,3,9.770,9770.0,6,12,False
B-train-00272-q03,B-train-00272,argmin,"Trong bảng 1 ở trang 1, Chi nhánh nào có Nợ quá hạn nhỏ nhất?",Chi nhánh,Nợ quá hạn,Hải Phòng 02,p01_b00021,1,4,0,False,3,Hải Phòng 02,p01_b00021,1,4,0,False,3,10,10.0,1,12,True
B-train-00272-q06,B-train-00272,argmin,"Trong bảng 2 ở trang 1, Địa bàn nào có Diện tích (ha) nhỏ nhất?",Địa bàn,Diện tích (ha),Lâm Đồng,p01_b00167,2,9,0,False,1,Lâm Đồng,p01_b00167,2,9,0,False,1,216,216.0,6,9,True
B-train-00273-q02,B-train-00273,argmin,"Trong bảng 1 ở trang 1, Khu vực nào có Thực hiện nhỏ nhất?",Khu vực,Thực hiện,Tây Nguyên,p01_b00126,1,16,0,False,2,Tây Nguyên,p01_b00126,1,16,0,False,2,470,470.0,13,14,True
B-train-00273-q07,B-train-00273,argmin,"Trong bảng 1 ở trang 1, Khu vực nào có Lũy kế nhỏ nhất?",Khu vực,Lũy kế,Đồng bằng sông Cửu Long,p01_b00048,1,7,0,False,1,Đồng bằng sông Cửu Long,p01_b00048,1,7,0,False,1,184,184.0,4,14,True
B-train-00273-q09,B-train-00273,argmax,"Trong bảng 1 ở trang 1, Khu vực nào có Chênh lệch lớn nhất?",Khu vực,Chênh lệch,Miền Nam,p01_b00117,1,15,0,False,3,Miền Trung,p01_b00082,1,11,0,False,4,860,860.0,9,14,False
B-train-00273-q10,B-train-00273,argmax,"Trong bảng 1 ở trang 1, Khu vực nào có Lũy kế lớn nhất?",Khu vực,Lũy kế,Miền Trung,p01_b00064,1,9,0,False,4,Miền Trung,p01_b00064,1,9,0,False,4,9.110,9110.0,6,14,True
B-train-00274-q06,B-train-00274,argmin,"Trong bảng 1 ở trang 1, Trạm nào có Kỳ này nhỏ nhất?",Trạm,Kỳ này,Trạm Nam Sông,p01_b00118,1,15,0,False,2,Trạm Nam Sông,p01_b00118,1,15,0,False,2,153,153.0,12,13,True
B-train-00274-q08,B-train-00274,argmin,"Trong bảng 1 ở trang 1, Trạm nào có Tỷ trọng (%) nhỏ nhất?",Trạm,Tỷ trọng (%),Trạm 110kV Bắc,p01_b00101,1,13,0,False,3,Trạm 110kV Bắc,p01_b00101,1,13,0,False,3,"4,9%",4.9,10,13,True
B-train-00274-q09,B-train-00274,argmax,"Trong bảng 1 ở trang 1, Trạm nào có Công suất đỉnh lớn nhất?",Trạm,Công suất đỉnh,Trạm Nam Sông,p01_b00118,1,15,0,False,2,Trạm Nam Sông,p01_b00118,1,15,0,False,2,888,888.0,12,13,True
B-train-00274-q10,B-train-00274,argmax,"Trong bảng 1 ở trang 1, Trạm nào có Kỳ này lớn nhất?",Trạm,Kỳ này,Trạm 220kV Trung,p01_b00065,1,9,0,False,2,Trạm 220kV Trung,p01_b00065,1,9,0,False,2,9.543,9543.0,6,13,True
B-train-00275-q01,B-train-00275,argmin,"Trong bảng 1 ở trang 1, Khoa nào có Nhập viện nhỏ nhất?",Khoa,Nhập viện,Nội tổng hợp,p01_b00064,1,9,0,False,1,Nội tổng hợp,p01_b00064,1,9,0,False,1,5,5.0,6,9,True
B-train-00275-q03,B-train-00275,argmax,"Trong bảng 1 ở trang 1, Khoa nào có Chuyển tuyến lớn nhất?",Khoa,Chuyển tuyến,Sản,p01_b00038,1,6,0,True,1,Sản,p01_b00038,1,6,0,True,1,11,11.0,3,9,True
B-train-00275-q10,B-train-00275,argmax,"Trong bảng 2 ở trang 1, Tuyến nào có Đúng giờ lớn nhất?",Tuyến,Đúng giờ,Nha Trang – Đà Lạt,p01_b00128,2,6,0,False,2,Nha Trang – Đà Lạt,p01_b00128,2,6,0,False,2,"94,8%",94.8,3,8,True
B-train-00276-q01,B-train-00276,argmax,"Trong bảng 1 ở trang 1, Tuyến nào có Doanh thu lớn nhất?",Tuyến,Doanh thu,Nha Trang – Đà Lạt,p01_b00074,1,10,0,False,3,Nha Trang – Đà Lạt,p01_b00074,1,10,0,False,3,211.068,211068.0,7,12,True
B-train-00276-q02,B-train-00276,argmin,"Trong bảng 1 ở trang 1, Tuyến nào có Kỳ trước nhỏ nhất?",Tuyến,Kỳ trước,TP.HCM – Cần Thơ,p01_b00101,1,13,0,False,3,TP.HCM – Cần Thơ,p01_b00101,1,13,0,False,3,1.368,1368.0,10,12,True
B-train-00276-q08,B-train-00276,argmax,"Trong bảng 1 ở trang 1, Tuyến nào có Hành khách lớn nhất?",Tuyến,Hành khách,Nha Trang – Đà Lạt,p01_b00074,1,10,0,False,3,Nha Trang – Đà Lạt,p01_b00074,1,10,0,False,3,1.353,1353.0,7,12,True
B-train-00277-q05,B-train-00277,argmax,"Trong bảng 1 ở trang 1, Kho/điểm nào có Kế hoạch năm lớn nhất?",Kho/điểm,Kế hoạch năm,Kho Đà Nẵng,p01_b00097,1,14,0,False,2,Kho Đà Nẵng,p01_b00097,1,14,0,False,2,9.420,9420.0,11,12,True
B-train-00277-q08,B-train-00277,argmax,"Trong bảng 1 ở trang 1, Kho/điểm nào có Tồn cuối lớn nhất?",Kho/điểm,Tồn cuối,Kho Bình Dương,p01_b00065,1,10,0,False,2,Kho Bình Dương,p01_b00065,1,10,0,False,2,853,853.0,7,12,True
B-train-00277-q10,B-train-00277,argmin,"Trong bảng 1 ở trang 1, Kho/điểm nào có Tỷ trọng (%) nhỏ nhất?",Kho/điểm,Tỷ trọng (%),Kho Cần Thơ,p01_b00034,1,6,0,False,2,Kho Cần Thơ,p01_b00034,1,6,0,False,2,"0,9%",0.9,3,12,True
B-train-00278-q01,B-train-00278,argmin,"Trong bảng 1 ở trang 1, Khu vực nào có Thực hiện nhỏ nhất?",Khu vực,Thực hiện,Miền Trung,p01_b00109,1,14,0,False,3,Miền Trung,p01_b00109,1,14,0,False,3,330,330.0,11,13,True
B-train-00278-q03,B-train-00278,argmax,"Trong bảng 1 ở trang 1, Khu vực nào có Tỷ lệ lớn nhất?",Khu vực,Tỷ lệ,Miền Trung,p01_b00021,1,4,0,False,3,Miền Trung,p01_b00021,1,4,0,False,3,"136,1%",136.1,1,13,True
B-train-00278-q05,B-train-00278,argmax,"Trong bảng 1 ở trang 1, Khu vực nào có Kỳ trước lớn nhất?",Khu vực,Kỳ trước,Đồng bằng sông Cửu Long,p01_b00048,1,7,0,True,2,Đồng bằng sông Cửu Long,p01_b00048,1,7,0,True,2,8.459,8459.0,4,13,True
B-train-00278-q06,B-train-00278,argmin,"Trong bảng 1 ở trang 2, Khu vực nào có Thực hiện nhỏ nhất?",Khu vực,Thực hiện,Đồng bằng sông Cửu Long,p02_b00021,1,4,0,False,3,Đồng bằng sông Cửu Long,p02_b00021,1,4,0,False,3,1.600,1600.0,1,13,True
B-train-00279-q01,B-train-00279,argmin,"Trong bảng 1 ở trang 1, Trạm nào có Công suất đỉnh nhỏ nhất?",Trạm,Công suất đỉnh,Trạm 110kV Bắc,p01_b00078,1,13,0,False,3,Hải Phòng,p01_b00106,1,17,0,False,1,129,129.0,15,16,False
B-train-00279-q03,B-train-00279,argmax,"Trong bảng 1 ở trang 1, Trạm nào có Tổn thất lớn nhất?",Trạm,Tổn thất,Trạm Nam Sông,p01_b00092,1,15,0,False,3,Trạm Nam Sông,p01_b00092,1,15,0,False,3,"8,3%",8.3,12,16,True
B-train-00279-q08,B-train-00279,argmin,"Trong bảng 1 ở trang 1, Trạm nào có Tổn thất nhỏ nhất?",Trạm,Tổn thất,Trạm 220kV Trung,p01_b00051,1,9,0,False,3,Trạm 220kV Trung,p01_b00051,1,9,0,False,3,"1,2%",1.2,6,16,True
B-train-00279-q09,B-train-00279,argmax,"Trong bảng 1 ở trang 1, Trạm nào có Công suất đỉnh lớn nhất?",Trạm,Công suất đỉnh,Trạm Cao Nguyên,p01_b00038,1,7,0,False,1,Trạm Cao Nguyên,p01_b00038,1,7,0,False,1,877,877.0,4,16,True
B-train-00280-q01,B-train-00280,argmax,"Trong bảng 1 ở trang 1, Trạm nào có Tổn thất lớn nhất?",Trạm,Tổn thất,Trạm Cao Nguyên,p01_b00047,1,7,0,False,2,Trạm Cao Nguyên,p01_b00047,1,7,0,False,2,"7,7%",7.7,4,11,True
B-train-00280-q04,B-train-00280,argmin,"Trong bảng 1 ở trang 1, Trạm nào có Kỳ trước nhỏ nhất?",Trạm,Kỳ trước,Trạm 110kV Bắc,p01_b00012,1,3,0,False,2,Trạm 110kV Bắc,p01_b00012,1,3,0,False,2,1.825,1825.0,0,11,True
B-train-00280-q05,B-train-00280,argmax,"Trong bảng 2 ở trang 1, Khoa nào có Lượt khám lớn nhất?",Khoa,Lượt khám,Lâm Đồng,p01_b00165,2,9,0,False,1,Lâm Đồng,p01_b00165,2,9,0,False,1,496,496.0,6,8,True
B-train-00280-q08,B-train-00280,argmin,"Trong bảng 2 ở trang 1, Khoa nào có Nhập viện nhỏ nhất?",Khoa,Nhập viện,Mắt,p01_b00150,2,7,0,False,1,Mắt,p01_b00150,2,7,0,False,1,11,11.0,4,8,True
B-train-00281-q04,B-train-00281,argmin,"Trong bảng 1 ở trang 1, Gói thầu nào có Giá dự toán nhỏ nhất?",Gói thầu,Giá dự toán,GT38,p01_b00081,1,12,0,False,1,GT38,p01_b00081,1,12,0,False,1,200,200.0,9,12,True
B-train-00281-q05,B-train-00281,argmax,"Trong bảng 1 ở trang 1, Gói thầu nào có Giá dự toán lớn nhất?",Gói thầu,Giá dự toán,GT87,p01_b00073,1,11,0,False,1,GT87,p01_b00073,1,11,0,False,1,2.440,2440.0,8,12,True
B-train-00281-q09,B-train-00281,argmin,"Trong bảng 1 ở trang 1, Gói thầu nào có Giá trúng nhỏ nhất?",Gói thầu,Giá trúng,GT38,p01_b00081,1,12,0,False,1,GT38,p01_b00081,1,12,0,False,1,110,110.0,9,12,True
B-train-00281-q10,B-train-00281,argmax,"Trong bảng 1 ở trang 1, Gói thầu nào có Giá trúng lớn nhất?",Gói thầu,Giá trúng,GT87,p01_b00073,1,11,0,False,1,Đà Nẵng,p01_b00050,1,8,0,False,1,2.390,2390.0,6,12,False
B-train-00282-q02,B-train-00282,argmax,"Trong bảng 1 ở trang 1, Nghiệp vụ nào có Bồi thường lớn nhất?",Nghiệp vụ,Bồi thường,Sức khỏe,p01_b00099,1,13,0,False,3,Sức khỏe,p01_b00099,1,13,0,False,3,2.484,2484.0,10,12,True
B-train-00282-q03,B-train-00282,argmax,"Trong bảng 1 ở trang 1, Nghiệp vụ nào có Kỳ trước lớn nhất?",Nghiệp vụ,Kỳ trước,Miền Bắc,p01_b00021,1,4,0,True,1,Miền Bắc,p01_b00021,1,4,0,True,1,7.854,7854.0,1,12,True
B-train-00282-q06,B-train-00282,argmin,"Trong bảng 1 ở trang 1, Nghiệp vụ nào có Tỷ lệ nhỏ nhất?",Nghiệp vụ,Tỷ lệ,Hàng hóa,p01_b00082,1,11,0,False,2,Hàng hóa,p01_b00082,1,11,0,False,2,"2,3%",2.3,8,12,True
B-train-00283-q01,B-train-00283,argmin,"Trong bảng 1 ở trang 1, Khoa nào có Nhập viện nhỏ nhất?",Khoa,Nhập viện,Nhi,p01_b00120,1,17,0,False,3,Nhi,p01_b00120,1,17,0,False,3,6,6.0,14,16,True
B-train-00283-q04,B-train-00283,argmax,"Trong bảng 1 ở trang 1, Khoa nào có Lượt khám lớn nhất?",Khoa,Lượt khám,Tai Mũi Họng,p01_b00051,1,8,0,False,1,Hải Phòng,p01_b00091,1,13,0,False,1,451,451.0,11,16,False
B-train-00283-q06,B-train-00283,argmin,"Trong bảng 1 ở trang 1, Khoa nào có Tỷ trọng (%) nhỏ nhất?",Khoa,Tỷ trọng (%),Mắt,p01_b00043,1,7,0,False,1,Mắt,p01_b00043,1,7,0,False,1,"9,7%",9.7,4,16,True
B-train-00284-q02,B-train-00284,argmax,"Trong bảng 1 ở trang 1, Mã hàng nào có Tỷ trọng (%) lớn nhất?",Mã hàng,Tỷ trọng (%),VT965,p01_b00108,1,14,0,False,1,VT965,p01_b00108,1,14,0,False,1,"34,9%",34.9,11,12,True
B-train-00284-q04,B-train-00284,argmax,"Trong bảng 1 ở trang 1, Mã hàng nào có Tồn cuối lớn nhất?",Mã hàng,Tồn cuối,VT742,p01_b00072,1,10,0,True,1,VT742,p01_b00072,1,10,0,True,1,164,164.0,7,12,True
B-train-00284-q06,B-train-00284,argmin,"Trong bảng 1 ở trang 1, Mã hàng nào có Tồn đầu nhỏ nhất?",Mã hàng,Tồn đầu,Đà Nẵng,p01_b00012,1,3,0,False,1,Đà Nẵng,p01_b00012,1,3,0,False,1,38,38.0,1,12,True
B-train-00284-q10,B-train-00284,argmin,"Trong bảng 1 ở trang 1, Mã hàng nào có Nhập nhỏ nhất?",Mã hàng,Nhập,VT755,p01_b00063,1,9,0,False,1,VT755,p01_b00063,1,9,0,False,1,5,5.0,6,12,True
B-train-00285-q04,B-train-00285,argmin,"Trong bảng 1 ở trang 1, Phòng ban nào có Kế hoạch năm nhỏ nhất?",Phòng ban,Kế hoạch năm,Công nghệ,p01_b00034,1,6,0,False,1,Cần Thơ,p01_b00019,1,4,0,False,1,1.032,1032.0,2,8,False
B-train-00285-q06,B-train-00285,argmax,"Trong bảng 1 ở trang 1, Phòng ban nào có Tuyển mới lớn nhất?",Phòng ban,Tuyển mới,Kinh doanh,p01_b00011,1,3,0,False,1,Kinh doanh,p01_b00011,1,3,0,False,1,7,7.0,0,8,True
B-train-00285-q10,B-train-00285,argmax,"Trong bảng 1 ở trang 1, Phòng ban nào có Tỷ trọng (%) lớn nhất?",Phòng ban,Tỷ trọng (%),Kinh doanh,p01_b00058,1,9,0,True,2,Kinh doanh,p01_b00058,1,9,0,True,2,"37,1%",37.1,6,8,True
B-train-00286-q02,B-train-00286,argmax,"Trong bảng 1 ở trang 2, Nghiệp vụ nào có Bồi thường lớn nhất?",Nghiệp vụ,Bồi thường,Xe cơ giới,p02_b00010,1,3,0,False,3,Xe cơ giới,p02_b00010,1,3,0,False,3,3.306,3306.0,0,11,True
B-train-00286-q04,B-train-00286,argmax,"Trong bảng 1 ở trang 1, Nghiệp vụ nào có Kế hoạch năm lớn nhất?",Nghiệp vụ,Kế hoạch năm,Sức khỏe,p01_b00010,1,3,0,False,3,Sức khỏe,p01_b00010,1,3,0,False,3,9.698,9698.0,0,11,True
B-train-00286-q05,B-train-00286,argmin,"Trong bảng 1 ở trang 1, Nghiệp vụ nào có Tỷ lệ nhỏ nhất?",Nghiệp vụ,Tỷ lệ,Xe cơ giới,p01_b00051,1,9,0,False,1,Xe cơ giới,p01_b00051,1,9,0,False,1,"8,2%",8.2,6,11,True
B-train-00286-q07,B-train-00286,argmin,"Trong bảng 1 ở trang 2, Nghiệp vụ nào có Tỷ trọng (%) nhỏ nhất?",Nghiệp vụ,Tỷ trọng (%),Sức khỏe,p02_b00072,1,12,0,False,2,Sức khỏe,p02_b00072,1,12,0,False,2,"5,7%",5.7,9,11,True
B-train-00287-q01,B-train-00287,argmax,"Trong bảng 1 ở trang 1, Trạm nào có Tổn thất lớn nhất?",Trạm,Tổn thất,Trạm 110kV Bắc,p01_b00077,1,13,0,False,3,Trạm 110kV Bắc,p01_b00077,1,13,0,False,3,"8,3%",8.3,10,18,True
B-train-00287-q05,B-train-00287,argmax,"Trong bảng 1 ở trang 1, Trạm nào có Công suất đỉnh lớn nhất?",Trạm,Công suất đỉnh,Trạm Cao Nguyên,p01_b00070,1,12,0,False,2,Trạm Cao Nguyên,p01_b00070,1,12,0,False,2,814,814.0,9,18,True
B-train-00287-q06,B-train-00287,argmin,"Trong bảng 1 ở trang 1, Trạm nào có Tổn thất nhỏ nhất?",Trạm,Tổn thất,Trạm 110kV Bắc,p01_b00010,1,3,0,False,3,Trạm 110kV Bắc,p01_b00010,1,3,0,False,3,"1,8%",1.8,0,18,True
B-train-00287-q09,B-train-00287,argmin,"Trong bảng 1 ở trang 1, Trạm nào có Kỳ trước nhỏ nhất?",Trạm,Kỳ trước,Trạm Nam Sông,p01_b00126,1,20,0,False,3,Trạm Nam Sông,p01_b00126,1,20,0,False,3,1.158,1158.0,17,18,True
B-train-00288-q03,B-train-00288,argmin,"Trong bảng 1 ở trang 2, Chi nhánh nào có Kế hoạch năm nhỏ nhất?",Chi nhánh,Kế hoạch năm,Cần Thơ 02,p02_b00073,1,11,0,False,2,Cần Thơ 02,p02_b00073,1,11,0,False,2,648,648.0,8,12,True
B-train-00288-q06,B-train-00288,argmax,"Trong bảng 1 ở trang 1, Chi nhánh nào có Lũy kế lớn nhất?",Chi nhánh,Lũy kế,Hải Phòng 02,p01_b00019,1,4,0,False,2,Hải Phòng 02,p01_b00019,1,4,0,False,2,8.710,8710.0,1,11,True
B-train-00288-q10,B-train-00288,argmin,"Trong bảng 1 ở trang 2, Chi nhánh nào có Tăng trưởng nhỏ nhất?",Chi nhánh,Tăng trưởng,Cần Thơ 02,p02_b00035,1,6,0,False,2,Cần Thơ 02,p02_b00035,1,6,0,False,2,"-1,7%",-1.7,3,12,True
B-train-00289-q01,B-train-00289,argmax,"Trong bảng 2 ở trang 1, Khu vực nào có Kỳ này lớn nhất?",Khu vực,Kỳ này,Lâm Đồng,p01_b00146,2,5,0,False,1,Lâm Đồng,p01_b00146,2,5,0,False,1,9.794,9794.0,2,9,True
B-train-00289-q03,B-train-00289,argmin,"Trong bảng 2 ở trang 1, Khu vực nào có Tỷ trọng (%) nhỏ nhất?",Khu vực,Tỷ trọng (%),Khu vực miền núi,p01_b00163,2,7,0,False,1,Khu vực miền núi,p01_b00163,2,7,0,False,1,"2,0%",2.0,4,9,True
B-train-00289-q07,B-train-00289,argmin,"Trong bảng 1 ở trang 1, Tuyến nào có Đúng giờ nhỏ nhất?",Tuyến,Đúng giờ,Hà Nội – Hải Phòng,p01_b00082,1,11,0,False,3,Hà Nội – Hải Phòng,p01_b00082,1,11,0,False,3,"85,0%",85.0,8,12,True
B-train-00289-q10,B-train-00289,argmax,"Trong bảng 1 ở trang 1, Tuyến nào có Đúng giờ lớn nhất?",Tuyến,Đúng giờ,TP.HCM – Cần Thơ,p01_b00030,1,5,0,False,2,TP.HCM – Cần Thơ,p01_b00030,1,5,0,False,2,"97,9%",97.9,2,12,True
B-train-00290-q02,B-train-00290,argmax,"Trong bảng 2 ở trang 1, Khu vực nào có Phản ánh lớn nhất?",Khu vực,Phản ánh,Cụm BTS-01,p01_b00100,2,3,0,True,2,Cụm BTS-01,p01_b00100,2,3,0,True,2,75,75.0,0,8,True
B-train-00290-q03,B-train-00290,argmin,"Trong bảng 2 ở trang 1, Khu vực nào có Kỳ trước nhỏ nhất?",Khu vực,Kỳ trước,Cụm BTS-02,p01_b00108,2,4,0,False,1,Cụm BTS-02,p01_b00108,2,4,0,False,1,1.335,1335.0,1,8,True
B-train-00290-q08,B-train-00290,argmax,"Trong bảng 2 ở trang 1, Khu vực nào có Kỳ này lớn nhất?",Khu vực,Kỳ này,Khu vực đô thị,p01_b00126,2,6,0,False,1,Khu vực đô thị,p01_b00126,2,6,0,False,1,7.549,7549.0,3,8,True
B-train-00291-q01,B-train-00291,argmin,"Trong bảng 1 ở trang 1, Khu vực nào có Lưu lượng nhỏ nhất?",Khu vực,Lưu lượng,Miền Bắc,p01_b00100,1,13,0,False,1,Miền Bắc,p01_b00100,1,13,0,False,1,9.245,9245.0,10,12,True
B-train-00291-q03,B-train-00291,argmax,"Trong bảng 1 ở trang 1, Khu vực nào có Phản ánh lớn nhất?",Khu vực,Phản ánh,Cụm BTS-01,p01_b00056,1,8,0,False,2,Cụm BTS-01,p01_b00056,1,8,0,False,2,88,88.0,5,12,True
B-train-00291-q04,B-train-00291,argmin,"Trong bảng 1 ở trang 1, Khu vực nào có Tỷ lệ rớt cuộc nhỏ nhất?",Khu vực,Tỷ lệ rớt cuộc,Khu vực ven biển,p01_b00030,1,5,0,False,2,Khu vực ven biển,p01_b00030,1,5,0,False,2,"1,0%",1.0,2,12,True
B-train-00291-q09,B-train-00291,argmax,"Trong bảng 1 ở trang 1, Khu vực nào có Tỷ trọng (%) lớn nhất?",Khu vực,Tỷ trọng (%),Cụm BTS-02,p01_b00065,1,9,0,False,2,Cụm BTS-02,p01_b00065,1,9,0,False,2,"37,5%",37.5,6,12,True
B-train-00292-q04,B-train-00292,argmax,"Trong bảng 1 ở trang 1, Dự án nào có Kỳ trước lớn nhất?",Dự án,Kỳ trước,Khu tái định cư,p01_b00090,1,12,0,True,2,Khu tái định cư,p01_b00090,1,12,0,True,2,9.403,9403.0,9,14,True
B-train-00292-q07,B-train-00292,argmax,"Trong bảng 1 ở trang 1, Dự án nào có Lũy kế lớn nhất?",Dự án,Lũy kế,Đồng Nai,p01_b00065,1,9,0,False,1,Đồng Nai,p01_b00065,1,9,0,False,1,9.649,9649.0,6,14,True
B-train-00293-q01,B-train-00293,argmin,"Trong bảng 1 ở trang 1, Nghiệp vụ nào có Tỷ lệ nhỏ nhất?",Nghiệp vụ,Tỷ lệ,Sức khỏe,p01_b00011,1,3,0,False,3,Sức khỏe,p01_b00011,1,3,0,False,3,"0,8%",0.8,0,17,True
B-train-00293-q06,B-train-00293,argmin,"Trong bảng 1 ở trang 1, Nghiệp vụ nào có Bồi thường nhỏ nhất?",Nghiệp vụ,Bồi thường,Sức khỏe,p01_b00011,1,3,0,False,3,Sức khỏe,p01_b00011,1,3,0,False,3,43,43.0,0,17,True
B-train-00293-q08,B-train-00293,argmax,"Trong bảng 1 ở trang 1, Nghiệp vụ nào có Lũy kế lớn nhất?",Nghiệp vụ,Lũy kế,Hàng hóa,p01_b00035,1,6,0,True,3,Hàng hóa,p01_b00035,1,6,0,True,3,8.940,8940.0,3,17,True
B-train-00293-q09,B-train-00293,argmax,"Trong bảng 1 ở trang 1, Nghiệp vụ nào có Phí bảo hiểm lớn nhất?",Nghiệp vụ,Phí bảo hiểm,Xe cơ giới,p01_b00096,1,14,0,False,4,Xe cơ giới,p01_b00096,1,14,0,False,4,11.760,11760.0,11,17,True
B-train-00294-q02,B-train-00294,argmax,"Trong bảng 1 ở trang 1, Đơn vị nào có Tỷ lệ đạt lớn nhất?",Đơn vị,Tỷ lệ đạt,THPT Nguyễn Trãi,p01_b00010,1,3,0,False,1,THPT Nguyễn Trãi,p01_b00010,1,3,0,False,1,"100,0%",100.0,0,9,True
B-train-00294-q08,B-train-00294,argmin,"Trong bảng 2 ở trang 1, Khu vực nào có Kế hoạch năm nhỏ nhất?",Khu vực,Kế hoạch năm,Đồng bằng sông Cửu Long,p01_b00112,2,7,0,True,1,Đồng bằng sông Cửu Long,p01_b00112,2,7,0,True,1,232,232.0,4,10,True
B-train-00294-q09,B-train-00294,argmin,"Trong bảng 2 ở trang 1, Khu vực nào có Kế hoạch nhỏ nhất?",Khu vực,Kế hoạch,Tây Nguyên,p01_b00104,2,6,0,False,1,Tây Nguyên,p01_b00104,2,6,0,False,1,990,990.0,3,10,True
B-train-00294-q10,B-train-00294,argmax,"Trong bảng 2 ở trang 1, Khu vực nào có Tỷ lệ lớn nhất?",Khu vực,Tỷ lệ,Miền Nam,p01_b00136,2,10,0,False,2,Miền Nam,p01_b00136,2,10,0,False,2,"148,9%",148.9,7,10,True
B-train-00295-q01,B-train-00295,argmax,"Trong bảng 1 ở trang 1, Dự án nào có Tiến độ lớn nhất?",Dự án,Tiến độ,Cầu Đông Thành,p01_b00044,1,8,0,False,2,Cầu Đông Thành,p01_b00044,1,8,0,False,2,"90,6%",90.6,5,10,True
B-train-00295-q02,B-train-00295,argmin,"Trong bảng 1 ở trang 1, Dự án nào có Tỷ trọng (%) nhỏ nhất?",Dự án,Tỷ trọng (%),Nhà máy nước,p01_b00063,1,11,0,False,2,Nhà máy nước,p01_b00063,1,11,0,False,2,"11,2%",11.2,8,10,True
B-train-00295-q06,B-train-00295,argmax,"Trong bảng 2 ở trang 1, Trạm nào có Kỳ này lớn nhất?",Trạm,Kỳ này,Trạm 220kV Trung,p01_b00161,2,14,0,False,3,Trạm 220kV Trung,p01_b00161,2,14,0,False,3,9.383,9383.0,11,12,True
B-train-00295-q09,B-train-00295,argmin,"Trong bảng 2 ở trang 1, Trạm nào có Tổn thất nhỏ nhất?",Trạm,Tổn thất,Trạm 220kV Trung,p01_b00161,2,14,0,False,3,Trạm 220kV Trung,p01_b00161,2,14,0,False,3,"2,9%",2.9,11,12,True
B-train-00296-q03,B-train-00296,argmin,"Trong bảng 1 ở trang 1, Điểm bán nào có Lũy kế nhỏ nhất?",Điểm bán,Lũy kế,Điểm bán phía Bắc,p01_b00113,1,16,0,False,3,Điểm bán phía Bắc,p01_b00113,1,16,0,False,3,252,252.0,13,15,True
B-train-00296-q08,B-train-00296,argmax,"Trong bảng 1 ở trang 1, Điểm bán nào có Hoàn trả lớn nhất?",Điểm bán,Hoàn trả,Cửa hàng 02,p01_b00058,1,9,0,False,3,Cửa hàng 02,p01_b00058,1,9,0,False,3,"7,3%",7.3,6,15,True
B-train-00296-q09,B-train-00296,argmin,"Trong bảng 1 ở trang 2, Điểm bán nào có Lũy kế nhỏ nhất?",Điểm bán,Lũy kế,Điểm bán phía Nam,p02_b00083,1,12,0,False,3,Điểm bán phía Nam,p02_b00083,1,12,0,False,3,1.043,1043.0,9,15,True
B-train-00297-q01,B-train-00297,argmin,"Trong bảng 2 ở trang 1, Phòng ban nào có Hiện có nhỏ nhất?",Phòng ban,Hiện có,Hành chính,p01_b00127,2,7,0,False,1,Khánh Hòa,p01_b00093,2,3,0,False,1,6,6.0,1,8,False
B-train-00297-q03,B-train-00297,argmax,"Trong bảng 1 ở trang 1, Địa bàn nào có Diện tích (ha) lớn nhất?",Địa bàn,Diện tích (ha),Đà Nẵng,p01_b00028,1,5,0,False,2,Đà Nẵng,p01_b00028,1,5,0,False,2,787,787.0,2,8,True
B-train-00297-q05,B-train-00297,argmin,"Trong bảng 2 ở trang 1, Phòng ban nào có Định biên nhỏ nhất?",Phòng ban,Định biên,Công nghệ,p01_b00118,2,6,0,False,1,Khánh Hòa,p01_b00093,2,3,0,False,1,9,9.0,1,8,False
B-train-00297-q07,B-train-00297,argmax,"Trong bảng 2 ở trang 1, Phòng ban nào có Thiếu/thừa lớn nhất?",Phòng ban,Thiếu/thừa,Chăm sóc khách hàng,p01_b00135,2,8,0,False,1,Chăm sóc khách hàng,p01_b00135,2,8,0,False,1,-1,-1.0,5,8,True
B-train-00298-q01,B-train-00298,argmin,"Trong bảng 1 ở trang 1, Đơn vị nào có Đạt nhỏ nhất?",Đơn vị,Đạt,THPT Chu Văn An,p01_b00120,1,17,0,False,2,THPT Chu Văn An,p01_b00120,1,17,0,False,2,17,17.0,14,16,True
B-train-00298-q02,B-train-00298,argmax,"Trong bảng 1 ở trang 1, Đơn vị nào có Kỳ này lớn nhất?",Đơn vị,Kỳ này,THPT Trần Phú,p01_b00027,1,5,0,False,2,THPT Phan Bội Châu,p01_b00113,1,16,0,False,3,9.389,9389.0,13,16,False
B-train-00298-q07,B-train-00298,argmin,"Trong bảng 1 ở trang 1, Đơn vị nào có Kỳ này nhỏ nhất?",Đơn vị,Kỳ này,THPT Nguyễn Trãi,p01_b00089,1,13,0,False,3,THPT Nguyễn Trãi,p01_b00089,1,13,0,False,3,353,353.0,10,16,True
B-train-00298-q10,B-train-00298,argmax,"Trong bảng 1 ở trang 1, Đơn vị nào có Đạt lớn nhất?",Đơn vị,Đạt,THPT Nguyễn Trãi,p01_b00011,1,3,0,False,3,THPT Nguyễn Trãi,p01_b00011,1,3,0,False,3,45,45.0,0,16,True
B-train-00299-q02,B-train-00299,argmax,"Trong bảng 1 ở trang 1, Điểm đến nào có Kỳ này lớn nhất?",Điểm đến,Kỳ này,Đà Lạt,p01_b00144,1,20,0,False,3,Đà Lạt,p01_b00144,1,20,0,False,3,9.494,9494.0,17,18,True
B-train-00299-q05,B-train-00299,argmin,"Trong bảng 1 ở trang 1, Điểm đến nào có Kế hoạch năm nhỏ nhất?",Điểm đến,Kế hoạch năm,Vịnh Hạ Long,p01_b00128,1,18,0,False,4,Vịnh Hạ Long,p01_b00128,1,18,0,False,4,593,593.0,15,18,True
B-train-00299-q07,B-train-00299,argmin,"Trong bảng 1 ở trang 1, Điểm đến nào có Công suất phòng nhỏ nhất?",Điểm đến,Công suất phòng,Phố cổ Hội An,p01_b00096,1,14,0,False,4,Phố cổ Hội An,p01_b00096,1,14,0,False,4,"49,7%",49.7,11,18,True
B-train-00299-q10,B-train-00299,argmax,"Trong bảng 1 ở trang 1, Điểm đến nào có Khách quốc tế lớn nhất?",Điểm đến,Khách quốc tế,Phố cổ Hội An,p01_b00058,1,9,0,False,4,Phố cổ Hội An,p01_b00058,1,9,0,False,4,6.165,6165.0,6,18,True
B-train-00300-q02,B-train-00300,argmax,"Trong bảng 1 ở trang 1, Tuyến nào có Tỷ trọng (%) lớn nhất?",Tuyến,Tỷ trọng (%),Hà Nội,p01_b00018,1,4,0,False,1,Hà Nội,p01_b00018,1,4,0,False,1,"29,2%",29.2,2,8,True
B-train-00300-q06,B-train-00300,argmax,"Trong bảng 1 ở trang 1, Tuyến nào có Số chuyến lớn nhất?",Tuyến,Số chuyến,TP.HCM – Cần Thơ,p01_b00056,1,9,0,True,1,TP.HCM – Cần Thơ,p01_b00056,1,9,0,True,1,41,41.0,6,8,True
B-train-00301-q03,B-train-00301,argmin,"Trong bảng 1 ở trang 1, Điểm bán nào có Giá trị bán nhỏ nhất?",Điểm bán,Giá trị bán,Điểm bán phía Nam,p01_b00047,1,7,0,False,2,Điểm bán phía Nam,p01_b00047,1,7,0,False,2,60.770,60770.0,4,15,True
B-train-00301-q04,B-train-00301,argmin,"Trong bảng 1 ở trang 1, Điểm bán nào có Số đơn nhỏ nhất?",Điểm bán,Số đơn,Điểm bán phía Nam,p01_b00047,1,7,0,False,2,Điểm bán phía Nam,p01_b00047,1,7,0,False,2,118,118.0,4,15,True
B-train-00301-q05,B-train-00301,argmax,"Trong bảng 1 ở trang 1, Điểm bán nào có Số đơn lớn nhất?",Điểm bán,Số đơn,Cửa hàng 02,p01_b00021,1,4,0,False,3,Cửa hàng 02,p01_b00021,1,4,0,False,3,3528,3528.0,1,15,True
B-train-00301-q09,B-train-00301,argmax,"Trong bảng 1 ở trang 1, Điểm bán nào có Tỷ trọng (%) lớn nhất?",Điểm bán,Tỷ trọng (%),Siêu thị trung tâm,p01_b00073,1,10,0,False,3,Siêu thị trung tâm,p01_b00073,1,10,0,False,3,"37,6%",37.6,7,15,True
B-train-00302-q01,B-train-00302,argmin,"Trong bảng 1 ở trang 1, Dự án nào có Giá trị hợp đồng nhỏ nhất?",Dự án,Giá trị hợp đồng,Trường liên cấp,p01_b00073,1,10,0,False,1,Đồng bằng sông Cửu Long,p01_b00020,1,4,0,False,1,2.340,2340.0,2,11,False
B-train-00302-q02,B-train-00302,argmax,"Trong bảng 1 ở trang 1, Dự án nào có Tiến độ lớn nhất?",Dự án,Tiến độ,Trường liên cấp,p01_b00073,1,10,0,False,1,Trường liên cấp,p01_b00073,1,10,0,False,1,"93,2%",93.2,7,11,True
B-train-00302-q03,B-train-00302,argmin,"Trong bảng 2 ở trang 1, Khoa nào có Chuyển tuyến nhỏ nhất?",Khoa,Chuyển tuyến,Miền Nam,p01_b00151,2,7,0,False,1,Miền Nam,p01_b00151,2,7,0,False,1,0,0.0,4,9,True
B-train-00302-q08,B-train-00302,argmax,"Trong bảng 1 ở trang 1, Dự án nào có Kỳ trước lớn nhất?",Dự án,Kỳ trước,Khu tái định cư,p01_b00091,1,12,0,False,2,Khu tái định cư,p01_b00091,1,12,0,False,2,8.837,8837.0,9,11,True
B-train-00303-q01,B-train-00303,argmax,"Trong bảng 1 ở trang 1, Nghiệp vụ nào có Phí bảo hiểm lớn nhất?",Nghiệp vụ,Phí bảo hiểm,Sức khỏe,p01_b00010,1,3,0,False,1,Sức khỏe,p01_b00010,1,3,0,False,1,12.600,12600.0,0,9,True
B-train-00303-q03,B-train-00303,argmin,"Trong bảng 1 ở trang 1, Nghiệp vụ nào có Bồi thường nhỏ nhất?",Nghiệp vụ,Bồi thường,Tai nạn con người,p01_b00037,1,7,0,False,1,Tai nạn con người,p01_b00037,1,7,0,False,1,640,640.0,4,9,True
B-train-00303-q04,B-train-00303,argmax,"Trong bảng 1 ở trang 1, Nghiệp vụ nào có Bồi thường lớn nhất?",Nghiệp vụ,Bồi thường,Tài sản,p01_b00057,1,10,0,False,1,Lâm Đồng,p01_b00017,1,4,0,False,1,3.749,3749.0,2,9,False
B-train-00303-q05,B-train-00303,argmin,"Trong bảng 1 ở trang 1, Nghiệp vụ nào có Hợp đồng nhỏ nhất?",Nghiệp vụ,Hợp đồng,Lâm Đồng,p01_b00017,1,4,0,False,1,Hàng hóa,p01_b00030,1,6,0,True,2,374,374.0,3,9,False
B-train-00304-q03,B-train-00304,argmax,"Trong bảng 1 ở trang 1, Điểm đến nào có Lũy kế lớn nhất?",Điểm đến,Lũy kế,Phú Quốc,p01_b00038,1,7,0,False,2,Phú Quốc,p01_b00038,1,7,0,False,2,7.179,7179.0,4,14,True
B-train-00304-q04,B-train-00304,argmax,"Trong bảng 1 ở trang 1, Điểm đến nào có Công suất phòng lớn nhất?",Điểm đến,Công suất phòng,Nha Trang,p01_b00066,1,11,0,False,2,Nha Trang,p01_b00066,1,11,0,False,2,"95,8%",95.8,8,14,True
B-train-00304-q09,B-train-00304,argmin,"Trong bảng 1 ở trang 1, Điểm đến nào có Lũy kế nhỏ nhất?",Điểm đến,Lũy kế,Phú Quốc,p01_b00073,1,12,0,False,2,Phú Quốc,p01_b00073,1,12,0,False,2,573,573.0,9,14,True
B-train-00305-q02,B-train-00305,argmax,"Trong bảng 1 ở trang 1, Điểm đến nào có Công suất phòng lớn nhất?",Điểm đến,Công suất phòng,Vịnh Hạ Long,p01_b00101,1,13,0,False,2,Vịnh Hạ Long,p01_b00101,1,13,0,False,2,"95,8%",95.8,10,15,True
B-train-00305-q05,B-train-00305,argmin,"Trong bảng 1 ở trang 1, Điểm đến nào có Công suất phòng nhỏ nhất?",Điểm đến,Công suất phòng,Phú Quốc,p01_b00047,1,7,0,False,2,Phú Quốc,p01_b00047,1,7,0,False,2,"60,4%",60.4,4,15,True
B-train-00305-q06,B-train-00305,argmin,"Trong bảng 1 ở trang 1, Điểm đến nào có Lũy kế nhỏ nhất?",Điểm đến,Lũy kế,Phố cổ Hội An,p01_b00020,1,4,0,False,3,Phố cổ Hội An,p01_b00020,1,4,0,False,3,91,91.0,1,15,True
B-train-00305-q09,B-train-00305,argmax,"Trong bảng 1 ở trang 1, Điểm đến nào có Doanh thu lớn nhất?",Điểm đến,Doanh thu,Phố cổ Hội An,p01_b00065,1,9,0,False,3,Phố cổ Hội An,p01_b00065,1,9,0,False,3,193.004,193004.0,6,15,True
B-train-00306-q03,B-train-00306,argmax,"Trong bảng 2 ở trang 1, Chi nhánh nào có Tăng trưởng lớn nhất?",Chi nhánh,Tăng trưởng,Hải Phòng 02,p01_b00121,2,9,0,False,2,Hải Phòng 02,p01_b00121,2,9,0,False,2,"15,7%",15.7,6,12,True
B-train-00306-q07,B-train-00306,argmin,"Trong bảng 1 ở trang 1, Phòng ban nào có Hiện có nhỏ nhất?",Phòng ban,Hiện có,Vận hành,p01_b00063,1,11,0,False,2,Vận hành,p01_b00063,1,11,0,False,2,12,12.0,8,9,True
B-train-00306-q08,B-train-00306,argmax,"Trong bảng 1 ở trang 1, Phòng ban nào có Lũy kế lớn nhất?",Phòng ban,Lũy kế,Đà Nẵng,p01_b00031,1,6,0,False,1,Đà Nẵng,p01_b00031,1,6,0,False,1,8.824,8824.0,3,9,True
B-train-00306-q10,B-train-00306,argmin,"Trong bảng 1 ở trang 1, Phòng ban nào có Thiếu/thừa nhỏ nhất?",Phòng ban,Thiếu/thừa,Vận hành,p01_b00063,1,11,0,False,2,Vận hành,p01_b00063,1,11,0,False,2,-8,-8.0,8,9,True
B-train-00307-q03,B-train-00307,argmin,"Trong bảng 2 ở trang 1, Gói thầu nào có Kỳ trước nhỏ nhất?",Gói thầu,Kỳ trước,GT64,p01_b00143,2,10,0,True,1,GT64,p01_b00143,2,10,0,True,1,837,837.0,7,10,True
B-train-00307-q05,B-train-00307,argmin,"Trong bảng 1 ở trang 1, Nhóm chế độ nào có Đã giải quyết nhỏ nhất?",Nhóm chế độ,Đã giải quyết,Thất nghiệp,p01_b00050,1,9,0,False,1,Thất nghiệp,p01_b00050,1,9,0,False,1,867,867.0,6,9,True
B-train-00307-q06,B-train-00307,argmax,"Trong bảng 2 ở trang 1, Gói thầu nào có Kỳ trước lớn nhất?",Gói thầu,Kỳ trước,GT53,p01_b00152,2,11,0,False,1,GT53,p01_b00152,2,11,0,False,1,9.881,9881.0,8,10,True
B-train-00307-q08,B-train-00307,argmax,"Trong bảng 1 ở trang 1, Nhóm chế độ nào có Chi trả lớn nhất?",Nhóm chế độ,Chi trả,Cần Thơ,p01_b00010,1,3,0,False,1,Cần Thơ,p01_b00010,1,3,0,False,1,23.310,23310.0,1,9,True
B-train-00308-q01,B-train-00308,argmax,"Trong bảng 1 ở trang 1, Khu vực nào có Tỷ trọng (%) lớn nhất?",Khu vực,Tỷ trọng (%),Cụm BTS-01,p01_b00089,1,13,0,False,3,Cụm BTS-02,p01_b00097,1,14,0,False,2,"36,2%",36.2,11,12,False
B-train-00308-q02,B-train-00308,argmax,"Trong bảng 1 ở trang 1, Khu vực nào có Lưu lượng lớn nhất?",Khu vực,Lưu lượng,Khu vực đô thị,p01_b00034,1,6,0,False,2,Khu vực đô thị,p01_b00034,1,6,0,False,2,85.160,85160.0,3,12,True
B-train-00308-q05,B-train-00308,argmin,"Trong bảng 1 ở trang 1, Khu vực nào có Tỷ trọng (%) nhỏ nhất?",Khu vực,Tỷ trọng (%),Miền Nam,p01_b00058,1,9,0,False,1,Miền Nam,p01_b00058,1,9,0,False,1,"1,0%",1.0,6,12,True
B-train-00308-q10,B-train-00308,argmin,"Trong bảng 1 ở trang 1, Khu vực nào có Lưu lượng nhỏ nhất?",Khu vực,Lưu lượng,Khu vực ven biển,p01_b00027,1,5,0,False,1,Khu vực ven biển,p01_b00027,1,5,0,False,1,16.205,16205.0,2,12,True
B-train-00309-q03,B-train-00309,argmax,"Trong bảng 1 ở trang 1, Nghiệp vụ nào có Kỳ trước lớn nhất?",Nghiệp vụ,Kỳ trước,Tài sản,p01_b00117,1,15,0,False,3,Tài sản,p01_b00117,1,15,0,False,3,9.597,9597.0,12,17,True
B-train-00309-q05,B-train-00309,argmin,"Trong bảng 1 ở trang 1, Nghiệp vụ nào có Bồi thường nhỏ nhất?",Nghiệp vụ,Bồi thường,Hàng hóa,p01_b00126,1,16,0,False,3,Hàng hóa,p01_b00126,1,16,0,False,3,17,17.0,13,17,True
B-train-00309-q06,B-train-00309,argmax,"Trong bảng 1 ở trang 1, Nghiệp vụ nào có Phí bảo hiểm lớn nhất?",Nghiệp vụ,Phí bảo hiểm,Xe cơ giới,p01_b00065,1,9,0,False,2,Xe cơ giới,p01_b00065,1,9,0,False,2,11.358,11358.0,6,17,True
B-train-00309-q09,B-train-00309,argmin,"Trong bảng 1 ở trang 1, Nghiệp vụ nào có Tỷ trọng (%) nhỏ nhất?",Nghiệp vụ,Tỷ trọng (%),Xe cơ giới,p01_b00021,1,4,0,False,3,Xe cơ giới,p01_b00021,1,4,0,False,3,"2,9%",2.9,1,17,True
B-train-00310-q01,B-train-00310,argmin,"Trong bảng 2 ở trang 1, Điểm đến nào có Lũy kế nhỏ nhất?",Điểm đến,Lũy kế,Phú Quốc,p01_b00174,2,12,0,False,2,Phú Quốc,p01_b00174,2,12,0,False,2,1.186,1186.0,9,12,True
B-train-00310-q03,B-train-00310,argmin,"Trong bảng 1 ở trang 1, Đơn vị nào có Đạt nhỏ nhất?",Đơn vị,Đạt,THPT Nguyễn Trãi,p01_b00077,1,13,0,False,3,THPT Nguyễn Trãi,p01_b00077,1,13,0,False,3,21,21.0,10,11,True
B-train-00310-q06,B-train-00310,argmax,"Trong bảng 2 ở trang 1, Điểm đến nào có Khách nội địa lớn nhất?",Điểm đến,Khách nội địa,Lâm Đồng,p01_b00158,2,10,0,False,1,Phú Quốc,p01_b00132,2,7,0,False,2,23.462,23462.0,4,12,False
B-train-00310-q10,B-train-00310,argmax,"Trong bảng 2 ở trang 1, Điểm đến nào có Lũy kế lớn nhất?",Điểm đến,Lũy kế,Phố cổ Hội An,p01_b00192,2,14,0,False,3,Lâm Đồng,p01_b00158,2,10,0,False,1,9.302,9302.0,8,12,False
B-train-00311-q02,B-train-00311,argmin,"Trong bảng 1 ở trang 2, Điểm quan trắc nào có BOD5 nhỏ nhất?",Điểm quan trắc,BOD5,Sông Hồng,p02_b00085,1,14,0,False,3,Sông Hồng,p02_b00085,1,14,0,False,3,3,3.0,11,15,True
B-train-00311-q06,B-train-00311,argmin,"Trong bảng 1 ở trang 1, Điểm quan trắc nào có BOD5 nhỏ nhất?",Điểm quan trắc,BOD5,Cửa biển Đà Nẵng,p01_b00073,1,12,0,False,2,Cửa biển Đà Nẵng,p01_b00073,1,12,0,False,2,17,17.0,9,14,True
B-train-00312-q02,B-train-00312,argmax,"Trong bảng 1 ở trang 1, Khu vực nào có Phản ánh lớn nhất?",Khu vực,Phản ánh,Hà Nội,p01_b00106,1,15,0,False,1,Hà Nội,p01_b00106,1,15,0,False,1,79,79.0,12,18,True
B-train-00312-q08,B-train-00312,argmin,"Trong bảng 1 ở trang 1, Khu vực nào có Tỷ trọng (%) nhỏ nhất?",Khu vực,Tỷ trọng (%),Cụm BTS-02,p01_b00018,1,4,0,False,4,Cụm BTS-02,p01_b00018,1,4,0,False,4,"1,0%",1.0,1,18,True
B-train-00312-q09,B-train-00312,argmax,"Trong bảng 1 ở trang 1, Khu vực nào có Lưu lượng lớn nhất?",Khu vực,Lưu lượng,Cụm BTS-02,p01_b00136,1,19,0,False,4,Cụm BTS-02,p01_b00136,1,19,0,False,4,98.143,98143.0,16,18,True
B-train-00313-q01,B-train-00313,argmax,"Trong bảng 1 ở trang 1, Địa bàn nào có Kỳ này lớn nhất?",Địa bàn,Kỳ này,Hà Nội,p01_b00011,1,3,0,False,1,Hà Nội,p01_b00011,1,3,0,False,1,9.724,9724.0,0,12,True
B-train-00313-q02,B-train-00313,argmax,"Trong bảng 1 ở trang 1, Địa bàn nào có Kỳ trước lớn nhất?",Địa bàn,Kỳ trước,Đà Nẵng,p01_b00080,1,12,0,False,2,Đà Nẵng,p01_b00080,1,12,0,False,2,9.031,9031.0,9,12,True
B-train-00313-q08,B-train-00313,argmin,"Trong bảng 1 ở trang 1, Địa bàn nào có Kỳ này nhỏ nhất?",Địa bàn,Kỳ này,Hải Phòng,p01_b00019,1,4,0,False,1,Hải Phòng,p01_b00019,1,4,0,False,1,103,103.0,1,12,True
B-train-00313-q10,B-train-00313,argmin,"Trong bảng 1 ở trang 1, Địa bàn nào có Tỷ trọng (%) nhỏ nhất?",Địa bàn,Tỷ trọng (%),Hà Nội,p01_b00011,1,3,0,False,1,Miền Trung,p01_b00065,1,10,0,False,1,"8,1%",8.1,8,12,False
B-train-00314-q02,B-train-00314,argmin,"Trong bảng 1 ở trang 1, Khu vực nào có Kỳ trước nhỏ nhất?",Khu vực,Kỳ trước,Miền Bắc,p01_b00089,1,13,0,False,3,Miền Bắc,p01_b00089,1,13,0,False,3,263,263.0,10,12,True
B-train-00314-q03,B-train-00314,argmax,"Trong bảng 1 ở trang 1, Khu vực nào có Kế hoạch năm lớn nhất?",Khu vực,Kế hoạch năm,Miền Nam,p01_b00065,1,10,0,False,1,Miền Nam,p01_b00065,1,10,0,False,1,9.626,9626.0,7,12,True
B-train-00314-q07,B-train-00314,argmin,"Trong bảng 1 ở trang 1, Khu vực nào có Thực hiện nhỏ nhất?",Khu vực,Thực hiện,Tây Nguyên,p01_b00034,1,6,0,False,2,Tây Nguyên,p01_b00034,1,6,0,False,2,1.220,1220.0,3,12,True
B-train-00315-q02,B-train-00315,argmax,"Trong bảng 1 ở trang 1, Khoa nào có Chuyển tuyến lớn nhất?",Khoa,Chuyển tuyến,Nhi,p01_b00064,1,11,0,False,2,Nhi,p01_b00064,1,11,0,False,2,12,12.0,8,13,True
B-train-00315-q04,B-train-00315,argmin,"Trong bảng 1 ở trang 1, Khoa nào có Chuyển tuyến nhỏ nhất?",Khoa,Chuyển tuyến,Nhi,p01_b00024,1,5,0,True,2,Nhi,p01_b00024,1,5,0,True,2,3,3.0,2,13,True
B-train-00315-q05,B-train-00315,argmax,"Trong bảng 1 ở trang 1, Khoa nào có Kỳ trước lớn nhất?",Khoa,Kỳ trước,Nhi,p01_b00024,1,5,0,True,2,Nhi,p01_b00024,1,5,0,True,2,9.581,9581.0,2,13,True
B-train-00315-q09,B-train-00315,argmin,"Trong bảng 1 ở trang 1, Khoa nào có Kỳ trước nhỏ nhất?",Khoa,Kỳ trước,Tai Mũi Họng,p01_b00044,1,8,0,False,1,Tai Mũi Họng,p01_b00044,1,8,0,False,1,1.066,1066.0,5,13,True
B-train-00316-q04,B-train-00316,argmax,"Trong bảng 1 ở trang 1, Chi nhánh nào có Kỳ trước lớn nhất?",Chi nhánh,Kỳ trước,Khánh Hòa 03,p01_b00034,1,6,0,False,2,Khánh Hòa 03,p01_b00034,1,6,0,False,2,5.477,5477.0,3,12,True
B-train-00316-q05,B-train-00316,argmin,"Trong bảng 1 ở trang 1, Chi nhánh nào có Huy động nhỏ nhất?",Chi nhánh,Huy động,Hà Nội 01,p01_b00088,1,13,0,False,3,Hà Nội 01,p01_b00088,1,13,0,False,3,1.860,1860.0,10,12,True
B-train-00316-q09,B-train-00316,argmax,"Trong bảng 1 ở trang 1, Chi nhánh nào có Tăng trưởng lớn nhất?",Chi nhánh,Tăng trưởng,Hải Phòng 02,p01_b00096,1,14,0,False,2,Hải Phòng 02,p01_b00096,1,14,0,False,2,"16,4%",16.4,11,12,True
B-train-00317-q02,B-train-00317,argmin,"Trong bảng 1 ở trang 1, Nhóm chế độ nào có Đã giải quyết nhỏ nhất?",Nhóm chế độ,Đã giải quyết,Thất nghiệp,p01_b00108,1,14,0,False,4,Thất nghiệp,p01_b00108,1,14,0,False,4,184,184.0,11,17,True
B-train-00317-q03,B-train-00317,argmax,"Trong bảng 1 ở trang 1, Nhóm chế độ nào có Lũy kế lớn nhất?",Nhóm chế độ,Lũy kế,Thất nghiệp,p01_b00021,1,4,0,False,4,Thất nghiệp,p01_b00021,1,4,0,False,4,9.359,9359.0,1,17,True
B-train-00317-q05,B-train-00317,argmax,"Trong bảng 1 ở trang 1, Nhóm chế độ nào có Kế hoạch năm lớn nhất?",Nhóm chế độ,Kế hoạch năm,Thai sản,p01_b00126,1,16,0,False,2,Thai sản,p01_b00126,1,16,0,False,2,9.797,9797.0,13,17,True
B-train-00317-q08,B-train-00317,argmin,"Trong bảng 1 ở trang 1, Nhóm chế độ nào có Kế hoạch năm nhỏ nhất?",Nhóm chế độ,Kế hoạch năm,Thất nghiệp,p01_b00065,1,9,0,False,4,Thất nghiệp,p01_b00065,1,9,0,False,4,541,541.0,6,17,True
B-train-00318-q03,B-train-00318,argmin,"Trong bảng 2 ở trang 1, Gói thầu nào có Giá trúng nhỏ nhất?",Gói thầu,Giá trúng,Hải Phòng,p01_b00097,2,4,0,False,1,Hải Phòng,p01_b00097,2,4,0,False,1,710,710.0,1,12,True
B-train-00318-q08,B-train-00318,argmax,"Trong bảng 2 ở trang 1, Gói thầu nào có Giá dự toán lớn nhất?",Gói thầu,Giá dự toán,GT24,p01_b00117,2,7,0,False,1,GT24,p01_b00117,2,7,0,False,1,2.480,2480.0,4,12,True
B-train-00319-q02,B-train-00319,argmin,"Trong bảng 1 ở trang 1, Khu vực nào có Thực hiện nhỏ nhất?",Khu vực,Thực hiện,Tây Nguyên,p01_b00083,1,11,0,False,2,Tây Nguyên,p01_b00083,1,11,0,False,2,1.080,1080.0,8,13,True
B-train-00319-q07,B-train-00319,argmax,"Trong bảng 1 ở trang 1, Khu vực nào có Tỷ trọng (%) lớn nhất?",Khu vực,Tỷ trọng (%),Miền Bắc,p01_b00012,1,3,0,False,3,Miền Bắc,p01_b00012,1,3,0,False,3,"35,9%",35.9,0,13,True
B-train-00319-q10,B-train-00319,argmax,"Trong bảng 1 ở trang 2, Khu vực nào có Thực hiện lớn nhất?",Khu vực,Thực hiện,Miền Bắc,p02_b00074,1,10,0,False,3,Miền Bắc,p02_b00074,1,10,0,False,3,4.400,4400.0,7,13,True
B-train-00320-q03,B-train-00320,argmax,"Trong bảng 1 ở trang 1, Địa bàn nào có Sản lượng (tấn) lớn nhất?",Địa bàn,Sản lượng (tấn),Cần Thơ,p01_b00044,1,8,0,True,1,Cần Thơ,p01_b00044,1,8,0,True,1,6.608,6608.0,5,16,True
B-train-00320-q05,B-train-00320,argmax,"Trong bảng 1 ở trang 1, Địa bàn nào có Diện tích (ha) lớn nhất?",Địa bàn,Diện tích (ha),Cần Thơ,p01_b00044,1,8,0,True,1,Cần Thơ,p01_b00044,1,8,0,True,1,826,826.0,5,16,True
B-train-00320-q07,B-train-00320,argmin,"Trong bảng 1 ở trang 1, Địa bàn nào có Sản lượng (tấn) nhỏ nhất?",Địa bàn,Sản lượng (tấn),Khánh Hòa,p01_b00079,1,13,0,False,2,Đồng bằng sông Cửu Long,p01_b00093,1,15,0,False,1,354,354.0,13,16,False
B-train-00321-q04,B-train-00321,argmax,"Trong bảng 2 ở trang 1, Khu vực nào có Thực hiện lớn nhất?",Khu vực,Thực hiện,Miền Trung,p01_b00174,2,9,0,False,2,Miền Trung,p01_b00174,2,9,0,False,2,4.850,4850.0,6,12,True
B-train-00321-q06,B-train-00321,argmin,"Trong bảng 1 ở trang 1, Dự án nào có Lũy kế nhỏ nhất?",Dự án,Lũy kế,Đường vành đai,p01_b00066,1,9,0,False,2,Đường vành đai,p01_b00066,1,9,0,False,2,102,102.0,6,12,True
B-train-00321-q07,B-train-00321,argmin,"Trong bảng 1 ở trang 1, Dự án nào có Tiến độ nhỏ nhất?",Dự án,Tiến độ,Trường liên cấp,p01_b00030,1,5,0,False,1,Trường liên cấp,p01_b00030,1,5,0,False,1,"26,3%",26.3,2,12,True
B-train-00321-q09,B-train-00321,argmax,"Trong bảng 2 ở trang 1, Khu vực nào có Chênh lệch lớn nhất?",Khu vực,Chênh lệch,Tây Nguyên,p01_b00190,2,11,0,False,2,Đồng Nai,p01_b00198,2,12,0,False,1,880,880.0,10,12,False
B-train-00322-q03,B-train-00322,argmax,"Trong bảng 1 ở trang 1, Khoa nào có Kế hoạch năm lớn nhất?",Khoa,Kế hoạch năm,Nhi,p01_b00026,1,5,0,False,2,Nhi,p01_b00026,1,5,0,False,2,8.834,8834.0,2,17,True
B-train-00322-q04,B-train-00322,argmax,"Trong bảng 1 ở trang 1, Khoa nào có Nhập viện lớn nhất?",Khoa,Nhập viện,Sản,p01_b00080,1,12,0,True,3,Sản,p01_b00080,1,12,0,True,3,96,96.0,9,17,True
B-train-00323-q06,B-train-00323,argmax,"Trong bảng 1 ở trang 1, Khu vực nào có Kỳ này lớn nhất?",Khu vực,Kỳ này,Khu vực đô thị,p01_b00126,1,16,0,False,2,Khu vực đô thị,p01_b00126,1,16,0,False,2,8.839,8839.0,13,18,True
B-train-00323-q07,B-train-00323,argmin,"Trong bảng 1 ở trang 1, Khu vực nào có Kỳ trước nhỏ nhất?",Khu vực,Kỳ trước,Cụm BTS-02,p01_b00020,1,4,0,False,4,Cụm BTS-02,p01_b00020,1,4,0,False,4,738,738.0,1,18,True
B-train-00323-q09,B-train-00323,argmin,"Trong bảng 1 ở trang 1, Khu vực nào có Lưu lượng nhỏ nhất?",Khu vực,Lưu lượng,Khu vực đô thị,p01_b00038,1,6,0,False,2,Khu vực đô thị,p01_b00038,1,6,0,False,2,4.736,4736.0,3,18,True
B-train-00323-q10,B-train-00323,argmax,"Trong bảng 1 ở trang 1, Khu vực nào có Kỳ trước lớn nhất?",Khu vực,Kỳ trước,Cụm BTS-01,p01_b00056,1,8,0,False,3,Cụm BTS-01,p01_b00056,1,8,0,False,3,9.791,9791.0,5,18,True
B-train-00324-q02,B-train-00324,argmin,"Trong bảng 1 ở trang 1, Điểm bán nào có Giá trị bán nhỏ nhất?",Điểm bán,Giá trị bán,Miền Bắc,p01_b00089,1,13,0,False,1,Miền Bắc,p01_b00089,1,13,0,False,1,172.104,172104.0,10,14,True
B-train-00324-q03,B-train-00324,argmax,"Trong bảng 1 ở trang 1, Điểm bán nào có Số đơn lớn nhất?",Điểm bán,Số đơn,Điểm bán phía Bắc,p01_b00034,1,6,0,False,3,Điểm bán phía Bắc,p01_b00034,1,6,0,False,3,2787,2787.0,3,14,True
B-train-00324-q04,B-train-00324,argmax,"Trong bảng 1 ở trang 1, Điểm bán nào có Hoàn trả lớn nhất?",Điểm bán,Hoàn trả,Điểm bán phía Bắc,p01_b00073,1,11,0,False,3,Điểm bán phía Bắc,p01_b00073,1,11,0,False,3,"6,9%",6.9,8,14,True
B-train-00325-q03,B-train-00325,argmax,"Trong bảng 1 ở trang 1, Điểm quan trắc nào có Lũy kế lớn nhất?",Điểm quan trắc,Lũy kế,Hồ Xuân Hương,p01_b00030,1,5,0,False,2,Hồ Xuân Hương,p01_b00030,1,5,0,False,2,6.632,6632.0,2,14,True
B-train-00325-q09,B-train-00325,argmin,"Trong bảng 1 ở trang 1, Điểm quan trắc nào có COD nhỏ nhất?",Điểm quan trắc,COD,Cửa biển Đà Nẵng,p01_b00091,1,12,0,False,1,Cửa biển Đà Nẵng,p01_b00091,1,12,0,False,1,12,12.0,9,14,True
B-train-00325-q10,B-train-00325,argmax,"Trong bảng 1 ở trang 1, Điểm quan trắc nào có Kế hoạch năm lớn nhất?",Điểm quan trắc,Kế hoạch năm,Sông Hồng,p01_b00012,1,3,0,False,3,Sông Hồng,p01_b00012,1,3,0,False,3,9.637,9637.0,0,14,True
B-train-00326-q02,B-train-00326,argmax,"Trong bảng 1 ở trang 1, Gói thầu nào có Kỳ này lớn nhất?",Gói thầu,Kỳ này,GT39,p01_b00096,1,14,0,False,1,GT39,p01_b00096,1,14,0,False,1,8.786,8786.0,11,12,True
B-train-00326-q07,B-train-00326,argmax,"Trong bảng 2 ở trang 1, Khu vực nào có Lưu lượng lớn nhất?",Khu vực,Lưu lượng,Cần Thơ,p01_b00121,2,4,0,False,1,Cần Thơ,p01_b00121,2,4,0,False,1,84.151,84151.0,1,9,True
B-train-00326-q08,B-train-00326,argmin,"Trong bảng 2 ở trang 1, Khu vực nào có Phản ánh nhỏ nhất?",Khu vực,Phản ánh,Cụm BTS-01,p01_b00114,2,3,0,False,1,Cụm BTS-01,p01_b00114,2,3,0,False,1,0,0.0,0,9,True
B-train-00327-q01,B-train-00327,argmax,"Trong bảng 2 ở trang 1, Nghiệp vụ nào có Bồi thường lớn nhất?",Nghiệp vụ,Bồi thường,Hàng hóa,p01_b00124,2,6,0,False,1,Hàng hóa,p01_b00124,2,6,0,False,1,6.396,6396.0,3,8,True
B-train-00327-q02,B-train-00327,argmax,"Trong bảng 1 ở trang 1, Khu vực nào có Kỳ trước lớn nhất?",Khu vực,Kỳ trước,Cụm BTS-01,p01_b00011,1,3,0,True,1,Cụm BTS-01,p01_b00011,1,3,0,True,1,9.332,9332.0,0,10,True
B-train-00327-q03,B-train-00327,argmin,"Trong bảng 2 ở trang 1, Nghiệp vụ nào có Phí bảo hiểm nhỏ nhất?",Nghiệp vụ,Phí bảo hiểm,Xe cơ giới,p01_b00151,2,9,0,False,1,Xe cơ giới,p01_b00151,2,9,0,False,1,588,588.0,6,8,True
B-train-00327-q07,B-train-00327,argmin,"Trong bảng 1 ở trang 1, Khu vực nào có Kỳ trước nhỏ nhất?",Khu vực,Kỳ trước,Khu vực miền núi,p01_b00042,1,7,0,False,2,Miền Nam,p01_b00050,1,8,0,False,1,1.553,1553.0,6,10,False
B-train-00328-q01,B-train-00328,argmax,"Trong bảng 1 ở trang 1, Điểm bán nào có Số đơn lớn nhất?",Điểm bán,Số đơn,Cửa hàng 01,p01_b00080,1,13,0,False,3,Cửa hàng 01,p01_b00080,1,13,0,False,3,3005,3005.0,10,15,True
B-train-00328-q02,B-train-00328,argmin,"Trong bảng 1 ở trang 1, Điểm bán nào có Giá trị bán nhỏ nhất?",Điểm bán,Giá trị bán,Siêu thị trung tâm,p01_b00059,1,10,0,False,3,Siêu thị trung tâm,p01_b00059,1,10,0,False,3,17.731,17731.0,7,15,True
B-train-00328-q03,B-train-00328,argmin,"Trong bảng 1 ở trang 1, Điểm bán nào có Số đơn nhỏ nhất?",Điểm bán,Số đơn,Cửa hàng 02,p01_b00052,1,9,0,False,3,Cửa hàng 02,p01_b00052,1,9,0,False,3,92,92.0,6,15,True
B-train-00328-q04,B-train-00328,argmax,"Trong bảng 1 ở trang 1, Điểm bán nào có Giá trị bán lớn nhất?",Điểm bán,Giá trị bán,Cửa hàng 01,p01_b00080,1,13,0,False,3,Cửa hàng 01,p01_b00080,1,13,0,False,3,2.545.235,2545235.0,10,15,True
B-train-00329-q02,B-train-00329,argmin,"Trong bảng 1 ở trang 1, Điểm đến nào có Kế hoạch năm nhỏ nhất?",Điểm đến,Kế hoạch năm,Phố cổ Hội An,p01_b00153,1,19,0,False,4,Phố cổ Hội An,p01_b00153,1,19,0,False,4,1.357,1357.0,16,17,True
B-train-00329-q04,B-train-00329,argmax,"Trong bảng 1 ở trang 1, Điểm đến nào có Kế hoạch năm lớn nhất?",Điểm đến,Kế hoạch năm,Phố cổ Hội An,p01_b00021,1,4,0,True,4,Phố cổ Hội An,p01_b00021,1,4,0,True,4,9.538,9538.0,1,17,True
B-train-00329-q10,B-train-00329,argmin,"Trong bảng 1 ở trang 1, Điểm đến nào có Kỳ trước nhỏ nhất?",Điểm đến,Kỳ trước,Vịnh Hạ Long,p01_b00057,1,8,0,False,3,Vịnh Hạ Long,p01_b00057,1,8,0,False,3,952,952.0,5,17,True
B-train-00330-q02,B-train-00330,argmin,"Trong bảng 1 ở trang 1, Khu vực nào có Tỷ trọng (%) nhỏ nhất?",Khu vực,Tỷ trọng (%),Khu vực miền núi,p01_b00120,1,17,0,False,3,Khu vực miền núi,p01_b00120,1,17,0,False,3,"0,9%",0.9,14,16,True
B-train-00330-q04,B-train-00330,argmax,"Trong bảng 1 ở trang 1, Khu vực nào có Kỳ này lớn nhất?",Khu vực,Kỳ này,Cụm BTS-01,p01_b00011,1,3,0,False,4,Cần Thơ,p01_b00019,1,4,0,False,1,9.091,9091.0,2,16,False
B-train-00330-q06,B-train-00330,argmax,"Trong bảng 1 ở trang 1, Khu vực nào có Lưu lượng lớn nhất?",Khu vực,Lưu lượng,Khu vực ven biển,p01_b00065,1,10,0,False,2,Khu vực ven biển,p01_b00065,1,10,0,False,2,97.922,97922.0,7,16,True
B-train-00330-q08,B-train-00330,argmin,"Trong bảng 1 ở trang 1, Khu vực nào có Kỳ này nhỏ nhất?",Khu vực,Kỳ này,Cụm BTS-02,p01_b00096,1,14,0,False,2,Cụm BTS-02,p01_b00096,1,14,0,False,2,268,268.0,11,16,True
B-train-00331-q01,B-train-00331,argmin,"Trong bảng 1 ở trang 1, Kho/điểm nào có Tồn cuối nhỏ nhất?",Kho/điểm,Tồn cuối,Kho Cần Thơ,p01_b00030,1,6,0,False,2,Đà Nẵng,p01_b00050,1,9,0,True,1,83,83.0,7,11,False
B-train-00331-q08,B-train-00331,argmax,"Trong bảng 2 ở trang 1, Nhóm chế độ nào có Kỳ trước lớn nhất?",Nhóm chế độ,Kỳ trước,Tai nạn lao động,p01_b00124,2,7,0,False,1,Hưu trí Đã đối chiếu,p01_b00132,2,8,0,True,1,9.417,9417.0,5,8,False
B-train-00331-q10,B-train-00331,argmax,"Trong bảng 1 ở trang 1, Kho/điểm nào có Tồn cuối lớn nhất?",Kho/điểm,Tồn cuối,Kho Cần Thơ,p01_b00063,1,11,0,False,2,Kho Hà Nội,p01_b00010,1,3,0,False,2,923,923.0,0,11,False
B-train-00332-q01,B-train-00332,argmax,"Trong bảng 1 ở trang 1, Địa bàn nào có Diện tích (ha) lớn nhất?",Địa bàn,Diện tích (ha),Cần Thơ,p01_b00105,1,15,0,True,2,Cần Thơ,p01_b00105,1,15,0,True,2,879,879.0,12,18,True
B-train-00332-q07,B-train-00332,argmin,"Trong bảng 1 ở trang 1, Địa bàn nào có Sản lượng (tấn) nhỏ nhất?",Địa bàn,Sản lượng (tấn),Đồng Nai,p01_b00043,1,7,0,False,2,Đồng Nai,p01_b00043,1,7,0,False,2,180,180.0,4,18,True
B-train-00332-q09,B-train-00332,argmin,"Trong bảng 1 ở trang 1, Địa bàn nào có Diện tích (ha) nhỏ nhất?",Địa bàn,Diện tích (ha),Đồng Nai,p01_b00043,1,7,0,False,3,Đồng Nai,p01_b00043,1,7,0,False,3,20,20.0,4,18,True
B-train-00333-q02,B-train-00333,argmax,"Trong bảng 1 ở trang 1, Trạm nào có Kỳ này lớn nhất?",Trạm,Kỳ này,Trạm Nam Sông,p01_b00058,1,10,0,False,2,Trạm Nam Sông,p01_b00058,1,10,0,False,2,9.431,9431.0,7,16,True
B-train-00333-q04,B-train-00333,argmin,"Trong bảng 1 ở trang 1, Trạm nào có Công suất đỉnh nhỏ nhất?",Trạm,Công suất đỉnh,Trạm Nam Sông,p01_b00024,1,5,0,False,3,Trạm Nam Sông,p01_b00024,1,5,0,False,3,232,232.0,2,16,True
B-train-00333-q05,B-train-00333,argmax,"Trong bảng 1 ở trang 1, Trạm nào có Kỳ trước lớn nhất?",Trạm,Kỳ trước,Trạm 220kV Trung,p01_b00017,1,4,0,True,2,Trạm 220kV Trung,p01_b00017,1,4,0,True,2,8.232,8232.0,1,16,True
B-train-00333-q06,B-train-00333,argmin,"Trong bảng 1 ở trang 1, Trạm nào có Kỳ trước nhỏ nhất?",Trạm,Kỳ trước,Trạm Nam Sông,p01_b00058,1,10,0,False,3,Trạm Nam Sông,p01_b00058,1,10,0,False,3,575,575.0,7,16,True
B-train-00334-q03,B-train-00334,argmin,"Trong bảng 1 ở trang 1, Khoa nào có Nhập viện nhỏ nhất?",Khoa,Nhập viện,Cần Thơ,p01_b00043,1,8,0,False,1,Cần Thơ,p01_b00043,1,8,0,False,1,11,11.0,5,15,True
B-train-00334-q06,B-train-00334,argmin,"Trong bảng 1 ở trang 1, Khoa nào có Chuyển tuyến nhỏ nhất?",Khoa,Chuyển tuyến,Nhi,p01_b00105,1,17,0,False,3,Nhi,p01_b00105,1,17,0,False,3,0,0.0,14,15,True
B-train-00334-q10,B-train-00334,argmax,"Trong bảng 1 ở trang 1, Khoa nào có Nhập viện lớn nhất?",Khoa,Nhập viện,Nội tổng hợp,p01_b00010,1,3,0,False,2,Nội tổng hợp,p01_b00010,1,3,0,False,2,54,54.0,0,15,True
B-train-00335-q01,B-train-00335,argmax,"Trong bảng 1 ở trang 1, Phòng ban nào có Kỳ trước lớn nhất?",Phòng ban,Kỳ trước,Hành chính,p01_b00089,1,13,0,False,3,Khánh Hòa,p01_b00074,1,11,0,False,1,7.923,7923.0,9,17,False
B-train-00335-q05,B-train-00335,argmin,"Trong bảng 1 ở trang 1, Phòng ban nào có Hiện có nhỏ nhất?",Phòng ban,Hiện có,Kế toán,p01_b00112,1,16,0,False,3,Kế toán,p01_b00112,1,16,0,False,3,2,2.0,13,17,True
B-train-00335-q08,B-train-00335,argmin,"Trong bảng 1 ở trang 1, Phòng ban nào có Tỷ trọng (%) nhỏ nhất?",Phòng ban,Tỷ trọng (%),Vận hành,p01_b00120,1,17,0,False,2,Vận hành,p01_b00120,1,17,0,False,2,"3,5%",3.5,14,17,True
B-train-00335-q10,B-train-00335,argmax,"Trong bảng 1 ở trang 1, Phòng ban nào có Tỷ trọng (%) lớn nhất?",Phòng ban,Tỷ trọng (%),Hành chính,p01_b00043,1,7,0,False,3,Hành chính,p01_b00043,1,7,0,False,3,"33,9%",33.9,4,17,True
B-train-00336-q01,B-train-00336,argmin,"Trong bảng 1 ở trang 1, Chi nhánh nào có Tăng trưởng nhỏ nhất?",Chi nhánh,Tăng trưởng,Miền Bắc,p01_b00058,1,10,0,False,1,Miền Bắc,p01_b00058,1,10,0,False,1,"1,2%",1.2,7,14,True
B-train-00336-q04,B-train-00336,argmax,"Trong bảng 1 ở trang 1, Chi nhánh nào có Huy động lớn nhất?",Chi nhánh,Huy động,Cần Thơ 02,p01_b00037,1,7,0,False,2,Cần Thơ 02,p01_b00037,1,7,0,False,2,10.140,10140.0,4,14,True
B-train-00336-q07,B-train-00336,argmin,"Trong bảng 1 ở trang 1, Chi nhánh nào có Nợ quá hạn nhỏ nhất?",Chi nhánh,Nợ quá hạn,Hà Nội 01,p01_b00077,1,13,0,False,3,Hà Nội 01,p01_b00077,1,13,0,False,3,0,0.0,10,14,True
B-train-00336-q09,B-train-00336,argmax,"Trong bảng 1 ở trang 1, Chi nhánh nào có Tăng trưởng lớn nhất?",Chi nhánh,Tăng trưởng,Hải Phòng 02,p01_b00017,1,4,0,False,3,Hải Phòng 02,p01_b00017,1,4,0,False,3,"17,5%",17.5,1,14,True
B-train-00337-q06,B-train-00337,argmin,"Trong bảng 1 ở trang 1, Đơn vị nào có Đạt nhỏ nhất?",Đơn vị,Đạt,THPT Lê Quý Đôn,p01_b00016,1,4,0,False,2,THPT Lê Quý Đôn,p01_b00016,1,4,0,False,2,22,22.0,1,10,True
B-train-00337-q09,B-train-00337,argmin,"Trong bảng 2 ở trang 1, Đơn vị nào có Thí sinh nhỏ nhất?",Đơn vị,Thí sinh,THPT Chu Văn An,p01_b00118,2,7,0,False,1,THPT Chu Văn An,p01_b00118,2,7,0,False,1,25,25.0,4,9,True
B-train-00337-q10,B-train-00337,argmax,"Trong bảng 1 ở trang 1, Đơn vị nào có Kỳ này lớn nhất?",Đơn vị,Kỳ này,THPT Nguyễn Trãi,p01_b00043,1,8,0,False,2,THPT Nguyễn Trãi,p01_b00043,1,8,0,False,2,7.950,7950.0,5,10,True
B-train-00338-q02,B-train-00338,argmin,"Trong bảng 1 ở trang 1, Dự án nào có Tỷ trọng (%) nhỏ nhất?",Dự án,Tỷ trọng (%),Cầu Đông Thành,p01_b00099,1,13,0,False,3,Cầu Đông Thành,p01_b00099,1,13,0,False,3,"2,7%",2.7,10,12,True
B-train-00338-q09,B-train-00338,argmax,"Trong bảng 1 ở trang 1, Dự án nào có Tiến độ lớn nhất?",Dự án,Tiến độ,Đồng bằng sông Cửu Long,p01_b00037,1,6,0,False,1,Đồng bằng sông Cửu Long,p01_b00037,1,6,0,False,1,"85,9%",85.9,3,12,True
B-train-00338-q10,B-train-00338,argmax,"Trong bảng 1 ở trang 1, Dự án nào có Kỳ trước lớn nhất?",Dự án,Kỳ trước,Cầu Đông Thành,p01_b00012,1,3,0,False,3,Cầu Đông Thành,p01_b00012,1,3,0,False,3,9.391,9391.0,0,12,True
B-train-00339-q04,B-train-00339,argmax,"Trong bảng 1 ở trang 1, Khu vực nào có Tỷ lệ lớn nhất?",Khu vực,Tỷ lệ,Miền Nam,p01_b00056,1,10,0,False,2,Miền Nam,p01_b00056,1,10,0,False,2,"139,3%",139.3,7,15,True
B-train-00339-q05,B-train-00339,argmax,"Trong bảng 1 ở trang 1, Khu vực nào có Chênh lệch lớn nhất?",Khu vực,Chênh lệch,Miền Bắc,p01_b00010,1,3,0,False,3,Miền Bắc,p01_b00010,1,3,0,False,3,860,860.0,0,15,True
B-train-00339-q07,B-train-00339,argmin,"Trong bảng 1 ở trang 1, Khu vực nào có Chênh lệch nhỏ nhất?",Khu vực,Chênh lệch,Đồng bằng sông Cửu Long,p01_b00035,1,7,0,False,3,Hà Nội,p01_b00023,1,5,0,False,1,-540,-540.0,3,15,False
B-train-00339-q10,B-train-00339,argmin,"Trong bảng 1 ở trang 1, Khu vực nào có Tỷ lệ nhỏ nhất?",Khu vực,Tỷ lệ,Miền Bắc,p01_b00042,1,8,0,False,2,Hà Nội,p01_b00023,1,5,0,False,1,"49,1%",49.1,3,15,False
B-train-00340-q06,B-train-00340,argmax,"Trong bảng 1 ở trang 1, Khu vực nào có Lưu lượng lớn nhất?",Khu vực,Lưu lượng,Khu vực ven biển,p01_b00030,1,5,0,False,3,Khu vực ven biển,p01_b00030,1,5,0,False,3,78.137,78137.0,2,13,True
B-train-00340-q08,B-train-00340,argmax,"Trong bảng 1 ở trang 2, Khu vực nào có Lũy kế lớn nhất?",Khu vực,Lũy kế,Cụm BTS-02,p02_b00039,1,6,0,False,2,Cụm BTS-02,p02_b00039,1,6,0,False,2,9.056,9056.0,3,13,True
B-train-00340-q09,B-train-00340,argmin,"Trong bảng 1 ở trang 2, Khu vực nào có Lưu lượng nhỏ nhất?",Khu vực,Lưu lượng,Khu vực miền núi,p02_b00111,1,14,0,False,3,Khu vực miền núi,p02_b00111,1,14,0,False,3,5.164,5164.0,11,13,True
B-train-00341-q04,B-train-00341,argmax,"Trong bảng 2 ở trang 1, Dự án nào có Giải ngân lớn nhất?",Dự án,Giải ngân,Khánh Hòa,p01_b00106,2,7,0,False,1,Trường liên cấp,p01_b00126,2,10,0,False,2,24.803,24803.0,7,8,False
B-train-00341-q06,B-train-00341,argmax,"Trong bảng 1 ở trang 1, Khu vực nào có Tỷ lệ rớt cuộc lớn nhất?",Khu vực,Tỷ lệ rớt cuộc,Đồng bằng sông Cửu Long,p01_b00030,1,6,0,False,1,Đồng bằng sông Cửu Long,p01_b00030,1,6,0,False,1,"3,3%",3.3,3,9,True
B-train-00341-q07,B-train-00341,argmin,"Trong bảng 1 ở trang 1, Khu vực nào có Tỷ lệ rớt cuộc nhỏ nhất?",Khu vực,Tỷ lệ rớt cuộc,Cụm BTS-01,p01_b00042,1,8,0,False,2,Cụm BTS-01,p01_b00042,1,8,0,False,2,"0,8%",0.8,5,9,True
B-train-00341-q09,B-train-00341,argmin,"Trong bảng 2 ở trang 1, Dự án nào có Giải ngân nhỏ nhất?",Dự án,Giải ngân,Trường liên cấp,p01_b00093,2,5,0,False,2,Trường liên cấp,p01_b00093,2,5,0,False,2,2.150,2150.0,2,8,True
B-train-00342-q01,B-train-00342,argmax,"Trong bảng 1 ở trang 1, Tuyến nào có Đúng giờ lớn nhất?",Tuyến,Đúng giờ,Hà Nội – Hải Phòng,p01_b00012,1,3,0,False,3,Hà Nội – Hải Phòng,p01_b00012,1,3,0,False,3,"98,9%",98.9,0,12,True
B-train-00342-q04,B-train-00342,argmin,"Trong bảng 1 ở trang 1, Tuyến nào có Đúng giờ nhỏ nhất?",Tuyến,Đúng giờ,Đà Nẵng – Huế,p01_b00021,1,4,0,False,3,Đà Nẵng – Huế,p01_b00021,1,4,0,False,3,"82,7%",82.7,1,12,True
B-train-00342-q05,B-train-00342,argmin,"Trong bảng 1 ở trang 1, Tuyến nào có Hành khách nhỏ nhất?",Tuyến,Hành khách,Đà Nẵng – Huế,p01_b00054,1,8,0,False,3,Đà Nẵng – Huế,p01_b00054,1,8,0,False,3,200,200.0,5,12,True
B-train-00343-q01,B-train-00343,argmax,"Trong bảng 1 ở trang 1, Tuyến nào có Kế hoạch năm lớn nhất?",Tuyến,Kế hoạch năm,Miền Bắc,p01_b00012,1,3,0,False,1,Miền Bắc,p01_b00012,1,3,0,False,1,9.022,9022.0,0,18,True
B-train-00343-q04,B-train-00343,argmin,"Trong bảng 1 ở trang 1, Tuyến nào có Đúng giờ nhỏ nhất?",Tuyến,Đúng giờ,Miền Bắc,p01_b00012,1,3,0,False,1,Miền Bắc,p01_b00012,1,3,0,False,1,"84,0%",84.0,0,18,True
B-train-00343-q07,B-train-00343,argmax,"Trong bảng 1 ở trang 1, Tuyến nào có Tỷ trọng (%) lớn nhất?",Tuyến,Tỷ trọng (%),Hà Nội – Hải Phòng,p01_b00153,1,19,0,False,4,Hà Nội – Hải Phòng,p01_b00153,1,19,0,False,4,"30,9%",30.9,16,18,True
B-train-00343-q09,B-train-00343,argmin,"Trong bảng 1 ở trang 1, Tuyến nào có Kế hoạch năm nhỏ nhất?",Tuyến,Kế hoạch năm,Nha Trang – Đà Lạt,p01_b00145,1,18,0,False,4,Nha Trang – Đà Lạt,p01_b00145,1,18,0,False,4,336,336.0,15,18,True
B-train-00344-q05,B-train-00344,argmin,"Trong bảng 1 ở trang 1, Phòng ban nào có Hiện có nhỏ nhất?",Phòng ban,Hiện có,Chăm sóc khách hàng,p01_b00044,1,8,0,False,1,Chăm sóc khách hàng,p01_b00044,1,8,0,False,1,10,10.0,5,13,True
B-train-00344-q06,B-train-00344,argmin,"Trong bảng 1 ở trang 1, Phòng ban nào có Thiếu/thừa nhỏ nhất?",Phòng ban,Thiếu/thừa,Kinh doanh,p01_b00010,1,3,0,True,3,Kinh doanh,p01_b00010,1,3,0,True,3,-8,-8.0,0,13,True
B-train-00344-q10,B-train-00344,argmax,"Trong bảng 1 ở trang 1, Phòng ban nào có Thiếu/thừa lớn nhất?",Phòng ban,Thiếu/thừa,Vận hành,p01_b00064,1,11,0,False,2,Miền Trung,p01_b00078,1,13,0,False,1,+4,4.0,11,13,False
B-train-00345-q01,B-train-00345,argmax,"Trong bảng 1 ở trang 1, Nghiệp vụ nào có Tỷ lệ lớn nhất?",Nghiệp vụ,Tỷ lệ,Tai nạn con người,p01_b00091,1,12,0,False,1,Tai nạn con người,p01_b00091,1,12,0,False,1,"68,7%",68.7,9,13,True
B-train-00345-q03,B-train-00345,argmax,"Trong bảng 1 ở trang 1, Nghiệp vụ nào có Phí bảo hiểm lớn nhất?",Nghiệp vụ,Phí bảo hiểm,Tài sản,p01_b00030,1,5,0,False,3,Tài sản,p01_b00030,1,5,0,False,3,12.630,12630.0,2,13,True
B-train-00345-q05,B-train-00345,argmin,"Trong bảng 1 ở trang 1, Nghiệp vụ nào có Bồi thường nhỏ nhất?",Nghiệp vụ,Bồi thường,Sức khỏe,p01_b00100,1,13,0,False,2,Hàng hóa,p01_b00038,1,6,0,False,2,29,29.0,3,13,False
B-train-00345-q09,B-train-00345,argmin,"Trong bảng 1 ở trang 1, Nghiệp vụ nào có Phí bảo hiểm nhỏ nhất?",Nghiệp vụ,Phí bảo hiểm,Hàng hóa,p01_b00082,1,11,0,False,2,Hàng hóa,p01_b00082,1,11,0,False,2,843,843.0,8,13,True
B-train-00346-q01,B-train-00346,argmax,"Trong bảng 1 ở trang 1, Dự án nào có Tiến độ lớn nhất?",Dự án,Tiến độ,Cầu Đông Thành,p01_b00056,1,8,0,False,3,Cầu Đông Thành,p01_b00056,1,8,0,False,3,"98,3%",98.3,5,14,True
B-train-00346-q02,B-train-00346,argmin,"Trong bảng 1 ở trang 1, Dự án nào có Giải ngân nhỏ nhất?",Dự án,Giải ngân,Trường liên cấp,p01_b00074,1,10,0,False,3,Trường liên cấp,p01_b00074,1,10,0,False,3,1.139,1139.0,7,14,True
B-train-00347-q04,B-train-00347,argmax,"Trong bảng 1 ở trang 2, Khoa nào có Kế hoạch năm lớn nhất?",Khoa,Kế hoạch năm,Nội tổng hợp,p02_b00051,1,9,0,False,2,Nội tổng hợp,p02_b00051,1,9,0,False,2,8.915,8915.0,6,12,True
B-train-00348-q02,B-train-00348,argmin,"Trong bảng 2 ở trang 1, Địa bàn nào có Sản lượng (tấn) nhỏ nhất?",Địa bàn,Sản lượng (tấn),Đồng Nai,p01_b00147,2,7,0,False,1,Đồng Nai,p01_b00147,2,7,0,False,1,672,672.0,4,10,True
B-train-00348-q09,B-train-00348,argmax,"Trong bảng 1 ở trang 1, Phòng ban nào có Tỷ trọng (%) lớn nhất?",Phòng ban,Tỷ trọng (%),Công nghệ,p01_b00035,1,6,0,True,1,Công nghệ,p01_b00035,1,6,0,True,1,"37,0%",37.0,3,12,True
B-train-00349-q01,B-train-00349,argmax,"Trong bảng 2 ở trang 1, Điểm đến nào có Doanh thu lớn nhất?",Điểm đến,Doanh thu,Phú Quốc,p01_b00157,2,12,0,False,2,Vịnh Hạ Long Đã đối chiếu,p01_b00127,2,8,0,False,1,138.198,138198.0,5,10,False
B-train-00349-q02,B-train-00349,argmax,"Trong bảng 1 ở trang 1, Địa bàn nào có Diện tích (ha) lớn nhất?",Địa bàn,Diện tích (ha),Lâm Đồng,p01_b00050,1,9,0,False,1,Lâm Đồng,p01_b00050,1,9,0,False,1,895,895.0,6,10,True
B-train-00349-q05,B-train-00349,argmin,"Trong bảng 2 ở trang 1, Điểm đến nào có Khách nội địa nhỏ nhất?",Điểm đến,Khách nội địa,Nha Trang,p01_b00111,2,6,0,False,1,Nha Trang,p01_b00111,2,6,0,False,1,6.689,6689.0,3,10,True
B-train-00349-q10,B-train-00349,argmin,"Trong bảng 2 ở trang 1, Điểm đến nào có Công suất phòng nhỏ nhất?",Điểm đến,Công suất phòng,Đà Lạt,p01_b00103,2,5,0,False,1,Đà Lạt,p01_b00103,2,5,0,False,1,"56,0%",56.0,2,10,True
B-train-00350-q02,B-train-00350,argmax,"Trong bảng 1 ở trang 1, Khu vực nào có Tỷ lệ lớn nhất?",Khu vực,Tỷ lệ,Miền Trung,p01_b00017,1,4,0,False,2,Miền Trung,p01_b00017,1,4,0,False,2,"165,7%",165.7,1,13,True
B-train-00350-q03,B-train-00350,argmin,"Trong bảng 1 ở trang 1, Khu vực nào có Chênh lệch nhỏ nhất?",Khu vực,Chênh lệch,Tây Nguyên,p01_b00031,1,6,0,True,2,Tây Nguyên,p01_b00031,1,6,0,True,2,-510,-510.0,3,13,True
B-train-00350-q05,B-train-00350,argmin,"Trong bảng 1 ở trang 1, Khu vực nào có Thực hiện nhỏ nhất?",Khu vực,Thực hiện,Miền Nam,p01_b00024,1,5,0,False,3,Miền Bắc,p01_b00044,1,8,0,False,3,1.710,1710.0,6,13,False
B-train-00350-q07,B-train-00350,argmax,"Trong bảng 1 ở trang 1, Khu vực nào có Thực hiện lớn nhất?",Khu vực,Thực hiện,Đồng bằng sông Cửu Long,p01_b00070,1,12,0,False,2,Đồng bằng sông Cửu Long,p01_b00070,1,12,0,False,2,5.380,5380.0,9,13,True
B-train-00351-q01,B-train-00351,argmax,"Trong bảng 2 ở trang 1, Điểm đến nào có Công suất phòng lớn nhất?",Điểm đến,Công suất phòng,Đà Nẵng,p01_b00129,2,9,0,False,1,Đà Nẵng,p01_b00129,2,9,0,False,1,"94,1%",94.1,6,9,True
B-train-00351-q02,B-train-00351,argmax,"Trong bảng 2 ở trang 1, Điểm đến nào có Doanh thu lớn nhất?",Điểm đến,Doanh thu,Phú Quốc,p01_b00113,2,7,0,False,1,Phú Quốc,p01_b00113,2,7,0,False,1,138.528,138528.0,4,9,True
B-train-00351-q04,B-train-00351,argmin,"Trong bảng 1 ở trang 1, Chi nhánh nào có Kế hoạch năm nhỏ nhất?",Chi nhánh,Kế hoạch năm,Hà Nội 01,p01_b00010,1,3,0,True,2,Hà Nội 01,p01_b00010,1,3,0,True,2,664,664.0,0,9,True
B-train-00351-q06,B-train-00351,argmin,"Trong bảng 2 ở trang 1, Điểm đến nào có Công suất phòng nhỏ nhất?",Điểm đến,Công suất phòng,Nha Trang,p01_b00105,2,6,0,True,2,Nha Trang,p01_b00105,2,6,0,True,2,"49,4%",49.4,3,9,True
B-train-00352-q03,B-train-00352,argmax,"Trong bảng 2 ở trang 1, Điểm đến nào có Doanh thu lớn nhất?",Điểm đến,Doanh thu,Phố cổ Hội An,p01_b00098,2,4,0,False,1,Phố cổ Hội An,p01_b00098,2,4,0,False,1,191.664,191664.0,1,8,True
B-train-00352-q04,B-train-00352,argmin,"Trong bảng 1 ở trang 1, Khu vực nào có Thực hiện nhỏ nhất?",Khu vực,Thực hiện,Đồng bằng sông Cửu Long,p01_b00047,1,7,0,False,1,Miền Bắc Đã đối chiếu,p01_b00055,1,8,0,False,1,660,660.0,5,8,False
B-train-00352-q07,B-train-00352,argmax,"Trong bảng 1 ở trang 1, Khu vực nào có Tỷ lệ lớn nhất?",Khu vực,Tỷ lệ,Miền Nam,p01_b00029,1,5,0,False,2,Miền Nam,p01_b00029,1,5,0,False,2,"143,4%",143.4,2,8,True
B-train-00353-q03,B-train-00353,argmax,"Trong bảng 1 ở trang 1, Mã hàng nào có Tồn đầu lớn nhất?",Mã hàng,Tồn đầu,VT941,p01_b00090,1,12,0,False,1,VT941,p01_b00090,1,12,0,False,1,178,178.0,9,15,True
B-train-00353-q04,B-train-00353,argmin,"Trong bảng 1 ở trang 1, Mã hàng nào có Lũy kế nhỏ nhất?",Mã hàng,Lũy kế,VT507,p01_b00081,1,11,0,False,1,VT507,p01_b00081,1,11,0,False,1,411,411.0,8,15,True
B-train-00353-q05,B-train-00353,argmin,"Trong bảng 1 ở trang 1, Mã hàng nào có Kế hoạch năm nhỏ nhất?",Mã hàng,Kế hoạch năm,VT608,p01_b00126,1,16,0,True,1,VT608,p01_b00126,1,16,0,True,1,393,393.0,13,15,True
B-train-00353-q08,B-train-00353,argmax,"Trong bảng 1 ở trang 1, Mã hàng nào có Nhập lớn nhất?",Mã hàng,Nhập,VT725,p01_b00099,1,13,0,False,1,VT725,p01_b00099,1,13,0,False,1,112,112.0,10,15,True
B-train-00354-q05,B-train-00354,argmin,"Trong bảng 1 ở trang 1, Đơn vị nào có Lũy kế nhỏ nhất?",Đơn vị,Lũy kế,THPT Trần Phú,p01_b00073,1,10,0,False,3,THPT Trần Phú,p01_b00073,1,10,0,False,3,231,231.0,7,17,True
B-train-00354-q08,B-train-00354,argmax,"Trong bảng 1 ở trang 1, Đơn vị nào có Tỷ trọng (%) lớn nhất?",Đơn vị,Tỷ trọng (%),THPT Trần Phú,p01_b00073,1,10,0,False,3,THPT Trần Phú,p01_b00073,1,10,0,False,3,"36,7%",36.7,7,17,True
B-train-00355-q01,B-train-00355,argmax,"Trong bảng 1 ở trang 1, Dự án nào có Kế hoạch năm lớn nhất?",Dự án,Kế hoạch năm,Miền Bắc,p01_b00048,1,7,0,False,1,Miền Bắc,p01_b00048,1,7,0,False,1,4.741,4741.0,5,9,True
B-train-00355-q03,B-train-00355,argmin,"Trong bảng 1 ở trang 1, Dự án nào có Giá trị hợp đồng nhỏ nhất?",Dự án,Giá trị hợp đồng,Trường liên cấp,p01_b00030,1,5,0,True,1,Đường vành đai Đã đối chiếu,p01_b00021,1,4,0,False,1,1.600,1600.0,1,9,False
B-train-00355-q05,B-train-00355,argmax,"Trong bảng 2 ở trang 1, Điểm quan trắc nào có pH lớn nhất?",Điểm quan trắc,pH,Đà Nẵng,p01_b00107,2,4,0,False,1,Đà Nẵng,p01_b00107,2,4,0,False,1,"7,99",7.99,2,9,True
B-train-00355-q10,B-train-00355,argmin,"Trong bảng 2 ở trang 1, Điểm quan trắc nào có COD nhỏ nhất?",Điểm quan trắc,COD,Sông Hồng,p01_b00100,2,3,0,False,2,Sông Hồng,p01_b00100,2,3,0,False,2,14,14.0,0,9,True
B-train-00356-q01,B-train-00356,argmax,"Trong bảng 1 ở trang 1, Điểm quan trắc nào có Kỳ này lớn nhất?",Điểm quan trắc,Kỳ này,Sông Hồng,p01_b00079,1,13,0,False,4,Sông Hồng,p01_b00079,1,13,0,False,4,8.883,8883.0,10,17,True
B-train-00356-q06,B-train-00356,argmin,"Trong bảng 1 ở trang 1, Điểm quan trắc nào có COD nhỏ nhất?",Điểm quan trắc,COD,KCN Long Thành,p01_b00030,1,6,0,False,2,KCN Long Thành,p01_b00030,1,6,0,False,2,10,10.0,3,17,True
B-train-00357-q03,B-train-00357,argmax,"Trong bảng 2 ở trang 1, Mã hàng nào có Nhập lớn nhất?",Mã hàng,Nhập,VT833,p01_b00169,2,13,0,False,1,VT833,p01_b00169,2,13,0,False,1,94,94.0,10,12,True
B-train-00357-q05,B-train-00357,argmin,"Trong bảng 2 ở trang 1, Mã hàng nào có Nhập nhỏ nhất?",Mã hàng,Nhập,VT784,p01_b00133,2,9,0,False,1,VT784,p01_b00133,2,9,0,False,1,27,27.0,6,12,True
B-train-00357-q08,B-train-00357,argmax,"Trong bảng 1 ở trang 1, Gói thầu nào có Giá trúng lớn nhất?",Gói thầu,Giá trúng,GT09,p01_b00063,1,11,0,False,1,GT09,p01_b00063,1,11,0,False,1,1.860,1860.0,8,9,True
B-train-00357-q10,B-train-00357,argmin,"Trong bảng 1 ở trang 1, Gói thầu nào có Giá trúng nhỏ nhất?",Gói thầu,Giá trúng,GT95,p01_b00010,1,3,0,True,1,GT95,p01_b00010,1,3,0,True,1,120,120.0,0,9,True
B-train-00358-q03,B-train-00358,argmin,"Trong bảng 2 ở trang 1, Khu vực nào có Lưu lượng nhỏ nhất?",Khu vực,Lưu lượng,Cụm BTS-02,p01_b00147,2,9,0,False,1,Cụm BTS-02,p01_b00147,2,9,0,False,1,12.177,12177.0,6,8,True
B-train-00358-q04,B-train-00358,argmax,"Trong bảng 2 ở trang 1, Khu vực nào có Thuê bao lớn nhất?",Khu vực,Thuê bao,Cụm BTS-02,p01_b00147,2,9,0,False,1,Cụm BTS-02,p01_b00147,2,9,0,False,1,41.422,41422.0,6,8,True
B-train-00358-q06,B-train-00358,argmax,"Trong bảng 2 ở trang 1, Khu vực nào có Phản ánh lớn nhất?",Khu vực,Phản ánh,Hà Nội,p01_b00101,2,3,0,False,1,Hà Nội,p01_b00101,2,3,0,False,1,76,76.0,0,8,True
B-train-00359-q01,B-train-00359,argmin,"Trong bảng 1 ở trang 1, Dự án nào có Giải ngân nhỏ nhất?",Dự án,Giải ngân,Cầu Đông Thành,p01_b00044,1,8,0,False,2,Cầu Đông Thành,p01_b00044,1,8,0,False,2,585,585.0,5,9,True
B-train-00359-q05,B-train-00359,argmin,"Trong bảng 2 ở trang 1, Nhóm chế độ nào có Đã giải quyết nhỏ nhất?",Nhóm chế độ,Đã giải quyết,Thất nghiệp,p01_b00119,2,9,0,False,1,Thất nghiệp,p01_b00119,2,9,0,False,1,202,202.0,6,9,True
B-train-00360-q01,B-train-00360,argmax,"Trong bảng 1 ở trang 1, Kho/điểm nào có Tồn cuối lớn nhất?",Kho/điểm,Tồn cuối,Kho Đà Nẵng,p01_b00097,1,14,0,False,3,Kho Đà Nẵng,p01_b00097,1,14,0,False,3,942,942.0,11,16,True
B-train-00360-q03,B-train-00360,argmin,"Trong bảng 1 ở trang 1, Kho/điểm nào có Kỳ này nhỏ nhất?",Kho/điểm,Kỳ này,Kho Hà Nội,p01_b00011,1,3,0,False,3,Kho Hà Nội,p01_b00011,1,3,0,False,3,491,491.0,0,16,True
B-train-00360-q05,B-train-00360,argmax,"Trong bảng 1 ở trang 1, Kho/điểm nào có Kỳ này lớn nhất?",Kho/điểm,Kỳ này,Kho trung chuyển,p01_b00120,1,17,0,False,2,Kho trung chuyển,p01_b00120,1,17,0,False,2,9.851,9851.0,14,16,True
B-train-00360-q09,B-train-00360,argmin,"Trong bảng 1 ở trang 1, Kho/điểm nào có Tồn cuối nhỏ nhất?",Kho/điểm,Tồn cuối,Hải Phòng,p01_b00082,1,12,0,True,1,Hải Phòng,p01_b00082,1,12,0,True,1,174,174.0,9,16,True
B-train-00361-q05,B-train-00361,argmin,"Trong bảng 1 ở trang 1, Chi nhánh nào có Tăng trưởng nhỏ nhất?",Chi nhánh,Tăng trưởng,Khánh Hòa 03,p01_b00075,1,11,0,False,2,Khánh Hòa 03,p01_b00075,1,11,0,False,2,"-0,8%",-0.8,8,13,True
B-train-00361-q07,B-train-00361,argmax,"Trong bảng 1 ở trang 1, Chi nhánh nào có Kỳ trước lớn nhất?",Chi nhánh,Kỳ trước,Khánh Hòa 03,p01_b00035,1,6,0,False,2,Khánh Hòa 03,p01_b00035,1,6,0,False,2,9.717,9717.0,3,13,True
B-train-00361-q09,B-train-00361,argmax,"Trong bảng 1 ở trang 2, Chi nhánh nào có Huy động lớn nhất?",Chi nhánh,Huy động,Khánh Hòa 03,p02_b00091,1,13,0,True,3,Khánh Hòa 03,p02_b00091,1,13,0,True,3,9.310,9310.0,10,14,True
B-train-00362-q04,B-train-00362,argmin,"Trong bảng 1 ở trang 1, Nghiệp vụ nào có Tỷ lệ nhỏ nhất?",Nghiệp vụ,Tỷ lệ,Xe cơ giới,p01_b00056,1,9,0,False,1,Xe cơ giới,p01_b00056,1,9,0,False,1,"3,9%",3.9,6,8,True
B-train-00362-q05,B-train-00362,argmin,"Trong bảng 1 ở trang 1, Nghiệp vụ nào có Bồi thường nhỏ nhất?",Nghiệp vụ,Bồi thường,Xe cơ giới,p01_b00056,1,9,0,False,1,Xe cơ giới,p01_b00056,1,9,0,False,1,134,134.0,6,8,True
B-train-00362-q07,B-train-00362,argmax,"Trong bảng 2 ở trang 1, Tuyến nào có Tỷ trọng (%) lớn nhất?",Tuyến,Tỷ trọng (%),Đà Nẵng,p01_b00145,2,11,0,False,1,Đà Nẵng,p01_b00145,2,11,0,False,1,"32,9%",32.9,8,11,True
B-train-00363-q04,B-train-00363,argmax,"Trong bảng 1 ở trang 1, Nhóm chế độ nào có Kỳ trước lớn nhất?",Nhóm chế độ,Kỳ trước,Hưu trí,p01_b00010,1,3,0,False,2,Hưu trí,p01_b00010,1,3,0,False,2,9.137,9137.0,0,13,True
B-train-00363-q05,B-train-00363,argmin,"Trong bảng 1 ở trang 1, Nhóm chế độ nào có Đã giải quyết nhỏ nhất?",Nhóm chế độ,Đã giải quyết,Ốm đau,p01_b00057,1,10,0,False,3,Ốm đau,p01_b00057,1,10,0,False,3,519,519.0,7,13,True
B-train-00363-q07,B-train-00363,argmax,"Trong bảng 1 ở trang 1, Nhóm chế độ nào có Đã giải quyết lớn nhất?",Nhóm chế độ,Đã giải quyết,Ốm đau,p01_b00091,1,15,0,True,3,Ốm đau,p01_b00091,1,15,0,True,3,2354,2354.0,12,13,True
B-train-00363-q09,B-train-00363,argmin,"Trong bảng 1 ở trang 1, Nhóm chế độ nào có Chi trả nhỏ nhất?",Nhóm chế độ,Chi trả,Hưu trí,p01_b00010,1,3,0,False,2,Hưu trí,p01_b00010,1,3,0,False,2,780,780.0,0,13,True
B-train-00364-q01,B-train-00364,argmin,"Trong bảng 1 ở trang 1, Kho/điểm nào có Tồn cuối nhỏ nhất?",Kho/điểm,Tồn cuối,Kho Hà Nội,p01_b00128,1,18,0,False,3,Kho Hà Nội,p01_b00128,1,18,0,False,3,49,49.0,15,16,True
B-train-00364-q06,B-train-00364,argmin,"Trong bảng 1 ở trang 1, Kho/điểm nào có Lũy kế nhỏ nhất?",Kho/điểm,Lũy kế,Kho Cần Thơ,p01_b00035,1,6,0,False,2,Kho Cần Thơ,p01_b00035,1,6,0,False,2,238,238.0,3,16,True
B-train-00365-q04,B-train-00365,argmax,"Trong bảng 1 ở trang 1, Điểm quan trắc nào có COD lớn nhất?",Điểm quan trắc,COD,Đồng bằng sông Cửu Long,p01_b00136,1,17,0,False,1,Đồng bằng sông Cửu Long,p01_b00136,1,17,0,False,1,94,94.0,14,17,True
B-train-00365-q08,B-train-00365,argmin,"Trong bảng 1 ở trang 1, Điểm quan trắc nào có Tỷ trọng (%) nhỏ nhất?",Điểm quan trắc,Tỷ trọng (%),Sông Hồng,p01_b00057,1,8,0,False,3,Sông Hồng,p01_b00057,1,8,0,False,3,"1,9%",1.9,5,17,True
B-train-00365-q09,B-train-00365,argmin,"Trong bảng 1 ở trang 1, Điểm quan trắc nào có Kỳ này nhỏ nhất?",Điểm quan trắc,Kỳ này,Đồng bằng sông Cửu Long,p01_b00136,1,17,0,False,1,Đồng bằng sông Cửu Long,p01_b00136,1,17,0,False,1,1.630,1630.0,14,17,True
B-train-00366-q02,B-train-00366,argmin,"Trong bảng 2 ở trang 1, Chi nhánh nào có Tăng trưởng nhỏ nhất?",Chi nhánh,Tăng trưởng,Đà Nẵng 01,p01_b00121,2,5,0,False,1,Đà Nẵng 01,p01_b00121,2,5,0,False,1,"0,4%",0.4,2,8,True
B-train-00366-q04,B-train-00366,argmax,"Trong bảng 1 ở trang 1, Trạm nào có Lũy kế lớn nhất?",Trạm,Lũy kế,Trạm Tây Đô,p01_b00064,1,11,0,False,2,Trạm Tây Đô,p01_b00064,1,11,0,False,2,9.009,9009.0,8,12,True
B-train-00366-q05,B-train-00366,argmin,"Trong bảng 1 ở trang 1, Trạm nào có Kỳ trước nhỏ nhất?",Trạm,Kỳ trước,Trạm Cao Nguyên,p01_b00037,1,7,0,False,1,Trạm Cao Nguyên,p01_b00037,1,7,0,False,1,164,164.0,4,12,True
B-train-00366-q09,B-train-00366,argmax,"Trong bảng 2 ở trang 1, Chi nhánh nào có Tỷ trọng (%) lớn nhất?",Chi nhánh,Tỷ trọng (%),Đồng Nai,p01_b00129,2,6,0,False,1,Đồng Nai,p01_b00129,2,6,0,False,1,"34,5%",34.5,3,8,True
B-train-00367-q05,B-train-00367,argmax,"Trong bảng 1 ở trang 1, Khoa nào có Kế hoạch năm lớn nhất?",Khoa,Kế hoạch năm,Nhi,p01_b00026,1,5,0,False,2,Nhi,p01_b00026,1,5,0,False,2,9.770,9770.0,2,13,True
B-train-00367-q06,B-train-00367,argmax,"Trong bảng 1 ở trang 1, Khoa nào có Nhập viện lớn nhất?",Khoa,Nhập viện,Nội tổng hợp,p01_b00011,1,3,0,False,3,Nội tổng hợp,p01_b00011,1,3,0,False,3,55,55.0,0,13,True
B-train-00367-q08,B-train-00367,argmin,"Trong bảng 1 ở trang 1, Khoa nào có Kỳ này nhỏ nhất?",Khoa,Kỳ này,Tai Mũi Họng,p01_b00050,1,8,0,False,1,Tai Mũi Họng,p01_b00050,1,8,0,False,1,592,592.0,5,13,True
B-train-00367-q09,B-train-00367,argmin,"Trong bảng 1 ở trang 1, Khoa nào có Lượt khám nhỏ nhất?",Khoa,Lượt khám,Tai Mũi Họng,p01_b00050,1,8,0,False,1,Nội tổng hợp,p01_b00104,1,15,0,False,3,69,69.0,12,13,False
B-train-00368-q03,B-train-00368,argmin,"Trong bảng 1 ở trang 1, Mã hàng nào có Tồn đầu nhỏ nhất?",Mã hàng,Tồn đầu,VT206,p01_b00049,1,9,0,False,1,VT206,p01_b00049,1,9,0,False,1,16,16.0,6,9,True
B-train-00368-q05,B-train-00368,argmax,"Trong bảng 1 ở trang 1, Mã hàng nào có Tồn đầu lớn nhất?",Mã hàng,Tồn đầu,VT740,p01_b00056,1,10,0,True,1,VT740,p01_b00056,1,10,0,True,1,160,160.0,7,9,True
B-train-00368-q06,B-train-00368,argmax,"Trong bảng 1 ở trang 1, Mã hàng nào có Nhập lớn nhất?",Mã hàng,Nhập,VT438,p01_b00063,1,11,0,False,1,VT438,p01_b00063,1,11,0,False,1,113,113.0,8,9,True
B-train-00369-q02,B-train-00369,argmax,"Trong bảng 1 ở trang 1, Điểm đến nào có Khách quốc tế lớn nhất?",Điểm đến,Khách quốc tế,Nha Trang,p01_b00031,1,6,0,False,1,Nha Trang,p01_b00031,1,6,0,False,1,6.370,6370.0,3,12,True
B-train-00369-q03,B-train-00369,argmin,"Trong bảng 1 ở trang 1, Điểm đến nào có Tỷ trọng (%) nhỏ nhất?",Điểm đến,Tỷ trọng (%),Nha Trang,p01_b00031,1,6,0,False,1,Nha Trang,p01_b00031,1,6,0,False,1,"3,7%",3.7,3,12,True
B-train-00369-q07,B-train-00369,argmax,"Trong bảng 1 ở trang 1, Điểm đến nào có Công suất phòng lớn nhất?",Điểm đến,Công suất phòng,Phú Quốc,p01_b00038,1,7,0,False,1,Phú Quốc,p01_b00038,1,7,0,False,1,"91,4%",91.4,4,12,True
B-train-00369-q09,B-train-00369,argmin,"Trong bảng 1 ở trang 1, Điểm đến nào có Khách quốc tế nhỏ nhất?",Điểm đến,Khách quốc tế,Vịnh Hạ Long,p01_b00078,1,13,0,False,3,Vịnh Hạ Long,p01_b00078,1,13,0,False,3,236,236.0,10,12,True
B-train-00370-q03,B-train-00370,argmin,"Trong bảng 1 ở trang 1, Khu vực nào có Lưu lượng nhỏ nhất?",Khu vực,Lưu lượng,Khu vực đô thị,p01_b00035,1,6,0,False,3,Khu vực đô thị,p01_b00035,1,6,0,False,3,7.140,7140.0,3,14,True
B-train-00370-q04,B-train-00370,argmax,"Trong bảng 1 ở trang 1, Khu vực nào có Kỳ này lớn nhất?",Khu vực,Kỳ này,Khu vực đô thị,p01_b00035,1,6,0,False,3,Khu vực đô thị,p01_b00035,1,6,0,False,3,6.807,6807.0,3,14,True
B-train-00370-q08,B-train-00370,argmin,"Trong bảng 1 ở trang 1, Khu vực nào có Lũy kế nhỏ nhất?",Khu vực,Lũy kế,Cụm BTS-01,p01_b00090,1,13,0,False,3,Cụm BTS-01,p01_b00090,1,13,0,False,3,337,337.0,10,14,True
B-train-00370-q09,B-train-00370,argmax,"Trong bảng 1 ở trang 2, Khu vực nào có Tỷ lệ rớt cuộc lớn nhất?",Khu vực,Tỷ lệ rớt cuộc,Cụm BTS-01,p02_b00098,1,14,0,False,3,Cụm BTS-01,p02_b00098,1,14,0,False,3,"3,6%",3.6,11,15,True
B-train-00371-q01,B-train-00371,argmax,"Trong bảng 1 ở trang 1, Điểm đến nào có Kỳ này lớn nhất?",Điểm đến,Kỳ này,Phú Quốc,p01_b00135,1,17,0,False,3,Phú Quốc,p01_b00135,1,17,0,False,3,9.110,9110.0,14,18,True
B-train-00371-q05,B-train-00371,argmin,"Trong bảng 1 ở trang 1, Điểm đến nào có Công suất phòng nhỏ nhất?",Điểm đến,Công suất phòng,Phố cổ Hội An,p01_b00064,1,9,0,False,3,Phố cổ Hội An,p01_b00064,1,9,0,False,3,"51,0%",51.0,6,18,True
B-train-00371-q06,B-train-00371,argmax,"Trong bảng 1 ở trang 1, Điểm đến nào có Doanh thu lớn nhất?",Điểm đến,Doanh thu,Đà Lạt,p01_b00117,1,15,0,False,2,Đà Lạt,p01_b00117,1,15,0,False,2,195.909,195909.0,12,18,True
B-train-00371-q09,B-train-00371,argmin,"Trong bảng 1 ở trang 1, Điểm đến nào có Lũy kế nhỏ nhất?",Điểm đến,Lũy kế,Vịnh Hạ Long,p01_b00055,1,8,0,False,4,Vịnh Hạ Long,p01_b00055,1,8,0,False,4,292,292.0,5,18,True
B-train-00372-q02,B-train-00372,argmax,"Trong bảng 1 ở trang 1, Phòng ban nào có Kế hoạch năm lớn nhất?",Phòng ban,Kế hoạch năm,Chăm sóc khách hàng,p01_b00050,1,8,0,False,2,Chăm sóc khách hàng,p01_b00050,1,8,0,False,2,9.720,9720.0,5,13,True
B-train-00372-q03,B-train-00372,argmin,"Trong bảng 1 ở trang 1, Phòng ban nào có Định biên nhỏ nhất?",Phòng ban,Định biên,Vận hành,p01_b00026,1,5,0,False,1,Công nghệ,p01_b00034,1,6,0,False,2,8,8.0,3,13,False
B-train-00372-q09,B-train-00372,argmin,"Trong bảng 1 ở trang 1, Phòng ban nào có Tỷ trọng (%) nhỏ nhất?",Phòng ban,Tỷ trọng (%),Chăm sóc khách hàng,p01_b00050,1,8,0,False,2,Chăm sóc khách hàng,p01_b00050,1,8,0,False,2,"9,2%",9.2,5,13,True
B-train-00373-q02,B-train-00373,argmax,"Trong bảng 2 ở trang 1, Khu vực nào có Phản ánh lớn nhất?",Khu vực,Phản ánh,Cụm BTS-01,p01_b00091,2,3,0,True,2,Hà Nội,p01_b00097,2,4,0,False,1,80,80.0,2,9,False
B-train-00373-q04,B-train-00373,argmax,"Trong bảng 2 ở trang 1, Khu vực nào có Lưu lượng lớn nhất?",Khu vực,Lưu lượng,Khu vực miền núi,p01_b00116,2,7,0,False,1,Khu vực miền núi,p01_b00116,2,7,0,False,1,77.151,77151.0,4,9,True
B-train-00373-q09,B-train-00373,argmin,"Trong bảng 1 ở trang 1, Điểm đến nào có Công suất phòng nhỏ nhất?",Điểm đến,Công suất phòng,Vịnh Hạ Long,p01_b00012,1,3,0,False,2,Vịnh Hạ Long,p01_b00012,1,3,0,False,2,"50,3%",50.3,0,8,True
B-train-00373-q10,B-train-00373,argmin,"Trong bảng 1 ở trang 1, Điểm đến nào có Kế hoạch năm nhỏ nhất?",Điểm đến,Kế hoạch năm,Miền Nam,p01_b00038,1,6,0,False,1,Miền Nam,p01_b00038,1,6,0,False,1,1.019,1019.0,3,8,True
B-train-00374-q01,B-train-00374,argmax,"Trong bảng 1 ở trang 1, Địa bàn nào có Tỷ trọng (%) lớn nhất?",Địa bàn,Tỷ trọng (%),Lâm Đồng,p01_b00051,1,9,0,False,1,Đồng Nai Đã đối chiếu,p01_b00037,1,7,0,False,1,"36,9%",36.9,4,9,False
B-train-00374-q06,B-train-00374,argmax,"Trong bảng 2 ở trang 1, Mã hàng nào có Xuất lớn nhất?",Mã hàng,Xuất,VT551,p01_b00143,2,11,0,False,1,VT551,p01_b00143,2,11,0,False,1,220,220.0,8,12,True
B-train-00374-q07,B-train-00374,argmin,"Trong bảng 2 ở trang 1, Mã hàng nào có Tồn đầu nhỏ nhất?",Mã hàng,Tồn đầu,VT884,p01_b00103,2,6,0,False,1,VT884,p01_b00103,2,6,0,False,1,10,10.0,3,12,True
B-train-00374-q09,B-train-00374,argmin,"Trong bảng 2 ở trang 1, Mã hàng nào có Xuất nhỏ nhất?",Mã hàng,Xuất,VT371,p01_b00158,2,13,0,False,1,Miền Trung,p01_b00088,2,4,0,False,1,3,3.0,2,12,False
B-train-00375-q05,B-train-00375,argmin,"Trong bảng 1 ở trang 1, Dự án nào có Tiến độ nhỏ nhất?",Dự án,Tiến độ,Cầu Đông Thành,p01_b00011,1,3,0,False,2,Cầu Đông Thành,p01_b00011,1,3,0,False,2,"12,9%",12.9,0,8,True
B-train-00375-q08,B-train-00375,argmax,"Trong bảng 2 ở trang 1, Điểm quan trắc nào có COD lớn nhất?",Điểm quan trắc,COD,Cửa biển Đà Nẵng,p01_b00109,2,7,0,False,2,Cửa biển Đà Nẵng,p01_b00109,2,7,0,False,2,77,77.0,4,12,True
B-train-00375-q09,B-train-00375,argmax,"Trong bảng 2 ở trang 1, Điểm quan trắc nào có BOD5 lớn nhất?",Điểm quan trắc,BOD5,Sông Hương,p01_b00156,2,14,0,False,2,Sông Hương,p01_b00156,2,14,0,False,2,42,42.0,11,12,True
B-train-00375-q10,B-train-00375,argmin,"Trong bảng 1 ở trang 1, Dự án nào có Giải ngân nhỏ nhất?",Dự án,Giải ngân,Trường liên cấp,p01_b00027,1,5,0,False,1,Trường liên cấp,p01_b00027,1,5,0,False,1,792,792.0,2,8,True
B-train-00376-q01,B-train-00376,argmin,"Trong bảng 1 ở trang 1, Điểm quan trắc nào có pH nhỏ nhất?",Điểm quan trắc,pH,Sông Hồng,p01_b00055,1,8,0,False,1,Sông Hồng,p01_b00055,1,8,0,False,1,"6,32",6.32,5,8,True
B-train-00376-q02,B-train-00376,argmax,"Trong bảng 2 ở trang 1, Điểm quan trắc nào có BOD5 lớn nhất?",Điểm quan trắc,BOD5,Cửa biển Đà Nẵng,p01_b00151,2,12,0,False,2,Cửa biển Đà Nẵng,p01_b00151,2,12,0,False,2,46,46.0,9,11,True
B-train-00376-q09,B-train-00376,argmin,"Trong bảng 1 ở trang 1, Điểm quan trắc nào có Tỷ trọng (%) nhỏ nhất?",Điểm quan trắc,Tỷ trọng (%),Cửa biển Đà Nẵng,p01_b00046,1,7,0,False,1,Sông Hương Đã đối chiếu,p01_b00064,1,9,0,True,1,"1,1%",1.1,6,8,False
B-train-00377-q01,B-train-00377,argmax,"Trong bảng 1 ở trang 1, Đơn vị nào có Tỷ lệ đạt lớn nhất?",Đơn vị,Tỷ lệ đạt,THPT Lê Quý Đôn,p01_b00016,1,4,0,True,2,THPT Lê Quý Đôn,p01_b00016,1,4,0,True,2,"100,0%",100.0,1,10,True
B-train-00377-q07,B-train-00377,argmin,"Trong bảng 2 ở trang 1, Khu vực nào có Kỳ trước nhỏ nhất?",Khu vực,Kỳ trước,Cụm BTS-02,p01_b00141,2,9,0,False,1,Đồng Nai,p01_b00089,2,3,0,False,1,505,505.0,1,10,False
B-train-00377-q08,B-train-00377,argmax,"Trong bảng 1 ở trang 1, Đơn vị nào có Lũy kế lớn nhất?",Đơn vị,Lũy kế,THPT Chu Văn An,p01_b00036,1,7,0,False,2,THPT Chu Văn An,p01_b00036,1,7,0,False,2,8.796,8796.0,4,10,True
B-train-00377-q10,B-train-00377,argmin,"Trong bảng 1 ở trang 1, Đơn vị nào có Thí sinh nhỏ nhất?",Đơn vị,Thí sinh,Miền Trung,p01_b00023,1,5,0,False,1,THPT Chu Văn An,p01_b00070,1,12,0,False,2,26,26.0,9,10,False
B-train-00378-q02,B-train-00378,argmin,"Trong bảng 1 ở trang 1, Nghiệp vụ nào có Kỳ trước nhỏ nhất?",Nghiệp vụ,Kỳ trước,Tài sản,p01_b00027,1,5,0,False,2,Tài sản,p01_b00027,1,5,0,False,2,399,399.0,2,8,True
B-train-00378-q06,B-train-00378,argmin,"Trong bảng 1 ở trang 1, Nghiệp vụ nào có Tỷ trọng (%) nhỏ nhất?",Nghiệp vụ,Tỷ trọng (%),Tài sản,p01_b00027,1,5,0,False,2,Tài sản,p01_b00027,1,5,0,False,2,"12,7%",12.7,2,8,True
B-train-00378-q09,B-train-00378,argmax,"Trong bảng 1 ở trang 1, Nghiệp vụ nào có Tỷ lệ lớn nhất?",Nghiệp vụ,Tỷ lệ,Tài sản,p01_b00027,1,5,0,False,2,Tài sản,p01_b00027,1,5,0,False,2,"67,3%",67.3,2,8,True
B-train-00379-q01,B-train-00379,argmax,"Trong bảng 1 ở trang 1, Chi nhánh nào có Huy động lớn nhất?",Chi nhánh,Huy động,Khánh Hòa 03,p01_b00082,1,11,0,False,2,Khánh Hòa 03,p01_b00082,1,11,0,False,2,9.510,9510.0,8,13,True
B-train-00379-q03,B-train-00379,argmin,"Trong bảng 1 ở trang 1, Chi nhánh nào có Tỷ trọng (%) nhỏ nhất?",Chi nhánh,Tỷ trọng (%),Hà Nội 01,p01_b00055,1,8,0,False,2,Đà Nẵng 01 Đã đối chiếu,p01_b00073,1,10,0,False,1,"3,2%",3.2,7,13,False
B-train-00379-q08,B-train-00379,argmin,"Trong bảng 1 ở trang 1, Chi nhánh nào có Huy động nhỏ nhất?",Chi nhánh,Huy động,Đà Nẵng 01,p01_b00028,1,5,0,False,2,Đà Nẵng 01 Đã đối chiếu,p01_b00073,1,10,0,False,1,900,900.0,7,13,False
B-train-00379-q09,B-train-00379,argmax,"Trong bảng 1 ở trang 1, Chi nhánh nào có Tăng trưởng lớn nhất?",Chi nhánh,Tăng trưởng,Hà Nội 01,p01_b00012,1,3,0,False,2,Hà Nội 01,p01_b00012,1,3,0,False,2,"18,0%",18.0,0,13,True
B-train-00380-q06,B-train-00380,argmax,"Trong bảng 1 ở trang 1, Kho/điểm nào có Chi phí lớn nhất?",Kho/điểm,Chi phí,Miền Nam,p01_b00064,1,9,0,False,1,Miền Nam,p01_b00064,1,9,0,False,1,240.498,240498.0,7,9,True
B-train-00380-q07,B-train-00380,argmin,"Trong bảng 1 ở trang 1, Kho/điểm nào có Chi phí nhỏ nhất?",Kho/điểm,Chi phí,Kho Đà Nẵng,p01_b00021,1,4,0,True,1,Kho Đà Nẵng,p01_b00021,1,4,0,True,1,25.438,25438.0,1,9,True
B-train-00380-q10,B-train-00380,argmin,"Trong bảng 2 ở trang 1, Khoa nào có Chuyển tuyến nhỏ nhất?",Khoa,Chuyển tuyến,Ngoại,p01_b00154,2,10,0,False,2,Ngoại,p01_b00154,2,10,0,False,2,1,1.0,7,9,True
B-train-00381-q02,B-train-00381,argmax,"Trong bảng 2 ở trang 1, Khoa nào có Nhập viện lớn nhất?",Khoa,Nhập viện,Ngoại,p01_b00115,2,4,0,False,1,Ngoại,p01_b00115,2,4,0,False,1,44,44.0,1,10,True
B-train-00381-q04,B-train-00381,argmin,"Trong bảng 2 ở trang 1, Khoa nào có Lượt khám nhỏ nhất?",Khoa,Lượt khám,Mắt,p01_b00138,2,7,0,False,1,Mắt,p01_b00138,2,7,0,False,1,75,75.0,4,10,True
B-train-00381-q07,B-train-00381,argmax,"Trong bảng 1 ở trang 1, Trạm nào có Công suất đỉnh lớn nhất?",Trạm,Công suất đỉnh,Trạm 110kV Bắc,p01_b00088,1,13,0,True,2,Miền Nam,p01_b00011,1,3,0,False,1,918,918.0,1,11,False
B-train-00382-q03,B-train-00382,argmin,"Trong bảng 1 ở trang 1, Khoa nào có Kỳ trước nhỏ nhất?",Khoa,Kỳ trước,Nội tổng hợp,p01_b00010,1,3,0,False,1,Nội tổng hợp,p01_b00010,1,3,0,False,1,1.302,1302.0,0,12,True
B-train-00382-q05,B-train-00382,argmax,"Trong bảng 1 ở trang 1, Khoa nào có Lượt khám lớn nhất?",Khoa,Lượt khám,Miền Bắc,p01_b00050,1,9,0,False,1,Nhi,p01_b00063,1,11,0,False,2,471,471.0,8,12,False
B-train-00383-q01,B-train-00383,argmax,"Trong bảng 1 ở trang 1, Trạm nào có Tỷ trọng (%) lớn nhất?",Trạm,Tỷ trọng (%),Trạm 220kV Trung,p01_b00064,1,9,0,False,3,Trạm 220kV Trung,p01_b00064,1,9,0,False,3,"37,4%",37.4,6,16,True
B-train-00383-q04,B-train-00383,argmax,"Trong bảng 1 ở trang 1, Trạm nào có Công suất đỉnh lớn nhất?",Trạm,Công suất đỉnh,Trạm Nam Sông,p01_b00072,1,10,0,False,2,Trạm Nam Sông,p01_b00072,1,10,0,False,2,841,841.0,7,16,True
B-train-00383-q06,B-train-00383,argmin,"Trong bảng 1 ở trang 1, Trạm nào có Kỳ này nhỏ nhất?",Trạm,Kỳ này,Trạm 220kV Trung,p01_b00108,1,14,0,False,3,Trạm 220kV Trung,p01_b00108,1,14,0,False,3,494,494.0,11,16,True
B-train-00383-q09,B-train-00383,argmin,"Trong bảng 1 ở trang 1, Trạm nào có Sự cố nhỏ nhất?",Trạm,Sự cố,Trạm 110kV Bắc,p01_b00099,1,13,0,False,4,Miền Bắc,p01_b00030,1,5,0,False,1,1,1.0,3,16,False
B-train-00384-q01,B-train-00384,argmax,"Trong bảng 1 ở trang 1, Điểm bán nào có Hoàn trả lớn nhất?",Điểm bán,Hoàn trả,Siêu thị trung tâm,p01_b00024,1,5,0,False,2,Siêu thị trung tâm,p01_b00024,1,5,0,False,2,"7,4%",7.4,2,14,True
B-train-00384-q03,B-train-00384,argmin,"Trong bảng 1 ở trang 1, Điểm bán nào có Số đơn nhỏ nhất?",Điểm bán,Số đơn,Cửa hàng 02,p01_b00084,1,14,0,True,3,Cửa hàng 02,p01_b00084,1,14,0,True,3,468,468.0,11,14,True
B-train-00384-q10,B-train-00384,argmax,"Trong bảng 1 ở trang 1, Điểm bán nào có Giá trị bán lớn nhất?",Điểm bán,Giá trị bán,Siêu thị trung tâm,p01_b00024,1,5,0,False,2,Siêu thị trung tâm,p01_b00024,1,5,0,False,2,2.893.924,2893924.0,2,14,True
B-train-00385-q01,B-train-00385,argmin,"Trong bảng 2 ở trang 1, Khu vực nào có Phản ánh nhỏ nhất?",Khu vực,Phản ánh,Khu vực miền núi,p01_b00110,2,7,0,True,1,Khu vực miền núi,p01_b00110,2,7,0,True,1,0,0.0,4,11,True
B-train-00385-q02,B-train-00385,argmax,"Trong bảng 2 ở trang 1, Khu vực nào có Tỷ lệ rớt cuộc lớn nhất?",Khu vực,Tỷ lệ rớt cuộc,Khu vực đô thị,p01_b00145,2,11,0,False,2,Khu vực đô thị,p01_b00145,2,11,0,False,2,"3,5%",3.5,8,11,True
B-train-00385-q05,B-train-00385,argmax,"Trong bảng 2 ở trang 1, Khu vực nào có Phản ánh lớn nhất?",Khu vực,Phản ánh,Khu vực ven biển,p01_b00136,2,10,0,False,2,Khu vực ven biển,p01_b00136,2,10,0,False,2,95,95.0,7,11,True
B-train-00385-q10,B-train-00385,argmin,"Trong bảng 2 ở trang 1, Khu vực nào có Thuê bao nhỏ nhất?",Khu vực,Thuê bao,Khu vực miền núi,p01_b00110,2,7,0,True,1,Khu vực miền núi,p01_b00110,2,7,0,True,1,6.993,6993.0,4,11,True
B-train-00386-q02,B-train-00386,argmax,"Trong bảng 1 ở trang 1, Nghiệp vụ nào có Tỷ trọng (%) lớn nhất?",Nghiệp vụ,Tỷ trọng (%),Hàng hóa,p01_b00031,1,6,0,False,2,Hàng hóa,p01_b00031,1,6,0,False,2,"37,4%",37.4,3,11,True
B-train-00386-q04,B-train-00386,argmin,"Trong bảng 2 ở trang 1, Dự án nào có Giá trị hợp đồng nhỏ nhất?",Dự án,Giá trị hợp đồng,Nhà máy nước,p01_b00121,2,6,0,False,1,Nhà máy nước,p01_b00121,2,6,0,False,1,3.780,3780.0,3,8,True
B-train-00386-q05,B-train-00386,argmax,"Trong bảng 2 ở trang 1, Dự án nào có Tỷ trọng (%) lớn nhất?",Dự án,Tỷ trọng (%),Cầu Đông Thành,p01_b00139,2,8,0,False,2,Cầu Đông Thành,p01_b00139,2,8,0,False,2,"33,8%",33.8,5,8,True
B-train-00386-q10,B-train-00386,argmin,"Trong bảng 1 ở trang 1, Nghiệp vụ nào có Tỷ trọng (%) nhỏ nhất?",Nghiệp vụ,Tỷ trọng (%),Tài sản,p01_b00057,1,10,0,False,2,Tài sản,p01_b00057,1,10,0,False,2,"2,3%",2.3,7,11,True
B-train-00387-q03,B-train-00387,argmin,"Trong bảng 1 ở trang 1, Khu vực nào có Phản ánh nhỏ nhất?",Khu vực,Phản ánh,Đồng bằng sông Cửu Long,p01_b00041,1,7,0,False,1,Đồng bằng sông Cửu Long,p01_b00041,1,7,0,False,1,7,7.0,4,10,True
B-train-00387-q06,B-train-00387,argmin,"Trong bảng 1 ở trang 1, Khu vực nào có Lưu lượng nhỏ nhất?",Khu vực,Lưu lượng,Khu vực đô thị,p01_b00072,1,11,0,False,2,Khu vực đô thị,p01_b00072,1,11,0,False,2,24.630,24630.0,8,10,True
B-train-00387-q08,B-train-00387,argmax,"Trong bảng 2 ở trang 1, Gói thầu nào có Kế hoạch năm lớn nhất?",Gói thầu,Kế hoạch năm,Tây Nguyên,p01_b00123,2,6,0,False,1,Tây Nguyên,p01_b00123,2,6,0,False,1,9.798,9798.0,3,10,True
B-train-00387-q09,B-train-00387,argmax,"Trong bảng 2 ở trang 1, Gói thầu nào có Giá trúng lớn nhất?",Gói thầu,Giá trúng,GT83,p01_b00107,2,4,0,True,1,GT83,p01_b00107,2,4,0,True,1,2.260,2260.0,1,10,True
B-train-00388-q01,B-train-00388,argmin,"Trong bảng 1 ở trang 1, Khoa nào có Tỷ trọng (%) nhỏ nhất?",Khoa,Tỷ trọng (%),Nội tổng hợp,p01_b00012,1,3,0,False,1,Nội tổng hợp,p01_b00012,1,3,0,False,1,"1,1%",1.1,0,12,True
B-train-00388-q05,B-train-00388,argmax,"Trong bảng 1 ở trang 1, Khoa nào có Nhập viện lớn nhất?",Khoa,Nhập viện,Tai Mũi Họng,p01_b00056,1,8,0,False,1,Tai Mũi Họng,p01_b00056,1,8,0,False,1,58,58.0,5,12,True
B-train-00389-q01,B-train-00389,argmax,"Trong bảng 2 ở trang 1, Điểm quan trắc nào có Tỷ trọng (%) lớn nhất?",Điểm quan trắc,Tỷ trọng (%),Sông Hương,p01_b00134,2,9,0,False,2,Sông Hương,p01_b00134,2,9,0,False,2,"34,0%",34.0,6,11,True
B-train-00389-q03,B-train-00389,argmax,"Trong bảng 2 ở trang 1, Điểm quan trắc nào có COD lớn nhất?",Điểm quan trắc,COD,Sông Hương,p01_b00134,2,9,0,False,2,Sông Hồng,p01_b00094,2,3,0,False,3,82,82.0,0,11,False
B-train-00389-q05,B-train-00389,argmin,"Trong bảng 2 ở trang 1, Điểm quan trắc nào có pH nhỏ nhất?",Điểm quan trắc,pH,Đà Nẵng,p01_b00148,2,11,0,False,1,Hồ Xuân Hương,p01_b00108,2,5,0,False,2,"5,85",5.85,2,11,False
B-train-00389-q07,B-train-00389,argmin,"Trong bảng 2 ở trang 1, Điểm quan trắc nào có BOD5 nhỏ nhất?",Điểm quan trắc,BOD5,Sông Hồng,p01_b00128,2,8,0,False,3,Sông Hồng,p01_b00128,2,8,0,False,3,16,16.0,5,11,True
B-train-00390-q01,B-train-00390,argmin,"Trong bảng 2 ở trang 1, Nhóm chế độ nào có Đã giải quyết nhỏ nhất?",Nhóm chế độ,Đã giải quyết,Thai sản,p01_b00163,2,11,0,False,2,Thai sản,p01_b00163,2,11,0,False,2,439,439.0,8,9,True
B-train-00390-q04,B-train-00390,argmin,"Trong bảng 2 ở trang 1, Nhóm chế độ nào có Hồ sơ nhận nhỏ nhất?",Nhóm chế độ,Hồ sơ nhận,Hưu trí,p01_b00140,2,8,0,False,1,Tây Nguyên,p01_b00102,2,3,0,False,1,523,523.0,1,9,False
B-train-00390-q05,B-train-00390,argmax,"Trong bảng 2 ở trang 1, Nhóm chế độ nào có Hồ sơ nhận lớn nhất?",Nhóm chế độ,Hồ sơ nhận,Tai nạn lao động,p01_b00132,2,7,0,False,1,Tai nạn lao động,p01_b00132,2,7,0,False,1,1983,1983.0,4,9,True
B-train-00391-q04,B-train-00391,argmin,"Trong bảng 1 ở trang 1, Nghiệp vụ nào có Tỷ lệ nhỏ nhất?",Nghiệp vụ,Tỷ lệ,Hải Phòng,p01_b00091,1,12,0,False,1,Hải Phòng,p01_b00091,1,12,0,False,1,"3,4%",3.4,9,14,True
B-train-00391-q07,B-train-00391,argmax,"Trong bảng 1 ở trang 1, Nghiệp vụ nào có Lũy kế lớn nhất?",Nghiệp vụ,Lũy kế,Tài sản,p01_b00074,1,10,0,False,3,Tài sản,p01_b00074,1,10,0,False,3,9.454,9454.0,7,14,True
B-train-00391-q08,B-train-00391,argmax,"Trong bảng 1 ở trang 1, Nghiệp vụ nào có Phí bảo hiểm lớn nhất?",Nghiệp vụ,Phí bảo hiểm,Sức khỏe,p01_b00012,1,3,0,False,2,Sức khỏe,p01_b00012,1,3,0,False,2,14.178,14178.0,0,14,True
B-train-00392-q01,B-train-00392,argmin,"Trong bảng 1 ở trang 1, Khoa nào có Lũy kế nhỏ nhất?",Khoa,Lũy kế,Nhi,p01_b00026,1,5,0,False,3,Nhi,p01_b00026,1,5,0,False,3,655,655.0,2,16,True
B-train-00392-q02,B-train-00392,argmax,"Trong bảng 1 ở trang 1, Khoa nào có Nhập viện lớn nhất?",Khoa,Nhập viện,Nhi,p01_b00120,1,17,0,False,3,Nhi,p01_b00120,1,17,0,False,3,66,66.0,14,16,True
B-train-00392-q06,B-train-00392,argmin,"Trong bảng 1 ở trang 1, Khoa nào có Kỳ này nhỏ nhất?",Khoa,Kỳ này,Mắt,p01_b00042,1,7,0,False,2,Mắt,p01_b00042,1,7,0,False,2,708,708.0,4,16,True
B-train-00392-q10,B-train-00392,argmax,"Trong bảng 1 ở trang 1, Khoa nào có Lũy kế lớn nhất?",Khoa,Lũy kế,Ngoại,p01_b00112,1,16,0,True,3,Ngoại,p01_b00112,1,16,0,True,3,8.821,8821.0,13,16,True
B-train-00393-q02,B-train-00393,argmax,"Trong bảng 1 ở trang 1, Gói thầu nào có Kế hoạch năm lớn nhất?",Gói thầu,Kế hoạch năm,GT29,p01_b00074,1,11,0,False,1,GT29,p01_b00074,1,11,0,False,1,9.175,9175.0,8,12,True
B-train-00393-q06,B-train-00393,argmax,"Trong bảng 2 ở trang 1, Điểm đến nào có Doanh thu lớn nhất?",Điểm đến,Doanh thu,Phú Quốc,p01_b00151,2,7,0,False,2,Phú Quốc,p01_b00151,2,7,0,False,2,177.584,177584.0,4,10,True
B-train-00393-q07,B-train-00393,argmin,"Trong bảng 2 ở trang 1, Điểm đến nào có Khách quốc tế nhỏ nhất?",Điểm đến,Khách quốc tế,Phố cổ Hội An,p01_b00169,2,9,0,False,2,Phố cổ Hội An,p01_b00169,2,9,0,False,2,739,739.0,6,10,True
B-train-00393-q08,B-train-00393,argmin,"Trong bảng 2 ở trang 1, Điểm đến nào có Khách nội địa nhỏ nhất?",Điểm đến,Khách nội địa,Miền Trung,p01_b00134,2,5,0,False,1,Miền Trung,p01_b00134,2,5,0,False,1,2.750,2750.0,2,10,True
B-train-00394-q06,B-train-00394,argmax,"Trong bảng 1 ở trang 1, Dự án nào có Giải ngân lớn nhất?",Dự án,Giải ngân,Trường liên cấp,p01_b00065,1,10,0,False,1,Trường liên cấp,p01_b00065,1,10,0,False,1,23.318,23318.0,7,11,True
B-train-00394-q07,B-train-00394,argmin,"Trong bảng 1 ở trang 1, Dự án nào có Giá trị hợp đồng nhỏ nhất?",Dự án,Giá trị hợp đồng,Nhà máy nước,p01_b00073,1,11,0,False,1,Cầu Đông Thành,p01_b00011,1,3,0,True,3,2.980,2980.0,0,11,False
B-train-00394-q08,B-train-00394,argmin,"Trong bảng 1 ở trang 1, Dự án nào có Kỳ trước nhỏ nhất?",Dự án,Kỳ trước,Cầu Đông Thành,p01_b00049,1,8,0,False,3,Cầu Đông Thành,p01_b00049,1,8,0,False,3,860,860.0,5,11,True
B-train-00394-q09,B-train-00394,argmax,"Trong bảng 2 ở trang 1, Kho/điểm nào có Đơn xử lý lớn nhất?",Kho/điểm,Đơn xử lý,Cần Thơ,p01_b00161,2,9,0,False,1,Cần Thơ,p01_b00161,2,9,0,False,1,6258,6258.0,6,11,True
B-train-00395-q01,B-train-00395,argmin,"Trong bảng 1 ở trang 1, Nghiệp vụ nào có Kỳ này nhỏ nhất?",Nghiệp vụ,Kỳ này,Sức khỏe,p01_b00012,1,3,0,True,1,Sức khỏe,p01_b00012,1,3,0,True,1,863,863.0,0,10,True
B-train-00395-q02,B-train-00395,argmax,"Trong bảng 2 ở trang 1, Điểm quan trắc nào có Tỷ trọng (%) lớn nhất?",Điểm quan trắc,Tỷ trọng (%),Hồ Xuân Hương,p01_b00155,2,10,0,False,1,Hồ Xuân Hương,p01_b00155,2,10,0,False,1,"36,3%",36.3,7,12,True
B-train-00395-q03,B-train-00395,argmax,"Trong bảng 1 ở trang 1, Nghiệp vụ nào có Tỷ lệ lớn nhất?",Nghiệp vụ,Tỷ lệ,Hàng hóa,p01_b00039,1,6,0,False,1,Hải Phòng,p01_b00082,1,11,0,False,1,"63,5%",63.5,9,10,False
B-train-00395-q10,B-train-00395,argmin,"Trong bảng 1 ở trang 1, Nghiệp vụ nào có Tỷ trọng (%) nhỏ nhất?",Nghiệp vụ,Tỷ trọng (%),Hải Phòng,p01_b00082,1,11,0,False,1,Hải Phòng,p01_b00082,1,11,0,False,1,"0,5%",0.5,8,10,True
B-train-00396-q05,B-train-00396,argmin,"Trong bảng 2 ở trang 1, Khu vực nào có Lũy kế nhỏ nhất?",Khu vực,Lũy kế,Cụm BTS-02,p01_b00174,2,14,0,False,3,Cụm BTS-02,p01_b00174,2,14,0,False,3,1.004,1004.0,11,12,True
B-train-00396-q07,B-train-00396,argmin,"Trong bảng 1 ở trang 1, Điểm đến nào có Khách quốc tế nhỏ nhất?",Điểm đến,Khách quốc tế,Đà Lạt,p01_b00072,1,10,0,True,2,Đà Lạt,p01_b00072,1,10,0,True,2,568,568.0,7,9,True
B-train-00396-q09,B-train-00396,argmax,"Trong bảng 1 ở trang 1, Điểm đến nào có Khách quốc tế lớn nhất?",Điểm đến,Khách quốc tế,Đà Lạt,p01_b00029,1,5,0,False,2,Đà Lạt,p01_b00029,1,5,0,False,2,6.533,6533.0,2,9,True
B-train-00397-q01,B-train-00397,argmax,"Trong bảng 1 ở trang 1, Dự án nào có Lũy kế lớn nhất?",Dự án,Lũy kế,Trường liên cấp,p01_b00057,1,10,0,False,2,Trường liên cấp,p01_b00057,1,10,0,False,2,8.102,8102.0,7,17,True
B-train-00397-q06,B-train-00397,argmin,"Trong bảng 1 ở trang 1, Dự án nào có Giải ngân nhỏ nhất?",Dự án,Giải ngân,Miền Nam,p01_b00023,1,5,0,False,1,Miền Nam,p01_b00023,1,5,0,False,1,332,332.0,2,17,True
B-train-00397-q07,B-train-00397,argmin,"Trong bảng 1 ở trang 1, Dự án nào có Tiến độ nhỏ nhất?",Dự án,Tiến độ,Đường vành đai,p01_b00119,1,19,0,False,4,Đường vành đai,p01_b00119,1,19,0,False,4,"12,0%",12.0,16,17,True
B-train-00397-q08,B-train-00397,argmax,"Trong bảng 1 ở trang 1, Dự án nào có Tiến độ lớn nhất?",Dự án,Tiến độ,Nhà máy nước,p01_b00099,1,16,0,False,2,Nhà máy nước,p01_b00099,1,16,0,False,2,"97,3%",97.3,13,17,True
B-train-00398-q03,B-train-00398,argmax,"Trong bảng 1 ở trang 1, Điểm quan trắc nào có BOD5 lớn nhất?",Điểm quan trắc,BOD5,Sông Hương,p01_b00057,1,9,0,False,3,Sông Hương,p01_b00057,1,9,0,False,3,48,48.0,6,14,True
B-train-00398-q05,B-train-00398,argmin,"Trong bảng 1 ở trang 1, Điểm quan trắc nào có Tỷ trọng (%) nhỏ nhất?",Điểm quan trắc,Tỷ trọng (%),KCN Long Thành,p01_b00073,1,11,0,False,2,KCN Long Thành,p01_b00073,1,11,0,False,2,"0,6%",0.6,8,14,True
B-train-00398-q06,B-train-00398,argmax,"Trong bảng 1 ở trang 1, Điểm quan trắc nào có Tỷ trọng (%) lớn nhất?",Điểm quan trắc,Tỷ trọng (%),Hồ Xuân Hương,p01_b00065,1,10,0,False,2,Hồ Xuân Hương,p01_b00065,1,10,0,False,2,"37,3%",37.3,7,14,True
B-train-00398-q10,B-train-00398,argmin,"Trong bảng 1 ở trang 1, Điểm quan trắc nào có Kế hoạch năm nhỏ nhất?",Điểm quan trắc,Kế hoạch năm,Miền Bắc,p01_b00105,1,15,0,False,1,Miền Bắc,p01_b00105,1,15,0,False,1,1.490,1490.0,12,14,True
B-train-00399-q01,B-train-00399,argmax,"Trong bảng 1 ở trang 1, Điểm bán nào có Số đơn lớn nhất?",Điểm bán,Số đơn,Cửa hàng 01,p01_b00011,1,3,0,False,1,Cửa hàng 01,p01_b00011,1,3,0,False,1,2766,2766.0,0,9,True
B-train-00399-q05,B-train-00399,argmax,"Trong bảng 1 ở trang 1, Điểm bán nào có Giá trị bán lớn nhất?",Điểm bán,Giá trị bán,Miền Trung,p01_b00042,1,7,0,False,1,Miền Trung,p01_b00042,1,7,0,False,1,1.473.993,1473993.0,4,9,True
B-train-00399-q07,B-train-00399,argmin,"Trong bảng 1 ở trang 1, Điểm bán nào có Kỳ trước nhỏ nhất?",Điểm bán,Kỳ trước,Cửa hàng 02,p01_b00057,1,9,0,False,2,Cửa hàng 02,p01_b00057,1,9,0,False,2,4.137,4137.0,6,9,True
B-train-00399-q09,B-train-00399,argmin,"Trong bảng 2 ở trang 1, Khoa nào có Lượt khám nhỏ nhất?",Khoa,Lượt khám,Mắt,p01_b00126,2,7,0,False,1,Nội tổng hợp,p01_b00144,2,9,0,False,2,256,256.0,6,10,False
B-train-00400-q03,B-train-00400,argmax,"Trong bảng 1 ở trang 1, Chi nhánh nào có Huy động lớn nhất?",Chi nhánh,Huy động,Hà Nội 01,p01_b00011,1,3,0,False,3,Hà Nội 01,p01_b00011,1,3,0,False,3,10.020,10020.0,0,12,True
B-train-00400-q06,B-train-00400,argmin,"Trong bảng 1 ở trang 1, Chi nhánh nào có Tăng trưởng nhỏ nhất?",Chi nhánh,Tăng trưởng,Hải Phòng 02,p01_b00096,1,14,0,False,3,Hải Phòng 02,p01_b00096,1,14,0,False,3,"-1,0%",-1.0,11,12,True
B-train-00401-q01,B-train-00401,argmax,"Trong bảng 1 ở trang 1, Dự án nào có Giá trị hợp đồng lớn nhất?",Dự án,Giá trị hợp đồng,Cần Thơ,p01_b00030,1,5,0,True,1,Đường vành đai,p01_b00021,1,4,0,False,3,29.050,29050.0,1,12,False
B-train-00401-q02,B-train-00401,argmin,"Trong bảng 2 ở trang 1, Nghiệp vụ nào có Kỳ trước nhỏ nhất?",Nghiệp vụ,Kỳ trước,Sức khỏe,p01_b00129,2,3,0,True,2,Sức khỏe,p01_b00129,2,3,0,True,2,2.589,2589.0,0,10,True
B-train-00401-q06,B-train-00401,argmax,"Trong bảng 2 ở trang 1, Nghiệp vụ nào có Kỳ này lớn nhất?",Nghiệp vụ,Kỳ này,Sức khỏe,p01_b00129,2,3,0,True,2,Sức khỏe,p01_b00129,2,3,0,True,2,6.806,6806.0,0,10,True
B-train-00401-q07,B-train-00401,argmin,"Trong bảng 1 ở trang 1, Dự án nào có Giá trị hợp đồng nhỏ nhất?",Dự án,Giá trị hợp đồng,Nhà máy nước,p01_b00083,1,11,0,False,1,Nhà máy nước,p01_b00083,1,11,0,False,1,840,840.0,8,12,True
B-train-00402-q01,B-train-00402,argmin,"Trong bảng 1 ở trang 1, Mã hàng nào có Tồn đầu nhỏ nhất?",Mã hàng,Tồn đầu,VT750,p01_b00029,1,6,0,False,1,VT750,p01_b00029,1,6,0,False,1,39,39.0,3,10,True
B-train-00402-q05,B-train-00402,argmin,"Trong bảng 2 ở trang 1, Dự án nào có Giải ngân nhỏ nhất?",Dự án,Giải ngân,Nhà máy nước,p01_b00115,2,6,0,False,2,Miền Trung,p01_b00133,2,8,0,False,1,1.821,1821.0,6,9,False
B-train-00402-q08,B-train-00402,argmax,"Trong bảng 2 ở trang 1, Dự án nào có Giải ngân lớn nhất?",Dự án,Giải ngân,Đường vành đai,p01_b00097,2,4,0,False,1,Đường vành đai,p01_b00097,2,4,0,False,1,22.160,22160.0,1,9,True
B-train-00402-q09,B-train-00402,argmax,"Trong bảng 1 ở trang 1, Mã hàng nào có Nhập lớn nhất?",Mã hàng,Nhập,VT108,p01_b00043,1,8,0,False,1,VT108,p01_b00043,1,8,0,False,1,90,90.0,5,10,True
B-train-00403-q03,B-train-00403,argmax,"Trong bảng 1 ở trang 1, Khoa nào có Chuyển tuyến lớn nhất?",Khoa,Chuyển tuyến,Nội tổng hợp,p01_b00104,1,15,0,False,2,Nội tổng hợp,p01_b00104,1,15,0,False,2,12,12.0,12,13,True
B-train-00403-q09,B-train-00403,argmax,"Trong bảng 1 ở trang 1, Khoa nào có Nhập viện lớn nhất?",Khoa,Nhập viện,Ngoại,p01_b00065,1,10,0,False,1,Ngoại,p01_b00065,1,10,0,False,1,86,86.0,7,13,True
B-train-00404-q01,B-train-00404,argmin,"Trong bảng 1 ở trang 2, Kho/điểm nào có Đúng hạn nhỏ nhất?",Kho/điểm,Đúng hạn,Kho Đà Nẵng,p02_b00043,1,8,0,False,3,Kho Đà Nẵng,p02_b00043,1,8,0,False,3,"86,9%",86.9,5,11,True
B-train-00404-q06,B-train-00404,argmin,"Trong bảng 1 ở trang 1, Kho/điểm nào có Đúng hạn nhỏ nhất?",Kho/điểm,Đúng hạn,Kho Cần Thơ,p01_b00066,1,11,0,False,2,Kho Cần Thơ,p01_b00066,1,11,0,False,2,"78,6%",78.6,8,11,True
B-train-00404-q09,B-train-00404,argmax,"Trong bảng 1 ở trang 2, Kho/điểm nào có Kế hoạch năm lớn nhất?",Kho/điểm,Kế hoạch năm,Kho Đà Nẵng,p02_b00078,1,13,0,False,3,Kho Đà Nẵng,p02_b00010,1,3,0,False,3,9.774,9774.0,0,11,True
B-train-00404-q10,B-train-00404,argmax,"Trong bảng 1 ở trang 1, Kho/điểm nào có Chi phí lớn nhất?",Kho/điểm,Chi phí,Kho Bình Dương,p01_b00024,1,5,0,False,2,Kho Bình Dương,p01_b00024,1,5,0,False,2,219.762,219762.0,2,11,True
B-train-00405-q03,B-train-00405,argmax,"Trong bảng 2 ở trang 1, Khu vực nào có Lưu lượng lớn nhất?",Khu vực,Lưu lượng,Cần Thơ,p01_b00118,2,3,0,False,1,Cần Thơ,p01_b00118,2,3,0,False,1,85.458,85458.0,0,8,True
B-train-00405-q08,B-train-00405,argmin,"Trong bảng 1 ở trang 1, Dự án nào có Tiến độ nhỏ nhất?",Dự án,Tiến độ,Đường vành đai,p01_b00064,1,9,0,False,2,Đường vành đai,p01_b00064,1,9,0,False,2,"18,2%",18.2,6,11,True
B-train-00405-q09,B-train-00405,argmax,"Trong bảng 1 ở trang 1, Dự án nào có Tiến độ lớn nhất?",Dự án,Tiến độ,Trường liên cấp,p01_b00073,1,10,0,False,2,Trường liên cấp,p01_b00073,1,10,0,False,2,"95,6%",95.6,7,11,True
B-train-00405-q10,B-train-00405,argmin,"Trong bảng 1 ở trang 1, Dự án nào có Tỷ trọng (%) nhỏ nhất?",Dự án,Tỷ trọng (%),Cầu Đông Thành,p01_b00012,1,3,0,False,2,Cầu Đông Thành,p01_b00012,1,3,0,False,2,"6,7%",6.7,0,11,True
B-train-00406-q02,B-train-00406,argmax,"Trong bảng 1 ở trang 1, Khu vực nào có Chênh lệch lớn nhất?",Khu vực,Chênh lệch,Đồng bằng sông Cửu Long,p01_b00097,1,14,0,False,3,Đồng bằng sông Cửu Long,p01_b00097,1,14,0,False,3,850,850.0,11,14,True
B-train-00406-q03,B-train-00406,argmax,"Trong bảng 1 ở trang 1, Khu vực nào có Thực hiện lớn nhất?",Khu vực,Thực hiện,Miền Bắc,p01_b00051,1,8,0,False,3,Miền Bắc,p01_b00051,1,8,0,False,3,4.870,4870.0,5,14,True
B-train-00406-q05,B-train-00406,argmin,"Trong bảng 1 ở trang 1, Khu vực nào có Chênh lệch nhỏ nhất?",Khu vực,Chênh lệch,Miền Nam,p01_b00027,1,5,0,False,2,Miền Nam,p01_b00027,1,5,0,False,2,-570,-570.0,2,14,True
B-train-00407-q05,B-train-00407,argmin,"Trong bảng 2 ở trang 1, Chi nhánh nào có Lũy kế nhỏ nhất?",Chi nhánh,Lũy kế,Cần Thơ 02,p01_b00123,2,7,0,False,1,Tây Nguyên,p01_b00092,2,3,0,False,1,976,976.0,1,10,False
B-train-00407-q06,B-train-00407,argmin,"Trong bảng 1 ở trang 1, Khoa nào có Kỳ trước nhỏ nhất?",Khoa,Kỳ trước,Ngoại,p01_b00072,1,10,0,False,2,Ngoại,p01_b00072,1,10,0,False,2,888,888.0,7,8,True
B-train-00407-q09,B-train-00407,argmax,"Trong bảng 2 ở trang 1, Chi nhánh nào có Huy động lớn nhất?",Chi nhánh,Huy động,Tây Nguyên,p01_b00092,2,3,0,False,1,Tây Nguyên,p01_b00092,2,3,0,False,1,9.110,9110.0,0,10,True
B-train-00408-q01,B-train-00408,argmin,"Trong bảng 1 ở trang 1, Tuyến nào có Đúng giờ nhỏ nhất?",Tuyến,Đúng giờ,TP.HCM – Cần Thơ,p01_b00057,1,9,0,False,1,TP.HCM – Cần Thơ,p01_b00057,1,9,0,False,1,"83,7%",83.7,6,14,True
B-train-00408-q05,B-train-00408,argmin,"Trong bảng 1 ở trang 1, Tuyến nào có Doanh thu nhỏ nhất?",Tuyến,Doanh thu,Nha Trang – Đà Lạt,p01_b00065,1,10,0,False,3,Nha Trang – Đà Lạt,p01_b00065,1,10,0,False,3,29.988,29988.0,7,14,True
B-train-00408-q10,B-train-00408,argmax,"Trong bảng 1 ở trang 1, Tuyến nào có Hành khách lớn nhất?",Tuyến,Hành khách,Đà Nẵng – Huế,p01_b00049,1,8,0,False,3,Đà Nẵng – Huế,p01_b00049,1,8,0,False,3,1.260,1260.0,5,14,True
B-train-00409-q03,B-train-00409,argmax,"Trong bảng 1 ở trang 1, Tuyến nào có Kế hoạch năm lớn nhất?",Tuyến,Kế hoạch năm,Hà Nội – Hải Phòng,p01_b00012,1,3,0,False,1,Tây Nguyên,p01_b00073,1,10,0,False,1,8.342,8342.0,8,12,False
B-train-00409-q04,B-train-00409,argmin,"Trong bảng 1 ở trang 1, Tuyến nào có Hành khách nhỏ nhất?",Tuyến,Hành khách,Tây Nguyên,p01_b00073,1,10,0,False,1,Tây Nguyên,p01_b00073,1,10,0,False,1,250,250.0,7,12,True
B-train-00409-q06,B-train-00409,argmin,"Trong bảng 1 ở trang 1, Tuyến nào có Đúng giờ nhỏ nhất?",Tuyến,Đúng giờ,Đà Nẵng – Huế,p01_b00090,1,12,0,False,3,Đà Nẵng – Huế,p01_b00090,1,12,0,False,3,"85,4%",85.4,9,12,True
B-train-00410-q04,B-train-00410,argmax,"Trong bảng 1 ở trang 2, Chi nhánh nào có Tăng trưởng lớn nhất?",Chi nhánh,Tăng trưởng,Hải Phòng 02,p02_b00066,1,10,0,False,3,Hải Phòng 02,p02_b00066,1,10,0,False,3,"16,9%",16.9,7,14,True
B-train-00410-q06,B-train-00410,argmax,"Trong bảng 1 ở trang 2, Chi nhánh nào có Kế hoạch năm lớn nhất?",Chi nhánh,Kế hoạch năm,Hải Phòng 02,p02_b00066,1,10,0,False,3,Hải Phòng 02,p02_b00066,1,10,0,False,3,9.817,9817.0,7,14,True
B-train-00411-q03,B-train-00411,argmax,"Trong bảng 1 ở trang 1, Địa bàn nào có Tỷ trọng (%) lớn nhất?",Địa bàn,Tỷ trọng (%),Hà Nội,p01_b00136,1,17,0,False,3,Hà Nội,p01_b00136,1,17,0,False,3,"34,7%",34.7,14,16,True
B-train-00411-q05,B-train-00411,argmin,"Trong bảng 1 ở trang 1, Địa bàn nào có Diện tích (ha) nhỏ nhất?",Địa bàn,Diện tích (ha),Đồng Nai,p01_b00109,1,14,0,False,3,Đồng Nai,p01_b00109,1,14,0,False,3,44,44.0,11,16,True
B-train-00411-q07,B-train-00411,argmin,"Trong bảng 1 ở trang 1, Địa bàn nào có Sản lượng (tấn) nhỏ nhất?",Địa bàn,Sản lượng (tấn),Đồng Nai,p01_b00109,1,14,0,False,3,Đồng Nai,p01_b00109,1,14,0,False,3,396,396.0,11,16,True
B-train-00412-q01,B-train-00412,argmax,"Trong bảng 1 ở trang 1, Gói thầu nào có Giá trúng lớn nhất?",Gói thầu,Giá trúng,GT87,p01_b00049,1,9,0,False,1,GT87,p01_b00049,1,9,0,False,1,2.280,2280.0,6,16,True
B-train-00412-q07,B-train-00412,argmin,"Trong bảng 1 ở trang 1, Gói thầu nào có Kỳ trước nhỏ nhất?",Gói thầu,Kỳ trước,GT26,p01_b00070,1,12,0,False,1,GT26,p01_b00070,1,12,0,False,1,196,196.0,9,16,True
B-train-00412-q09,B-train-00412,argmax,"Trong bảng 1 ở trang 1, Gói thầu nào có Kỳ trước lớn nhất?",Gói thầu,Kỳ trước,GT78,p01_b00056,1,10,0,False,1,GT78,p01_b00056,1,10,0,False,1,9.195,9195.0,7,16,True
B-train-00413-q03,B-train-00413,argmax,"Trong bảng 1 ở trang 1, Dự án nào có Giải ngân lớn nhất?",Dự án,Giải ngân,Đường vành đai,p01_b00110,1,14,0,True,3,Cần Thơ,p01_b00039,1,6,0,False,1,20.729,20729.0,4,15,False
B-train-00413-q05,B-train-00413,argmin,"Trong bảng 1 ở trang 1, Dự án nào có Lũy kế nhỏ nhất?",Dự án,Lũy kế,Khu tái định cư,p01_b00135,1,17,0,False,2,Cần Thơ,p01_b00039,1,6,0,False,1,398,398.0,4,15,False
B-train-00413-q07,B-train-00413,argmax,"Trong bảng 1 ở trang 1, Dự án nào có Tiến độ lớn nhất?",Dự án,Tiến độ,Trường liên cấp,p01_b00074,1,10,0,False,3,Trường liên cấp,p01_b00074,1,10,0,False,3,"98,6%",98.6,7,15,True
B-train-00413-q10,B-train-00413,argmin,"Trong bảng 1 ở trang 1, Dự án nào có Kỳ này nhỏ nhất?",Dự án,Kỳ này,Nhà máy nước,p01_b00083,1,11,0,False,2,Khu tái định cư,p01_b00092,1,12,0,False,2,1.574,1574.0,9,15,False
B-train-00414-q04,B-train-00414,argmax,"Trong bảng 1 ở trang 1, Đơn vị nào có Tỷ trọng (%) lớn nhất?",Đơn vị,Tỷ trọng (%),THPT Lê Quý Đôn,p01_b00019,1,4,0,False,1,THPT Lê Quý Đôn,p01_b00019,1,4,0,False,1,"22,4%",22.4,1,10,True
B-train-00414-q05,B-train-00414,argmin,"Trong bảng 1 ở trang 1, Đơn vị nào có Đạt nhỏ nhất?",Đơn vị,Đạt,THPT Phan Bội Châu,p01_b00035,1,6,0,False,2,THPT Phan Bội Châu,p01_b00035,1,6,0,False,2,24,24.0,3,10,True
B-train-00414-q06,B-train-00414,argmin,"Trong bảng 2 ở trang 1, Đơn vị nào có Tỷ lệ đạt nhỏ nhất?",Đơn vị,Tỷ lệ đạt,THPT Phan Bội Châu,p01_b00122,2,6,0,False,2,THPT Phan Bội Châu,p01_b00122,2,6,0,False,2,"62,5%",62.5,3,12,True
B-train-00415-q01,B-train-00415,argmin,"Trong bảng 1 ở trang 1, Tuyến nào có Hành khách nhỏ nhất?",Tuyến,Hành khách,Nha Trang – Đà Lạt,p01_b00096,1,14,0,False,2,Nha Trang – Đà Lạt,p01_b00096,1,14,0,False,2,225,225.0,11,12,True
B-train-00415-q03,B-train-00415,argmax,"Trong bảng 1 ở trang 1, Tuyến nào có Đúng giờ lớn nhất?",Tuyến,Đúng giờ,Hà Nội – Hải Phòng,p01_b00011,1,3,0,False,3,Hà Nội – Hải Phòng,p01_b00011,1,3,0,False,3,"98,7%",98.7,0,12,True
B-train-00415-q04,B-train-00415,argmin,"Trong bảng 1 ở trang 1, Tuyến nào có Doanh thu nhỏ nhất?",Tuyến,Doanh thu,Nha Trang – Đà Lạt,p01_b00096,1,14,0,False,3,Nha Trang – Đà Lạt,p01_b00096,1,14,0,False,3,34.425,34425.0,11,12,True
B-train-00415-q06,B-train-00415,argmax,"Trong bảng 1 ở trang 1, Tuyến nào có Doanh thu lớn nhất?",Tuyến,Doanh thu,Hà Nội – Hải Phòng,p01_b00042,1,7,0,True,3,Hà Nội – Hải Phòng,p01_b00042,1,7,0,True,3,240.975,240975.0,4,12,True
B-train-00416-q03,B-train-00416,argmax,"Trong bảng 1 ở trang 1, Mã hàng nào có Xuất lớn nhất?",Mã hàng,Xuất,VT753,p01_b00112,1,16,0,True,1,VT753,p01_b00112,1,16,0,True,1,167,167.0,13,14,True
B-train-00416-q07,B-train-00416,argmin,"Trong bảng 1 ở trang 1, Mã hàng nào có Tồn đầu nhỏ nhất?",Mã hàng,Tồn đầu,VT987,p01_b00088,1,13,0,False,1,VT987,p01_b00088,1,13,0,False,1,14,14.0,10,14,True
B-train-00416-q08,B-train-00416,argmax,"Trong bảng 1 ở trang 1, Mã hàng nào có Tồn cuối lớn nhất?",Mã hàng,Tồn cuối,VT052,p01_b00019,1,4,0,False,1,VT052,p01_b00019,1,4,0,False,1,128,128.0,1,14,True
B-train-00417-q02,B-train-00417,argmin,"Trong bảng 2 ở trang 1, Trạm nào có Kỳ này nhỏ nhất?",Trạm,Kỳ này,Trạm 110kV Bắc,p01_b00114,2,3,0,False,2,Trạm 110kV Bắc,p01_b00114,2,3,0,False,2,1.832,1832.0,0,8,True
B-train-00417-q03,B-train-00417,argmax,"Trong bảng 1 ở trang 1, Mã hàng nào có Tồn đầu lớn nhất?",Mã hàng,Tồn đầu,Miền Bắc,p01_b00035,1,6,0,False,1,Miền Bắc,p01_b00035,1,6,0,False,1,167,167.0,3,12,True
B-train-00417-q07,B-train-00417,argmin,"Trong bảng 1 ở trang 1, Mã hàng nào có Tỷ trọng (%) nhỏ nhất?",Mã hàng,Tỷ trọng (%),VT904,p01_b00088,1,13,0,False,1,VT904,p01_b00088,1,13,0,False,1,"1,4%",1.4,10,12,True
B-train-00418-q05,B-train-00418,argmax,"Trong bảng 1 ở trang 2, Khu vực nào có Tỷ trọng (%) lớn nhất?",Khu vực,Tỷ trọng (%),Khu vực miền núi,p02_b00010,1,3,0,False,3,Khu vực miền núi,p02_b00010,1,3,0,False,3,"25,8%",25.8,0,14,True
B-train-00418-q07,B-train-00418,argmin,"Trong bảng 1 ở trang 1, Khu vực nào có Lưu lượng nhỏ nhất?",Khu vực,Lưu lượng,Khu vực đô thị,p01_b00031,1,6,0,False,3,Khu vực đô thị,p01_b00031,1,6,0,False,3,8.073,8073.0,3,14,True
B-train-00418-q08,B-train-00418,argmin,"Trong bảng 1 ở trang 1, Khu vực nào có Tỷ trọng (%) nhỏ nhất?",Khu vực,Tỷ trọng (%),Khu vực ven biển,p01_b00094,1,15,0,False,3,Khu vực ven biển,p01_b00094,1,15,0,False,3,"1,7%",1.7,12,14,True
B-train-00418-q10,B-train-00418,argmax,"Trong bảng 1 ở trang 1, Khu vực nào có Tỷ lệ rớt cuộc lớn nhất?",Khu vực,Tỷ lệ rớt cuộc,Cụm BTS-01,p01_b00010,1,3,0,False,3,Cụm BTS-01,p01_b00010,1,3,0,False,3,"3,5%",3.5,0,14,True
B-train-00419-q02,B-train-00419,argmin,"Trong bảng 1 ở trang 1, Trạm nào có Tổn thất nhỏ nhất?",Trạm,Tổn thất,Trạm 220kV Trung,p01_b00108,1,14,0,True,2,Trạm 220kV Trung,p01_b00108,1,14,0,True,2,"2,2%",2.2,11,16,True
B-train-00419-q03,B-train-00419,argmax,"Trong bảng 1 ở trang 1, Trạm nào có Tổn thất lớn nhất?",Trạm,Tổn thất,Trạm 220kV Trung,p01_b00065,1,9,0,False,2,Trạm 220kV Trung,p01_b00065,1,9,0,False,2,"8,3%",8.3,6,16,True
B-train-00419-q06,B-train-00419,argmax,"Trong bảng 1 ở trang 1, Trạm nào có Công suất đỉnh lớn nhất?",Trạm,Công suất đỉnh,Trạm 110kV Bắc,p01_b00012,1,3,0,False,3,Trạm 110kV Bắc,p01_b00012,1,3,0,False,3,905,905.0,0,16,True
B-train-00419-q08,B-train-00419,argmin,"Trong bảng 1 ở trang 1, Trạm nào có Tỷ trọng (%) nhỏ nhất?",Trạm,Tỷ trọng (%),Trạm Nam Sông,p01_b00074,1,10,0,False,2,Trạm Nam Sông,p01_b00074,1,10,0,False,2,"1,9%",1.9,7,16,True
B-train-00420-q04,B-train-00420,argmin,"Trong bảng 2 ở trang 1, Tuyến nào có Hành khách nhỏ nhất?",Tuyến,Hành khách,Miền Nam,p01_b00105,2,6,0,False,1,Miền Nam,p01_b00105,2,6,0,False,1,464,464.0,3,9,True
B-train-00420-q05,B-train-00420,argmax,"Trong bảng 1 ở trang 1, Địa bàn nào có Sản lượng (tấn) lớn nhất?",Địa bàn,Sản lượng (tấn),Hà Nội,p01_b00064,1,10,0,False,2,Hà Nội,p01_b00064,1,10,0,False,2,6.264,6264.0,7,8,True
B-train-00421-q01,B-train-00421,argmin,"Trong bảng 2 ở trang 1, Chi nhánh nào có Huy động nhỏ nhất?",Chi nhánh,Huy động,Đà Nẵng 01,p01_b00127,2,5,0,False,2,Đà Nẵng 01,p01_b00127,2,5,0,False,2,1.180,1180.0,2,10,True
B-train-00421-q03,B-train-00421,argmin,"Trong bảng 2 ở trang 1, Chi nhánh nào có Kỳ này nhỏ nhất?",Chi nhánh,Kỳ này,Khánh Hòa 03,p01_b00136,2,6,0,False,2,Khánh Hòa 03,p01_b00136,2,6,0,False,2,41,41.0,3,10,True
B-train-00421-q10,B-train-00421,argmax,"Trong bảng 2 ở trang 1, Chi nhánh nào có Tỷ trọng (%) lớn nhất?",Chi nhánh,Tỷ trọng (%),Cần Thơ 02,p01_b00145,2,7,0,False,2,Hải Phòng,p01_b00111,2,3,0,False,1,"33,9%",33.9,1,10,False
B-train-00422-q06,B-train-00422,argmin,"Trong bảng 1 ở trang 1, Nhóm chế độ nào có Chi trả nhỏ nhất?",Nhóm chế độ,Chi trả,Ốm đau,p01_b00064,1,10,0,False,3,Ốm đau,p01_b00064,1,10,0,False,3,612,612.0,7,15,True
B-train-00422-q07,B-train-00422,argmax,"Trong bảng 1 ở trang 1, Nhóm chế độ nào có Tỷ trọng (%) lớn nhất?",Nhóm chế độ,Tỷ trọng (%),Hưu trí,p01_b00049,1,8,0,False,2,Tây Nguyên,p01_b00011,1,3,0,False,1,"36,1%",36.1,1,15,False
B-train-00422-q09,B-train-00422,argmax,"Trong bảng 1 ở trang 1, Nhóm chế độ nào có Đã giải quyết lớn nhất?",Nhóm chế độ,Đã giải quyết,Thất nghiệp,p01_b00057,1,9,0,False,2,Thất nghiệp,p01_b00057,1,9,0,False,2,2300,2300.0,6,15,True
B-train-00423-q02,B-train-00423,argmin,"Trong bảng 2 ở trang 1, Gói thầu nào có Lũy kế nhỏ nhất?",Gói thầu,Lũy kế,GT02,p01_b00138,2,7,0,False,2,Miền Trung,p01_b00161,2,10,0,False,1,1.110,1110.0,8,10,False
B-train-00423-q03,B-train-00423,argmin,"Trong bảng 1 ở trang 1, Nghiệp vụ nào có Phí bảo hiểm nhỏ nhất?",Nghiệp vụ,Phí bảo hiểm,Xe cơ giới,p01_b00019,1,4,0,True,2,Xe cơ giới,p01_b00019,1,4,0,True,2,793,793.0,1,11,True
B-train-00423-q04,B-train-00423,argmax,"Trong bảng 2 ở trang 1, Gói thầu nào có Giá trúng lớn nhất?",Gói thầu,Giá trúng,GT28,p01_b00123,2,5,0,False,1,GT28,p01_b00123,2,5,0,False,1,1.760,1760.0,2,10,True
B-train-00424-q02,B-train-00424,argmin,"Trong bảng 1 ở trang 1, Điểm đến nào có Khách quốc tế nhỏ nhất?",Điểm đến,Khách quốc tế,Nha Trang,p01_b00112,1,16,0,False,2,Miền Nam,p01_b00074,1,11,0,False,1,912,912.0,9,18,False
B-train-00424-q03,B-train-00424,argmin,"Trong bảng 1 ở trang 1, Điểm đến nào có Công suất phòng nhỏ nhất?",Điểm đến,Công suất phòng,Phố cổ Hội An,p01_b00097,1,14,0,False,4,Phố cổ Hội An,p01_b00097,1,14,0,False,4,"48,6%",48.6,11,18,True
B-train-00424-q06,B-train-00424,argmax,"Trong bảng 1 ở trang 1, Điểm đến nào có Doanh thu lớn nhất?",Điểm đến,Doanh thu,Vịnh Hạ Long,p01_b00128,1,18,0,False,4,Vịnh Hạ Long,p01_b00128,1,18,0,False,4,195.152,195152.0,15,18,True
B-train-00424-q08,B-train-00424,argmax,"Trong bảng 1 ở trang 1, Điểm đến nào có Tỷ trọng (%) lớn nhất?",Điểm đến,Tỷ trọng (%),Nha Trang,p01_b00035,1,6,0,False,2,Nha Trang,p01_b00035,1,6,0,False,2,"37,7%",37.7,3,18,True
B-train-00425-q03,B-train-00425,argmax,"Trong bảng 1 ở trang 1, Mã hàng nào có Tồn cuối lớn nhất?",Mã hàng,Tồn cuối,VT176,p01_b00036,1,7,0,False,1,VT176,p01_b00036,1,7,0,False,1,210,210.0,4,8,True
B-train-00425-q07,B-train-00425,argmin,"Trong bảng 2 ở trang 1, Đơn vị nào có Lũy kế nhỏ nhất?",Đơn vị,Lũy kế,Đồng bằng sông Cửu Long,p01_b00092,2,5,0,False,1,Đồng bằng sông Cửu Long,p01_b00092,2,5,0,False,1,3.260,3260.0,2,11,True
B-train-00425-q08,B-train-00425,argmax,"Trong bảng 1 ở trang 1, Mã hàng nào có Tồn đầu lớn nhất?",Mã hàng,Tồn đầu,VT176,p01_b00036,1,7,0,False,1,Hà Nội,p01_b00017,1,4,0,False,1,171,171.0,2,8,False
B-train-00426-q03,B-train-00426,argmin,"Trong bảng 1 ở trang 1, Khu vực nào có Phản ánh nhỏ nhất?",Khu vực,Phản ánh,Cụm BTS-02,p01_b00057,1,9,0,False,2,Cụm BTS-02,p01_b00057,1,9,0,False,2,18,18.0,6,11,True
B-train-00426-q05,B-train-00426,argmax,"Trong bảng 1 ở trang 2, Khu vực nào có Tỷ trọng (%) lớn nhất?",Khu vực,Tỷ trọng (%),Khu vực miền núi,p02_b00075,1,11,0,False,2,Khu vực miền núi,p02_b00075,1,11,0,False,2,"35,0%",35.0,8,11,True
B-train-00426-q07,B-train-00426,argmax,"Trong bảng 1 ở trang 1, Khu vực nào có Tỷ lệ rớt cuộc lớn nhất?",Khu vực,Tỷ lệ rớt cuộc,Khu vực miền núi,p01_b00041,1,7,0,False,2,Khu vực miền núi,p01_b00041,1,7,0,False,2,"3,4%",3.4,4,11,True
B-train-00427-q01,B-train-00427,argmax,"Trong bảng 1 ở trang 1, Khu vực nào có Kế hoạch lớn nhất?",Khu vực,Kế hoạch,Tây Nguyên,p01_b00038,1,6,0,True,1,Tây Nguyên,p01_b00038,1,6,0,True,1,4.860,4860.0,3,8,True
B-train-00427-q02,B-train-00427,argmax,"Trong bảng 1 ở trang 1, Khu vực nào có Chênh lệch lớn nhất?",Khu vực,Chênh lệch,Miền Nam,p01_b00072,1,10,0,False,2,Miền Nam,p01_b00072,1,10,0,False,2,850,850.0,7,8,True
B-train-00427-q06,B-train-00427,argmin,"Trong bảng 2 ở trang 1, Điểm bán nào có Kỳ này nhỏ nhất?",Điểm bán,Kỳ này,Cửa hàng 02,p01_b00098,2,4,0,False,2,Cửa hàng 02,p01_b00098,2,4,0,False,2,125,125.0,1,11,True
B-train-00427-q09,B-train-00427,argmin,"Trong bảng 1 ở trang 1, Khu vực nào có Tỷ lệ nhỏ nhất?",Khu vực,Tỷ lệ,Miền Trung,p01_b00020,1,4,0,False,1,Miền Trung,p01_b00020,1,4,0,False,1,"89,4%",89.4,1,8,True
B-train-00428-q01,B-train-00428,argmax,"Trong bảng 1 ở trang 1, Gói thầu nào có Giá trúng lớn nhất?",Gói thầu,Giá trúng,GT53,p01_b00065,1,9,0,True,2,GT53,p01_b00065,1,9,0,True,2,2.270,2270.0,6,17,True
B-train-00428-q02,B-train-00428,argmin,"Trong bảng 1 ở trang 1, Gói thầu nào có Lũy kế nhỏ nhất?",Gói thầu,Lũy kế,GT58,p01_b00136,1,17,0,False,1,GT58,p01_b00136,1,17,0,False,1,794,794.0,14,17,True
B-train-00428-q05,B-train-00428,argmax,"Trong bảng 1 ở trang 1, Gói thầu nào có Lũy kế lớn nhất?",Gói thầu,Lũy kế,GT23,p01_b00030,1,5,0,False,1,GT23,p01_b00030,1,5,0,False,1,9.737,9737.0,2,17,True
B-train-00429-q01,B-train-00429,argmin,"Trong bảng 1 ở trang 1, Kho/điểm nào có Tồn cuối nhỏ nhất?",Kho/điểm,Tồn cuối,Lâm Đồng,p01_b00066,1,9,0,False,1,Lâm Đồng,p01_b00066,1,9,0,False,1,108,108.0,6,8,True
B-train-00429-q03,B-train-00429,argmax,"Trong bảng 1 ở trang 1, Kho/điểm nào có Kỳ này lớn nhất?",Kho/điểm,Kỳ này,Kho Đà Nẵng,p01_b00021,1,4,0,False,1,Kho Đà Nẵng,p01_b00021,1,4,0,False,1,9.534,9534.0,1,8,True
B-train-00429-q08,B-train-00429,argmin,"Trong bảng 2 ở trang 1, Nhóm chế độ nào có Trễ hạn nhỏ nhất?",Nhóm chế độ,Trễ hạn,Hưu trí,p01_b00093,2,3,0,False,3,Hưu trí,p01_b00093,2,3,0,False,3,0,0.0,0,11,True
B-train-00430-q02,B-train-00430,argmin,"Trong bảng 1 ở trang 1, Trạm nào có Công suất đỉnh nhỏ nhất?",Trạm,Công suất đỉnh,Đà Nẵng,p01_b00030,1,6,0,False,1,Đà Nẵng,p01_b00030,1,6,0,False,1,136,136.0,3,10,True
B-train-00430-q03,B-train-00430,argmax,"Trong bảng 1 ở trang 1, Trạm nào có Lũy kế lớn nhất?",Trạm,Lũy kế,Trạm Cao Nguyên,p01_b00070,1,12,0,False,1,Trạm Cao Nguyên,p01_b00070,1,12,0,False,1,7.932,7932.0,9,10,True
B-train-00430-q08,B-train-00430,argmax,"Trong bảng 1 ở trang 1, Trạm nào có Sự cố lớn nhất?",Trạm,Sự cố,Trạm Nam Sông,p01_b00023,1,5,0,False,2,Trạm Nam Sông,p01_b00023,1,5,0,False,2,7,7.0,2,10,True
B-train-00431-q04,B-train-00431,argmax,"Trong bảng 2 ở trang 1, Địa bàn nào có Kỳ trước lớn nhất?",Địa bàn,Kỳ trước,Hà Nội,p01_b00082,2,3,0,True,2,Hà Nội,p01_b00082,2,3,0,True,2,9.615,9615.0,0,9,True
B-train-00431-q05,B-train-00431,argmin,"Trong bảng 2 ở trang 1, Địa bàn nào có Diện tích (ha) nhỏ nhất?",Địa bàn,Diện tích (ha),Đồng Nai,p01_b00110,2,7,0,False,1,Đồng Nai,p01_b00110,2,7,0,False,1,28,28.0,4,9,True
B-train-00431-q08,B-train-00431,argmin,"Trong bảng 1 ở trang 1, Điểm đến nào có Công suất phòng nhỏ nhất?",Điểm đến,Công suất phòng,Đà Lạt,p01_b00064,1,10,0,False,2,Đà Lạt,p01_b00064,1,10,0,False,2,"51,0%",51.0,7,8,True
B-train-00431-q09,B-train-00431,argmax,"Trong bảng 1 ở trang 1, Điểm đến nào có Doanh thu lớn nhất?",Điểm đến,Doanh thu,Phố cổ Hội An,p01_b00056,1,9,0,False,1,Phố cổ Hội An,p01_b00056,1,9,0,False,1,163.432,163432.0,6,8,True
B-train-00432-q01,B-train-00432,argmax,"Trong bảng 1 ở trang 1, Dự án nào có Giải ngân lớn nhất?",Dự án,Giải ngân,Đường vành đai,p01_b00020,1,4,0,False,3,Đường vành đai,p01_b00020,1,4,0,False,3,24.326,24326.0,1,12,True
B-train-00432-q04,B-train-00432,argmin,"Trong bảng 1 ở trang 1, Dự án nào có Tiến độ nhỏ nhất?",Dự án,Tiến độ,Trường liên cấp,p01_b00029,1,5,0,False,2,Trường liên cấp,p01_b00029,1,5,0,False,2,"27,7%",27.7,2,12,True
B-train-00432-q06,B-train-00432,argmax,"Trong bảng 1 ở trang 1, Dự án nào có Giá trị hợp đồng lớn nhất?",Dự án,Giá trị hợp đồng,Khu tái định cư,p01_b00047,1,7,0,False,1,Đường vành đai,p01_b00020,1,4,0,False,2,26.690,26690.0,1,12,False
B-train-00432-q07,B-train-00432,argmin,"Trong bảng 1 ở trang 1, Dự án nào có Giá trị hợp đồng nhỏ nhất?",Dự án,Giá trị hợp đồng,Khánh Hòa,p01_b00091,1,12,0,False,1,Nhà máy nước,p01_b00082,1,11,0,False,2,4.600,4600.0,8,12,False
B-train-00433-q02,B-train-00433,argmax,"Trong bảng 2 ở trang 1, Kho/điểm nào có Tồn cuối lớn nhất?",Kho/điểm,Tồn cuối,Kho Hà Nội,p01_b00075,2,3,0,False,2,Kho Hà Nội,p01_b00075,2,3,0,False,2,942,942.0,0,9,True
B-train-00433-q05,B-train-00433,argmin,"Trong bảng 1 ở trang 1, Điểm đến nào có Doanh thu nhỏ nhất?",Điểm đến,Doanh thu,Đồng Nai,p01_b00044,1,8,0,False,1,Đồng Nai,p01_b00044,1,8,0,False,1,33.120,33120.0,5,8,True
B-train-00433-q08,B-train-00433,argmin,"Trong bảng 2 ở trang 1, Kho/điểm nào có Kỳ trước nhỏ nhất?",Kho/điểm,Kỳ trước,Kho Hà Nội,p01_b00119,2,8,0,False,2,Kho Hà Nội,p01_b00119,2,8,0,False,2,408,408.0,5,9,True
B-train-00433-q09,B-train-00433,argmax,"Trong bảng 2 ở trang 1, Kho/điểm nào có Lũy kế lớn nhất?",Kho/điểm,Lũy kế,Kho Bình Dương,p01_b00093,2,5,0,False,1,Kho Bình Dương,p01_b00093,2,5,0,False,1,9.521,9521.0,2,9,True
B-train-00434-q02,B-train-00434,argmax,"Trong bảng 1 ở trang 1, Điểm đến nào có Công suất phòng lớn nhất?",Điểm đến,Công suất phòng,Vịnh Hạ Long,p01_b00010,1,3,0,False,4,Vịnh Hạ Long,p01_b00010,1,3,0,False,4,"90,9%",90.9,0,16,True
B-train-00434-q06,B-train-00434,argmin,"Trong bảng 1 ở trang 1, Điểm đến nào có Công suất phòng nhỏ nhất?",Điểm đến,Công suất phòng,Vịnh Hạ Long,p01_b00045,1,8,0,False,4,Vịnh Hạ Long,p01_b00045,1,8,0,False,4,"60,0%",60.0,5,16,True
B-train-00434-q08,B-train-00434,argmax,"Trong bảng 1 ở trang 1, Điểm đến nào có Doanh thu lớn nhất?",Điểm đến,Doanh thu,Vịnh Hạ Long,p01_b00010,1,3,0,False,4,Vịnh Hạ Long,p01_b00010,1,3,0,False,4,181.512,181512.0,0,16,True
B-train-00435-q02,B-train-00435,argmax,"Trong bảng 1 ở trang 1, Nhóm chế độ nào có Đã giải quyết lớn nhất?",Nhóm chế độ,Đã giải quyết,Tai nạn lao động,p01_b00080,1,12,0,False,3,Tai nạn lao động,p01_b00080,1,12,0,False,3,2244,2244.0,9,18,True
B-train-00435-q05,B-train-00435,argmin,"Trong bảng 1 ở trang 1, Nhóm chế độ nào có Kỳ này nhỏ nhất?",Nhóm chế độ,Kỳ này,Hưu trí,p01_b00011,1,3,0,False,4,Hưu trí,p01_b00011,1,3,0,False,4,203,203.0,0,18,True
B-train-00435-q06,B-train-00435,argmin,"Trong bảng 1 ở trang 1, Nhóm chế độ nào có Đã giải quyết nhỏ nhất?",Nhóm chế độ,Đã giải quyết,Hưu trí,p01_b00011,1,3,0,False,4,Hưu trí,p01_b00011,1,3,0,False,4,68,68.0,0,18,True
B-train-00435-q07,B-train-00435,argmax,"Trong bảng 1 ở trang 1, Nhóm chế độ nào có Trễ hạn lớn nhất?",Nhóm chế độ,Trễ hạn,Thất nghiệp,p01_b00136,1,19,0,False,3,Thất nghiệp,p01_b00136,1,19,0,False,3,75,75.0,16,18,True
B-train-00436-q02,B-train-00436,argmax,"Trong bảng 2 ở trang 1, Điểm đến nào có Doanh thu lớn nhất?",Điểm đến,Doanh thu,Vịnh Hạ Long,p01_b00075,2,3,0,False,3,Khánh Hòa,p01_b00145,2,11,0,True,1,178.472,178472.0,9,11,False
B-train-00436-q04,B-train-00436,argmax,"Trong bảng 1 ở trang 1, Tuyến nào có Hành khách lớn nhất?",Tuyến,Hành khách,Đà Nẵng – Huế,p01_b00017,1,4,0,False,1,Đà Nẵng – Huế,p01_b00017,1,4,0,False,1,1.512,1512.0,1,8,True
B-train-00437-q01,B-train-00437,argmin,"Trong bảng 1 ở trang 1, Dự án nào có Tiến độ nhỏ nhất?",Dự án,Tiến độ,Cầu Đông Thành,p01_b00010,1,3,0,False,3,Cầu Đông Thành,p01_b00010,1,3,0,False,3,"17,7%",17.7,0,18,True
B-train-00437-q03,B-train-00437,argmax,"Trong bảng 1 ở trang 1, Dự án nào có Giải ngân lớn nhất?",Dự án,Giải ngân,Nhà máy nước,p01_b00065,1,11,0,False,3,Nhà máy nước,p01_b00065,1,11,0,False,3,23.780,23780.0,8,18,True
B-train-00437-q09,B-train-00437,argmin,"Trong bảng 1 ở trang 1, Dự án nào có Giải ngân nhỏ nhất?",Dự án,Giải ngân,Đường vành đai,p01_b00052,1,9,0,False,3,Đường vành đai,p01_b00052,1,9,0,False,3,812,812.0,6,18,True
B-train-00437-q10,B-train-00437,argmax,"Trong bảng 1 ở trang 1, Dự án nào có Tiến độ lớn nhất?",Dự án,Tiến độ,Trường liên cấp,p01_b00126,1,20,0,False,4,Trường liên cấp,p01_b00126,1,20,0,False,4,"99,1%",99.1,17,18,True
B-train-00438-q01,B-train-00438,argmax,"Trong bảng 1 ở trang 1, Điểm đến nào có Công suất phòng lớn nhất?",Điểm đến,Công suất phòng,Phố cổ Hội An,p01_b00017,1,4,0,False,2,Phố cổ Hội An,p01_b00017,1,4,0,False,2,"87,6%",87.6,1,10,True
B-train-00438-q09,B-train-00438,argmin,"Trong bảng 2 ở trang 1, Địa bàn nào có Diện tích (ha) nhỏ nhất?",Địa bàn,Diện tích (ha),Hà Nội,p01_b00149,2,10,0,False,2,Hà Nội,p01_b00149,2,10,0,False,2,157,157.0,7,9,True
B-train-00438-q10,B-train-00438,argmin,"Trong bảng 1 ở trang 1, Điểm đến nào có Lũy kế nhỏ nhất?",Điểm đến,Lũy kế,Nha Trang,p01_b00031,1,6,0,False,1,Nha Trang,p01_b00031,1,6,0,False,1,121,121.0,3,10,True
B-train-00439-q04,B-train-00439,argmax,"Trong bảng 1 ở trang 2, Địa bàn nào có Tỷ trọng (%) lớn nhất?",Địa bàn,Tỷ trọng (%),Khánh Hòa,p02_b00111,1,14,0,False,2,Khánh Hòa,p02_b00111,1,14,0,False,2,"37,9%",37.9,11,14,True
B-train-00439-q05,B-train-00439,argmax,"Trong bảng 1 ở trang 2, Địa bàn nào có Kế hoạch năm lớn nhất?",Địa bàn,Kế hoạch năm,Đà Nẵng,p02_b00039,1,6,0,False,2,Đà Nẵng,p02_b00039,1,6,0,False,2,9.865,9865.0,3,14,True
B-train-00439-q06,B-train-00439,argmin,"Trong bảng 1 ở trang 2, Địa bàn nào có Tỷ trọng (%) nhỏ nhất?",Địa bàn,Tỷ trọng (%),Đà Nẵng,p02_b00039,1,6,0,False,2,Đà Nẵng,p02_b00039,1,6,0,False,2,"9,6%",9.6,3,14,True
B-train-00440-q02,B-train-00440,argmin,"Trong bảng 1 ở trang 1, Khoa nào có Chuyển tuyến nhỏ nhất?",Khoa,Chuyển tuyến,Nội tổng hợp,p01_b00050,1,9,0,False,3,Nội tổng hợp,p01_b00050,1,9,0,False,3,0,0.0,6,13,True
B-train-00440-q05,B-train-00440,argmin,"Trong bảng 1 ở trang 1, Khoa nào có Nhập viện nhỏ nhất?",Khoa,Nhập viện,Nhi,p01_b00064,1,11,0,False,2,Nhi,p01_b00064,1,11,0,False,2,9,9.0,8,13,True
B-train-00441-q03,B-train-00441,argmin,"Trong bảng 1 ở trang 1, Dự án nào có Kỳ trước nhỏ nhất?",Dự án,Kỳ trước,Nhà máy nước,p01_b00035,1,6,0,False,3,Nhà máy nước,p01_b00035,1,6,0,False,3,546,546.0,3,14,True
B-train-00441-q05,B-train-00441,argmax,"Trong bảng 1 ở trang 2, Dự án nào có Giải ngân lớn nhất?",Dự án,Giải ngân,Đường vành đai,p02_b00067,1,10,0,False,3,Đường vành đai,p02_b00067,1,10,0,False,3,18.408,18408.0,7,15,True
B-train-00441-q07,B-train-00441,argmin,"Trong bảng 1 ở trang 2, Dự án nào có Tỷ trọng (%) nhỏ nhất?",Dự án,Tỷ trọng (%),Cầu Đông Thành,p02_b00098,1,14,0,False,3,Cầu Đông Thành,p02_b00098,1,14,0,False,3,"1,2%",1.2,11,15,True
B-train-00441-q10,B-train-00441,argmax,"Trong bảng 1 ở trang 2, Dự án nào có Tiến độ lớn nhất?",Dự án,Tiến độ,Đường vành đai,p02_b00106,1,15,0,True,3,Đường vành đai,p02_b00106,1,15,0,True,3,"95,4%",95.4,12,15,True
B-train-00442-q03,B-train-00442,argmax,"Trong bảng 1 ở trang 1, Nhóm chế độ nào có Hồ sơ nhận lớn nhất?",Nhóm chế độ,Hồ sơ nhận,Đồng bằng sông Cửu Long,p01_b00065,1,11,0,False,1,Đồng bằng sông Cửu Long,p01_b00065,1,11,0,False,1,2318,2318.0,8,10,True
B-train-00442-q04,B-train-00442,argmin,"Trong bảng 1 ở trang 1, Nhóm chế độ nào có Chi trả nhỏ nhất?",Nhóm chế độ,Chi trả,Hưu trí,p01_b00044,1,8,0,False,2,Hưu trí,p01_b00044,1,8,0,False,2,444,444.0,5,10,True
B-train-00442-q05,B-train-00442,argmin,"Trong bảng 2 ở trang 1, Kho/điểm nào có Chi phí nhỏ nhất?",Kho/điểm,Chi phí,Kho Hà Nội,p01_b00087,2,3,0,False,1,Kho Hà Nội,p01_b00087,2,3,0,False,1,8.815,8815.0,0,10,True
B-train-00442-q07,B-train-00442,argmax,"Trong bảng 2 ở trang 1, Kho/điểm nào có Tỷ trọng (%) lớn nhất?",Kho/điểm,Tỷ trọng (%),Kho Hà Nội,p01_b00087,2,3,0,False,1,Kho Hà Nội,p01_b00087,2,3,0,False,1,"34,3%",34.3,0,10,True
B-train-00443-q06,B-train-00443,argmax,"Trong bảng 1 ở trang 1, Địa bàn nào có Sản lượng (tấn) lớn nhất?",Địa bàn,Sản lượng (tấn),Khánh Hòa,p01_b00090,1,13,0,False,2,Khánh Hòa,p01_b00090,1,13,0,False,2,5.052,5052.0,10,12,True
B-train-00443-q08,B-train-00443,argmax,"Trong bảng 1 ở trang 1, Địa bàn nào có Kế hoạch năm lớn nhất?",Địa bàn,Kế hoạch năm,Cần Thơ,p01_b00050,1,8,0,True,1,Cần Thơ,p01_b00050,1,8,0,True,1,8.137,8137.0,5,12,True
B-train-00443-q09,B-train-00443,argmin,"Trong bảng 1 ở trang 1, Địa bàn nào có Kế hoạch năm nhỏ nhất?",Địa bàn,Kế hoạch năm,Đồng Nai,p01_b00098,1,14,0,False,2,Đồng Nai,p01_b00098,1,14,0,False,2,191,191.0,11,12,True
B-train-00444-q02,B-train-00444,argmin,"Trong bảng 1 ở trang 2, Khu vực nào có Tỷ lệ rớt cuộc nhỏ nhất?",Khu vực,Tỷ lệ rớt cuộc,Cụm BTS-01,p02_b00021,1,4,0,False,3,Cụm BTS-01,p02_b00021,1,4,0,False,3,"0,2%",0.2,1,14,True
B-train-00444-q04,B-train-00444,argmax,"Trong bảng 1 ở trang 2, Khu vực nào có Phản ánh lớn nhất?",Khu vực,Phản ánh,Khu vực ven biển,p02_b00038,1,6,0,True,3,Cụm BTS-01,p02_b00110,1,14,0,False,2,92,92.0,11,14,False
B-train-00444-q07,B-train-00444,argmin,"Trong bảng 1 ở trang 2, Khu vực nào có Lưu lượng nhỏ nhất?",Khu vực,Lưu lượng,Khu vực ven biển,p02_b00127,1,16,0,False,3,Khu vực ven biển,p02_b00127,1,16,0,False,3,28.240,28240.0,13,14,True
B-train-00444-q08,B-train-00444,argmax,"Trong bảng 1 ở trang 2, Khu vực nào có Lưu lượng lớn nhất?",Khu vực,Lưu lượng,Khu vực ven biển,p02_b00038,1,6,0,True,3,Khu vực ven biển,p02_b00038,1,6,0,True,3,97.035,97035.0,3,14,True
B-train-00445-q01,B-train-00445,argmin,"Trong bảng 1 ở trang 2, Khu vực nào có Tỷ lệ nhỏ nhất?",Khu vực,Tỷ lệ,Miền Trung,p02_b00030,1,5,0,False,3,Miền Trung,p02_b00030,1,5,0,False,3,"87,9%",87.9,2,15,True
B-train-00445-q03,B-train-00445,argmax,"Trong bảng 1 ở trang 2, Khu vực nào có Chênh lệch lớn nhất?",Khu vực,Chênh lệch,Miền Trung,p02_b00075,1,10,0,False,3,Miền Trung,p02_b00075,1,10,0,False,3,840,840.0,7,15,True
B-train-00445-q08,B-train-00445,argmin,"Trong bảng 1 ở trang 1, Khu vực nào có Chênh lệch nhỏ nhất?",Khu vực,Chênh lệch,Miền Bắc,p01_b00012,1,3,0,False,3,Miền Bắc,p01_b00012,1,3,0,False,3,-390,-390.0,0,14,True
B-train-00445-q09,B-train-00445,argmax,"Trong bảng 1 ở trang 2, Khu vực nào có Tỷ lệ lớn nhất?",Khu vực,Tỷ lệ,Miền Trung,p02_b00075,1,10,0,False,3,Miền Trung,p02_b00075,1,10,0,False,3,"170,6%",170.6,7,15,True
B-train-00446-q03,B-train-00446,argmin,"Trong bảng 1 ở trang 1, Địa bàn nào có Diện tích (ha) nhỏ nhất?",Địa bàn,Diện tích (ha),Cần Thơ,p01_b00045,1,8,0,False,1,Cần Thơ,p01_b00045,1,8,0,False,1,66,66.0,5,11,True
B-train-00446-q09,B-train-00446,argmax,"Trong bảng 2 ở trang 1, Gói thầu nào có Kỳ này lớn nhất?",Gói thầu,Kỳ này,GT95,p01_b00174,2,12,0,False,1,GT95,p01_b00174,2,12,0,False,1,8.123,8123.0,9,12,True
B-train-00447-q01,B-train-00447,argmin,"Trong bảng 1 ở trang 1, Đơn vị nào có Đạt nhỏ nhất?",Đơn vị,Đạt,THPT Lê Quý Đôn,p01_b00084,1,14,0,True,2,THPT Lê Quý Đôn,p01_b00084,1,14,0,True,2,22,22.0,11,14,True
B-train-00447-q03,B-train-00447,argmax,"Trong bảng 1 ở trang 1, Đơn vị nào có Tỷ lệ đạt lớn nhất?",Đơn vị,Tỷ lệ đạt,THPT Trần Phú,p01_b00091,1,15,0,False,2,Khánh Hòa,p01_b00017,1,4,0,False,1,"95,7%",95.7,2,14,False
B-train-00447-q08,B-train-00447,argmin,"Trong bảng 1 ở trang 1, Đơn vị nào có Tỷ lệ đạt nhỏ nhất?",Đơn vị,Tỷ lệ đạt,THPT Phan Bội Châu,p01_b00098,1,16,0,False,3,THPT Phan Bội Châu,p01_b00098,1,16,0,False,3,"71,4%",71.4,13,14,True
B-train-00448-q04,B-train-00448,argmin,"Trong bảng 1 ở trang 1, Dự án nào có Kỳ trước nhỏ nhất?",Dự án,Kỳ trước,Nhà máy nước,p01_b00073,1,11,0,False,2,Nhà máy nước,p01_b00073,1,11,0,False,2,226,226.0,8,18,True
B-train-00448-q06,B-train-00448,argmin,"Trong bảng 1 ở trang 1, Dự án nào có Giải ngân nhỏ nhất?",Dự án,Giải ngân,Cầu Đông Thành,p01_b00011,1,3,0,False,3,Cầu Đông Thành,p01_b00011,1,3,0,False,3,255,255.0,0,18,True
B-train-00448-q10,B-train-00448,argmax,"Trong bảng 1 ở trang 1, Dự án nào có Tiến độ lớn nhất?",Dự án,Tiến độ,Nhà máy nước,p01_b00073,1,11,0,False,3,Nhà máy nước,p01_b00073,1,11,0,False,3,"83,8%",83.8,8,18,True
B-train-00449-q02,B-train-00449,argmin,"Trong bảng 1 ở trang 1, Mã hàng nào có Tồn đầu nhỏ nhất?",Mã hàng,Tồn đầu,VT543,p01_b00043,1,8,0,False,1,VT543,p01_b00043,1,8,0,False,1,55,55.0,5,13,True
B-train-00449-q03,B-train-00449,argmin,"Trong bảng 1 ở trang 1, Mã hàng nào có Tồn cuối nhỏ nhất?",Mã hàng,Tồn cuối,VT147,p01_b00029,1,6,0,True,1,VT147,p01_b00029,1,6,0,True,1,9,9.0,3,13,True
B-train-00449-q05,B-train-00449,argmax,"Trong bảng 1 ở trang 1, Mã hàng nào có Tồn cuối lớn nhất?",Mã hàng,Tồn cuối,VT543,p01_b00043,1,8,0,False,1,VT543,p01_b00043,1,8,0,False,1,101,101.0,5,13,True
B-train-00449-q10,B-train-00449,argmax,"Trong bảng 1 ở trang 1, Mã hàng nào có Nhập lớn nhất?",Mã hàng,Nhập,VT430,p01_b00057,1,10,0,False,1,VT430,p01_b00057,1,10,0,False,1,104,104.0,7,13,True
B-train-00450-q04,B-train-00450,argmin,"Trong bảng 1 ở trang 1, Đơn vị nào có Tỷ lệ đạt nhỏ nhất?",Đơn vị,Tỷ lệ đạt,THPT Trần Phú,p01_b00056,1,10,0,True,1,THPT Trần Phú,p01_b00056,1,10,0,True,1,"74,4%",74.4,7,8,True
B-train-00450-q06,B-train-00450,argmax,"Trong bảng 1 ở trang 1, Đơn vị nào có Thí sinh lớn nhất?",Đơn vị,Thí sinh,THPT Trần Phú,p01_b00056,1,10,0,True,1,Miền Trung,p01_b00017,1,4,0,False,1,44,44.0,2,8,False
B-train-00451-q01,B-train-00451,argmin,"Trong bảng 1 ở trang 1, Dự án nào có Kỳ trước nhỏ nhất?",Dự án,Kỳ trước,Trường liên cấp,p01_b00028,1,5,0,True,2,Trường liên cấp,p01_b00028,1,5,0,True,2,430,430.0,2,8,True
B-train-00451-q03,B-train-00451,argmax,"Trong bảng 2 ở trang 1, Khoa nào có Kỳ này lớn nhất?",Khoa,Kỳ này,Mắt,p01_b00118,2,7,0,False,1,Mắt,p01_b00118,2,7,0,False,1,9.479,9479.0,4,9,True
B-train-00451-q04,B-train-00451,argmin,"Trong bảng 1 ở trang 1, Dự án nào có Tiến độ nhỏ nhất?",Dự án,Tiến độ,Cầu Đông Thành,p01_b00055,1,8,0,False,1,Cầu Đông Thành,p01_b00055,1,8,0,False,1,"13,7%",13.7,5,8,True
B-train-00451-q08,B-train-00451,argmax,"Trong bảng 2 ở trang 1, Khoa nào có Lũy kế lớn nhất?",Khoa,Lũy kế,Mắt,p01_b00118,2,7,0,False,1,Mắt,p01_b00118,2,7,0,False,1,9.268,9268.0,4,9,True
B-train-00452-q03,B-train-00452,argmin,"Trong bảng 1 ở trang 1, Kho/điểm nào có Chi phí nhỏ nhất?",Kho/điểm,Chi phí,Kho Đà Nẵng,p01_b00019,1,4,0,False,3,Miền Trung,p01_b00043,1,7,0,False,1,23.175,23175.0,5,12,False
B-train-00452-q04,B-train-00452,argmax,"Trong bảng 1 ở trang 1, Kho/điểm nào có Kỳ này lớn nhất?",Kho/điểm,Kỳ này,Kho Bình Dương,p01_b00027,1,5,0,False,2,Miền Trung,p01_b00043,1,7,0,False,1,9.411,9411.0,5,12,False
B-train-00452-q05,B-train-00452,argmax,"Trong bảng 1 ở trang 1, Kho/điểm nào có Chi phí lớn nhất?",Kho/điểm,Chi phí,Kho Hà Nội,p01_b00011,1,3,0,False,2,Kho Hà Nội,p01_b00011,1,3,0,False,2,368.144,368144.0,0,12,True
B-train-00453-q03,B-train-00453,argmin,"Trong bảng 2 ở trang 1, Kho/điểm nào có Tồn cuối nhỏ nhất?",Kho/điểm,Tồn cuối,Kho Cần Thơ,p01_b00110,2,6,0,False,1,Kho Cần Thơ,p01_b00110,2,6,0,False,1,131,131.0,3,11,True
B-train-00453-q04,B-train-00453,argmax,"Trong bảng 2 ở trang 1, Kho/điểm nào có Tỷ trọng (%) lớn nhất?",Kho/điểm,Tỷ trọng (%),Kho Đà Nẵng,p01_b00093,2,4,0,False,2,Kho Đà Nẵng,p01_b00093,2,4,0,False,2,"36,0%",36.0,1,11,True
B-train-00453-q05,B-train-00453,argmax,"Trong bảng 2 ở trang 1, Kho/điểm nào có Chi phí lớn nhất?",Kho/điểm,Chi phí,Lâm Đồng,p01_b00145,2,10,0,False,1,Lâm Đồng,p01_b00145,2,10,0,False,1,274.823,274823.0,7,11,True
B-train-00453-q08,B-train-00453,argmin,"Trong bảng 1 ở trang 1, Chi nhánh nào có Tăng trưởng nhỏ nhất?",Chi nhánh,Tăng trưởng,Đà Nẵng 01,p01_b00027,1,5,0,False,1,Đà Nẵng 01,p01_b00027,1,5,0,False,1,"0,1%",0.1,2,8,True
B-train-00454-q01,B-train-00454,argmax,"Trong bảng 2 ở trang 1, Khu vực nào có Lưu lượng lớn nhất?",Khu vực,Lưu lượng,Cụm BTS-01,p01_b00110,2,3,0,False,2,Cụm BTS-01,p01_b00110,2,3,0,False,2,62.857,62857.0,0,11,True
B-train-00454-q02,B-train-00454,argmax,"Trong bảng 1 ở trang 1, Nhóm chế độ nào có Chi trả lớn nhất?",Nhóm chế độ,Chi trả,Thất nghiệp,p01_b00064,1,9,0,False,1,Thất nghiệp,p01_b00064,1,9,0,False,1,22.176,22176.0,6,10,True
B-train-00454-q06,B-train-00454,argmin,"Trong bảng 2 ở trang 1, Khu vực nào có Kế hoạch năm nhỏ nhất?",Khu vực,Kế hoạch năm,Khu vực ven biển,p01_b00126,2,5,0,False,2,Hải Phòng,p01_b00142,2,7,0,False,1,210,210.0,5,11,False
B-train-00454-q07,B-train-00454,argmin,"Trong bảng 1 ở trang 1, Nhóm chế độ nào có Trễ hạn nhỏ nhất?",Nhóm chế độ,Trễ hạn,Tai nạn lao động,p01_b00090,1,12,0,False,2,Đà Nẵng,p01_b00012,1,3,0,False,1,2,2.0,1,10,False
B-train-00455-q05,B-train-00455,argmin,"Trong bảng 1 ở trang 1, Khoa nào có Kỳ trước nhỏ nhất?",Khoa,Kỳ trước,Nội tổng hợp,p01_b00093,1,15,0,False,3,Nội tổng hợp,p01_b00093,1,15,0,False,3,505,505.0,12,18,True
B-train-00455-q06,B-train-00455,argmax,"Trong bảng 1 ở trang 1, Khoa nào có Nhập viện lớn nhất?",Khoa,Nhập viện,Nhi,p01_b00024,1,5,0,False,3,Nhi,p01_b00024,1,5,0,False,3,58,58.0,2,18,True
B-train-00455-q09,B-train-00455,argmax,"Trong bảng 1 ở trang 1, Khoa nào có Kỳ trước lớn nhất?",Khoa,Kỳ trước,Nhi,p01_b00024,1,5,0,False,3,Nhi,p01_b00024,1,5,0,False,3,9.331,9331.0,2,18,True
B-train-00455-q10,B-train-00455,argmin,"Trong bảng 1 ở trang 1, Khoa nào có Nhập viện nhỏ nhất?",Khoa,Nhập viện,Nhi,p01_b00066,1,11,0,False,3,Nhi,p01_b00066,1,11,0,False,3,6,6.0,8,18,True
B-train-00456-q04,B-train-00456,argmin,"Trong bảng 1 ở trang 1, Điểm quan trắc nào có COD nhỏ nhất?",Điểm quan trắc,COD,Sông Hồng,p01_b00010,1,3,0,False,2,Sông Hồng,p01_b00010,1,3,0,False,2,10,10.0,0,12,True
B-train-00456-q08,B-train-00456,argmin,"Trong bảng 1 ở trang 1, Điểm quan trắc nào có Tỷ trọng (%) nhỏ nhất?",Điểm quan trắc,Tỷ trọng (%),Sông Hồng,p01_b00043,1,8,0,False,3,Sông Hồng,p01_b00043,1,8,0,False,3,"0,8%",0.8,5,12,True
B-train-00456-q09,B-train-00456,argmax,"Trong bảng 1 ở trang 1, Điểm quan trắc nào có pH lớn nhất?",Điểm quan trắc,pH,Cửa biển Đà Nẵng,p01_b00070,1,12,0,False,1,Cửa biển Đà Nẵng,p01_b00070,1,12,0,False,1,"8,12",8.12,9,12,True
B-train-00456-q10,B-train-00456,argmax,"Trong bảng 1 ở trang 1, Điểm quan trắc nào có COD lớn nhất?",Điểm quan trắc,COD,Sông Hồng,p01_b00077,1,13,0,False,2,Sông Hồng,p01_b00077,1,13,0,False,2,79,79.0,10,12,True
B-train-00457-q03,B-train-00457,argmin,"Trong bảng 2 ở trang 1, Tuyến nào có Hành khách nhỏ nhất?",Tuyến,Hành khách,Hà Nội – Hải Phòng,p01_b00091,2,3,0,False,3,Hà Nội – Hải Phòng,p01_b00091,2,3,0,False,3,588,588.0,0,10,True
B-train-00457-q07,B-train-00457,argmin,"Trong bảng 2 ở trang 1, Tuyến nào có Doanh thu nhỏ nhất?",Tuyến,Doanh thu,Nha Trang – Đà Lạt,p01_b00111,2,6,0,False,1,Đồng Nai,p01_b00132,2,9,0,True,1,73.304,73304.0,7,10,False
B-train-00457-q08,B-train-00457,argmax,"Trong bảng 2 ở trang 1, Tuyến nào có Đúng giờ lớn nhất?",Tuyến,Đúng giờ,Hà Nội – Hải Phòng,p01_b00091,2,3,0,False,3,Hà Nội – Hải Phòng,p01_b00091,2,3,0,False,3,"98,3%",98.3,0,10,True
B-train-00457-q10,B-train-00457,argmax,"Trong bảng 2 ở trang 1, Tuyến nào có Số chuyến lớn nhất?",Tuyến,Số chuyến,TP.HCM – Cần Thơ,p01_b00104,2,5,0,False,1,TP.HCM – Cần Thơ,p01_b00104,2,5,0,False,1,45,45.0,2,10,True
B-train-00458-q05,B-train-00458,argmin,"Trong bảng 1 ở trang 1, Mã hàng nào có Tồn đầu nhỏ nhất?",Mã hàng,Tồn đầu,VT179,p01_b00037,1,7,0,True,1,VT179,p01_b00037,1,7,0,True,1,13,13.0,4,8,True
B-train-00458-q10,B-train-00458,argmax,"Trong bảng 2 ở trang 1, Khu vực nào có Lưu lượng lớn nhất?",Khu vực,Lưu lượng,Khu vực đô thị,p01_b00144,2,11,0,False,2,Khu vực đô thị,p01_b00144,2,11,0,False,2,97.509,97509.0,8,9,True
B-train-00459-q04,B-train-00459,argmax,"Trong bảng 1 ở trang 1, Địa bàn nào có Tỷ trọng (%) lớn nhất?",Địa bàn,Tỷ trọng (%),Hải Phòng,p01_b00065,1,11,0,False,3,Hải Phòng,p01_b00065,1,11,0,False,3,"31,6%",31.6,8,16,True
B-train-00459-q09,B-train-00459,argmax,"Trong bảng 1 ở trang 1, Địa bàn nào có Diện tích (ha) lớn nhất?",Địa bàn,Diện tích (ha),Khánh Hòa,p01_b00030,1,6,0,False,2,Khánh Hòa,p01_b00030,1,6,0,False,2,751,751.0,3,16,True
B-train-00459-q10,B-train-00459,argmin,"Trong bảng 1 ở trang 1, Địa bàn nào có Diện tích (ha) nhỏ nhất?",Địa bàn,Diện tích (ha),Hà Nội,p01_b00010,1,3,0,False,3,Hà Nội,p01_b00010,1,3,0,False,3,114,114.0,0,16,True
B-train-00460-q02,B-train-00460,argmin,"Trong bảng 1 ở trang 1, Nghiệp vụ nào có Phí bảo hiểm nhỏ nhất?",Nghiệp vụ,Phí bảo hiểm,Xe cơ giới,p01_b00097,1,14,0,False,3,Xe cơ giới,p01_b00097,1,14,0,False,3,390,390.0,11,14,True
B-train-00460-q03,B-train-00460,argmax,"Trong bảng 1 ở trang 1, Nghiệp vụ nào có Bồi thường lớn nhất?",Nghiệp vụ,Bồi thường,Tài sản,p01_b00105,1,15,0,False,2,Tài sản,p01_b00105,1,15,0,False,2,3.010,3010.0,12,14,True
B-train-00460-q07,B-train-00460,argmin,"Trong bảng 1 ở trang 1, Nghiệp vụ nào có Tỷ lệ nhỏ nhất?",Nghiệp vụ,Tỷ lệ,Tai nạn con người,p01_b00042,1,7,0,False,2,Tai nạn con người,p01_b00042,1,7,0,False,2,"10,0%",10.0,4,14,True
B-train-00460-q09,B-train-00460,argmax,"Trong bảng 1 ở trang 1, Nghiệp vụ nào có Kế hoạch năm lớn nhất?",Nghiệp vụ,Kế hoạch năm,Hàng hóa,p01_b00113,1,16,0,False,2,Hàng hóa,p01_b00113,1,16,0,False,2,9.946,9946.0,13,14,True
B-train-00461-q02,B-train-00461,argmax,"Trong bảng 2 ở trang 1, Điểm quan trắc nào có BOD5 lớn nhất?",Điểm quan trắc,BOD5,KCN Long Thành,p01_b00126,2,6,0,True,2,KCN Long Thành,p01_b00126,2,6,0,True,2,48,48.0,3,9,True
B-train-00461-q03,B-train-00461,argmin,"Trong bảng 1 ở trang 1, Dự án nào có Kỳ trước nhỏ nhất?",Dự án,Kỳ trước,Cầu Đông Thành,p01_b00048,1,8,0,False,2,Cầu Đông Thành,p01_b00048,1,8,0,False,2,163,163.0,5,10,True
B-train-00461-q04,B-train-00461,argmax,"Trong bảng 1 ở trang 1, Dự án nào có Kỳ trước lớn nhất?",Dự án,Kỳ trước,Khu tái định cư,p01_b00041,1,7,0,False,2,Khu tái định cư,p01_b00041,1,7,0,False,2,8.554,8554.0,4,10,True
B-train-00461-q05,B-train-00461,argmin,"Trong bảng 2 ở trang 1, Điểm quan trắc nào có Kế hoạch năm nhỏ nhất?",Điểm quan trắc,Kế hoạch năm,Đồng Nai,p01_b00144,2,8,0,False,1,Đồng Nai,p01_b00144,2,8,0,False,1,2.773,2773.0,5,9,True
B-train-00462-q05,B-train-00462,argmax,"Trong bảng 1 ở trang 1, Nghiệp vụ nào có Phí bảo hiểm lớn nhất?",Nghiệp vụ,Phí bảo hiểm,Hàng hóa,p01_b00073,1,11,0,False,2,Hàng hóa,p01_b00073,1,11,0,False,2,10.944,10944.0,8,17,True
B-train-00462-q08,B-train-00462,argmin,"Trong bảng 1 ở trang 1, Nghiệp vụ nào có Tỷ lệ nhỏ nhất?",Nghiệp vụ,Tỷ lệ,Xe cơ giới,p01_b00019,1,4,0,False,3,Xe cơ giới,p01_b00019,1,4,0,False,3,"4,2%",4.2,1,17,True
B-train-00462-q09,B-train-00462,argmax,"Trong bảng 1 ở trang 1, Nghiệp vụ nào có Kế hoạch năm lớn nhất?",Nghiệp vụ,Kế hoạch năm,Sức khỏe,p01_b00011,1,3,0,False,3,Sức khỏe,p01_b00011,1,3,0,False,3,9.650,9650.0,0,17,True
B-train-00462-q10,B-train-00462,argmin,"Trong bảng 1 ở trang 1, Nghiệp vụ nào có Bồi thường nhỏ nhất?",Nghiệp vụ,Bồi thường,Hàng hóa,p01_b00035,1,6,0,False,2,Hàng hóa,p01_b00035,1,6,0,False,2,40,40.0,3,17,True
B-train-00463-q02,B-train-00463,argmax,"Trong bảng 2 ở trang 1, Điểm quan trắc nào có Kỳ này lớn nhất?",Điểm quan trắc,Kỳ này,Hồ Xuân Hương,p01_b00161,2,10,0,False,2,Hồ Xuân Hương,p01_b00161,2,10,0,False,2,8.893,8893.0,7,8,True
B-train-00463-q06,B-train-00463,argmin,"Trong bảng 1 ở trang 1, Tuyến nào có Tỷ trọng (%) nhỏ nhất?",Tuyến,Tỷ trọng (%),Hà Nội – Hải Phòng,p01_b00042,1,7,0,False,3,Hà Nội – Hải Phòng,p01_b00042,1,7,0,False,3,"1,0%",1.0,4,11,True
B-train-00463-q07,B-train-00463,argmax,"Trong bảng 1 ở trang 1, Tuyến nào có Đúng giờ lớn nhất?",Tuyến,Đúng giờ,Đà Nẵng – Huế,p01_b00050,1,8,0,False,2,Đà Nẵng – Huế,p01_b00050,1,8,0,False,2,"98,9%",98.9,5,11,True
B-train-00463-q08,B-train-00463,argmin,"Trong bảng 2 ở trang 1, Điểm quan trắc nào có Lũy kế nhỏ nhất?",Điểm quan trắc,Lũy kế,Sông Hương,p01_b00115,2,4,0,False,2,Sông Hương,p01_b00115,2,4,0,False,2,589,589.0,1,8,True
B-train-00464-q05,B-train-00464,argmax,"Trong bảng 1 ở trang 1, Dự án nào có Kỳ trước lớn nhất?",Dự án,Kỳ trước,Trường liên cấp,p01_b00126,1,20,0,False,4,Trường liên cấp,p01_b00126,1,20,0,False,4,9.761,9761.0,17,18,True
B-train-00464-q06,B-train-00464,argmin,"Trong bảng 1 ở trang 1, Dự án nào có Tiến độ nhỏ nhất?",Dự án,Tiến độ,Khu tái định cư,p01_b00071,1,12,0,False,3,Miền Trung,p01_b00044,1,8,0,False,1,"11,7%",11.7,6,18,False
B-train-00464-q07,B-train-00464,argmin,"Trong bảng 1 ở trang 1, Dự án nào có Giải ngân nhỏ nhất?",Dự án,Giải ngân,Miền Trung,p01_b00044,1,8,0,False,1,Miền Trung,p01_b00044,1,8,0,False,1,898,898.0,5,18,True
B-train-00465-q03,B-train-00465,argmax,"Trong bảng 2 ở trang 1, Khu vực nào có Thực hiện lớn nhất?",Khu vực,Thực hiện,Miền Nam,p01_b00127,2,5,0,False,1,Miền Nam,p01_b00127,2,5,0,False,1,5.630,5630.0,2,10,True
B-train-00465-q06,B-train-00465,argmin,"Trong bảng 1 ở trang 1, Khu vực nào có Tỷ lệ rớt cuộc nhỏ nhất?",Khu vực,Tỷ lệ rớt cuộc,Cụm BTS-01,p01_b00011,1,3,0,False,3,Cụm BTS-01,p01_b00011,1,3,0,False,3,"0,3%",0.3,0,12,True
B-train-00465-q07,B-train-00465,argmin,"Trong bảng 2 ở trang 1, Khu vực nào có Chênh lệch nhỏ nhất?",Khu vực,Chênh lệch,Tây Nguyên,p01_b00167,2,11,0,False,2,Tây Nguyên,p01_b00167,2,11,0,False,2,-530,-530.0,8,10,True
B-train-00465-q08,B-train-00465,argmax,"Trong bảng 2 ở trang 1, Khu vực nào có Tỷ lệ lớn nhất?",Khu vực,Tỷ lệ,Đồng bằng sông Cửu Long,p01_b00174,2,12,0,False,3,Đồng bằng sông Cửu Long,p01_b00174,2,12,0,False,3,"142,2%",142.2,9,10,True
B-train-00466-q03,B-train-00466,argmax,"Trong bảng 1 ở trang 1, Chi nhánh nào có Kế hoạch năm lớn nhất?",Chi nhánh,Kế hoạch năm,Đà Nẵng 01,p01_b00030,1,5,0,False,3,Đà Nẵng 01,p01_b00030,1,5,0,False,3,9.779,9779.0,2,13,True
B-train-00466-q07,B-train-00466,argmax,"Trong bảng 1 ở trang 1, Chi nhánh nào có Tăng trưởng lớn nhất?",Chi nhánh,Tăng trưởng,Cần Thơ 02,p01_b00091,1,12,0,False,1,Cần Thơ 02,p01_b00091,1,12,0,False,1,"18,0%",18.0,9,13,True
B-train-00466-q09,B-train-00466,argmin,"Trong bảng 1 ở trang 1, Chi nhánh nào có Huy động nhỏ nhất?",Chi nhánh,Huy động,Khánh Hòa 03,p01_b00082,1,11,0,False,2,Khánh Hòa 03,p01_b00082,1,11,0,False,2,3.370,3370.0,8,13,True
B-train-00467-q03,B-train-00467,argmax,"Trong bảng 2 ở trang 1, Kho/điểm nào có Tồn cuối lớn nhất?",Kho/điểm,Tồn cuối,Kho Bình Dương,p01_b00140,2,10,0,False,1,Kho Bình Dương,p01_b00140,2,10,0,False,1,859,859.0,7,8,True
B-train-00467-q05,B-train-00467,argmin,"Trong bảng 2 ở trang 1, Kho/điểm nào có Chi phí nhỏ nhất?",Kho/điểm,Chi phí,Kho Bình Dương,p01_b00140,2,10,0,False,1,Kho Bình Dương,p01_b00140,2,10,0,False,1,21.528,21528.0,7,8,True
B-train-00467-q09,B-train-00467,argmin,"Trong bảng 2 ở trang 1, Kho/điểm nào có Tồn cuối nhỏ nhất?",Kho/điểm,Tồn cuối,Miền Bắc,p01_b00107,2,5,0,False,1,Miền Bắc,p01_b00107,2,5,0,False,1,136,136.0,2,8,True
B-train-00467-q10,B-train-00467,argmax,"Trong bảng 2 ở trang 1, Kho/điểm nào có Đúng hạn lớn nhất?",Kho/điểm,Đúng hạn,Miền Bắc,p01_b00107,2,5,0,False,1,Miền Bắc,p01_b00107,2,5,0,False,1,"96,5%",96.5,2,8,True
B-train-00468-q05,B-train-00468,argmin,"Trong bảng 1 ở trang 1, Nghiệp vụ nào có Bồi thường nhỏ nhất?",Nghiệp vụ,Bồi thường,Tài sản,p01_b00066,1,10,0,True,2,Tài sản,p01_b00066,1,10,0,True,2,29,29.0,7,14,True
B-train-00468-q06,B-train-00468,argmax,"Trong bảng 1 ở trang 1, Nghiệp vụ nào có Phí bảo hiểm lớn nhất?",Nghiệp vụ,Phí bảo hiểm,Hàng hóa,p01_b00035,1,6,0,False,3,Hàng hóa,p01_b00035,1,6,0,False,3,11.152,11152.0,3,14,True
B-train-00468-q09,B-train-00468,argmin,"Trong bảng 1 ở trang 1, Nghiệp vụ nào có Phí bảo hiểm nhỏ nhất?",Nghiệp vụ,Phí bảo hiểm,Tài sản,p01_b00066,1,10,0,True,2,Tài sản,p01_b00066,1,10,0,True,2,300,300.0,7,14,True
B-train-00469-q07,B-train-00469,argmin,"Trong bảng 1 ở trang 1, Dự án nào có Tiến độ nhỏ nhất?",Dự án,Tiến độ,Đường vành đai,p01_b00109,1,14,0,False,3,Đường vành đai,p01_b00109,1,14,0,False,3,"16,3%",16.3,11,15,True
B-train-00469-q08,B-train-00469,argmin,"Trong bảng 1 ở trang 1, Dự án nào có Giải ngân nhỏ nhất?",Dự án,Giải ngân,Đường vành đai,p01_b00065,1,9,0,False,3,Đường vành đai,p01_b00065,1,9,0,False,3,234,234.0,6,15,True
B-train-00469-q09,B-train-00469,argmax,"Trong bảng 1 ở trang 1, Dự án nào có Tiến độ lớn nhất?",Dự án,Tiến độ,Nhà máy nước,p01_b00127,1,16,0,True,2,Nhà máy nước,p01_b00127,1,16,0,True,2,"94,1%",94.1,13,15,True
B-train-00469-q10,B-train-00469,argmax,"Trong bảng 1 ở trang 1, Dự án nào có Giải ngân lớn nhất?",Dự án,Giải ngân,Cầu Đông Thành,p01_b00012,1,3,0,False,3,Cầu Đông Thành,p01_b00012,1,3,0,False,3,21.337,21337.0,0,15,True
B-train-00470-q02,B-train-00470,argmax,"Trong bảng 2 ở trang 1, Kho/điểm nào có Tồn cuối lớn nhất?",Kho/điểm,Tồn cuối,Kho Hà Nội,p01_b00094,2,3,0,False,1,Kho Hà Nội,p01_b00094,2,3,0,False,1,898,898.0,0,10,True
B-train-00470-q05,B-train-00470,argmin,"Trong bảng 2 ở trang 1, Kho/điểm nào có Đơn xử lý nhỏ nhất?",Kho/điểm,Đơn xử lý,Kho Đà Nẵng,p01_b00101,2,4,0,False,1,Kho Đà Nẵng,p01_b00101,2,4,0,False,1,708,708.0,1,10,True
B-train-00470-q06,B-train-00470,argmin,"Trong bảng 2 ở trang 1, Kho/điểm nào có Tỷ trọng (%) nhỏ nhất?",Kho/điểm,Tỷ trọng (%),Kho Bình Dương,p01_b00142,2,10,0,False,2,Kho Bình Dương,p01_b00142,2,10,0,False,2,"3,8%",3.8,7,10,True
B-train-00470-q09,B-train-00470,argmax,"Trong bảng 2 ở trang 1, Kho/điểm nào có Tỷ trọng (%) lớn nhất?",Kho/điểm,Tỷ trọng (%),Kho Đà Nẵng,p01_b00101,2,4,0,False,1,Kho Đà Nẵng,p01_b00101,2,4,0,False,1,"27,8%",27.8,1,10,True
B-train-00471-q01,B-train-00471,argmax,"Trong bảng 1 ở trang 1, Khu vực nào có Tỷ lệ rớt cuộc lớn nhất?",Khu vực,Tỷ lệ rớt cuộc,Cụm BTS-02,p01_b00064,1,9,0,False,2,Cụm BTS-02,p01_b00064,1,9,0,False,2,"2,7%",2.7,6,9,True
B-train-00471-q04,B-train-00471,argmin,"Trong bảng 1 ở trang 1, Khu vực nào có Thuê bao nhỏ nhất?",Khu vực,Thuê bao,Khu vực ven biển,p01_b00028,1,5,0,False,1,Đồng bằng sông Cửu Long,p01_b00073,1,10,0,False,1,15.975,15975.0,8,9,False
B-train-00471-q05,B-train-00471,argmin,"Trong bảng 2 ở trang 1, Chi nhánh nào có Tăng trưởng nhỏ nhất?",Chi nhánh,Tăng trưởng,Khánh Hòa 03,p01_b00129,2,6,0,False,2,Khánh Hòa 03,p01_b00129,2,6,0,False,2,"-0,7%",-0.7,3,11,True
B-train-00471-q07,B-train-00471,argmax,"Trong bảng 1 ở trang 1, Khu vực nào có Tỷ trọng (%) lớn nhất?",Khu vực,Tỷ trọng (%),Cụm BTS-01,p01_b00055,1,8,0,False,2,Cụm BTS-01,p01_b00055,1,8,0,False,2,"37,8%",37.8,5,9,True
B-train-00472-q02,B-train-00472,argmin,"Trong bảng 1 ở trang 1, Điểm đến nào có Khách quốc tế nhỏ nhất?",Điểm đến,Khách quốc tế,Vịnh Hạ Long,p01_b00077,1,13,0,False,2,Đồng bằng sông Cửu Long,p01_b00010,1,3,0,False,1,285,285.0,1,11,False
B-train-00472-q07,B-train-00472,argmax,"Trong bảng 1 ở trang 1, Điểm đến nào có Khách quốc tế lớn nhất?",Điểm đến,Khách quốc tế,Đồng bằng sông Cửu Long,p01_b00010,1,3,0,False,1,Đồng bằng sông Cửu Long,p01_b00010,1,3,0,False,1,6.416,6416.0,0,11,True
B-train-00472-q10,B-train-00472,argmin,"Trong bảng 1 ở trang 1, Điểm đến nào có Doanh thu nhỏ nhất?",Điểm đến,Doanh thu,Đồng bằng sông Cửu Long,p01_b00010,1,3,0,False,1,Đồng bằng sông Cửu Long,p01_b00010,1,3,0,False,1,22.470,22470.0,0,11,True
B-train-00473-q01,B-train-00473,argmin,"Trong bảng 1 ở trang 2, Chi nhánh nào có Nợ quá hạn nhỏ nhất?",Chi nhánh,Nợ quá hạn,Đà Nẵng 01,p02_b00048,1,7,0,False,2,Đà Nẵng 01,p02_b00048,1,7,0,False,2,40,40.0,4,14,True
B-train-00473-q02,B-train-00473,argmax,"Trong bảng 1 ở trang 2, Chi nhánh nào có Nợ quá hạn lớn nhất?",Chi nhánh,Nợ quá hạn,Khánh Hòa 03,p02_b00012,1,3,0,False,3,Khánh Hòa 03,p02_b00012,1,3,0,False,3,450,450.0,0,14,True
B-train-00473-q03,B-train-00473,argmax,"Trong bảng 1 ở trang 2, Chi nhánh nào có Tăng trưởng lớn nhất?",Chi nhánh,Tăng trưởng,Cần Thơ 02,p02_b00021,1,4,0,False,3,Cần Thơ 02,p02_b00021,1,4,0,False,3,"15,1%",15.1,1,14,True
B-train-00473-q06,B-train-00473,argmin,"Trong bảng 1 ở trang 2, Chi nhánh nào có Kỳ này nhỏ nhất?",Chi nhánh,Kỳ này,Hải Phòng 02,p02_b00039,1,6,0,False,3,Hải Phòng 02,p02_b00039,1,6,0,False,3,617,617.0,3,14,True
B-train-00474-q03,B-train-00474,argmin,"Trong bảng 2 ở trang 1, Khu vực nào có Kế hoạch năm nhỏ nhất?",Khu vực,Kế hoạch năm,Khu vực ven biển,p01_b00155,2,10,0,False,2,Khu vực ven biển,p01_b00155,2,10,0,False,2,1.187,1187.0,7,12,True
B-train-00474-q05,B-train-00474,argmax,"Trong bảng 1 ở trang 1, Tuyến nào có Số chuyến lớn nhất?",Tuyến,Số chuyến,Đà Nẵng,p01_b00021,1,4,0,False,1,Hà Nội – Hải Phòng,p01_b00012,1,3,0,False,3,41,41.0,0,9,False
B-train-00474-q09,B-train-00474,argmax,"Trong bảng 1 ở trang 1, Tuyến nào có Hành khách lớn nhất?",Tuyến,Hành khách,TP.HCM – Cần Thơ,p01_b00063,1,9,0,False,1,TP.HCM – Cần Thơ,p01_b00063,1,9,0,False,1,1.190,1190.0,6,9,True
B-train-00475-q01,B-train-00475,argmin,"Trong bảng 1 ở trang 1, Chi nhánh nào có Huy động nhỏ nhất?",Chi nhánh,Huy động,Đà Nẵng 01,p01_b00074,1,10,0,False,1,Đà Nẵng 01,p01_b00074,1,10,0,False,1,970,970.0,7,12,True
B-train-00475-q02,B-train-00475,argmax,"Trong bảng 1 ở trang 1, Chi nhánh nào có Tăng trưởng lớn nhất?",Chi nhánh,Tăng trưởng,Khánh Hòa,p01_b00030,1,5,0,False,1,Khánh Hòa,p01_b00030,1,5,0,False,1,"17,1%",17.1,2,12,True
B-train-00475-q04,B-train-00475,argmax,"Trong bảng 1 ở trang 1, Chi nhánh nào có Lũy kế lớn nhất?",Chi nhánh,Lũy kế,Hải Phòng 02,p01_b00065,1,9,0,False,2,Khánh Hòa,p01_b00030,1,5,0,False,1,9.613,9613.0,3,12,False
B-train-00475-q07,B-train-00475,argmin,"Trong bảng 1 ở trang 1, Chi nhánh nào có Tỷ trọng (%) nhỏ nhất?",Chi nhánh,Tỷ trọng (%),Khánh Hòa,p01_b00030,1,5,0,False,1,Khánh Hòa,p01_b00030,1,5,0,False,1,"4,5%",4.5,2,12,True
B-train-00476-q01,B-train-00476,argmax,"Trong bảng 1 ở trang 1, Khoa nào có Kế hoạch năm lớn nhất?",Khoa,Kế hoạch năm,Ngoại,p01_b00019,1,4,0,False,1,Ngoại,p01_b00019,1,4,0,False,1,7.948,7948.0,1,9,True
B-train-00476-q03,B-train-00476,argmin,"Trong bảng 2 ở trang 1, Điểm bán nào có Kế hoạch năm nhỏ nhất?",Điểm bán,Kế hoạch năm,Siêu thị trung tâm,p01_b00107,2,5,0,False,2,Siêu thị trung tâm,p01_b00107,2,5,0,False,2,474,474.0,2,11,True
B-train-00476-q05,B-train-00476,argmin,"Trong bảng 2 ở trang 1, Điểm bán nào có Giá trị bán nhỏ nhất?",Điểm bán,Giá trị bán,Cửa hàng 02,p01_b00138,2,9,0,False,2,Cửa hàng 02,p01_b00138,2,9,0,False,2,276.801,276801.0,6,11,True
B-train-00476-q09,B-train-00476,argmax,"Trong bảng 2 ở trang 1, Điểm bán nào có Giá trị bán lớn nhất?",Điểm bán,Giá trị bán,Cửa hàng 02,p01_b00099,2,4,0,False,2,Cửa hàng 02,p01_b00099,2,4,0,False,2,1.462.880,1462880.0,1,11,True
B-train-00477-q03,B-train-00477,argmin,"Trong bảng 2 ở trang 1, Điểm bán nào có Lũy kế nhỏ nhất?",Điểm bán,Lũy kế,Cửa hàng 01,p01_b00106,2,3,0,False,2,Cửa hàng 01,p01_b00106,2,3,0,False,2,85,85.0,0,10,True
B-train-00477-q05,B-train-00477,argmax,"Trong bảng 2 ở trang 1, Điểm bán nào có Lũy kế lớn nhất?",Điểm bán,Lũy kế,Cửa hàng 01,p01_b00140,2,8,0,False,2,Cửa hàng 01,p01_b00140,2,8,0,False,2,9.833,9833.0,5,10,True
B-train-00477-q10,B-train-00477,argmax,"Trong bảng 2 ở trang 1, Điểm bán nào có Hoàn trả lớn nhất?",Điểm bán,Hoàn trả,Hải Phòng,p01_b00161,2,11,0,False,1,Hải Phòng,p01_b00161,2,11,0,False,1,"6,6%",6.6,8,10,True
B-train-00478-q01,B-train-00478,argmax,"Trong bảng 1 ở trang 1, Khu vực nào có Phản ánh lớn nhất?",Khu vực,Phản ánh,Khu vực ven biển,p01_b00065,1,10,0,False,2,Khu vực ven biển,p01_b00065,1,10,0,False,2,94,94.0,7,13,True
B-train-00478-q03,B-train-00478,argmax,"Trong bảng 1 ở trang 1, Khu vực nào có Kế hoạch năm lớn nhất?",Khu vực,Kế hoạch năm,Khu vực ven biển,p01_b00027,1,5,0,False,2,Khu vực ven biển,p01_b00027,1,5,0,False,2,9.402,9402.0,2,13,True
B-train-00478-q05,B-train-00478,argmin,"Trong bảng 1 ở trang 1, Khu vực nào có Kế hoạch năm nhỏ nhất?",Khu vực,Kế hoạch năm,Cụm BTS-02,p01_b00057,1,9,0,False,2,Cụm BTS-02,p01_b00057,1,9,0,False,2,513,513.0,6,13,True
B-train-00479-q01,B-train-00479,argmax,"Trong bảng 1 ở trang 1, Mã hàng nào có Nhập lớn nhất?",Mã hàng,Nhập,VT323,p01_b00010,1,3,0,False,1,VT323,p01_b00010,1,3,0,False,1,104,104.0,0,10,True
B-train-00479-q09,B-train-00479,argmin,"Trong bảng 2 ở trang 1, Khoa nào có Chuyển tuyến nhỏ nhất?",Khoa,Chuyển tuyến,Nhi,p01_b00151,2,11,0,False,2,Sản Đã đối chiếu,p01_b00111,2,6,0,False,1,0,0.0,3,11,False
B-train-00479-q10,B-train-00479,argmin,"Trong bảng 2 ở trang 1, Khoa nào có Lượt khám nhỏ nhất?",Khoa,Lượt khám,Ngoại,p01_b00143,2,10,0,False,1,Sản Đã đối chiếu,p01_b00111,2,6,0,False,1,63,63.0,3,11,False
B-train-00480-q02,B-train-00480,argmax,"Trong bảng 1 ở trang 1, Nhóm chế độ nào có Đã giải quyết lớn nhất?",Nhóm chế độ,Đã giải quyết,Tai nạn lao động,p01_b00091,1,12,0,False,2,Tai nạn lao động,p01_b00091,1,12,0,False,2,2173,2173.0,9,13,True
B-train-00480-q05,B-train-00480,argmax,"Trong bảng 1 ở trang 1, Nhóm chế độ nào có Tỷ trọng (%) lớn nhất?",Nhóm chế độ,Tỷ trọng (%),Ốm đau,p01_b00029,1,5,0,False,3,Ốm đau,p01_b00029,1,5,0,False,3,"37,0%",37.0,2,13,True
B-train-00480-q06,B-train-00480,argmin,"Trong bảng 1 ở trang 1, Nhóm chế độ nào có Đã giải quyết nhỏ nhất?",Nhóm chế độ,Đã giải quyết,Ốm đau,p01_b00073,1,10,0,False,3,Ốm đau,p01_b00073,1,10,0,False,3,8,8.0,7,13,True
B-train-00480-q08,B-train-00480,argmin,"Trong bảng 1 ở trang 1, Nhóm chế độ nào có Chi trả nhỏ nhất?",Nhóm chế độ,Chi trả,Ốm đau,p01_b00073,1,10,0,False,3,Ốm đau,p01_b00073,1,10,0,False,3,80,80.0,7,13,True
B-train-00481-q01,B-train-00481,argmin,"Trong bảng 1 ở trang 1, Chi nhánh nào có Kỳ trước nhỏ nhất?",Chi nhánh,Kỳ trước,Khánh Hòa 03,p01_b00099,1,16,0,False,3,Khánh Hòa 03,p01_b00099,1,16,0,False,3,343,343.0,13,17,True
B-train-00481-q06,B-train-00481,argmax,"Trong bảng 1 ở trang 1, Chi nhánh nào có Kỳ trước lớn nhất?",Chi nhánh,Kỳ trước,Đà Nẵng 01,p01_b00057,1,10,0,False,3,Đà Nẵng 01,p01_b00057,1,10,0,False,3,9.139,9139.0,7,17,True
B-train-00481-q09,B-train-00481,argmin,"Trong bảng 1 ở trang 1, Chi nhánh nào có Nợ quá hạn nhỏ nhất?",Chi nhánh,Nợ quá hạn,Hải Phòng 02,p01_b00085,1,14,0,True,4,Hải Phòng 02,p01_b00085,1,14,0,True,4,20,20.0,11,17,True
B-train-00481-q10,B-train-00481,argmax,"Trong bảng 1 ở trang 1, Chi nhánh nào có Nợ quá hạn lớn nhất?",Chi nhánh,Nợ quá hạn,Hà Nội 01,p01_b00078,1,13,0,False,3,Hà Nội 01,p01_b00078,1,13,0,False,3,310,310.0,10,17,True
B-train-00482-q03,B-train-00482,argmin,"Trong bảng 1 ở trang 1, Khu vực nào có Phản ánh nhỏ nhất?",Khu vực,Phản ánh,Cụm BTS-02,p01_b00058,1,9,0,False,3,Cụm BTS-02,p01_b00058,1,9,0,False,3,7,7.0,6,14,True
B-train-00482-q04,B-train-00482,argmin,"Trong bảng 1 ở trang 1, Khu vực nào có Tỷ lệ rớt cuộc nhỏ nhất?",Khu vực,Tỷ lệ rớt cuộc,Đồng bằng sông Cửu Long,p01_b00066,1,10,0,False,1,Đồng bằng sông Cửu Long,p01_b00066,1,10,0,False,1,"0,1%",0.1,7,14,True
B-train-00482-q07,B-train-00482,argmax,"Trong bảng 1 ở trang 1, Khu vực nào có Lưu lượng lớn nhất?",Khu vực,Lưu lượng,Cụm BTS-02,p01_b00058,1,9,0,False,3,Cụm BTS-02,p01_b00058,1,9,0,False,3,90.274,90274.0,6,14,True
B-train-00482-q09,B-train-00482,argmax,"Trong bảng 1 ở trang 1, Khu vực nào có Tỷ lệ rớt cuộc lớn nhất?",Khu vực,Tỷ lệ rớt cuộc,Cụm BTS-02,p01_b00019,1,4,0,False,3,Cụm BTS-02,p01_b00019,1,4,0,False,3,"3,6%",3.6,1,14,True
B-train-00483-q01,B-train-00483,argmin,"Trong bảng 1 ở trang 1, Dự án nào có Giải ngân nhỏ nhất?",Dự án,Giải ngân,Cầu Đông Thành,p01_b00010,1,3,0,False,3,Cầu Đông Thành,p01_b00010,1,3,0,False,3,1.030,1030.0,0,11,True
B-train-00483-q03,B-train-00483,argmin,"Trong bảng 1 ở trang 1, Dự án nào có Tiến độ nhỏ nhất?",Dự án,Tiến độ,Cầu Đông Thành,p01_b00010,1,3,0,False,3,Cầu Đông Thành,p01_b00010,1,3,0,False,3,"12,8%",12.8,0,11,True
B-train-00483-q09,B-train-00483,argmax,"Trong bảng 2 ở trang 1, Dự án nào có Lũy kế lớn nhất?",Dự án,Lũy kế,Đường vành đai,p01_b00148,2,9,0,False,1,Đường vành đai,p01_b00148,2,9,0,False,1,7.267,7267.0,6,11,True
B-train-00483-q10,B-train-00483,argmax,"Trong bảng 1 ở trang 1, Dự án nào có Tiến độ lớn nhất?",Dự án,Tiến độ,Khu tái định cư,p01_b00038,1,7,0,False,1,Khu tái định cư,p01_b00038,1,7,0,False,1,"96,7%",96.7,4,11,True
B-train-00484-q02,B-train-00484,argmin,"Trong bảng 1 ở trang 2, Điểm đến nào có Kế hoạch năm nhỏ nhất?",Điểm đến,Kế hoạch năm,Nha Trang,p02_b00012,1,3,0,False,3,Nha Trang,p02_b00012,1,3,0,False,3,672,672.0,0,13,True
B-train-00484-q04,B-train-00484,argmax,"Trong bảng 1 ở trang 2, Điểm đến nào có Công suất phòng lớn nhất?",Điểm đến,Công suất phòng,Vịnh Hạ Long,p02_b00119,1,15,0,False,3,Vịnh Hạ Long,p02_b00119,1,15,0,False,3,"91,7%",91.7,12,13,True
B-train-00484-q07,B-train-00484,argmin,"Trong bảng 1 ở trang 1, Điểm đến nào có Khách quốc tế nhỏ nhất?",Điểm đến,Khách quốc tế,Vịnh Hạ Long,p01_b00101,1,13,0,False,3,Vịnh Hạ Long,p01_b00101,1,13,0,False,3,712,712.0,10,13,True
B-train-00484-q08,B-train-00484,argmax,"Trong bảng 1 ở trang 2, Điểm đến nào có Kỳ này lớn nhất?",Điểm đến,Kỳ này,Phú Quốc,p02_b00065,1,9,0,False,3,Phú Quốc,p02_b00065,1,9,0,False,3,9.263,9263.0,6,13,True
B-train-00485-q03,B-train-00485,argmin,"Trong bảng 2 ở trang 1, Trạm nào có Tỷ trọng (%) nhỏ nhất?",Trạm,Tỷ trọng (%),Trạm Cao Nguyên,p01_b00150,2,12,0,False,1,Trạm Cao Nguyên,p01_b00150,2,12,0,False,1,"2,2%",2.2,9,10,True
B-train-00485-q05,B-train-00485,argmax,"Trong bảng 1 ở trang 1, Điểm đến nào có Khách nội địa lớn nhất?",Điểm đến,Khách nội địa,Phú Quốc,p01_b00037,1,7,0,False,1,Phú Quốc,p01_b00037,1,7,0,False,1,23.438,23438.0,4,9,True
B-train-00485-q07,B-train-00485,argmax,"Trong bảng 2 ở trang 1, Trạm nào có Tỷ trọng (%) lớn nhất?",Trạm,Tỷ trọng (%),Trạm 110kV Bắc,p01_b00118,2,8,0,False,1,Trạm 110kV Bắc,p01_b00118,2,8,0,False,1,"34,4%",34.4,5,10,True
B-train-00486-q05,B-train-00486,argmin,"Trong bảng 1 ở trang 1, Khu vực nào có Chênh lệch nhỏ nhất?",Khu vực,Chênh lệch,Miền Bắc,p01_b00010,1,3,0,False,3,Miền Bắc,p01_b00010,1,3,0,False,3,-490,-490.0,0,11,True
B-train-00486-q06,B-train-00486,argmin,"Trong bảng 1 ở trang 2, Khu vực nào có Thực hiện nhỏ nhất?",Khu vực,Thực hiện,Miền Nam,p02_b00052,1,9,0,False,2,Miền Nam,p02_b00052,1,9,0,False,2,850,850.0,6,12,True
B-train-00486-q10,B-train-00486,argmax,"Trong bảng 1 ở trang 2, Khu vực nào có Tỷ lệ lớn nhất?",Khu vực,Tỷ lệ,Miền Nam,p02_b00017,1,4,0,False,3,Miền Nam,p02_b00017,1,4,0,False,3,"162,2%",162.2,1,12,True
B-train-00487-q04,B-train-00487,argmin,"Trong bảng 1 ở trang 1, Điểm quan trắc nào có BOD5 nhỏ nhất?",Điểm quan trắc,BOD5,Sông Hương,p01_b00153,1,19,0,False,4,Sông Hương,p01_b00153,1,19,0,False,4,7,7.0,16,17,True
B-train-00487-q08,B-train-00487,argmin,"Trong bảng 1 ở trang 1, Điểm quan trắc nào có Lũy kế nhỏ nhất?",Điểm quan trắc,Lũy kế,Sông Hồng,p01_b00099,1,13,0,False,4,Sông Hồng,p01_b00099,1,13,0,False,4,101,101.0,10,17,True
B-train-00487-q10,B-train-00487,argmax,"Trong bảng 1 ở trang 1, Điểm quan trắc nào có Lũy kế lớn nhất?",Điểm quan trắc,Lũy kế,Sông Hồng,p01_b00144,1,18,0,False,4,Sông Hồng,p01_b00144,1,18,0,False,4,9.616,9616.0,15,17,True
B-train-00488-q03,B-train-00488,argmax,"Trong bảng 1 ở trang 1, Trạm nào có Tổn thất lớn nhất?",Trạm,Tổn thất,Trạm Cao Nguyên,p01_b00071,1,12,0,False,3,Trạm Cao Nguyên,p01_b00071,1,12,0,False,3,"8,4%",8.4,9,18,True
B-train-00488-q07,B-train-00488,argmin,"Trong bảng 1 ở trang 1, Trạm nào có Công suất đỉnh nhỏ nhất?",Trạm,Công suất đỉnh,Trạm Cao Nguyên,p01_b00105,1,17,0,False,3,Trạm Cao Nguyên,p01_b00105,1,17,0,False,3,187,187.0,14,18,True
B-train-00488-q10,B-train-00488,argmin,"Trong bảng 1 ở trang 1, Trạm nào có Tổn thất nhỏ nhất?",Trạm,Tổn thất,Trạm 220kV Trung,p01_b00017,1,4,0,False,2,Trạm 220kV Trung,p01_b00017,1,4,0,False,2,"1,2%",1.2,1,18,True
B-train-00489-q06,B-train-00489,argmin,"Trong bảng 1 ở trang 1, Chi nhánh nào có Tăng trưởng nhỏ nhất?",Chi nhánh,Tăng trưởng,Hải Phòng 02,p01_b00017,1,4,0,False,1,Hải Phòng 02,p01_b00017,1,4,0,False,1,"0,8%",0.8,1,9,True
B-train-00489-q07,B-train-00489,argmax,"Trong bảng 1 ở trang 1, Chi nhánh nào có Tăng trưởng lớn nhất?",Chi nhánh,Tăng trưởng,Đà Nẵng 01,p01_b00024,1,5,0,False,1,Đà Nẵng 01,p01_b00024,1,5,0,False,1,"17,5%",17.5,2,9,True
B-train-00489-q08,B-train-00489,argmax,"Trong bảng 1 ở trang 1, Chi nhánh nào có Kế hoạch năm lớn nhất?",Chi nhánh,Kế hoạch năm,Hà Nội 01,p01_b00043,1,8,0,False,2,Hà Nội 01,p01_b00043,1,8,0,False,2,9.024,9024.0,5,9,True
B-train-00490-q03,B-train-00490,argmax,"Trong bảng 2 ở trang 1, Khoa nào có Lũy kế lớn nhất?",Khoa,Lũy kế,Nhi,p01_b00144,2,11,0,False,2,Nhi,p01_b00144,2,11,0,False,2,9.506,9506.0,8,10,True
B-train-00490-q06,B-train-00490,argmin,"Trong bảng 2 ở trang 1, Khoa nào có Lượt khám nhỏ nhất?",Khoa,Lượt khám,Cần Thơ,p01_b00131,2,9,0,False,1,Cần Thơ,p01_b00131,2,9,0,False,1,79,79.0,6,10,True
B-train-00490-q07,B-train-00490,argmax,"Trong bảng 2 ở trang 1, Khoa nào có Lượt khám lớn nhất?",Khoa,Lượt khám,Nội tổng hợp,p01_b00091,2,3,0,False,1,Nội tổng hợp,p01_b00091,2,3,0,False,1,496,496.0,0,10,True
B-train-00490-q10,B-train-00490,argmin,"Trong bảng 1 ở trang 1, Điểm bán nào có Giá trị bán nhỏ nhất?",Điểm bán,Giá trị bán,Siêu thị trung tâm,p01_b00030,1,5,0,False,1,Siêu thị trung tâm,p01_b00030,1,5,0,False,1,189.856,189856.0,2,8,True
B-train-00491-q05,B-train-00491,argmin,"Trong bảng 2 ở trang 1, Gói thầu nào có Giá trúng nhỏ nhất?",Gói thầu,Giá trúng,GT15,p01_b00146,2,6,0,False,2,GT15,p01_b00146,2,6,0,False,2,100,100.0,3,9,True
B-train-00491-q06,B-train-00491,argmax,"Trong bảng 2 ở trang 1, Gói thầu nào có Giá dự toán lớn nhất?",Gói thầu,Giá dự toán,GT15,p01_b00129,2,4,0,False,2,GT15,p01_b00129,2,4,0,False,2,2.420,2420.0,1,9,True
B-train-00491-q08,B-train-00491,argmax,"Trong bảng 2 ở trang 1, Gói thầu nào có Kế hoạch năm lớn nhất?",Gói thầu,Kế hoạch năm,GT21,p01_b00180,2,10,0,False,1,GT21,p01_b00180,2,10,0,False,1,7.855,7855.0,7,9,True
B-train-00491-q09,B-train-00491,argmin,"Trong bảng 2 ở trang 1, Gói thầu nào có Kỳ này nhỏ nhất?",Gói thầu,Kỳ này,GT87,p01_b00155,2,7,0,False,1,GT87,p01_b00155,2,7,0,False,1,685,685.0,4,9,True
B-train-00492-q02,B-train-00492,argmin,"Trong bảng 1 ở trang 1, Đơn vị nào có Tỷ lệ đạt nhỏ nhất?",Đơn vị,Tỷ lệ đạt,THPT Trần Phú,p01_b00118,1,15,0,False,3,THPT Trần Phú,p01_b00118,1,15,0,False,3,"56,0%",56.0,12,16,True
B-train-00492-q03,B-train-00492,argmax,"Trong bảng 1 ở trang 1, Đơn vị nào có Kế hoạch năm lớn nhất?",Đơn vị,Kế hoạch năm,Lâm Đồng,p01_b00101,1,13,0,False,1,Lâm Đồng,p01_b00101,1,13,0,False,1,9.150,9150.0,10,16,True
B-train-00493-q02,B-train-00493,argmax,"Trong bảng 1 ở trang 1, Trạm nào có Kỳ trước lớn nhất?",Trạm,Kỳ trước,Trạm Tây Đô,p01_b00034,1,6,0,False,3,Trạm Tây Đô,p01_b00034,1,6,0,False,3,9.427,9427.0,3,14,True
B-train-00493-q04,B-train-00493,argmin,"Trong bảng 1 ở trang 1, Trạm nào có Tổn thất nhỏ nhất?",Trạm,Tổn thất,Trạm Nam Sông,p01_b00104,1,15,0,False,2,Trạm Nam Sông,p01_b00104,1,15,0,False,2,"1,6%",1.6,12,14,True
B-train-00493-q08,B-train-00493,argmax,"Trong bảng 1 ở trang 1, Trạm nào có Tổn thất lớn nhất?",Trạm,Tổn thất,Trạm 110kV Bắc,p01_b00049,1,8,0,False,2,Trạm 110kV Bắc,p01_b00049,1,8,0,False,2,"8,2%",8.2,5,14,True
B-train-00493-q09,B-train-00493,argmin,"Trong bảng 1 ở trang 1, Trạm nào có Kỳ trước nhỏ nhất?",Trạm,Kỳ trước,Trạm Cao Nguyên,p01_b00080,1,12,0,False,2,Trạm Cao Nguyên,p01_b00080,1,12,0,False,2,329,329.0,9,14,True
B-train-00494-q05,B-train-00494,argmax,"Trong bảng 1 ở trang 1, Chi nhánh nào có Tăng trưởng lớn nhất?",Chi nhánh,Tăng trưởng,Đà Nẵng 01,p01_b00074,1,10,0,False,3,Đà Nẵng 01,p01_b00074,1,10,0,False,3,"17,0%",17.0,7,15,True
B-train-00494-q07,B-train-00494,argmin,"Trong bảng 1 ở trang 1, Chi nhánh nào có Huy động nhỏ nhất?",Chi nhánh,Huy động,Cần Thơ 02,p01_b00048,1,7,0,False,2,Cần Thơ 02,p01_b00048,1,7,0,False,2,970,970.0,4,15,True
B-train-00494-q09,B-train-00494,argmax,"Trong bảng 1 ở trang 1, Chi nhánh nào có Nợ quá hạn lớn nhất?",Chi nhánh,Nợ quá hạn,Đà Nẵng 01,p01_b00074,1,10,0,False,3,Đà Nẵng 01,p01_b00074,1,10,0,False,3,630,630.0,7,15,True
B-train-00495-q02,B-train-00495,argmax,"Trong bảng 1 ở trang 1, Gói thầu nào có Giá dự toán lớn nhất?",Gói thầu,Giá dự toán,GT35,p01_b00099,1,13,0,False,1,GT35,p01_b00099,1,13,0,False,1,2.170,2170.0,10,12,True
B-train-00495-q04,B-train-00495,argmin,"Trong bảng 1 ở trang 1, Gói thầu nào có Kỳ trước nhỏ nhất?",Gói thầu,Kỳ trước,GT20,p01_b00090,1,12,0,False,1,GT20,p01_b00090,1,12,0,False,1,404,404.0,9,12,True
B-train-00495-q07,B-train-00495,argmax,"Trong bảng 1 ở trang 1, Gói thầu nào có Giá trúng lớn nhất?",Gói thầu,Giá trúng,GT35,p01_b00099,1,13,0,False,1,GT35,p01_b00099,1,13,0,False,1,2.030,2030.0,10,12,True
B-train-00495-q09,B-train-00495,argmin,"Trong bảng 1 ở trang 1, Gói thầu nào có Giá dự toán nhỏ nhất?",Gói thầu,Giá dự toán,GT09,p01_b00021,1,4,0,False,1,GT09,p01_b00021,1,4,0,False,1,190,190.0,1,12,True
B-train-00496-q01,B-train-00496,argmax,"Trong bảng 1 ở trang 2, Gói thầu nào có Giá dự toán lớn nhất?",Gói thầu,Giá dự toán,GT36,p02_b00066,1,11,0,False,1,GT36,p02_b00066,1,11,0,False,1,2.490,2490.0,8,15,True
B-train-00496-q03,B-train-00496,argmax,"Trong bảng 1 ở trang 2, Gói thầu nào có Giá trúng lớn nhất?",Gói thầu,Giá trúng,GT36,p02_b00066,1,11,0,False,1,GT36,p02_b00066,1,11,0,False,1,2.270,2270.0,8,15,True
B-train-00496-q06,B-train-00496,argmin,"Trong bảng 1 ở trang 2, Gói thầu nào có Giá trúng nhỏ nhất?",Gói thầu,Giá trúng,GT82,p02_b00024,1,5,0,False,1,GT82,p02_b00024,1,5,0,False,1,100,100.0,2,15,True
B-train-00496-q07,B-train-00496,argmin,"Trong bảng 1 ở trang 1, Gói thầu nào có Giá dự toán nhỏ nhất?",Gói thầu,Giá dự toán,GT06,p01_b00024,1,5,0,False,1,GT06,p01_b00024,1,5,0,False,1,160,160.0,2,14,True
B-train-00497-q02,B-train-00497,argmin,"Trong bảng 1 ở trang 1, Dự án nào có Kỳ này nhỏ nhất?",Dự án,Kỳ này,Đường vành đai,p01_b00017,1,4,0,True,3,Đường vành đai,p01_b00017,1,4,0,True,3,906,906.0,1,15,True
B-train-00497-q03,B-train-00497,argmin,"Trong bảng 1 ở trang 1, Dự án nào có Giải ngân nhỏ nhất?",Dự án,Giải ngân,Nhà máy nước,p01_b00064,1,11,0,False,2,Nhà máy nước,p01_b00064,1,11,0,False,2,666,666.0,8,15,True
B-train-00497-q05,B-train-00497,argmax,"Trong bảng 1 ở trang 1, Dự án nào có Giải ngân lớn nhất?",Dự án,Giải ngân,Trường liên cấp,p01_b00057,1,10,0,False,2,Trường liên cấp,p01_b00057,1,10,0,False,2,19.284,19284.0,7,15,True
B-train-00498-q01,B-train-00498,argmin,"Trong bảng 1 ở trang 2, Kho/điểm nào có Chi phí nhỏ nhất?",Kho/điểm,Chi phí,Kho Đà Nẵng,p02_b00075,1,11,0,False,3,Kho Đà Nẵng,p02_b00075,1,11,0,False,3,5.488,5488.0,8,14,True
B-train-00498-q06,B-train-00498,argmin,"Trong bảng 1 ở trang 2, Kho/điểm nào có Kế hoạch năm nhỏ nhất?",Kho/điểm,Kế hoạch năm,Kho Đà Nẵng,p02_b00035,1,6,0,False,3,Kho Đà Nẵng,p02_b00035,1,6,0,False,3,413,413.0,3,14,True
B-train-00498-q07,B-train-00498,argmax,"Trong bảng 1 ở trang 1, Kho/điểm nào có Tồn cuối lớn nhất?",Kho/điểm,Tồn cuối,Kho Hà Nội,p01_b00090,1,13,0,False,3,Kho Hà Nội,p01_b00090,1,13,0,False,3,942,942.0,10,13,True
B-train-00498-q08,B-train-00498,argmax,"Trong bảng 1 ở trang 1, Kho/điểm nào có Kế hoạch năm lớn nhất?",Kho/điểm,Kế hoạch năm,Kho Cần Thơ,p01_b00074,1,11,0,False,2,Kho Cần Thơ,p01_b00074,1,11,0,False,2,9.365,9365.0,8,13,True
B-train-00499-q07,B-train-00499,argmin,"Trong bảng 1 ở trang 1, Điểm đến nào có Khách quốc tế nhỏ nhất?",Điểm đến,Khách quốc tế,Vịnh Hạ Long,p01_b00012,1,3,0,False,1,Vịnh Hạ Long,p01_b00012,1,3,0,False,1,892,892.0,0,15,True
B-train-00499-q09,B-train-00499,argmax,"Trong bảng 1 ở trang 1, Điểm đến nào có Công suất phòng lớn nhất?",Điểm đến,Công suất phòng,Phố cổ Hội An,p01_b00021,1,4,0,False,2,Phố cổ Hội An,p01_b00021,1,4,0,False,2,"95,5%",95.5,1,15,True
B-train-00499-q10,B-train-00499,argmin,"Trong bảng 1 ở trang 1, Điểm đến nào có Kỳ trước nhỏ nhất?",Điểm đến,Kỳ trước,Đà Lạt,p01_b00074,1,10,0,False,3,Đà Lạt,p01_b00074,1,10,0,False,3,134,134.0,7,15,True
B-train-00500-q05,B-train-00500,argmin,"Trong bảng 2 ở trang 1, Kho/điểm nào có Tồn cuối nhỏ nhất?",Kho/điểm,Tồn cuối,Kho trung chuyển,p01_b00169,2,12,0,False,1,Kho trung chuyển,p01_b00169,2,12,0,False,1,52,52.0,9,12,True
B-train-00500-q06,B-train-00500,argmax,"Trong bảng 2 ở trang 1, Kho/điểm nào có Đúng hạn lớn nhất?",Kho/điểm,Đúng hạn,Kho Đà Nẵng,p01_b00116,2,4,0,False,3,Kho Đà Nẵng,p01_b00116,2,4,0,False,3,"96,2%",96.2,1,12,True
B-train-00500-q09,B-train-00500,argmax,"Trong bảng 1 ở trang 1, Địa bàn nào có Kế hoạch năm lớn nhất?",Địa bàn,Kế hoạch năm,Hà Nội,p01_b00012,1,3,0,False,2,Hà Nội,p01_b00012,1,3,0,False,2,8.769,8769.0,0,10,True
B-train-00501-q03,B-train-00501,argmin,"Trong bảng 1 ở trang 1, Khu vực nào có Tỷ trọng (%) nhỏ nhất?",Khu vực,Tỷ trọng (%),Miền Bắc,p01_b00045,1,8,0,False,3,Đồng Nai,p01_b00052,1,9,0,False,1,"3,2%",3.2,7,12,False
B-train-00501-q04,B-train-00501,argmax,"Trong bảng 1 ở trang 1, Khu vực nào có Tỷ lệ lớn nhất?",Khu vực,Tỷ lệ,Tây Nguyên,p01_b00031,1,6,0,False,2,Tây Nguyên,p01_b00031,1,6,0,False,2,"127,5%",127.5,3,12,True
B-train-00501-q05,B-train-00501,argmax,"Trong bảng 2 ở trang 1, Tuyến nào có Doanh thu lớn nhất?",Tuyến,Doanh thu,Đồng bằng sông Cửu Long,p01_b00121,2,5,0,False,1,Đồng bằng sông Cửu Long,p01_b00121,2,5,0,False,1,278.425,278425.0,2,11,True
B-train-00501-q08,B-train-00501,argmin,"Trong bảng 2 ở trang 1, Tuyến nào có Hành khách nhỏ nhất?",Tuyến,Hành khách,Nha Trang – Đà Lạt,p01_b00164,2,10,0,False,1,Nha Trang – Đà Lạt,p01_b00164,2,10,0,False,1,378,378.0,7,11,True
B-train-00502-q05,B-train-00502,argmin,"Trong bảng 1 ở trang 2, Nhóm chế độ nào có Đã giải quyết nhỏ nhất?",Nhóm chế độ,Đã giải quyết,Thai sản,p02_b00058,1,10,0,False,2,Thai sản,p02_b00058,1,10,0,False,2,607,607.0,7,11,True
B-train-00502-q06,B-train-00502,argmin,"Trong bảng 1 ở trang 1, Nhóm chế độ nào có Tỷ trọng (%) nhỏ nhất?",Nhóm chế độ,Tỷ trọng (%),Hưu trí,p01_b00010,1,3,0,False,3,Hưu trí,p01_b00010,1,3,0,False,3,"9,8%",9.8,0,11,True
B-train-00502-q08,B-train-00502,argmax,"Trong bảng 1 ở trang 1, Nhóm chế độ nào có Chi trả lớn nhất?",Nhóm chế độ,Chi trả,Ốm đau,p01_b00024,1,5,0,False,2,Ốm đau,p01_b00024,1,5,0,False,2,32.368,32368.0,2,11,True
B-train-00502-q10,B-train-00502,argmax,"Trong bảng 1 ở trang 2, Nhóm chế độ nào có Tỷ trọng (%) lớn nhất?",Nhóm chế độ,Tỷ trọng (%),Thất nghiệp,p02_b00010,1,3,0,False,3,Thất nghiệp,p02_b00010,1,3,0,False,3,"36,2%",36.2,0,11,True
B-train-00503-q09,B-train-00503,argmax,"Trong bảng 2 ở trang 1, Gói thầu nào có Kỳ này lớn nhất?",Gói thầu,Kỳ này,GT35,p01_b00137,2,10,0,False,1,Đà Nẵng,p01_b00124,2,8,0,False,1,9.420,9420.0,6,8,False
B-train-00503-q10,B-train-00503,argmax,"Trong bảng 2 ở trang 1, Gói thầu nào có Giá trúng lớn nhất?",Gói thầu,Giá trúng,GT93,p01_b00118,2,7,0,False,1,Đà Nẵng,p01_b00124,2,8,0,False,1,1.970,1970.0,6,8,False
B-train-00504-q03,B-train-00504,argmax,"Trong bảng 2 ở trang 1, Nhóm chế độ nào có Lũy kế lớn nhất?",Nhóm chế độ,Lũy kế,Thai sản,p01_b00172,2,11,0,False,2,Miền Nam,p01_b00150,2,8,0,False,1,7.645,7645.0,6,10,False
B-train-00504-q10,B-train-00504,argmax,"Trong bảng 1 ở trang 1, Phòng ban nào có Định biên lớn nhất?",Phòng ban,Định biên,Miền Nam,p01_b00064,1,9,0,True,1,Miền Nam,p01_b00064,1,9,0,True,1,44,44.0,6,10,True
B-train-00505-q02,B-train-00505,argmin,"Trong bảng 1 ở trang 1, Điểm đến nào có Công suất phòng nhỏ nhất?",Điểm đến,Công suất phòng,Phố cổ Hội An,p01_b00021,1,4,0,False,3,Phố cổ Hội An,p01_b00021,1,4,0,False,3,"50,8%",50.8,1,12,True
B-train-00505-q03,B-train-00505,argmax,"Trong bảng 1 ở trang 1, Điểm đến nào có Công suất phòng lớn nhất?",Điểm đến,Công suất phòng,Vịnh Hạ Long,p01_b00099,1,13,0,True,3,Vịnh Hạ Long,p01_b00099,1,13,0,True,3,"91,8%",91.8,10,12,True
B-train-00505-q07,B-train-00505,argmin,"Trong bảng 1 ở trang 1, Điểm đến nào có Khách nội địa nhỏ nhất?",Điểm đến,Khách nội địa,Nha Trang,p01_b00038,1,6,0,False,1,Vịnh Hạ Long,p01_b00012,1,3,0,False,3,2.270,2270.0,0,12,False
B-train-00505-q09,B-train-00505,argmax,"Trong bảng 1 ở trang 1, Điểm đến nào có Khách quốc tế lớn nhất?",Điểm đến,Khách quốc tế,Phố cổ Hội An,p01_b00021,1,4,0,False,3,Phố cổ Hội An,p01_b00021,1,4,0,False,3,6.064,6064.0,1,12,True
B-train-00506-q02,B-train-00506,argmax,"Trong bảng 1 ở trang 1, Khu vực nào có Tỷ trọng (%) lớn nhất?",Khu vực,Tỷ trọng (%),Đồng bằng sông Cửu Long,p01_b00091,1,12,0,False,2,Đồng bằng sông Cửu Long,p01_b00091,1,12,0,False,2,"33,2%",33.2,9,12,True
B-train-00506-q07,B-train-00506,argmin,"Trong bảng 1 ở trang 1, Khu vực nào có Chênh lệch nhỏ nhất?",Khu vực,Chênh lệch,Miền Trung,p01_b00108,1,14,0,False,2,Miền Trung,p01_b00108,1,14,0,False,2,-580,-580.0,11,12,True
B-train-00506-q10,B-train-00506,argmax,"Trong bảng 1 ở trang 1, Khu vực nào có Tỷ lệ lớn nhất?",Khu vực,Tỷ lệ,Miền Trung,p01_b00064,1,9,0,False,2,Miền Trung,p01_b00064,1,9,0,False,2,"175,6%",175.6,6,12,True
B-train-00507-q01,B-train-00507,argmax,"Trong bảng 1 ở trang 1, Trạm nào có Sản lượng lớn nhất?",Trạm,Sản lượng,Trạm Tây Đô,p01_b00035,1,6,0,False,1,Trạm Tây Đô,p01_b00035,1,6,0,False,1,16.895,16895.0,3,12,True
B-train-00507-q05,B-train-00507,argmin,"Trong bảng 1 ở trang 1, Trạm nào có Tổn thất nhỏ nhất?",Trạm,Tổn thất,Trạm Nam Sông,p01_b00066,1,10,0,True,2,Trạm Nam Sông,p01_b00066,1,10,0,True,2,"1,7%",1.7,7,12,True
B-train-00507-q10,B-train-00507,argmax,"Trong bảng 1 ở trang 1, Trạm nào có Công suất đỉnh lớn nhất?",Trạm,Công suất đỉnh,Đồng Nai,p01_b00074,1,11,0,False,1,Đồng Nai,p01_b00074,1,11,0,False,1,932,932.0,8,12,True
B-train-00508-q04,B-train-00508,argmin,"Trong bảng 1 ở trang 1, Điểm quan trắc nào có Tỷ trọng (%) nhỏ nhất?",Điểm quan trắc,Tỷ trọng (%),KCN Long Thành,p01_b00039,1,6,0,False,2,KCN Long Thành,p01_b00039,1,6,0,False,2,"3,5%",3.5,3,13,True
B-train-00508-q09,B-train-00508,argmax,"Trong bảng 1 ở trang 2, Điểm quan trắc nào có COD lớn nhất?",Điểm quan trắc,COD,Sông Hồng,p02_b00074,1,10,0,False,3,Sông Hồng,p02_b00074,1,10,0,False,3,93,93.0,7,14,True
B-train-00508-q10,B-train-00508,argmax,"Trong bảng 1 ở trang 1, Điểm quan trắc nào có Kỳ này lớn nhất?",Điểm quan trắc,Kỳ này,KCN Long Thành,p01_b00084,1,11,0,False,2,KCN Long Thành,p01_b00084,1,11,0,False,2,9.792,9792.0,8,13,True
B-train-00509-q01,B-train-00509,argmax,"Trong bảng 2 ở trang 1, Khu vực nào có Chênh lệch lớn nhất?",Khu vực,Chênh lệch,Tây Nguyên,p01_b00094,2,6,0,False,1,Tây Nguyên,p01_b00094,2,6,0,False,1,870,870.0,3,8,True
B-train-00509-q02,B-train-00509,argmin,"Trong bảng 1 ở trang 1, Gói thầu nào có Giá trúng nhỏ nhất?",Gói thầu,Giá trúng,GT76,p01_b00050,1,9,0,False,1,GT76,p01_b00050,1,9,0,False,1,360,360.0,6,8,True
B-train-00509-q04,B-train-00509,argmin,"Trong bảng 2 ở trang 1, Khu vực nào có Tỷ trọng (%) nhỏ nhất?",Khu vực,Tỷ trọng (%),Miền Bắc,p01_b00073,2,3,0,False,3,Miền Bắc,p01_b00114,2,9,0,False,3,"2,5%",2.5,6,8,True
B-train-00509-q06,B-train-00509,argmax,"Trong bảng 2 ở trang 1, Khu vực nào có Thực hiện lớn nhất?",Khu vực,Thực hiện,Tây Nguyên,p01_b00094,2,6,0,False,1,Tây Nguyên,p01_b00094,2,6,0,False,1,3.920,3920.0,3,8,True
B-train-00510-q06,B-train-00510,argmax,"Trong bảng 1 ở trang 1, Dự án nào có Kế hoạch năm lớn nhất?",Dự án,Kế hoạch năm,Cầu Đông Thành,p01_b00089,1,13,0,False,4,Cầu Đông Thành,p01_b00089,1,13,0,False,4,9.494,9494.0,10,18,True
B-train-00510-q10,B-train-00510,argmin,"Trong bảng 1 ở trang 1, Dự án nào có Tiến độ nhỏ nhất?",Dự án,Tiến độ,Đường vành đai,p01_b00019,1,4,0,False,4,Đường vành đai,p01_b00019,1,4,0,False,4,"20,8%",20.8,1,18,True
B-train-00511-q06,B-train-00511,argmax,"Trong bảng 1 ở trang 1, Đơn vị nào có Lũy kế lớn nhất?",Đơn vị,Lũy kế,THPT Chu Văn An,p01_b00041,1,7,0,False,3,THPT Chu Văn An,p01_b00041,1,7,0,False,3,9.534,9534.0,4,15,True
B-train-00511-q08,B-train-00511,argmax,"Trong bảng 1 ở trang 1, Đơn vị nào có Đạt lớn nhất?",Đơn vị,Đạt,THPT Chu Văn An,p01_b00081,1,12,0,False,3,THPT Chu Văn An,p01_b00081,1,12,0,False,3,39,39.0,9,15,True
B-train-00511-q09,B-train-00511,argmin,"Trong bảng 1 ở trang 1, Đơn vị nào có Lũy kế nhỏ nhất?",Đơn vị,Lũy kế,THPT Chu Văn An,p01_b00120,1,17,0,False,3,Lâm Đồng,p01_b00097,1,14,0,False,1,1.306,1306.0,12,15,False
B-train-00512-q04,B-train-00512,argmax,"Trong bảng 2 ở trang 1, Phòng ban nào có Tỷ trọng (%) lớn nhất?",Phòng ban,Tỷ trọng (%),Hành chính,p01_b00146,2,7,0,False,1,Đồng bằng sông Cửu Long,p01_b00185,2,12,0,False,1,"34,9%",34.9,10,11,False
B-train-00512-q05,B-train-00512,argmax,"Trong bảng 1 ở trang 1, Gói thầu nào có Kỳ trước lớn nhất?",Gói thầu,Kỳ trước,GT87,p01_b00065,1,10,0,False,1,GT87,p01_b00065,1,10,0,False,1,9.233,9233.0,7,12,True
B-train-00512-q06,B-train-00512,argmin,"Trong bảng 2 ở trang 1, Phòng ban nào có Thiếu/thừa nhỏ nhất?",Phòng ban,Thiếu/thừa,Công nghệ,p01_b00138,2,6,0,False,1,Công nghệ,p01_b00138,2,6,0,False,1,-8,-8.0,3,11,True
B-train-00512-q09,B-train-00512,argmin,"Trong bảng 1 ở trang 1, Gói thầu nào có Kỳ này nhỏ nhất?",Gói thầu,Kỳ này,GT48,p01_b00033,1,6,0,False,1,GT48,p01_b00033,1,6,0,False,1,843,843.0,3,12,True
B-train-00513-q04,B-train-00513,argmin,"Trong bảng 1 ở trang 1, Mã hàng nào có Nhập nhỏ nhất?",Mã hàng,Nhập,VT430,p01_b00077,1,13,0,False,1,VT430,p01_b00077,1,13,0,False,1,0,0.0,10,12,True
B-train-00513-q05,B-train-00513,argmin,"Trong bảng 2 ở trang 1, Phòng ban nào có Hiện có nhỏ nhất?",Phòng ban,Hiện có,Công nghệ,p01_b00129,2,6,0,False,1,Lâm Đồng,p01_b00103,2,3,0,False,1,7,7.0,1,8,False
B-train-00513-q06,B-train-00513,argmax,"Trong bảng 2 ở trang 1, Phòng ban nào có Định biên lớn nhất?",Phòng ban,Định biên,Lâm Đồng,p01_b00103,2,3,0,False,1,Lâm Đồng,p01_b00103,2,3,0,False,1,40,40.0,0,8,True
B-train-00513-q09,B-train-00513,argmax,"Trong bảng 1 ở trang 1, Mã hàng nào có Xuất lớn nhất?",Mã hàng,Xuất,VT454,p01_b00037,1,7,0,False,1,VT454,p01_b00037,1,7,0,False,1,207,207.0,4,12,True
B-train-00514-q01,B-train-00514,argmin,"Trong bảng 1 ở trang 1, Khu vực nào có Thực hiện nhỏ nhất?",Khu vực,Thực hiện,Hải Phòng,p01_b00010,1,3,0,False,1,Hải Phòng,p01_b00010,1,3,0,False,1,1.220,1220.0,0,12,True
B-train-00514-q02,B-train-00514,argmin,"Trong bảng 1 ở trang 1, Khu vực nào có Tỷ lệ nhỏ nhất?",Khu vực,Tỷ lệ,Hải Phòng,p01_b00010,1,3,0,False,1,Hải Phòng,p01_b00010,1,3,0,False,1,"74,8%",74.8,0,12,True
B-train-00514-q04,B-train-00514,argmax,"Trong bảng 1 ở trang 1, Khu vực nào có Thực hiện lớn nhất?",Khu vực,Thực hiện,Miền Trung,p01_b00084,1,14,0,False,1,Hải Phòng,p01_b00010,1,3,0,False,1,5.460,5460.0,1,12,False
B-train-00515-q01,B-train-00515,argmin,"Trong bảng 1 ở trang 1, Nhóm chế độ nào có Lũy kế nhỏ nhất?",Nhóm chế độ,Lũy kế,Thai sản,p01_b00063,1,11,0,False,2,Thai sản,p01_b00063,1,11,0,False,2,992,992.0,8,10,True
B-train-00515-q02,B-train-00515,argmin,"Trong bảng 2 ở trang 1, Khu vực nào có Chênh lệch nhỏ nhất?",Khu vực,Chênh lệch,Miền Nam,p01_b00101,2,5,0,False,2,Miền Nam,p01_b00101,2,5,0,False,2,-520,-520.0,2,10,True
B-train-00515-q03,B-train-00515,argmax,"Trong bảng 1 ở trang 1, Nhóm chế độ nào có Chi trả lớn nhất?",Nhóm chế độ,Chi trả,Hưu trí,p01_b00042,1,8,0,False,2,Hưu trí,p01_b00042,1,8,0,False,2,31.410,31410.0,5,10,True
B-train-00515-q08,B-train-00515,argmax,"Trong bảng 1 ở trang 1, Nhóm chế độ nào có Đã giải quyết lớn nhất?",Nhóm chế độ,Đã giải quyết,Hưu trí,p01_b00042,1,8,0,False,2,Hưu trí,p01_b00042,1,8,0,False,2,2094,2094.0,5,10,True
B-train-00516-q01,B-train-00516,argmin,"Trong bảng 1 ở trang 1, Kho/điểm nào có Chi phí nhỏ nhất?",Kho/điểm,Chi phí,Kho Đà Nẵng,p01_b00051,1,9,0,False,2,Kho Đà Nẵng,p01_b00051,1,9,0,False,2,98.224,98224.0,6,9,True
B-train-00516-q03,B-train-00516,argmax,"Trong bảng 1 ở trang 1, Kho/điểm nào có Tồn cuối lớn nhất?",Kho/điểm,Tồn cuối,Kho trung chuyển,p01_b00038,1,7,0,False,1,Kho trung chuyển,p01_b00038,1,7,0,False,1,820,820.0,4,9,True
B-train-00516-q09,B-train-00516,argmax,"Trong bảng 2 ở trang 1, Kho/điểm nào có Tồn cuối lớn nhất?",Kho/điểm,Tồn cuối,Kho Bình Dương,p01_b00143,2,10,0,False,2,Kho Bình Dương,p01_b00143,2,10,0,False,2,910,910.0,7,12,True
B-train-00517-q04,B-train-00517,argmin,"Trong bảng 2 ở trang 1, Gói thầu nào có Tỷ trọng (%) nhỏ nhất?",Gói thầu,Tỷ trọng (%),GT23,p01_b00157,2,9,0,False,1,GT23,p01_b00157,2,9,0,False,1,"3,9%",3.9,6,11,True
B-train-00517-q05,B-train-00517,argmax,"Trong bảng 2 ở trang 1, Gói thầu nào có Kế hoạch năm lớn nhất?",Gói thầu,Kế hoạch năm,GT52,p01_b00141,2,7,0,False,1,Khánh Hòa,p01_b00173,2,11,0,True,1,8.328,8328.0,9,11,False
B-train-00517-q08,B-train-00517,argmax,"Trong bảng 2 ở trang 1, Gói thầu nào có Tỷ trọng (%) lớn nhất?",Gói thầu,Tỷ trọng (%),GT52,p01_b00141,2,7,0,False,1,GT52,p01_b00141,2,7,0,False,1,"36,5%",36.5,4,11,True
B-train-00518-q01,B-train-00518,argmax,"Trong bảng 1 ở trang 1, Khu vực nào có Chênh lệch lớn nhất?",Khu vực,Chênh lệch,Miền Bắc,p01_b00088,1,13,0,False,3,Đà Nẵng,p01_b00027,1,5,0,False,1,890,890.0,3,12,False
B-train-00518-q02,B-train-00518,argmin,"Trong bảng 1 ở trang 1, Khu vực nào có Chênh lệch nhỏ nhất?",Khu vực,Chênh lệch,Miền Bắc,p01_b00011,1,3,0,False,3,Đồng bằng sông Cửu Long,p01_b00042,1,7,0,False,2,-600,-600.0,4,12,False
B-train-00518-q03,B-train-00518,argmin,"Trong bảng 1 ở trang 1, Khu vực nào có Thực hiện nhỏ nhất?",Khu vực,Thực hiện,Miền Nam,p01_b00065,1,10,0,False,1,Miền Nam,p01_b00065,1,10,0,False,1,960,960.0,7,12,True
B-train-00519-q03,B-train-00519,argmin,"Trong bảng 1 ở trang 1, Khu vực nào có Kỳ trước nhỏ nhất?",Khu vực,Kỳ trước,Tây Nguyên,p01_b00081,1,11,0,False,2,Tây Nguyên,p01_b00081,1,11,0,False,2,3.319,3319.0,8,12,True
B-train-00519-q04,B-train-00519,argmin,"Trong bảng 1 ở trang 1, Khu vực nào có Thực hiện nhỏ nhất?",Khu vực,Thực hiện,Miền Trung,p01_b00021,1,4,0,False,2,Miền Trung,p01_b00021,1,4,0,False,2,1.670,1670.0,1,12,True
B-train-00519-q05,B-train-00519,argmax,"Trong bảng 1 ở trang 1, Khu vực nào có Thực hiện lớn nhất?",Khu vực,Thực hiện,Miền Bắc,p01_b00012,1,3,0,False,4,Miền Bắc,p01_b00012,1,3,0,False,4,4.290,4290.0,0,12,True
B-train-00519-q10,B-train-00519,argmax,"Trong bảng 1 ở trang 1, Khu vực nào có Kế hoạch năm lớn nhất?",Khu vực,Kế hoạch năm,Đồng bằng sông Cửu Long,p01_b00048,1,7,0,False,2,Đồng bằng sông Cửu Long,p01_b00048,1,7,0,False,2,8.777,8777.0,4,12,True
B-train-00520-q02,B-train-00520,argmax,"Trong bảng 2 ở trang 1, Phòng ban nào có Tuyển mới lớn nhất?",Phòng ban,Tuyển mới,Vận hành,p01_b00192,2,11,0,False,1,Vận hành,p01_b00192,2,11,0,False,1,6,6.0,8,12,True
B-train-00520-q03,B-train-00520,argmax,"Trong bảng 2 ở trang 1, Phòng ban nào có Kế hoạch năm lớn nhất?",Phòng ban,Kế hoạch năm,Chăm sóc khách hàng,p01_b00161,2,8,0,False,2,Miền Nam,p01_b00129,2,5,0,False,1,9.155,9155.0,3,12,False
B-train-00521-q02,B-train-00521,argmin,"Trong bảng 1 ở trang 2, Điểm bán nào có Kế hoạch năm nhỏ nhất?",Điểm bán,Kế hoạch năm,Cửa hàng 01,p02_b00145,1,15,0,False,4,Cửa hàng 01,p02_b00145,1,15,0,False,4,1.397,1397.0,12,19,True
B-train-00521-q06,B-train-00521,argmax,"Trong bảng 1 ở trang 2, Điểm bán nào có Giá trị bán lớn nhất?",Điểm bán,Giá trị bán,Cửa hàng 01,p02_b00035,1,5,0,False,4,Cửa hàng 01,p02_b00035,1,5,0,False,4,3.593.723,3593723.0,2,19,True
B-train-00521-q07,B-train-00521,argmax,"Trong bảng 1 ở trang 1, Điểm bán nào có Giá trị bán lớn nhất?",Điểm bán,Giá trị bán,Siêu thị trung tâm,p01_b00091,1,10,0,False,4,Siêu thị trung tâm,p01_b00091,1,10,0,False,4,3.018.542,3018542.0,7,18,True
B-train-00522-q01,B-train-00522,argmin,"Trong bảng 1 ở trang 1, Dự án nào có Tiến độ nhỏ nhất?",Dự án,Tiến độ,Mức A | ưu tiên,p01_b00030,1,5,0,False,1,Mức A | ưu tiên,p01_b00030,1,5,0,False,1,"10,2%",10.2,2,10,True
B-train-00522-q06,B-train-00522,argmin,"Trong bảng 1 ở trang 1, Dự án nào có Giá trị hợp đồng nhỏ nhất?",Dự án,Giá trị hợp đồng,Trường liên cấp,p01_b00071,1,10,0,False,1,Đà Nẵng,p01_b00048,1,7,0,False,1,4.630,4630.0,5,10,False
B-train-00523-q01,B-train-00523,argmax,"Trong bảng 2 ở trang 1, Dự án nào có Tiến độ lớn nhất?",Dự án,Tiến độ,Cầu Đông Thành,p01_b00159,2,8,0,False,2,Cầu Đông Thành,p01_b00159,2,8,0,False,2,"93,6%",93.6,5,13,True
B-train-00523-q03,B-train-00523,argmin,"Trong bảng 2 ở trang 1, Dự án nào có Kế hoạch năm nhỏ nhất?",Dự án,Kế hoạch năm,Trường liên cấp,p01_b00129,2,5,0,False,2,Trường liên cấp,p01_b00129,2,5,0,False,2,118,118.0,2,13,True
B-train-00523-q05,B-train-00523,argmin,"Trong bảng 1 ở trang 1, Gói thầu nào có Lũy kế nhỏ nhất?",Gói thầu,Lũy kế,GT46,p01_b00050,1,8,0,False,1,GT46,p01_b00050,1,8,0,False,1,112,112.0,5,10,True
B-train-00523-q10,B-train-00523,argmax,"Trong bảng 1 ở trang 1, Gói thầu nào có Giá trúng lớn nhất?",Gói thầu,Giá trúng,GT46,p01_b00050,1,8,0,False,1,GT46,p01_b00050,1,8,0,False,1,2.480,2480.0,5,10,True
B-train-00524-q02,B-train-00524,argmin,"Trong bảng 2 ở trang 1, Tuyến nào có Lũy kế nhỏ nhất?",Tuyến,Lũy kế,Đà Nẵng – Huế,p01_b00164,2,8,0,True,2,Đà Nẵng – Huế,p01_b00164,2,8,0,True,2,483,483.0,5,9,True
B-train-00524-q09,B-train-00524,argmax,"Trong bảng 2 ở trang 1, Tuyến nào có Kế hoạch năm lớn nhất?",Tuyến,Kế hoạch năm,Đà Nẵng – Huế,p01_b00164,2,8,0,True,2,Đà Nẵng – Huế,p01_b00164,2,8,0,True,2,9.724,9724.0,5,9,True
B-train-00524-q10,B-train-00524,argmin,"Trong bảng 1 ở trang 2, Điểm bán nào có Lũy kế nhỏ nhất?",Điểm bán,Lũy kế,Cửa hàng 01,p02_b00072,1,8,0,False,3,Cửa hàng 01,p02_b00072,1,8,0,False,3,191,191.0,5,14,True
B-train-00525-q02,B-train-00525,argmax,"Trong bảng 1 ở trang 2, Nghiệp vụ nào có Phí bảo hiểm lớn nhất?",Nghiệp vụ,Phí bảo hiểm,Sức khỏe,p02_b00056,1,8,0,False,4,Sức khỏe,p02_b00056,1,8,0,False,4,10.304,10304.0,5,16,True
B-train-00525-q08,B-train-00525,argmax,"Trong bảng 1 ở trang 1, Nghiệp vụ nào có Kế hoạch năm lớn nhất?",Nghiệp vụ,Kế hoạch năm,Hàng hóa,p01_b00039,1,6,0,False,3,Hàng hóa,p01_b00039,1,6,0,False,3,8.930,8930.0,3,15,True
B-train-00525-q09,B-train-00525,argmin,"Trong bảng 1 ở trang 1, Nghiệp vụ nào có Bồi thường nhỏ nhất?",Nghiệp vụ,Bồi thường,Xe cơ giới,p01_b00109,1,14,0,False,3,Xe cơ giới,p01_b00109,1,14,0,False,3,193,193.0,11,15,True
B-train-00526-q02,B-train-00526,argmin,"Trong bảng 1 ở trang 1, Tuyến nào có Đúng giờ nhỏ nhất?",Tuyến,Đúng giờ,Nha Trang – Đà Lạt,p01_b00049,1,6,0,False,3,Nha Trang – Đà Lạt,p01_b00049,1,6,0,False,3,"84,2%",84.2,3,12,True
B-train-00526-q07,B-train-00526,argmax,"Trong bảng 1 ở trang 2, Trạm nào có Công suất đỉnh lớn nhất?",Trạm,Công suất đỉnh,Trạm 110kV Bắc,p02_b00012,1,3,0,False,3,Trạm 220kV Trung Đã đối chiếu,p02_b00060,1,9,0,False,2,914,914.0,6,13,False
B-train-00526-q10,B-train-00526,argmin,"Trong bảng 1 ở trang 1, Tuyến nào có Lũy kế nhỏ nhất?",Tuyến,Lũy kế,Hà Nội – Hải Phòng,p01_b00059,1,7,0,False,2,Hà Nội – Hải Phòng,p01_b00059,1,7,0,False,2,180,180.0,4,12,True
B-train-00527-q02,B-train-00527,argmin,"Trong bảng 1 ở trang 1, Điểm bán nào có Lũy kế nhỏ nhất?",Điểm bán,Lũy kế,Điểm bán phía Nam,p01_b00102,1,12,0,False,4,Điểm bán phía Nam,p01_b00102,1,12,0,False,4,1.305,1305.0,9,20,True
B-train-00527-q05,B-train-00527,argmax,"Trong bảng 1 ở trang 1, Điểm bán nào có Lũy kế lớn nhất?",Điểm bán,Lũy kế,Điểm bán phía Nam,p01_b00200,1,22,0,False,4,Điểm bán phía Nam,p01_b00200,1,22,0,False,4,9.651,9651.0,19,20,True
B-train-00527-q07,B-train-00527,argmin,"Trong bảng 1 ở trang 2, Điểm bán nào có Số đơn nhỏ nhất?",Điểm bán,Số đơn,Cửa hàng 01,p02_b00112,1,13,0,True,5,Cửa hàng 01,p02_b00112,1,13,0,True,5,208,208.0,10,21,True
B-train-00527-q10,B-train-00527,argmax,"Trong bảng 1 ở trang 2, Điểm bán nào có Tỷ trọng (%) lớn nhất?",Điểm bán,Tỷ trọng (%),Cửa hàng 01,p02_b00211,1,23,0,False,5,Cửa hàng 01,p02_b00211,1,23,0,False,5,"36,7%",36.7,20,21,True
B-train-00528-q05,B-train-00528,argmax,"Trong bảng 1 ở trang 2, Nghiệp vụ nào có Kế hoạch năm lớn nhất?",Nghiệp vụ,Kế hoạch năm,Tai nạn con người,p02_b00033,1,5,0,False,3,Tai nạn con người,p02_b00033,1,5,0,False,3,9.786,9786.0,2,17,True
B-train-00528-q07,B-train-00528,argmin,"Trong bảng 1 ở trang 1, Nghiệp vụ nào có Lũy kế nhỏ nhất?",Nghiệp vụ,Lũy kế,Tài sản,p01_b00083,1,10,0,False,3,Tài sản,p01_b00083,1,10,0,False,3,395,395.0,7,17,True
B-train-00528-q08,B-train-00528,argmin,"Trong bảng 1 ở trang 1, Nghiệp vụ nào có Phí bảo hiểm nhỏ nhất?",Nghiệp vụ,Phí bảo hiểm,Xe cơ giới,p01_b00121,1,14,0,False,4,Xe cơ giới,p01_b00121,1,14,0,False,4,870,870.0,11,17,True
B-train-00528-q09,B-train-00528,argmax,"Trong bảng 1 ở trang 2, Nghiệp vụ nào có Bồi thường lớn nhất?",Nghiệp vụ,Bồi thường,Hàng hóa,p02_b00071,1,9,0,False,4,Hàng hóa,p02_b00071,1,9,0,False,4,6.062,6062.0,6,17,True
B-train-00529-q05,B-train-00529,argmin,"Trong bảng 1 ở trang 2, Đơn vị nào có Lũy kế nhỏ nhất?",Đơn vị,Lũy kế,THPT Phan Bội Châu,p02_b00057,1,7,0,False,4,THPT Phan Bội Châu,p02_b00057,1,7,0,False,4,395,395.0,4,20,True
B-train-00529-q06,B-train-00529,argmin,"Trong bảng 1 ở trang 1, Đơn vị nào có Lũy kế nhỏ nhất?",Đơn vị,Lũy kế,THPT Nguyễn Trãi,p01_b00178,1,18,0,False,3,THPT Nguyễn Trãi,p01_b00178,1,18,0,False,3,1.419,1419.0,15,19,True
B-train-00529-q08,B-train-00529,argmax,"Trong bảng 1 ở trang 2, Đơn vị nào có Tỷ trọng (%) lớn nhất?",Đơn vị,Tỷ trọng (%),THPT Phan Bội Châu,p02_b00220,1,22,0,False,4,THPT Phan Bội Châu,p02_b00220,1,22,0,False,4,"35,8%",35.8,19,20,True
B-train-00529-q09,B-train-00529,argmax,"Trong bảng 1 ở trang 1, Đơn vị nào có Đạt lớn nhất?",Đơn vị,Đạt,THPT Trần Phú,p01_b00200,1,20,0,False,4,THPT Trần Phú,p01_b00200,1,20,0,False,4,46,46.0,17,19,True
B-train-00530-q02,B-train-00530,argmin,"Trong bảng 2 ở trang 1, Kho/điểm nào có Tồn cuối nhỏ nhất?",Kho/điểm,Tồn cuối,Kho Cần Thơ,p01_b00193,2,11,0,False,2,Kho Cần Thơ,p01_b00193,2,11,0,False,2,259,259.0,8,13,True
B-train-00530-q04,B-train-00530,argmax,"Trong bảng 2 ở trang 1, Kho/điểm nào có Chi phí lớn nhất?",Kho/điểm,Chi phí,Kho Bình Dương,p01_b00231,2,15,0,False,3,Kho Bình Dương,p01_b00231,2,15,0,False,3,319.900,319900.0,12,13,True
B-train-00530-q05,B-train-00530,argmin,"Trong bảng 2 ở trang 1, Kho/điểm nào có Lũy kế nhỏ nhất?",Kho/điểm,Lũy kế,Kho Cần Thơ,p01_b00193,2,11,0,False,2,Kho Cần Thơ,p01_b00193,2,11,0,False,2,531,531.0,8,13,True
B-train-00530-q07,B-train-00530,argmax,"Trong bảng 2 ở trang 1, Kho/điểm nào có Kế hoạch năm lớn nhất?",Kho/điểm,Kế hoạch năm,Kho Đà Nẵng,p01_b00172,2,9,0,False,3,Miền Nam,p01_b00203,2,12,0,False,1,8.581,8581.0,10,13,False
B-train-00531-q03,B-train-00531,argmax,"Trong bảng 2 ở trang 1, Tuyến nào có Kỳ trước lớn nhất?",Tuyến,Kỳ trước,Đà Nẵng – Huế,p01_b00140,2,4,0,False,2,Đà Nẵng – Huế,p01_b00140,2,4,0,False,2,9.114,9114.0,1,9,True
B-train-00531-q04,B-train-00531,argmax,"Trong bảng 1 ở trang 1, Mã hàng nào có Xuất lớn nhất?",Mã hàng,Xuất,VT533,p01_b00052,1,7,0,False,1,VT533,p01_b00052,1,7,0,False,1,180,180.0,4,11,True
B-train-00531-q05,B-train-00531,argmin,"Trong bảng 2 ở trang 1, Tuyến nào có Kỳ này nhỏ nhất?",Tuyến,Kỳ này,TP.HCM – Cần Thơ,p01_b00152,2,5,0,False,1,TP.HCM – Cần Thơ,p01_b00152,2,5,0,False,1,3.305,3305.0,2,9,True
B-train-00531-q08,B-train-00531,argmin,"Trong bảng 1 ở trang 1, Mã hàng nào có Xuất nhỏ nhất?",Mã hàng,Xuất,VT565,p01_b00032,1,5,0,False,1,VT565,p01_b00032,1,5,0,False,1,26,26.0,2,11,True
B-train-00532-q01,B-train-00532,argmax,"Trong bảng 2 ở trang 1, Khu vực nào có Thuê bao lớn nhất?",Khu vực,Thuê bao,Khu vực ven biển,p01_b00143,2,5,0,True,1,Khu vực ven biển,p01_b00143,2,5,0,True,1,54.178,54178.0,2,9,True
B-train-00532-q08,B-train-00532,argmax,"Trong bảng 2 ở trang 1, Khu vực nào có Lưu lượng lớn nhất?",Khu vực,Lưu lượng,Cụm BTS-01,p01_b00126,2,3,0,False,2,Cụm BTS-01,p01_b00126,2,3,0,False,2,98.622,98622.0,0,9,True
B-train-00533-q01,B-train-00533,argmin,"Trong bảng 1 ở trang 1, Điểm đến nào có Tỷ trọng (%) nhỏ nhất?",Điểm đến,Tỷ trọng (%),Miền Bắc,p01_b00022,1,4,0,True,1,Miền Bắc,p01_b00022,1,4,0,True,1,"1,6%",1.6,1,13,True
B-train-00533-q03,B-train-00533,argmin,"Trong bảng 1 ở trang 1, Điểm đến nào có Doanh thu nhỏ nhất?",Điểm đến,Doanh thu,Nha Trang,p01_b00041,1,6,0,False,2,Nha Trang,p01_b00086,1,11,0,False,2,14.820,14820.0,8,13,True
B-train-00533-q08,B-train-00533,argmax,"Trong bảng 1 ở trang 1, Điểm đến nào có Tỷ trọng (%) lớn nhất?",Điểm đến,Tỷ trọng (%),Phú Quốc,p01_b00095,1,12,0,False,1,Phú Quốc,p01_b00095,1,12,0,False,1,"33,8%",33.8,9,13,True
B-train-00533-q09,B-train-00533,argmax,"Trong bảng 2 ở trang 1, Phòng ban nào có Kỳ trước lớn nhất?",Phòng ban,Kỳ trước,Chăm sóc khách hàng,p01_b00200,2,8,0,False,1,Chăm sóc khách hàng,p01_b00200,2,8,0,False,1,9.246,9246.0,5,14,True
B-train-00534-q02,B-train-00534,argmax,"Trong bảng 2 ở trang 1, Kho/điểm nào có Lũy kế lớn nhất?",Kho/điểm,Lũy kế,Miền Nam,p01_b00235,2,11,0,False,1,Kho Hà Nội Đã đối chiếu,p01_b00209,2,8,0,False,1,7.252,7252.0,5,10,False
B-train-00534-q06,B-train-00534,argmin,"Trong bảng 1 ở trang 1, Gói thầu nào có Giá trúng nhỏ nhất?",Gói thầu,Giá trúng,GT36,p01_b00058,1,7,0,False,2,GT36,p01_b00058,1,7,0,False,2,100,100.0,4,14,True
B-train-00534-q09,B-train-00534,argmin,"Trong bảng 1 ở trang 1, Gói thầu nào có Tỷ trọng (%) nhỏ nhất?",Gói thầu,Tỷ trọng (%),GT52,p01_b00025,1,4,0,False,1,GT52,p01_b00025,1,4,0,False,1,"5,4%",5.4,1,14,True
B-train-00535-q03,B-train-00535,argmax,"Trong bảng 2 ở trang 1, Nghiệp vụ nào có Tỷ lệ lớn nhất?",Nghiệp vụ,Tỷ lệ,Hàng hóa,p01_b00176,2,6,0,False,1,Hàng hóa,p01_b00176,2,6,0,False,1,"69,0%",69.0,3,10,True
B-train-00535-q07,B-train-00535,argmax,"Trong bảng 2 ở trang 1, Nghiệp vụ nào có Hợp đồng lớn nhất?",Nghiệp vụ,Hợp đồng,Hàng hóa,p01_b00176,2,6,0,False,1,Hàng hóa,p01_b00176,2,6,0,False,1,665,665.0,3,10,True
B-train-00535-q08,B-train-00535,argmin,"Trong bảng 2 ở trang 1, Nghiệp vụ nào có Bồi thường nhỏ nhất?",Nghiệp vụ,Bồi thường,Tai nạn con người,p01_b00186,2,7,0,False,2,Tai nạn con người,p01_b00186,2,7,0,False,2,290,290.0,4,10,True
B-train-00535-q09,B-train-00535,argmin,"Trong bảng 1 ở trang 1, Điểm đến nào có Doanh thu nhỏ nhất?",Điểm đến,Doanh thu,Phú Quốc,p01_b00097,1,12,0,False,2,Phú Quốc,p01_b00097,1,12,0,False,2,22.848,22848.0,9,13,True
B-train-00536-q01,B-train-00536,argmax,"Trong bảng 1 ở trang 1, Gói thầu nào có Giá trúng lớn nhất?",Gói thầu,Giá trúng,GT29,p01_b00036,1,5,0,False,1,GT29,p01_b00036,1,5,0,False,1,2.180,2180.0,2,10,True
B-train-00536-q03,B-train-00536,argmin,"Trong bảng 1 ở trang 1, Gói thầu nào có Giá trúng nhỏ nhất?",Gói thầu,Giá trúng,GT80,p01_b00090,1,10,0,False,1,GT80,p01_b00090,1,10,0,False,1,240,240.0,7,10,True
B-train-00536-q06,B-train-00536,argmax,"Trong bảng 2 ở trang 1, Điểm bán nào có Kỳ trước lớn nhất?",Điểm bán,Kỳ trước,Cửa hàng 02,p01_b00152,2,4,0,False,1,Cửa hàng 02,p01_b00152,2,4,0,False,1,9.240,9240.0,1,9,True
B-train-00537-q01,B-train-00537,argmax,"Trong bảng 2 ở trang 1, Trạm nào có Tổn thất lớn nhất?",Trạm,Tổn thất,Trạm 110kV Bắc,p01_b00196,2,13,0,False,2,Trạm 110kV Bắc,p01_b00196,2,13,0,False,2,"8,5%",8.5,10,12,True
B-train-00537-q03,B-train-00537,argmin,"Trong bảng 1 ở trang 1, Điểm quan trắc nào có COD nhỏ nhất?",Điểm quan trắc,COD,Hồ Xuân Hương,p01_b00029,1,5,0,False,2,Hồ Xuân Hương,p01_b00029,1,5,0,False,2,8,8.0,2,11,True
B-train-00537-q07,B-train-00537,argmax,"Trong bảng 1 ở trang 1, Điểm quan trắc nào có Kế hoạch năm lớn nhất?",Điểm quan trắc,Kế hoạch năm,Tây Nguyên,p01_b00047,1,7,0,False,1,Tây Nguyên,p01_b00047,1,7,0,False,1,7.977,7977.0,4,11,True
B-train-00537-q10,B-train-00537,argmin,"Trong bảng 2 ở trang 1, Trạm nào có Sự cố nhỏ nhất?",Trạm,Sự cố,Trạm Tây Đô,p01_b00179,2,11,0,False,2,Khánh Hòa,p01_b00114,2,3,0,False,1,0,0.0,1,12,False
B-train-00538-q02,B-train-00538,argmin,"Trong bảng 2 ở trang 1, Dự án nào có Tỷ trọng (%) nhỏ nhất?",Dự án,Tỷ trọng (%),Nhà máy nước,p01_b00171,2,6,0,False,1,Nhà máy nước,p01_b00171,2,6,0,False,1,"4,8%",4.8,3,11,True
B-train-00538-q04,B-train-00538,argmax,"Trong bảng 1 ở trang 1, Phòng ban nào có Tỷ trọng (%) lớn nhất?",Phòng ban,Tỷ trọng (%),Hành chính,p01_b00056,1,7,0,False,2,Hành chính,p01_b00056,1,7,0,False,2,"30,9%",30.9,4,12,True
B-train-00538-q06,B-train-00538,argmin,"Trong bảng 1 ở trang 1, Phòng ban nào có Tỷ trọng (%) nhỏ nhất?",Phòng ban,Tỷ trọng (%),Hành chính,p01_b00115,1,13,0,False,2,Hành chính,p01_b00115,1,13,0,False,2,"5,5%",5.5,10,12,True
B-train-00538-q09,B-train-00538,argmax,"Trong bảng 2 ở trang 1, Dự án nào có Tỷ trọng (%) lớn nhất?",Dự án,Tỷ trọng (%),Cầu Đông Thành,p01_b00189,2,8,0,True,2,Cầu Đông Thành,p01_b00189,2,8,0,True,2,"34,1%",34.1,5,11,True
B-train-00539-q05,B-train-00539,argmin,"Trong bảng 1 ở trang 1, Kho/điểm nào có Tồn cuối nhỏ nhất?",Kho/điểm,Tồn cuối,Kho Hà Nội,p01_b00014,1,3,0,False,2,Kho Hà Nội,p01_b00014,1,3,0,False,2,172,172.0,0,10,True
B-train-00539-q08,B-train-00539,argmax,"Trong bảng 1 ở trang 1, Kho/điểm nào có Kỳ trước lớn nhất?",Kho/điểm,Kỳ trước,Đồng Nai,p01_b00086,1,10,0,False,1,Đồng Nai,p01_b00086,1,10,0,False,1,9.364,9364.0,7,10,True
B-train-00539-q10,B-train-00539,argmax,"Trong bảng 1 ở trang 1, Kho/điểm nào có Chi phí lớn nhất?",Kho/điểm,Chi phí,Kho Đà Nẵng,p01_b00024,1,4,0,False,2,Kho Đà Nẵng,p01_b00024,1,4,0,False,2,310.184,310184.0,1,10,True
B-train-00540-q04,B-train-00540,argmin,"Trong bảng 1 ở trang 2, Khu vực nào có Kỳ trước nhỏ nhất?",Khu vực,Kỳ trước,Khu vực đô thị,p02_b00092,1,11,0,False,3,Khu vực đô thị,p02_b00092,1,11,0,False,3,183,183.0,8,15,True
B-train-00540-q06,B-train-00540,argmin,"Trong bảng 1 ở trang 1, Khu vực nào có Tỷ lệ rớt cuộc nhỏ nhất?",Khu vực,Tỷ lệ rớt cuộc,Cụm BTS-01,p01_b00062,1,8,0,False,2,Cụm BTS-01,p01_b00062,1,8,0,False,2,"0,1%",0.1,5,15,True
B-train-00540-q09,B-train-00540,argmax,"Trong bảng 1 ở trang 1, Khu vực nào có Phản ánh lớn nhất?",Khu vực,Phản ánh,Mức A | ưu tiên,p01_b00013,1,3,0,False,1,Mức A | ưu tiên,p01_b00013,1,3,0,False,1,82,82.0,0,15,True
B-train-00540-q10,B-train-00540,argmax,"Trong bảng 1 ở trang 2, Khu vực nào có Phản ánh lớn nhất?",Khu vực,Phản ánh,Cụm BTS-02,p02_b00072,1,9,0,False,3,Cụm BTS-02,p02_b00072,1,9,0,False,3,83,83.0,6,15,True
B-train-00541-q03,B-train-00541,argmax,"Trong bảng 1 ở trang 1, Trạm nào có Công suất đỉnh lớn nhất?",Trạm,Công suất đỉnh,Trạm 220kV Trung,p01_b00020,1,4,0,False,1,Trạm 220kV Trung,p01_b00020,1,4,0,False,1,803,803.0,1,13,True
B-train-00541-q08,B-train-00541,argmin,"Trong bảng 1 ở trang 1, Trạm nào có Sản lượng nhỏ nhất?",Trạm,Sản lượng,Trạm 220kV Trung,p01_b00020,1,4,0,False,1,Trạm Tây Đô,p01_b00035,1,6,0,False,2,2.024,2024.0,3,13,False
B-train-00541-q09,B-train-00541,argmin,"Trong bảng 1 ở trang 1, Trạm nào có Sự cố nhỏ nhất?",Trạm,Sự cố,Trạm Tây Đô,p01_b00035,1,6,0,False,2,Trạm Tây Đô,p01_b00035,1,6,0,False,2,0,0.0,3,13,True
B-train-00542-q02,B-train-00542,argmin,"Trong bảng 1 ở trang 1, Tuyến nào có Kế hoạch năm nhỏ nhất?",Tuyến,Kế hoạch năm,Nha Trang – Đà Lạt,p01_b00097,1,10,0,False,1,Nha Trang – Đà Lạt,p01_b00097,1,10,0,False,1,378,378.0,7,12,True
B-train-00542-q07,B-train-00542,argmin,"Trong bảng 1 ở trang 1, Tuyến nào có Hành khách nhỏ nhất?",Tuyến,Hành khách,Đà Nẵng – Huế,p01_b00027,1,4,0,False,2,Đà Nẵng – Huế,p01_b00027,1,4,0,False,2,432,432.0,1,12,True
B-train-00543-q01,B-train-00543,argmax,"Trong bảng 1 ở trang 2, Phòng ban nào có Hiện có lớn nhất?",Phòng ban,Hiện có,Kinh doanh,p02_b00021,1,4,0,False,3,Kinh doanh,p02_b00021,1,4,0,False,3,39,39.0,1,17,True
B-train-00543-q04,B-train-00543,argmin,"Trong bảng 1 ở trang 1, Phòng ban nào có Thiếu/thừa nhỏ nhất?",Phòng ban,Thiếu/thừa,Vận hành,p01_b00134,1,17,0,False,3,Vận hành,p01_b00134,1,17,0,False,3,-8,-8.0,14,17,True
B-train-00543-q06,B-train-00543,argmin,"Trong bảng 1 ở trang 1, Phòng ban nào có Hiện có nhỏ nhất?",Phòng ban,Hiện có,Vận hành,p01_b00134,1,17,0,False,3,Vận hành,p01_b00134,1,17,0,False,3,2,2.0,14,17,True
B-train-00543-q09,B-train-00543,argmax,"Trong bảng 1 ở trang 1, Phòng ban nào có Hiện có lớn nhất?",Phòng ban,Hiện có,Công nghệ,p01_b00039,1,6,0,False,3,Công nghệ,p01_b00039,1,6,0,False,3,45,45.0,3,17,True
B-train-00544-q01,B-train-00544,argmax,"Trong bảng 2 ở trang 1, Tuyến nào có Lũy kế lớn nhất?",Tuyến,Lũy kế,Hà Nội – Hải Phòng,p01_b00152,2,7,0,False,3,Hà Nội – Hải Phòng,p01_b00152,2,7,0,False,3,9.076,9076.0,4,9,True
B-train-00544-q03,B-train-00544,argmax,"Trong bảng 2 ở trang 1, Tuyến nào có Kỳ trước lớn nhất?",Tuyến,Kỳ trước,Hà Nội – Hải Phòng,p01_b00117,2,3,0,False,3,Hà Nội – Hải Phòng,p01_b00117,2,3,0,False,3,9.700,9700.0,0,9,True
B-train-00544-q05,B-train-00544,argmin,"Trong bảng 1 ở trang 1, Gói thầu nào có Lũy kế nhỏ nhất?",Gói thầu,Lũy kế,GT12,p01_b00079,1,10,0,False,1,GT12,p01_b00079,1,10,0,False,1,249,249.0,7,10,True
B-train-00545-q01,B-train-00545,argmax,"Trong bảng 1 ở trang 2, Trạm nào có Sản lượng lớn nhất?",Trạm,Sản lượng,Trạm Nam Sông,p02_b00036,1,5,0,False,1,Trạm 110kV Bắc,p02_b00115,1,13,0,False,3,15.698,15698.0,10,11,False
B-train-00545-q02,B-train-00545,argmin,"Trong bảng 1 ở trang 2, Trạm nào có Công suất đỉnh nhỏ nhất?",Trạm,Công suất đỉnh,Trạm 110kV Bắc,p02_b00066,1,8,0,True,3,Trạm 110kV Bắc,p02_b00066,1,8,0,True,3,185,185.0,5,11,True
B-train-00545-q06,B-train-00545,argmin,"Trong bảng 2 ở trang 1, Nhóm chế độ nào có Đã giải quyết nhỏ nhất?",Nhóm chế độ,Đã giải quyết,Tai nạn lao động,p01_b00187,2,7,0,False,2,Tai nạn lao động,p01_b00187,2,7,0,False,2,80,80.0,4,14,True
B-train-00546-q01,B-train-00546,argmax,"Trong bảng 1 ở trang 1, Điểm đến nào có Lũy kế lớn nhất?",Điểm đến,Lũy kế,Đà Lạt,p01_b00087,1,10,0,False,2,Đà Lạt,p01_b00087,1,10,0,False,2,9.691,9691.0,7,13,True
B-train-00546-q02,B-train-00546,argmin,"Trong bảng 1 ở trang 1, Điểm đến nào có Tỷ trọng (%) nhỏ nhất?",Điểm đến,Tỷ trọng (%),Phú Quốc,p01_b00108,1,12,0,False,1,Phú Quốc,p01_b00108,1,12,0,False,1,"4,6%",4.6,9,13,True
B-train-00546-q03,B-train-00546,argmax,"Trong bảng 1 ở trang 1, Điểm đến nào có Khách quốc tế lớn nhất?",Điểm đến,Khách quốc tế,Vịnh Hạ Long,p01_b00118,1,13,0,False,2,Vịnh Hạ Long,p01_b00118,1,13,0,False,2,6.633,6633.0,10,13,True
B-train-00546-q10,B-train-00546,argmin,"Trong bảng 1 ở trang 1, Điểm đến nào có Doanh thu nhỏ nhất?",Điểm đến,Doanh thu,Đà Lạt,p01_b00138,1,15,0,False,1,Đà Lạt,p01_b00138,1,15,0,False,1,39.580,39580.0,12,13,True
B-train-00547-q04,B-train-00547,argmin,"Trong bảng 2 ở trang 1, Trạm nào có Kỳ trước nhỏ nhất?",Trạm,Kỳ trước,Trạm 220kV Trung,p01_b00185,2,9,0,False,2,Trạm 220kV Trung,p01_b00185,2,9,0,False,2,762,762.0,6,12,True
B-train-00547-q09,B-train-00547,argmax,"Trong bảng 2 ở trang 1, Trạm nào có Tổn thất lớn nhất?",Trạm,Tổn thất,Lâm Đồng,p01_b00156,2,6,0,False,1,Lâm Đồng,p01_b00156,2,6,0,False,1,"8,5%",8.5,3,12,True
B-train-00548-q03,B-train-00548,argmin,"Trong bảng 1 ở trang 1, Khoa nào có Chuyển tuyến nhỏ nhất?",Khoa,Chuyển tuyến,Nội tổng hợp,p01_b00015,1,3,0,False,1,Nội tổng hợp,p01_b00015,1,3,0,False,1,1,1.0,0,9,True
B-train-00548-q06,B-train-00548,argmax,"Trong bảng 2 ở trang 1, Tuyến nào có Hành khách lớn nhất?",Tuyến,Hành khách,TP.HCM – Cần Thơ,p01_b00144,2,5,0,False,2,TP.HCM – Cần Thơ,p01_b00144,2,5,0,False,2,1.312,1312.0,2,9,True
B-train-00548-q07,B-train-00548,argmin,"Trong bảng 1 ở trang 1, Khoa nào có Lũy kế nhỏ nhất?",Khoa,Lũy kế,Ngoại,p01_b00026,1,4,0,False,2,Ngoại,p01_b00026,1,4,0,False,2,1.330,1330.0,1,9,True
B-train-00548-q10,B-train-00548,argmax,"Trong bảng 1 ở trang 1, Khoa nào có Lượt khám lớn nhất?",Khoa,Lượt khám,Mắt,p01_b00060,1,7,0,False,1,Mắt,p01_b00060,1,7,0,False,1,483,483.0,4,9,True
B-train-00549-q01,B-train-00549,argmin,"Trong bảng 1 ở trang 1, Điểm bán nào có Số đơn nhỏ nhất?",Điểm bán,Số đơn,Điểm bán phía Nam,p01_b00084,1,12,0,False,2,Điểm bán phía Nam,p01_b00084,1,12,0,False,2,222,222.0,9,10,True
B-train-00549-q06,B-train-00549,argmin,"Trong bảng 2 ở trang 1, Khu vực nào có Kế hoạch nhỏ nhất?",Khu vực,Kế hoạch,Đồng bằng sông Cửu Long,p01_b00149,2,7,0,False,1,Miền Nam,p01_b00128,2,5,0,False,2,970,970.0,2,9,False
B-train-00549-q07,B-train-00549,argmax,"Trong bảng 2 ở trang 1, Khu vực nào có Tỷ lệ lớn nhất?",Khu vực,Tỷ lệ,Đồng bằng sông Cửu Long,p01_b00149,2,7,0,False,1,Đồng bằng sông Cửu Long,p01_b00149,2,7,0,False,1,"102,9%",102.9,4,9,True
B-train-00549-q10,B-train-00549,argmax,"Trong bảng 1 ở trang 1, Điểm bán nào có Giá trị bán lớn nhất?",Điểm bán,Giá trị bán,Lâm Đồng,p01_b00061,1,9,0,False,1,Lâm Đồng,p01_b00061,1,9,0,False,1,3.184.376,3184376.0,6,10,True
B-train-00550-q01,B-train-00550,argmin,"Trong bảng 1 ở trang 1, Nhóm chế độ nào có Kỳ trước nhỏ nhất?",Nhóm chế độ,Kỳ trước,Thất nghiệp,p01_b00025,1,4,0,False,3,Thất nghiệp,p01_b00025,1,4,0,False,3,1.190,1190.0,1,14,True
B-train-00550-q02,B-train-00550,argmax,"Trong bảng 2 ở trang 1, Trạm nào có Kỳ này lớn nhất?",Trạm,Kỳ này,Trạm Nam Sông,p01_b00228,2,10,0,False,2,Trạm Nam Sông,p01_b00228,2,10,0,False,2,7.628,7628.0,7,10,True
B-train-00550-q04,B-train-00550,argmax,"Trong bảng 2 ở trang 1, Trạm nào có Lũy kế lớn nhất?",Trạm,Lũy kế,Trạm Cao Nguyên,p01_b00202,2,7,0,False,1,Trạm Cao Nguyên,p01_b00202,2,7,0,False,1,8.160,8160.0,4,10,True
B-train-00550-q06,B-train-00550,argmin,"Trong bảng 2 ở trang 1, Trạm nào có Kỳ này nhỏ nhất?",Trạm,Kỳ này,Trạm Nam Sông,p01_b00185,2,5,0,False,2,Trạm Tây Đô Đã đối chiếu,p01_b00194,2,6,0,False,1,508,508.0,3,10,False
B-train-00551-q01,B-train-00551,argmax,"Trong bảng 1 ở trang 1, Mã hàng nào có Kỳ trước lớn nhất?",Mã hàng,Kỳ trước,VT089,p01_b00093,1,13,0,False,1,VT089,p01_b00093,1,13,0,False,1,7.988,7988.0,10,11,True
B-train-00551-q03,B-train-00551,argmin,"Trong bảng 1 ở trang 1, Mã hàng nào có Nhập nhỏ nhất?",Mã hàng,Nhập,VT688,p01_b00028,1,5,0,False,1,VT688,p01_b00028,1,5,0,False,1,0,0.0,2,11,True
B-train-00551-q05,B-train-00551,argmin,"Trong bảng 1 ở trang 2, Điểm bán nào có Lũy kế nhỏ nhất?",Điểm bán,Lũy kế,Miền Nam,p02_b00060,1,9,0,False,1,Miền Nam,p02_b00060,1,9,0,False,1,728,728.0,6,11,True
B-train-00551-q08,B-train-00551,argmax,"Trong bảng 1 ở trang 1, Mã hàng nào có Tồn đầu lớn nhất?",Mã hàng,Tồn đầu,VT715,p01_b00054,1,8,0,False,1,VT715,p01_b00054,1,8,0,False,1,152,152.0,5,11,True
B-train-00552-q01,B-train-00552,argmax,"Trong bảng 2 ở trang 1, Mã hàng nào có Nhập lớn nhất?",Mã hàng,Nhập,VT030,p01_b00232,2,15,0,False,1,Tây Nguyên,p01_b00177,2,8,0,False,1,112,112.0,6,13,False
B-train-00552-q07,B-train-00552,argmin,"Trong bảng 2 ở trang 1, Mã hàng nào có Nhập nhỏ nhất?",Mã hàng,Nhập,Tây Nguyên,p01_b00177,2,8,0,False,1,Tây Nguyên,p01_b00177,2,8,0,False,1,18,18.0,5,13,True
B-train-00552-q09,B-train-00552,argmin,"Trong bảng 1 ở trang 1, Chi nhánh nào có Nợ quá hạn nhỏ nhất?",Chi nhánh,Nợ quá hạn,Đà Nẵng 01,p01_b00111,1,15,0,False,3,Đà Nẵng 01,p01_b00111,1,15,0,False,3,0,0.0,12,13,True
B-train-00553-q07,B-train-00553,argmax,"Trong bảng 1 ở trang 2, Gói thầu nào có Giá dự toán lớn nhất?",Gói thầu,Giá dự toán,GT24,p02_b00023,1,4,0,False,1,GT24,p02_b00023,1,4,0,False,1,2.460,2460.0,1,16,True
B-train-00553-q08,B-train-00553,argmin,"Trong bảng 1 ở trang 1, Gói thầu nào có Kỳ trước nhỏ nhất?",Gói thầu,Kỳ trước,GT33,p01_b00142,1,16,0,False,1,GT33,p01_b00142,1,16,0,False,1,736,736.0,13,15,True
B-train-00554-q02,B-train-00554,argmax,"Trong bảng 2 ở trang 1, Khu vực nào có Tỷ lệ lớn nhất?",Khu vực,Tỷ lệ,Miền Trung,p01_b00183,2,9,0,False,2,Miền Trung,p01_b00183,2,9,0,False,2,"153,7%",153.7,6,10,True
B-train-00554-q03,B-train-00554,argmin,"Trong bảng 2 ở trang 1, Khu vực nào có Chênh lệch nhỏ nhất?",Khu vực,Chênh lệch,Đồng bằng sông Cửu Long,p01_b00160,2,7,0,False,1,Đồng bằng sông Cửu Long,p01_b00160,2,7,0,False,1,-600,-600.0,4,10,True
B-train-00554-q04,B-train-00554,argmin,"Trong bảng 1 ở trang 1, Kho/điểm nào có Đơn xử lý nhỏ nhất?",Kho/điểm,Đơn xử lý,Kho Đà Nẵng,p01_b00021,1,4,0,False,1,Kho Đà Nẵng,p01_b00021,1,4,0,False,1,1990,1990.0,1,11,True
B-train-00554-q06,B-train-00554,argmax,"Trong bảng 1 ở trang 1, Kho/điểm nào có Kế hoạch năm lớn nhất?",Kho/điểm,Kế hoạch năm,Kho Cần Thơ,p01_b00039,1,6,0,False,2,Kho Cần Thơ,p01_b00039,1,6,0,False,2,8.205,8205.0,3,11,True
B-train-00555-q04,B-train-00555,argmin,"Trong bảng 2 ở trang 1, Nghiệp vụ nào có Lũy kế nhỏ nhất?",Nghiệp vụ,Lũy kế,Đà Nẵng,p01_b00119,2,5,0,False,1,Đà Nẵng,p01_b00119,2,5,0,False,1,472,472.0,3,9,True
B-train-00555-q07,B-train-00555,argmax,"Trong bảng 1 ở trang 2, Tuyến nào có Kỳ trước lớn nhất?",Tuyến,Kỳ trước,TP.HCM – Cần Thơ,p02_b00032,1,5,0,False,1,TP.HCM – Cần Thơ,p02_b00032,1,5,0,False,1,9.116,9116.0,2,11,True
B-train-00555-q09,B-train-00555,argmin,"Trong bảng 2 ở trang 1, Nghiệp vụ nào có Tỷ lệ nhỏ nhất?",Nghiệp vụ,Tỷ lệ,Tai nạn con người,p01_b00136,2,7,0,False,1,Tai nạn con người,p01_b00136,2,7,0,False,1,"9,0%",9.0,4,9,True
B-train-00555-q10,B-train-00555,argmax,"Trong bảng 2 ở trang 1, Nghiệp vụ nào có Kỳ này lớn nhất?",Nghiệp vụ,Kỳ này,Mức A | ưu tiên,p01_b00112,2,4,0,False,1,Mức A | ưu tiên,p01_b00112,2,4,0,False,1,8.928,8928.0,1,9,True
B-train-00556-q02,B-train-00556,argmax,"Trong bảng 2 ở trang 1, Khoa nào có Nhập viện lớn nhất?",Khoa,Nhập viện,Ngoại,p01_b00188,2,10,0,False,2,Ngoại,p01_b00188,2,10,0,False,2,78,78.0,7,12,True
B-train-00556-q06,B-train-00556,argmin,"Trong bảng 2 ở trang 1, Khoa nào có Nhập viện nhỏ nhất?",Khoa,Nhập viện,Nhi,p01_b00199,2,11,0,False,2,Nhi,p01_b00199,2,11,0,False,2,7,7.0,8,12,True
B-train-00556-q07,B-train-00556,argmax,"Trong bảng 1 ở trang 2, Phòng ban nào có Định biên lớn nhất?",Phòng ban,Định biên,Vận hành,p02_b00026,1,5,0,False,1,Kế toán,p02_b00019,1,4,0,False,1,38,38.0,1,12,False
B-train-00557-q02,B-train-00557,argmin,"Trong bảng 1 ở trang 2, Trạm nào có Kế hoạch năm nhỏ nhất?",Trạm,Kế hoạch năm,Mức A | ưu tiên,p02_b00216,1,20,0,False,1,Mức A | ưu tiên,p02_b00216,1,20,0,False,1,480,480.0,17,18,True
B-train-00557-q07,B-train-00557,argmax,"Trong bảng 1 ở trang 2, Trạm nào có Tổn thất lớn nhất?",Trạm,Tổn thất,Trạm Cao Nguyên,p02_b00146,1,14,0,False,4,Trạm Cao Nguyên,p02_b00146,1,14,0,False,4,"7,6%",7.6,11,18,True
B-train-00557-q09,B-train-00557,argmin,"Trong bảng 1 ở trang 1, Trạm nào có Kỳ này nhỏ nhất?",Trạm,Kỳ này,Trạm 110kV Bắc,p01_b00193,1,18,0,False,4,Trạm 110kV Bắc,p01_b00193,1,18,0,False,4,507,507.0,15,18,True
B-train-00557-q10,B-train-00557,argmax,"Trong bảng 1 ở trang 1, Trạm nào có Kỳ trước lớn nhất?",Trạm,Kỳ trước,Trạm Cao Nguyên,p01_b00181,1,17,0,False,2,Trạm Cao Nguyên,p01_b00181,1,17,0,False,2,9.649,9649.0,14,18,True
B-train-00558-q03,B-train-00558,argmin,"Trong bảng 2 ở trang 1, Phòng ban nào có Thiếu/thừa nhỏ nhất?",Phòng ban,Thiếu/thừa,Vận hành,p01_b00195,2,5,0,False,2,Vận hành,p01_b00195,2,5,0,False,2,-8,-8.0,2,10,True
B-train-00558-q04,B-train-00558,argmax,"Trong bảng 1 ở trang 1, Điểm quan trắc nào có COD lớn nhất?",Điểm quan trắc,COD,Sông Hồng,p01_b00014,1,3,0,False,2,Sông Hồng,p01_b00014,1,3,0,False,2,90,90.0,0,14,True
B-train-00558-q10,B-train-00558,argmin,"Trong bảng 2 ở trang 1, Phòng ban nào có Tuyển mới nhỏ nhất?",Phòng ban,Tuyển mới,Công nghệ,p01_b00203,2,6,0,False,2,Công nghệ,p01_b00203,2,6,0,False,2,0,0.0,3,10,True
B-train-00559-q02,B-train-00559,argmin,"Trong bảng 2 ở trang 1, Khu vực nào có Kỳ này nhỏ nhất?",Khu vực,Kỳ này,Tây Nguyên,p01_b00175,2,6,0,False,2,Tây Nguyên,p01_b00175,2,6,0,False,2,995,995.0,3,12,True
B-train-00559-q05,B-train-00559,argmax,"Trong bảng 2 ở trang 1, Khu vực nào có Thực hiện lớn nhất?",Khu vực,Thực hiện,Miền Nam,p01_b00165,2,5,0,False,1,Miền Nam,p01_b00165,2,5,0,False,1,5.390,5390.0,2,12,True
B-train-00559-q08,B-train-00559,argmax,"Trong bảng 1 ở trang 1, Chi nhánh nào có Nợ quá hạn lớn nhất?",Chi nhánh,Nợ quá hạn,Cần Thơ 02,p01_b00088,1,12,0,True,2,Cần Thơ 02,p01_b00088,1,12,0,True,2,800,800.0,9,14,True
B-train-00559-q10,B-train-00559,argmin,"Trong bảng 1 ở trang 1, Chi nhánh nào có Tăng trưởng nhỏ nhất?",Chi nhánh,Tăng trưởng,Hải Phòng 02,p01_b00061,1,9,0,False,2,Hải Phòng 02,p01_b00061,1,9,0,False,2,"-1,5%",-1.5,6,14,True
B-train-00560-q08,B-train-00560,argmax,"Trong bảng 2 ở trang 1, Trạm nào có Kỳ này lớn nhất?",Trạm,Kỳ này,Trạm 110kV Bắc,p01_b00277,2,13,0,False,3,Trạm 110kV Bắc,p01_b00277,2,13,0,False,3,7.587,7587.0,10,13,True
B-train-00560-q09,B-train-00560,argmax,"Trong bảng 2 ở trang 1, Trạm nào có Công suất đỉnh lớn nhất?",Trạm,Công suất đỉnh,Trạm Cao Nguyên,p01_b00207,2,7,0,False,2,Trạm Cao Nguyên,p01_b00207,2,7,0,False,2,915,915.0,4,13,True
B-train-00561-q01,B-train-00561,argmin,"Trong bảng 2 ở trang 1, Trạm nào có Lũy kế nhỏ nhất?",Trạm,Lũy kế,Trạm Nam Sông,p01_b00159,2,5,0,False,2,Trạm Nam Sông,p01_b00159,2,5,0,False,2,1.268,1268.0,2,10,True
B-train-00561-q06,B-train-00561,argmin,"Trong bảng 2 ở trang 1, Trạm nào có Tỷ trọng (%) nhỏ nhất?",Trạm,Tỷ trọng (%),Trạm Cao Nguyên,p01_b00178,2,7,0,False,2,Hải Phòng,p01_b00138,2,3,0,False,1,"1,3%",1.3,1,10,False
B-train-00561-q08,B-train-00561,argmax,"Trong bảng 1 ở trang 1, Dự án nào có Giải ngân lớn nhất?",Dự án,Giải ngân,Trường liên cấp,p01_b00032,1,5,0,False,2,Trường liên cấp,p01_b00032,1,5,0,False,2,17.354,17354.0,2,12,True
B-train-00562-q07,B-train-00562,argmax,"Trong bảng 2 ở trang 1, Trạm nào có Sự cố lớn nhất?",Trạm,Sự cố,Trạm Tây Đô,p01_b00207,2,11,0,False,2,Trạm 110kV Bắc,p01_b00117,2,3,0,False,3,5,5.0,0,11,False
B-train-00562-q09,B-train-00562,argmax,"Trong bảng 1 ở trang 1, Tuyến nào có Hành khách lớn nhất?",Tuyến,Hành khách,Đà Nẵng – Huế,p01_b00053,1,8,0,False,2,Đà Nẵng – Huế,p01_b00053,1,8,0,False,2,1.806,1806.0,5,11,True
B-train-00563-q02,B-train-00563,argmin,"Trong bảng 2 ở trang 1, Tuyến nào có Doanh thu nhỏ nhất?",Tuyến,Doanh thu,Đà Nẵng – Huế,p01_b00173,2,4,0,False,3,Hải Phòng,p01_b00242,2,10,0,False,1,48.906,48906.0,8,13,False
B-train-00563-q03,B-train-00563,argmin,"Trong bảng 1 ở trang 1, Điểm bán nào có Số đơn nhỏ nhất?",Điểm bán,Số đơn,Điểm bán phía Nam,p01_b00057,1,7,0,False,2,Điểm bán phía Nam,p01_b00057,1,7,0,False,2,288,288.0,4,13,True
B-train-00563-q06,B-train-00563,argmax,"Trong bảng 1 ở trang 1, Điểm bán nào có Giá trị bán lớn nhất?",Điểm bán,Giá trị bán,Siêu thị trung tâm,p01_b00139,1,15,0,False,2,Siêu thị trung tâm,p01_b00139,1,15,0,False,2,1.983.744,1983744.0,12,13,True
B-train-00564-q05,B-train-00564,argmin,"Trong bảng 1 ở trang 2, Nhóm chế độ nào có Đã giải quyết nhỏ nhất?",Nhóm chế độ,Đã giải quyết,Thai sản,p02_b00161,1,18,0,False,4,Thai sản,p02_b00161,1,18,0,False,4,100,100.0,15,19,True
B-train-00564-q07,B-train-00564,argmax,"Trong bảng 1 ở trang 2, Nhóm chế độ nào có Chi trả lớn nhất?",Nhóm chế độ,Chi trả,Tai nạn lao động,p02_b00171,1,19,0,False,3,Tai nạn lao động,p02_b00171,1,19,0,False,3,35.460,35460.0,16,19,True
B-train-00564-q08,B-train-00564,argmin,"Trong bảng 1 ở trang 2, Nhóm chế độ nào có Kỳ này nhỏ nhất?",Nhóm chế độ,Kỳ này,Thất nghiệp,p02_b00141,1,16,0,False,4,Thất nghiệp,p02_b00141,1,16,0,False,4,540,540.0,13,19,True
B-train-00564-q09,B-train-00564,argmax,"Trong bảng 1 ở trang 2, Nhóm chế độ nào có Kế hoạch năm lớn nhất?",Nhóm chế độ,Kế hoạch năm,Ốm đau,p02_b00151,1,17,0,False,3,Ốm đau,p02_b00151,1,17,0,False,3,9.790,9790.0,14,19,True
B-train-00565-q03,B-train-00565,argmax,"Trong bảng 1 ở trang 1, Nhóm chế độ nào có Trễ hạn lớn nhất?",Nhóm chế độ,Trễ hạn,Ốm đau,p01_b00143,1,15,0,False,3,Ốm đau,p01_b00143,1,15,0,False,3,100,100.0,12,15,True
B-train-00565-q04,B-train-00565,argmin,"Trong bảng 1 ở trang 2, Nhóm chế độ nào có Chi trả nhỏ nhất?",Nhóm chế độ,Chi trả,Thai sản,p02_b00156,1,16,0,False,3,Thai sản,p02_b00156,1,16,0,False,3,1.534,1534.0,13,16,True
B-train-00565-q05,B-train-00565,argmin,"Trong bảng 1 ở trang 1, Nhóm chế độ nào có Kỳ này nhỏ nhất?",Nhóm chế độ,Kỳ này,Ốm đau,p01_b00035,1,5,0,False,3,Ốm đau,p01_b00035,1,5,0,False,3,145,145.0,2,15,True
B-train-00565-q10,B-train-00565,argmax,"Trong bảng 1 ở trang 2, Nhóm chế độ nào có Đã giải quyết lớn nhất?",Nhóm chế độ,Đã giải quyết,Hưu trí,p02_b00069,1,8,0,False,4,Hưu trí,p02_b00069,1,8,0,False,4,2202,2202.0,5,16,True
B-train-00566-q02,B-train-00566,argmax,"Trong bảng 1 ở trang 1, Khu vực nào có Lũy kế lớn nhất?",Khu vực,Lũy kế,Tây Nguyên,p01_b00039,1,6,0,False,2,Tây Nguyên,p01_b00039,1,6,0,False,2,9.185,9185.0,3,12,True
B-train-00566-q05,B-train-00566,argmin,"Trong bảng 1 ở trang 1, Khu vực nào có Tỷ lệ nhỏ nhất?",Khu vực,Tỷ lệ,Đồng bằng sông Cửu Long,p01_b00105,1,12,0,False,2,Đồng bằng sông Cửu Long,p01_b00105,1,12,0,False,2,"75,6%",75.6,9,12,True
B-train-00566-q09,B-train-00566,argmax,"Trong bảng 1 ở trang 1, Khu vực nào có Tỷ trọng (%) lớn nhất?",Khu vực,Tỷ trọng (%),Miền Bắc,p01_b00061,1,8,0,False,3,Đà Nẵng,p01_b00024,1,4,0,False,1,"34,8%",34.8,2,12,False
B-train-00567-q02,B-train-00567,argmin,"Trong bảng 1 ở trang 1, Khu vực nào có Kỳ trước nhỏ nhất?",Khu vực,Kỳ trước,Cụm BTS-02,p01_b00027,1,4,0,False,2,Cụm BTS-02,p01_b00027,1,4,0,False,2,1.816,1816.0,1,9,True
B-train-00567-q08,B-train-00567,argmax,"Trong bảng 2 ở trang 1, Đơn vị nào có Kỳ trước lớn nhất?",Đơn vị,Kỳ trước,THPT Nguyễn Trãi,p01_b00174,2,8,0,False,2,Đà Nẵng,p01_b00154,2,6,0,False,1,7.181,7181.0,4,10,False
B-train-00567-q09,B-train-00567,argmax,"Trong bảng 1 ở trang 1, Khu vực nào có Tỷ trọng (%) lớn nhất?",Khu vực,Tỷ trọng (%),Cụm BTS-02,p01_b00081,1,9,0,False,2,Cụm BTS-02,p01_b00081,1,9,0,False,2,"37,0%",37.0,6,9,True
B-train-00568-q02,B-train-00568,argmin,"Trong bảng 1 ở trang 1, Nghiệp vụ nào có Lũy kế nhỏ nhất?",Nghiệp vụ,Lũy kế,Sức khỏe,p01_b00064,1,8,0,False,2,Sức khỏe,p01_b00064,1,8,0,False,2,255,255.0,5,9,True
B-train-00568-q04,B-train-00568,argmax,"Trong bảng 2 ở trang 1, Điểm đến nào có Công suất phòng lớn nhất?",Điểm đến,Công suất phòng,Phố cổ Hội An,p01_b00168,2,9,0,False,2,Tây Nguyên,p01_b00201,2,13,0,False,1,"82,3%",82.3,11,14,False
B-train-00568-q07,B-train-00568,argmax,"Trong bảng 2 ở trang 1, Điểm đến nào có Lũy kế lớn nhất?",Điểm đến,Lũy kế,Vịnh Hạ Long,p01_b00160,2,8,0,False,2,Vịnh Hạ Long,p01_b00160,2,8,0,False,2,8.690,8690.0,5,14,True
B-train-00568-q08,B-train-00568,argmin,"Trong bảng 2 ở trang 1, Điểm đến nào có Kế hoạch năm nhỏ nhất?",Điểm đến,Kế hoạch năm,Nha Trang,p01_b00183,2,11,0,False,2,Nha Trang,p01_b00183,2,11,0,False,2,416,416.0,8,14,True
B-train-00569-q04,B-train-00569,argmax,"Trong bảng 1 ở trang 2, Mã hàng nào có Nhập lớn nhất?",Mã hàng,Nhập,VT712,p02_b00084,1,10,0,False,1,VT712,p02_b00084,1,10,0,False,1,105,105.0,7,10,True
B-train-00569-q05,B-train-00569,argmax,"Trong bảng 1 ở trang 1, Phòng ban nào có Tỷ trọng (%) lớn nhất?",Phòng ban,Tỷ trọng (%),Chăm sóc khách hàng,p01_b00065,1,8,0,False,2,Chăm sóc khách hàng,p01_b00065,1,8,0,False,2,"31,3%",31.3,5,13,True
B-train-00569-q06,B-train-00569,argmin,"Trong bảng 1 ở trang 1, Phòng ban nào có Lũy kế nhỏ nhất?",Phòng ban,Lũy kế,Hành chính,p01_b00116,1,13,0,False,2,Hành chính,p01_b00116,1,13,0,False,2,213,213.0,10,13,True
B-train-00569-q07,B-train-00569,argmin,"Trong bảng 2 ở trang 1, Mã hàng nào có Tồn cuối nhỏ nhất?",Mã hàng,Tồn cuối,VT386,p01_b00277,2,14,0,False,1,Miền Trung,p01_b00204,2,7,0,False,1,1,1.0,5,13,False
B-train-00570-q03,B-train-00570,argmax,"Trong bảng 1 ở trang 2, Dự án nào có Giải ngân lớn nhất?",Dự án,Giải ngân,Nhà máy nước,p02_b00086,1,11,0,False,3,Nhà máy nước,p02_b00086,1,11,0,False,3,17.584,17584.0,8,14,True
B-train-00570-q04,B-train-00570,argmax,"Trong bảng 1 ở trang 1, Địa bàn nào có Kỳ này lớn nhất?",Địa bàn,Kỳ này,Cần Thơ,p01_b00059,1,8,0,False,1,Cần Thơ,p01_b00059,1,8,0,False,1,5.462,5462.0,5,10,True
B-train-00570-q06,B-train-00570,argmin,"Trong bảng 1 ở trang 1, Địa bàn nào có Diện tích (ha) nhỏ nhất?",Địa bàn,Diện tích (ha),Khánh Hòa,p01_b00040,1,6,0,False,1,Khánh Hòa,p01_b00040,1,6,0,False,1,82,82.0,3,10,True
B-train-00570-q07,B-train-00570,argmin,"Trong bảng 1 ở trang 2, Dự án nào có Giải ngân nhỏ nhất?",Dự án,Giải ngân,Cầu Đông Thành,p02_b00057,1,8,0,True,2,Cầu Đông Thành,p02_b00057,1,8,0,True,2,1.003,1003.0,5,14,True
B-train-00571-q01,B-train-00571,argmax,"Trong bảng 1 ở trang 1, Điểm bán nào có Giá trị bán lớn nhất?",Điểm bán,Giá trị bán,Siêu thị trung tâm,p01_b00129,1,15,0,False,4,Siêu thị trung tâm,p01_b00129,1,15,0,False,4,3.065.634,3065634.0,12,18,True
B-train-00571-q06,B-train-00571,argmin,"Trong bảng 1 ở trang 2, Điểm bán nào có Giá trị bán nhỏ nhất?",Điểm bán,Giá trị bán,Cửa hàng 02,p02_b00142,1,16,0,False,3,Cửa hàng 02,p02_b00142,1,16,0,False,3,172.832,172832.0,13,18,True
B-train-00571-q08,B-train-00571,argmax,"Trong bảng 1 ở trang 2, Điểm bán nào có Lũy kế lớn nhất?",Điểm bán,Lũy kế,Cửa hàng 01,p02_b00083,1,10,0,False,4,Cửa hàng 01,p02_b00083,1,10,0,False,4,9.679,9679.0,7,18,True
B-train-00572-q04,B-train-00572,argmin,"Trong bảng 1 ở trang 2, Tuyến nào có Doanh thu nhỏ nhất?",Tuyến,Doanh thu,TP.HCM – Cần Thơ,p02_b00067,1,9,0,False,2,TP.HCM – Cần Thơ,p02_b00067,1,9,0,False,2,28.272,28272.0,6,10,True
B-train-00572-q08,B-train-00572,argmin,"Trong bảng 2 ở trang 1, Dự án nào có Kỳ này nhỏ nhất?",Dự án,Kỳ này,Cầu Đông Thành,p01_b00144,2,8,0,False,1,Cầu Đông Thành,p01_b00144,2,8,0,False,1,1.418,1418.0,5,10,True
B-train-00573-q01,B-train-00573,argmin,"Trong bảng 2 ở trang 1, Điểm quan trắc nào có COD nhỏ nhất?",Điểm quan trắc,COD,Sông Hương,p01_b00168,2,9,0,False,2,Sông Hương,p01_b00168,2,9,0,False,2,9,9.0,6,9,True
B-train-00573-q05,B-train-00573,argmax,"Trong bảng 2 ở trang 1, Điểm quan trắc nào có BOD5 lớn nhất?",Điểm quan trắc,BOD5,KCN Long Thành,p01_b00187,2,11,0,False,1,KCN Long Thành,p01_b00187,2,11,0,False,1,43,43.0,8,9,True
B-train-00573-q09,B-train-00573,argmax,"Trong bảng 1 ở trang 1, Khu vực nào có Lưu lượng lớn nhất?",Khu vực,Lưu lượng,Cụm BTS-02,p01_b00018,1,4,0,False,2,Cụm BTS-02,p01_b00018,1,4,0,False,2,94.533,94533.0,1,10,True
B-train-00574-q03,B-train-00574,argmin,"Trong bảng 2 ở trang 1, Trạm nào có Sự cố nhỏ nhất?",Trạm,Sự cố,Trạm 220kV Trung,p01_b00165,2,4,0,True,2,Trạm 220kV Trung,p01_b00165,2,4,0,True,2,0,0.0,1,13,True
B-train-00574-q04,B-train-00574,argmin,"Trong bảng 2 ở trang 1, Trạm nào có Kỳ trước nhỏ nhất?",Trạm,Kỳ trước,Trạm Tây Đô,p01_b00183,2,6,0,False,2,Hải Phòng,p01_b00242,2,13,0,False,1,213,213.0,11,13,False
B-train-00574-q06,B-train-00574,argmax,"Trong bảng 1 ở trang 1, Địa bàn nào có Lũy kế lớn nhất?",Địa bàn,Lũy kế,Lâm Đồng,p01_b00134,1,16,0,False,1,Lâm Đồng,p01_b00134,1,16,0,False,1,9.483,9483.0,13,14,True
B-train-00575-q02,B-train-00575,argmax,"Trong bảng 1 ở trang 1, Gói thầu nào có Kế hoạch năm lớn nhất?",Gói thầu,Kế hoạch năm,GT08,p01_b00122,1,14,0,False,2,GT89 Đã đối chiếu,p01_b00052,1,7,0,False,1,8.310,8310.0,4,19,False
B-train-00575-q08,B-train-00575,argmin,"Trong bảng 1 ở trang 1, Gói thầu nào có Kế hoạch năm nhỏ nhất?",Gói thầu,Kế hoạch năm,GT26,p01_b00112,1,13,0,False,1,GT26,p01_b00112,1,13,0,False,1,1.276,1276.0,10,19,True
B-train-00575-q09,B-train-00575,argmin,"Trong bảng 1 ở trang 1, Gói thầu nào có Giá dự toán nhỏ nhất?",Gói thầu,Giá dự toán,GT22,p01_b00171,1,19,0,False,1,GT89 Đã đối chiếu,p01_b00052,1,7,0,False,1,210,210.0,4,19,False
B-train-00576-q04,B-train-00576,argmin,"Trong bảng 1 ở trang 1, Nghiệp vụ nào có Kỳ này nhỏ nhất?",Nghiệp vụ,Kỳ này,Miền Bắc,p01_b00091,1,10,0,True,1,Miền Bắc,p01_b00091,1,10,0,True,1,605,605.0,7,11,True
B-train-00576-q08,B-train-00576,argmin,"Trong bảng 1 ở trang 1, Nghiệp vụ nào có Kế hoạch năm nhỏ nhất?",Nghiệp vụ,Kế hoạch năm,Hàng hóa,p01_b00050,1,6,0,False,1,Hàng hóa,p01_b00050,1,6,0,False,1,1.707,1707.0,3,11,True
B-train-00577-q04,B-train-00577,argmax,"Trong bảng 1 ở trang 1, Tuyến nào có Số chuyến lớn nhất?",Tuyến,Số chuyến,Đà Nẵng,p01_b00029,1,5,0,False,1,Đà Nẵng,p01_b00029,1,5,0,False,1,41,41.0,2,9,True
B-train-00577-q07,B-train-00577,argmin,"Trong bảng 1 ở trang 1, Tuyến nào có Doanh thu nhỏ nhất?",Tuyến,Doanh thu,TP.HCM – Cần Thơ,p01_b00060,1,9,0,False,1,Đà Nẵng – Huế,p01_b00054,1,8,0,False,2,33.120,33120.0,5,9,False
B-train-00577-q08,B-train-00577,argmin,"Trong bảng 1 ở trang 1, Tuyến nào có Đúng giờ nhỏ nhất?",Tuyến,Đúng giờ,Nha Trang – Đà Lạt,p01_b00066,1,10,0,False,1,Đà Nẵng,p01_b00029,1,5,0,False,1,"83,6%",83.6,3,9,False
B-train-00577-q09,B-train-00577,argmax,"Trong bảng 1 ở trang 1, Tuyến nào có Hành khách lớn nhất?",Tuyến,Hành khách,Nha Trang – Đà Lạt,p01_b00066,1,10,0,False,1,Nha Trang – Đà Lạt,p01_b00066,1,10,0,False,1,1.344,1344.0,7,9,True
B-train-00578-q02,B-train-00578,argmin,"Trong bảng 1 ở trang 1, Điểm đến nào có Doanh thu nhỏ nhất?",Điểm đến,Doanh thu,Hải Phòng,p01_b00107,1,12,0,False,1,Hải Phòng,p01_b00107,1,12,0,False,1,42.595,42595.0,9,13,True
B-train-00578-q07,B-train-00578,argmin,"Trong bảng 2 ở trang 1, Khu vực nào có Thuê bao nhỏ nhất?",Khu vực,Thuê bao,Khu vực đô thị,p01_b00185,2,6,0,False,1,Khu vực đô thị,p01_b00185,2,6,0,False,1,8.335,8335.0,3,9,True
B-train-00578-q09,B-train-00578,argmax,"Trong bảng 2 ở trang 1, Khu vực nào có Tỷ lệ rớt cuộc lớn nhất?",Khu vực,Tỷ lệ rớt cuộc,Mức A | ưu tiên,p01_b00194,2,7,0,False,1,Mức A | ưu tiên,p01_b00194,2,7,0,False,1,"2,9%",2.9,4,9,True
B-train-00579-q01,B-train-00579,argmax,"Trong bảng 1 ở trang 1, Kho/điểm nào có Kỳ này lớn nhất?",Kho/điểm,Kỳ này,Kho Hà Nội,p01_b00072,1,8,0,False,1,Kho Hà Nội,p01_b00072,1,8,0,False,1,9.365,9365.0,5,14,True
B-train-00579-q06,B-train-00579,argmin,"Trong bảng 1 ở trang 1, Kho/điểm nào có Chi phí nhỏ nhất?",Kho/điểm,Chi phí,Kho Hà Nội,p01_b00072,1,8,0,False,1,Kho Hà Nội,p01_b00072,1,8,0,False,1,25.305,25305.0,5,14,True
B-train-00579-q08,B-train-00579,argmin,"Trong bảng 2 ở trang 1, Gói thầu nào có Kế hoạch năm nhỏ nhất?",Gói thầu,Kế hoạch năm,GT86,p01_b00187,2,3,0,False,1,Khánh Hòa,p01_b00207,2,5,0,False,1,388,388.0,3,10,False
B-train-00579-q10,B-train-00579,argmax,"Trong bảng 1 ở trang 1, Kho/điểm nào có Chi phí lớn nhất?",Kho/điểm,Chi phí,Kho Cần Thơ,p01_b00162,1,16,0,False,3,Kho Cần Thơ,p01_b00162,1,16,0,False,3,408.518,408518.0,13,14,True
B-train-00580-q04,B-train-00580,argmax,"Trong bảng 1 ở trang 2, Điểm bán nào có Lượt khách lớn nhất?",Điểm bán,Lượt khách,Điểm bán phía Nam,p02_b00051,1,7,0,False,1,Cửa hàng 02,p02_b00023,1,4,0,False,3,5399,5399.0,1,13,False
B-train-00580-q06,B-train-00580,argmax,"Trong bảng 1 ở trang 1, Điểm đến nào có Khách quốc tế lớn nhất?",Điểm đến,Khách quốc tế,Nha Trang,p01_b00034,1,6,0,False,2,Nha Trang,p01_b00034,1,6,0,False,2,6.066,6066.0,3,11,True
B-train-00580-q10,B-train-00580,argmin,"Trong bảng 1 ở trang 2, Điểm bán nào có Lượt khách nhỏ nhất?",Điểm bán,Lượt khách,Lâm Đồng,p02_b00090,1,11,0,False,1,Cửa hàng 02,p02_b00071,1,9,0,False,3,275,275.0,6,13,False
B-train-00581-q01,B-train-00581,argmin,"Trong bảng 1 ở trang 1, Điểm đến nào có Công suất phòng nhỏ nhất?",Điểm đến,Công suất phòng,Phú Quốc,p01_b00059,1,7,0,False,2,Phú Quốc,p01_b00059,1,7,0,False,2,"57,9%",57.9,4,10,True
B-train-00581-q06,B-train-00581,argmax,"Trong bảng 2 ở trang 1, Gói thầu nào có Giá trúng lớn nhất?",Gói thầu,Giá trúng,GT56,p01_b00210,2,10,0,True,1,GT56,p01_b00210,2,10,0,True,1,2.290,2290.0,7,13,True
B-train-00581-q07,B-train-00581,argmin,"Trong bảng 2 ở trang 1, Gói thầu nào có Giá dự toán nhỏ nhất?",Gói thầu,Giá dự toán,GT17,p01_b00180,2,7,0,False,1,GT17,p01_b00180,2,7,0,False,1,260,260.0,4,13,True
B-train-00581-q09,B-train-00581,argmax,"Trong bảng 2 ở trang 1, Gói thầu nào có Tỷ trọng (%) lớn nhất?",Gói thầu,Tỷ trọng (%),GT96,p01_b00200,2,9,0,False,1,GT96,p01_b00200,2,9,0,False,1,"37,5%",37.5,6,13,True
B-train-00582-q03,B-train-00582,argmax,"Trong bảng 1 ở trang 1, Gói thầu nào có Lũy kế lớn nhất?",Gói thầu,Lũy kế,GT52,p01_b00170,1,16,0,False,2,GT52,p01_b00170,1,16,0,False,2,9.479,9479.0,13,21,True
B-train-00582-q07,B-train-00582,argmin,"Trong bảng 1 ở trang 2, Gói thầu nào có Kỳ trước nhỏ nhất?",Gói thầu,Kỳ trước,GT43,p02_b00253,1,23,0,False,1,GT43,p02_b00253,1,23,0,False,1,152,152.0,20,21,True
B-train-00582-q10,B-train-00582,argmax,"Trong bảng 1 ở trang 2, Gói thầu nào có Tỷ trọng (%) lớn nhất?",Gói thầu,Tỷ trọng (%),GT23,p02_b00229,1,21,0,False,2,GT23,p02_b00229,1,21,0,False,2,"33,8%",33.8,18,21,True
B-train-00583-q04,B-train-00583,argmax,"Trong bảng 2 ở trang 1, Tuyến nào có Doanh thu lớn nhất?",Tuyến,Doanh thu,TP.HCM – Cần Thơ,p01_b00218,2,13,0,False,3,Nha Trang – Đà Lạt,p01_b00194,2,10,0,False,3,182.120,182120.0,7,12,False
B-train-00583-q07,B-train-00583,argmin,"Trong bảng 1 ở trang 1, Mã hàng nào có Tỷ trọng (%) nhỏ nhất?",Mã hàng,Tỷ trọng (%),VT571,p01_b00072,1,8,0,True,1,VT571,p01_b00072,1,8,0,True,1,"6,4%",6.4,5,9,True
B-train-00583-q08,B-train-00583,argmin,"Trong bảng 1 ở trang 1, Mã hàng nào có Kỳ trước nhỏ nhất?",Mã hàng,Kỳ trước,VT697,p01_b00027,1,4,0,False,1,VT697,p01_b00027,1,4,0,False,1,2.651,2651.0,1,9,True
B-train-00583-q09,B-train-00583,argmax,"Trong bảng 1 ở trang 1, Mã hàng nào có Nhập lớn nhất?",Mã hàng,Nhập,Miền Nam,p01_b00082,1,9,0,False,1,Miền Nam,p01_b00082,1,9,0,False,1,107,107.0,6,9,True
B-train-00584-q03,B-train-00584,argmin,"Trong bảng 1 ở trang 1, Đơn vị nào có Đạt nhỏ nhất?",Đơn vị,Đạt,THPT Phan Bội Châu,p01_b00040,1,6,0,False,2,THPT Phan Bội Châu,p01_b00040,1,6,0,False,2,25,25.0,3,9,True
B-train-00584-q08,B-train-00584,argmax,"Trong bảng 1 ở trang 1, Đơn vị nào có Kỳ trước lớn nhất?",Đơn vị,Kỳ trước,THPT Nguyễn Trãi,p01_b00061,1,8,0,False,2,THPT Nguyễn Trãi,p01_b00061,1,8,0,False,2,7.867,7867.0,5,9,True
B-train-00584-q09,B-train-00584,argmax,"Trong bảng 2 ở trang 1, Nhóm chế độ nào có Tỷ trọng (%) lớn nhất?",Nhóm chế độ,Tỷ trọng (%),Hưu trí,p01_b00119,2,3,0,False,1,Hưu trí,p01_b00119,2,3,0,False,1,"35,6%",35.6,0,13,True
B-train-00585-q01,B-train-00585,argmin,"Trong bảng 1 ở trang 1, Điểm bán nào có Kỳ trước nhỏ nhất?",Điểm bán,Kỳ trước,Cửa hàng 02,p01_b00078,1,9,0,False,4,Cửa hàng 02,p01_b00078,1,9,0,False,4,1.602,1602.0,6,20,True
B-train-00585-q02,B-train-00585,argmax,"Trong bảng 1 ở trang 1, Điểm bán nào có Giá trị bán lớn nhất?",Điểm bán,Giá trị bán,Điểm bán phía Nam,p01_b00056,1,7,0,False,3,Điểm bán phía Nam,p01_b00056,1,7,0,False,3,1.970.752,1970752.0,4,20,True
B-train-00585-q04,B-train-00585,argmin,"Trong bảng 1 ở trang 1, Điểm bán nào có Giá trị bán nhỏ nhất?",Điểm bán,Giá trị bán,Điểm bán phía Nam,p01_b00218,1,22,0,False,3,Điểm bán phía Nam,p01_b00218,1,22,0,False,3,56.600,56600.0,19,20,True
B-train-00585-q07,B-train-00585,argmax,"Trong bảng 1 ở trang 1, Điểm bán nào có Kỳ trước lớn nhất?",Điểm bán,Kỳ trước,Cửa hàng 02,p01_b00024,1,4,0,False,4,Cửa hàng 02,p01_b00024,1,4,0,False,4,9.505,9505.0,1,20,True
B-train-00586-q01,B-train-00586,argmax,"Trong bảng 1 ở trang 1, Khu vực nào có Tỷ trọng (%) lớn nhất?",Khu vực,Tỷ trọng (%),Khu vực ven biển,p01_b00076,1,10,0,False,1,Khu vực ven biển,p01_b00076,1,10,0,False,1,"29,3%",29.3,7,9,True
B-train-00586-q03,B-train-00586,argmin,"Trong bảng 1 ở trang 1, Khu vực nào có Tỷ lệ rớt cuộc nhỏ nhất?",Khu vực,Tỷ lệ rớt cuộc,Khu vực ven biển,p01_b00030,1,5,0,False,2,Khu vực ven biển,p01_b00030,1,5,0,False,2,"0,2%",0.2,2,9,True
B-train-00586-q04,B-train-00586,argmax,"Trong bảng 2 ở trang 1, Mã hàng nào có Tồn đầu lớn nhất?",Mã hàng,Tồn đầu,VT470,p01_b00106,2,3,0,False,1,VT470,p01_b00106,2,3,0,False,1,161,161.0,0,9,True
B-train-00586-q05,B-train-00586,argmin,"Trong bảng 1 ở trang 1, Khu vực nào có Kế hoạch năm nhỏ nhất?",Khu vực,Kế hoạch năm,Khu vực ven biển,p01_b00076,1,10,0,False,2,Hải Phòng,p01_b00058,1,8,0,False,1,616,616.0,6,9,False
B-train-00587-q03,B-train-00587,argmax,"Trong bảng 1 ở trang 1, Phòng ban nào có Kỳ trước lớn nhất?",Phòng ban,Kỳ trước,Vận hành,p01_b00094,1,11,0,False,2,Vận hành,p01_b00094,1,11,0,False,2,9.515,9515.0,8,14,True
B-train-00587-q05,B-train-00587,argmin,"Trong bảng 1 ở trang 1, Phòng ban nào có Thiếu/thừa nhỏ nhất?",Phòng ban,Thiếu/thừa,Chăm sóc khách hàng,p01_b00065,1,8,0,False,2,Chăm sóc khách hàng,p01_b00065,1,8,0,False,2,-7,-7.0,5,14,True
B-train-00587-q09,B-train-00587,argmax,"Trong bảng 1 ở trang 1, Phòng ban nào có Kỳ này lớn nhất?",Phòng ban,Kỳ này,Kế toán,p01_b00148,1,16,0,False,1,Kế toán,p01_b00148,1,16,0,False,1,7.831,7831.0,13,14,True
B-train-00588-q02,B-train-00588,argmax,"Trong bảng 2 ở trang 1, Điểm bán nào có Số đơn lớn nhất?",Điểm bán,Số đơn,Cửa hàng 01,p01_b00212,2,8,0,False,3,Lâm Đồng,p01_b00239,2,11,0,False,1,3119,3119.0,9,11,False
B-train-00588-q08,B-train-00588,argmin,"Trong bảng 2 ở trang 1, Điểm bán nào có Giá trị bán nhỏ nhất?",Điểm bán,Giá trị bán,Mức A | ưu tiên,p01_b00230,2,10,0,False,1,Mức A | ưu tiên,p01_b00230,2,10,0,False,1,54.264,54264.0,7,11,True
B-train-00588-q09,B-train-00588,argmax,"Trong bảng 2 ở trang 1, Điểm bán nào có Lượt khách lớn nhất?",Điểm bán,Lượt khách,Điểm bán phía Bắc,p01_b00197,2,6,0,True,1,Điểm bán phía Bắc,p01_b00197,2,6,0,True,1,4708,4708.0,3,11,True
B-train-00589-q02,B-train-00589,argmin,"Trong bảng 1 ở trang 1, Điểm quan trắc nào có pH nhỏ nhất?",Điểm quan trắc,pH,KCN Long Thành,p01_b00047,1,6,0,False,1,Sông Hương,p01_b00025,1,4,0,False,2,"6,20",6.2,1,11,False
B-train-00589-q04,B-train-00589,argmax,"Trong bảng 1 ở trang 1, Điểm quan trắc nào có pH lớn nhất?",Điểm quan trắc,pH,Khánh Hòa,p01_b00097,1,11,0,True,1,Khánh Hòa,p01_b00097,1,11,0,True,1,"7,67",7.67,8,11,True
B-train-00589-q07,B-train-00589,argmin,"Trong bảng 2 ở trang 1, Điểm quan trắc nào có Kỳ trước nhỏ nhất?",Điểm quan trắc,Kỳ trước,Sông Hương,p01_b00192,2,9,0,False,2,Sông Hương,p01_b00192,2,9,0,False,2,450,450.0,6,12,True
B-train-00589-q08,B-train-00589,argmax,"Trong bảng 1 ở trang 1, Điểm quan trắc nào có Kỳ này lớn nhất?",Điểm quan trắc,Kỳ này,Sông Hồng,p01_b00014,1,3,0,False,1,Khánh Hòa,p01_b00097,1,11,0,True,1,9.843,9843.0,9,11,False
B-train-00590-q04,B-train-00590,argmin,"Trong bảng 1 ở trang 1, Chi nhánh nào có Huy động nhỏ nhất?",Chi nhánh,Huy động,Hải Phòng 02,p01_b00021,1,4,0,False,2,Hải Phòng 02,p01_b00021,1,4,0,False,2,1.030,1030.0,1,11,True
B-train-00590-q06,B-train-00590,argmax,"Trong bảng 2 ở trang 1, Khoa nào có Tỷ trọng (%) lớn nhất?",Khoa,Tỷ trọng (%),Tai Mũi Họng,p01_b00161,2,8,0,False,1,Tai Mũi Họng,p01_b00161,2,8,0,False,1,"36,7%",36.7,5,9,True
B-train-00590-q07,B-train-00590,argmin,"Trong bảng 2 ở trang 1, Khoa nào có Kỳ này nhỏ nhất?",Khoa,Kỳ này,Nhi,p01_b00189,2,11,0,True,1,Nhi,p01_b00189,2,11,0,True,1,829,829.0,8,9,True
B-train-00591-q01,B-train-00591,argmin,"Trong bảng 2 ở trang 1, Khoa nào có Lượt khám nhỏ nhất?",Khoa,Lượt khám,Nội tổng hợp,p01_b00165,2,3,0,False,1,Nội tổng hợp,p01_b00165,2,3,0,False,1,87,87.0,0,12,True
B-train-00591-q03,B-train-00591,argmin,"Trong bảng 2 ở trang 1, Khoa nào có Chuyển tuyến nhỏ nhất?",Khoa,Chuyển tuyến,Ngoại,p01_b00243,2,10,0,False,2,Ngoại,p01_b00243,2,10,0,False,2,0,0.0,7,12,True
B-train-00591-q05,B-train-00591,argmax,"Trong bảng 1 ở trang 1, Chi nhánh nào có Kế hoạch năm lớn nhất?",Chi nhánh,Kế hoạch năm,Cần Thơ 02,p01_b00061,1,7,0,False,2,Cần Thơ 02,p01_b00061,1,7,0,False,2,9.757,9757.0,4,12,True
B-train-00591-q09,B-train-00591,argmax,"Trong bảng 1 ở trang 1, Chi nhánh nào có Kỳ trước lớn nhất?",Chi nhánh,Kỳ trước,Cần Thơ 02,p01_b00061,1,7,0,False,2,Cần Thơ 02,p01_b00061,1,7,0,False,2,9.367,9367.0,4,12,True
B-train-00592-q02,B-train-00592,argmin,"Trong bảng 1 ở trang 2, Trạm nào có Kế hoạch năm nhỏ nhất?",Trạm,Kế hoạch năm,Trạm Cao Nguyên,p02_b00133,1,14,0,False,4,Trạm Cao Nguyên,p02_b00133,1,14,0,False,4,285,285.0,11,18,True
B-train-00592-q03,B-train-00592,argmin,"Trong bảng 1 ở trang 2, Trạm nào có Lũy kế nhỏ nhất?",Trạm,Lũy kế,Trạm 110kV Bắc,p02_b00144,1,15,0,False,4,Trạm 110kV Bắc,p02_b00144,1,15,0,False,4,637,637.0,12,18,True
B-train-00592-q07,B-train-00592,argmax,"Trong bảng 1 ở trang 1, Trạm nào có Tổn thất lớn nhất?",Trạm,Tổn thất,Trạm 220kV Trung,p01_b00133,1,14,0,False,4,Trạm 220kV Trung,p01_b00133,1,14,0,False,4,"7,7%",7.7,11,18,True
B-train-00592-q10,B-train-00592,argmax,"Trong bảng 1 ở trang 2, Trạm nào có Lũy kế lớn nhất?",Trạm,Lũy kế,Trạm Tây Đô,p02_b00177,1,18,0,False,4,Trạm Tây Đô,p02_b00177,1,18,0,False,4,9.550,9550.0,15,18,True
B-train-00593-q02,B-train-00593,argmax,"Trong bảng 1 ở trang 2, Nhóm chế độ nào có Chi trả lớn nhất?",Nhóm chế độ,Chi trả,Thất nghiệp,p02_b00098,1,10,0,False,4,Thất nghiệp,p02_b00098,1,10,0,False,4,41.454,41454.0,7,20,True
B-train-00593-q06,B-train-00593,argmax,"Trong bảng 1 ở trang 1, Nhóm chế độ nào có Chi trả lớn nhất?",Nhóm chế độ,Chi trả,Thai sản,p01_b00108,1,11,0,False,4,Thai sản,p01_b00108,1,11,0,False,4,32.040,32040.0,8,19,True
B-train-00593-q10,B-train-00593,argmin,"Trong bảng 1 ở trang 2, Nhóm chế độ nào có Kỳ này nhỏ nhất?",Nhóm chế độ,Kỳ này,Tai nạn lao động,p02_b00074,1,8,0,False,4,Tai nạn lao động,p02_b00074,1,8,0,False,4,1.772,1772.0,5,20,True
B-train-00594-q03,B-train-00594,argmax,"Trong bảng 1 ở trang 1, Gói thầu nào có Kế hoạch năm lớn nhất?",Gói thầu,Kế hoạch năm,GT55,p01_b00118,1,12,0,False,1,GT55,p01_b00118,1,12,0,False,1,9.102,9102.0,9,14,True
B-train-00594-q05,B-train-00594,argmax,"Trong bảng 1 ở trang 1, Gói thầu nào có Kỳ này lớn nhất?",Gói thầu,Kỳ này,GT92,p01_b00129,1,13,0,False,1,GT92,p01_b00129,1,13,0,False,1,9.102,9102.0,10,14,True
B-train-00594-q08,B-train-00594,argmin,"Trong bảng 1 ở trang 2, Đơn vị nào có Lũy kế nhỏ nhất?",Đơn vị,Lũy kế,THPT Trần Phú,p02_b00112,1,15,0,False,2,THPT Trần Phú,p02_b00112,1,15,0,False,2,1.531,1531.0,12,14,True
B-train-00595-q02,B-train-00595,argmin,"Trong bảng 1 ở trang 1, Gói thầu nào có Lũy kế nhỏ nhất?",Gói thầu,Lũy kế,GT52,p01_b00058,1,7,0,False,1,GT52,p01_b00058,1,7,0,False,1,208,208.0,4,9,True
B-train-00595-q06,B-train-00595,argmin,"Trong bảng 1 ở trang 1, Gói thầu nào có Giá trúng nhỏ nhất?",Gói thầu,Giá trúng,Tây Nguyên,p01_b00093,1,10,0,False,1,Tây Nguyên,p01_b00093,1,10,0,False,1,100,100.0,7,9,True
B-train-00595-q08,B-train-00595,argmax,"Trong bảng 2 ở trang 1, Mã hàng nào có Tồn cuối lớn nhất?",Mã hàng,Tồn cuối,VT654,p01_b00183,2,9,0,False,1,VT654,p01_b00183,2,9,0,False,1,238,238.0,6,13,True
B-train-00596-q05,B-train-00596,argmax,"Trong bảng 1 ở trang 1, Khoa nào có Chuyển tuyến lớn nhất?",Khoa,Chuyển tuyến,Miền Trung,p01_b00151,1,15,0,False,1,Miền Trung,p01_b00151,1,15,0,False,1,10,10.0,12,14,True
B-train-00596-q07,B-train-00596,argmin,"Trong bảng 2 ở trang 1, Mã hàng nào có Tồn cuối nhỏ nhất?",Mã hàng,Tồn cuối,VT542,p01_b00300,2,14,0,False,1,VT542,p01_b00300,2,14,0,False,1,27,27.0,11,13,True
B-train-00596-q10,B-train-00596,argmax,"Trong bảng 2 ở trang 1, Mã hàng nào có Tỷ trọng (%) lớn nhất?",Mã hàng,Tỷ trọng (%),VT799,p01_b00269,2,11,0,False,1,VT799,p01_b00269,2,11,0,False,1,"37,9%",37.9,8,13,True
B-train-00597-q03,B-train-00597,argmax,"Trong bảng 1 ở trang 1, Trạm nào có Kế hoạch năm lớn nhất?",Trạm,Kế hoạch năm,Trạm 220kV Trung,p01_b00132,1,14,0,False,4,Trạm 220kV Trung,p01_b00132,1,14,0,False,4,9.873,9873.0,11,21,True
B-train-00597-q05,B-train-00597,argmax,"Trong bảng 1 ở trang 1, Trạm nào có Tỷ trọng (%) lớn nhất?",Trạm,Tỷ trọng (%),Trạm Tây Đô,p01_b00046,1,6,0,False,4,Trạm Tây Đô,p01_b00046,1,6,0,False,4,"33,1%",33.1,3,21,True
B-train-00597-q09,B-train-00597,argmin,"Trong bảng 1 ở trang 2, Trạm nào có Công suất đỉnh nhỏ nhất?",Trạm,Công suất đỉnh,Trạm Cao Nguyên,p02_b00100,1,11,0,False,4,Trạm Cao Nguyên,p02_b00100,1,11,0,False,4,215,215.0,8,21,True
B-train-00597-q10,B-train-00597,argmin,"Trong bảng 1 ở trang 1, Trạm nào có Kế hoạch năm nhỏ nhất?",Trạm,Kế hoạch năm,Trạm 110kV Bắc,p01_b00231,1,23,0,False,5,Trạm 110kV Bắc,p01_b00231,1,23,0,False,5,473,473.0,20,21,True
B-train-00598-q03,B-train-00598,argmax,"Trong bảng 2 ở trang 1, Nghiệp vụ nào có Phí bảo hiểm lớn nhất?",Nghiệp vụ,Phí bảo hiểm,Sức khỏe,p01_b00220,2,13,0,True,2,Sức khỏe,p01_b00220,2,13,0,True,2,5.312,5312.0,10,11,True
B-train-00598-q04,B-train-00598,argmin,"Trong bảng 2 ở trang 1, Nghiệp vụ nào có Kỳ này nhỏ nhất?",Nghiệp vụ,Kỳ này,Sức khỏe,p01_b00166,2,8,0,False,3,Sức khỏe,p01_b00166,2,8,0,False,3,103,103.0,5,11,True
B-train-00598-q07,B-train-00598,argmax,"Trong bảng 2 ở trang 1, Nghiệp vụ nào có Kế hoạch năm lớn nhất?",Nghiệp vụ,Kế hoạch năm,Sức khỏe,p01_b00166,2,8,0,False,3,Sức khỏe,p01_b00166,2,8,0,False,3,8.115,8115.0,5,11,True
B-train-00599-q02,B-train-00599,argmax,"Trong bảng 1 ở trang 1, Kho/điểm nào có Kỳ này lớn nhất?",Kho/điểm,Kỳ này,Hà Nội,p01_b00060,1,8,0,False,1,Hà Nội,p01_b00060,1,8,0,False,1,8.722,8722.0,5,11,True
B-train-00599-q03,B-train-00599,argmin,"Trong bảng 2 ở trang 1, Khu vực nào có Kế hoạch năm nhỏ nhất?",Khu vực,Kế hoạch năm,Cụm BTS-01,p01_b00127,2,3,0,False,2,Cụm BTS-01,p01_b00127,2,3,0,False,2,1.914,1914.0,0,10,True
B-train-00599-q05,B-train-00599,argmin,"Trong bảng 1 ở trang 1, Kho/điểm nào có Tồn cuối nhỏ nhất?",Kho/điểm,Tồn cuối,Kho Cần Thơ,p01_b00042,1,6,0,False,2,Kho Cần Thơ,p01_b00042,1,6,0,False,2,62,62.0,3,11,True
B-train-00599-q09,B-train-00599,argmax,"Trong bảng 2 ở trang 1, Khu vực nào có Kế hoạch năm lớn nhất?",Khu vực,Kế hoạch năm,Khu vực ven biển,p01_b00190,2,10,0,False,1,Khu vực ven biển,p01_b00190,2,10,0,False,1,8.073,8073.0,7,10,True
B-train-00600-q03,B-train-00600,argmin,"Trong bảng 1 ở trang 2, Nghiệp vụ nào có Kế hoạch năm nhỏ nhất?",Nghiệp vụ,Kế hoạch năm,Xe cơ giới,p02_b00057,1,8,0,False,5,Xe cơ giới,p02_b00057,1,8,0,False,5,691,691.0,5,21,True
B-train-00600-q04,B-train-00600,argmax,"Trong bảng 1 ở trang 2, Nghiệp vụ nào có Tỷ lệ lớn nhất?",Nghiệp vụ,Tỷ lệ,Xe cơ giới,p02_b00146,1,18,0,False,4,Xe cơ giới,p02_b00146,1,18,0,False,4,"64,9%",64.9,15,21,True
B-train-00600-q06,B-train-00600,argmax,"Trong bảng 1 ở trang 1, Nghiệp vụ nào có Bồi thường lớn nhất?",Nghiệp vụ,Bồi thường,Tài sản,p01_b00075,1,10,0,False,4,Tài sản,p01_b00075,1,10,0,False,4,6.148,6148.0,7,21,True
B-train-00600-q10,B-train-00600,argmin,"Trong bảng 1 ở trang 2, Nghiệp vụ nào có Tỷ lệ nhỏ nhất?",Nghiệp vụ,Tỷ lệ,Sức khỏe,p02_b00093,1,12,0,False,4,Sức khỏe,p02_b00093,1,12,0,False,4,"0,2%",0.2,9,21,True
B-train-00601-q01,B-train-00601,argmin,"Trong bảng 2 ở trang 1, Điểm bán nào có Giá trị bán nhỏ nhất?",Điểm bán,Giá trị bán,Điểm bán phía Bắc,p01_b00189,2,11,0,False,2,Điểm bán phía Bắc,p01_b00189,2,11,0,False,2,158.046,158046.0,8,12,True
B-train-00601-q02,B-train-00601,argmax,"Trong bảng 2 ở trang 1, Điểm bán nào có Tỷ trọng (%) lớn nhất?",Điểm bán,Tỷ trọng (%),Miền Bắc,p01_b00151,2,7,0,False,1,Miền Bắc,p01_b00151,2,7,0,False,1,"32,4%",32.4,4,12,True
B-train-00601-q06,B-train-00601,argmin,"Trong bảng 1 ở trang 1, Khu vực nào có Thuê bao nhỏ nhất?",Khu vực,Thuê bao,Khu vực miền núi,p01_b00055,1,7,0,False,1,Khu vực miền núi,p01_b00055,1,7,0,False,1,2.522,2522.0,4,9,True
B-train-00601-q08,B-train-00601,argmax,"Trong bảng 2 ở trang 1, Điểm bán nào có Kỳ trước lớn nhất?",Điểm bán,Kỳ trước,Cửa hàng 02,p01_b00219,2,14,0,False,2,Miền Bắc,p01_b00151,2,7,0,False,1,9.627,9627.0,5,12,False
B-train-00602-q01,B-train-00602,argmax,"Trong bảng 1 ở trang 1, Khu vực nào có Tỷ lệ rớt cuộc lớn nhất?",Khu vực,Tỷ lệ rớt cuộc,Khu vực ven biển,p01_b00199,1,20,0,False,4,Khu vực ven biển,p01_b00199,1,20,0,False,4,"3,3%",3.3,17,18,True
B-train-00602-q03,B-train-00602,argmin,"Trong bảng 1 ở trang 1, Khu vực nào có Kế hoạch năm nhỏ nhất?",Khu vực,Kế hoạch năm,Khu vực miền núi,p01_b00166,1,17,0,False,2,Khu vực miền núi,p01_b00166,1,17,0,False,2,547,547.0,14,18,True
B-train-00602-q06,B-train-00602,argmin,"Trong bảng 1 ở trang 1, Khu vực nào có Phản ánh nhỏ nhất?",Khu vực,Phản ánh,Khu vực miền núi,p01_b00166,1,17,0,False,3,Khu vực miền núi,p01_b00166,1,17,0,False,3,5,5.0,14,18,True
B-train-00602-q10,B-train-00602,argmax,"Trong bảng 1 ở trang 2, Khu vực nào có Lưu lượng lớn nhất?",Khu vực,Lưu lượng,Khu vực đô thị,p02_b00122,1,13,0,False,4,Khu vực đô thị,p02_b00122,1,13,0,False,4,98.413,98413.0,10,18,True
B-train-00603-q02,B-train-00603,argmax,"Trong bảng 2 ở trang 1, Nghiệp vụ nào có Phí bảo hiểm lớn nhất?",Nghiệp vụ,Phí bảo hiểm,Mức A | ưu tiên,p01_b00187,2,10,0,False,1,Mức A | ưu tiên,p01_b00187,2,10,0,False,1,10.855,10855.0,7,14,True
B-train-00603-q05,B-train-00603,argmax,"Trong bảng 2 ở trang 1, Nghiệp vụ nào có Tỷ trọng (%) lớn nhất?",Nghiệp vụ,Tỷ trọng (%),Sức khỏe,p01_b00127,2,3,0,False,2,Tài sản Đã đối chiếu,p01_b00143,2,5,0,False,1,"27,6%",27.6,2,14,False
B-train-00603-q08,B-train-00603,argmin,"Trong bảng 2 ở trang 1, Nghiệp vụ nào có Kỳ này nhỏ nhất?",Nghiệp vụ,Kỳ này,Tai nạn con người,p01_b00205,2,12,0,False,2,Tai nạn con người,p01_b00205,2,12,0,False,2,382,382.0,9,14,True
B-train-00603-q10,B-train-00603,argmin,"Trong bảng 2 ở trang 1, Nghiệp vụ nào có Phí bảo hiểm nhỏ nhất?",Nghiệp vụ,Phí bảo hiểm,Tây Nguyên,p01_b00212,2,13,0,True,1,Tài sản Đã đối chiếu,p01_b00143,2,5,0,False,1,336,336.0,2,14,False
B-train-00604-q01,B-train-00604,argmax,"Trong bảng 1 ở trang 2, Điểm đến nào có Tỷ trọng (%) lớn nhất?",Điểm đến,Tỷ trọng (%),Vịnh Hạ Long,p02_b00013,1,3,0,False,5,Vịnh Hạ Long,p02_b00013,1,3,0,False,5,"37,6%",37.6,0,21,True
B-train-00604-q04,B-train-00604,argmax,"Trong bảng 1 ở trang 2, Điểm đến nào có Doanh thu lớn nhất?",Điểm đến,Doanh thu,Phú Quốc,p02_b00053,1,7,0,False,4,Phú Quốc,p02_b00053,1,7,0,False,4,184.784,184784.0,4,21,True
B-train-00604-q07,B-train-00604,argmin,"Trong bảng 1 ở trang 2, Điểm đến nào có Lũy kế nhỏ nhất?",Điểm đến,Lũy kế,Vịnh Hạ Long,p02_b00013,1,3,0,False,5,Vịnh Hạ Long,p02_b00013,1,3,0,False,5,1.130,1130.0,0,21,True
B-train-00604-q09,B-train-00604,argmin,"Trong bảng 1 ở trang 1, Điểm đến nào có Công suất phòng nhỏ nhất?",Điểm đến,Công suất phòng,Nha Trang,p01_b00042,1,6,0,False,4,Nha Trang,p01_b00042,1,6,0,False,4,"50,5%",50.5,3,20,True
B-train-00605-q04,B-train-00605,argmax,"Trong bảng 2 ở trang 1, Mã hàng nào có Kỳ này lớn nhất?",Mã hàng,Kỳ này,VT228,p01_b00213,2,9,0,False,1,VT228,p01_b00213,2,9,0,False,1,8.434,8434.0,6,11,True
B-train-00605-q05,B-train-00605,argmin,"Trong bảng 2 ở trang 1, Mã hàng nào có Xuất nhỏ nhất?",Mã hàng,Xuất,VT397,p01_b00144,2,3,0,False,1,VT397,p01_b00144,2,3,0,False,1,13,13.0,0,11,True
B-train-00605-q07,B-train-00605,argmax,"Trong bảng 1 ở trang 1, Điểm đến nào có Tỷ trọng (%) lớn nhất?",Điểm đến,Tỷ trọng (%),Vịnh Hạ Long,p01_b00012,1,3,0,False,2,Vịnh Hạ Long,p01_b00012,1,3,0,False,2,"37,2%",37.2,0,14,True
B-train-00605-q08,B-train-00605,argmin,"Trong bảng 2 ở trang 1, Mã hàng nào có Tồn đầu nhỏ nhất?",Mã hàng,Tồn đầu,Miền Bắc,p01_b00191,2,7,0,False,1,Miền Bắc,p01_b00191,2,7,0,False,1,20,20.0,4,11,True
B-train-00606-q02,B-train-00606,argmin,"Trong bảng 2 ở trang 1, Khu vực nào có Lũy kế nhỏ nhất?",Khu vực,Lũy kế,Khu vực miền núi,p01_b00161,2,7,0,False,1,Khu vực đô thị,p01_b00191,2,11,0,False,2,1.994,1994.0,8,9,False
B-train-00606-q06,B-train-00606,argmax,"Trong bảng 1 ở trang 1, Mã hàng nào có Tồn đầu lớn nhất?",Mã hàng,Tồn đầu,VT947,p01_b00051,1,7,0,False,1,VT851 Đã đối chiếu,p01_b00076,1,10,0,True,1,173,173.0,7,11,False
B-train-00606-q09,B-train-00606,argmax,"Trong bảng 2 ở trang 1, Khu vực nào có Lũy kế lớn nhất?",Khu vực,Lũy kế,Cụm BTS-01,p01_b00169,2,8,0,False,2,Cụm BTS-01,p01_b00169,2,8,0,False,2,9.217,9217.0,5,9,True
B-train-00606-q10,B-train-00606,argmin,"Trong bảng 1 ở trang 1, Mã hàng nào có Tồn cuối nhỏ nhất?",Mã hàng,Tồn cuối,Cần Thơ,p01_b00013,1,3,0,False,1,Cần Thơ,p01_b00013,1,3,0,False,1,25,25.0,0,11,True
B-train-00607-q04,B-train-00607,argmax,"Trong bảng 1 ở trang 2, Tuyến nào có Doanh thu lớn nhất?",Tuyến,Doanh thu,Nha Trang – Đà Lạt,p02_b00135,1,17,0,False,4,Nha Trang – Đà Lạt,p02_b00135,1,17,0,False,4,181.830,181830.0,14,17,True
B-train-00607-q05,B-train-00607,argmin,"Trong bảng 1 ở trang 1, Tuyến nào có Doanh thu nhỏ nhất?",Tuyến,Doanh thu,TP.HCM – Cần Thơ,p01_b00100,1,13,0,False,4,TP.HCM – Cần Thơ,p01_b00100,1,13,0,False,4,29.016,29016.0,10,17,True
B-train-00607-q07,B-train-00607,argmin,"Trong bảng 1 ở trang 2, Tuyến nào có Hành khách nhỏ nhất?",Tuyến,Hành khách,TP.HCM – Cần Thơ,p02_b00021,1,4,0,False,4,TP.HCM – Cần Thơ,p02_b00021,1,4,0,False,4,248,248.0,1,17,True
B-train-00607-q09,B-train-00607,argmax,"Trong bảng 1 ở trang 1, Tuyến nào có Doanh thu lớn nhất?",Tuyến,Doanh thu,TP.HCM – Cần Thơ,p01_b00136,1,17,0,False,4,TP.HCM – Cần Thơ,p01_b00136,1,17,0,False,4,212.940,212940.0,14,17,True
B-train-00608-q02,B-train-00608,argmin,"Trong bảng 1 ở trang 2, Điểm bán nào có Kỳ này nhỏ nhất?",Điểm bán,Kỳ này,Cửa hàng 01,p02_b00030,1,5,0,False,4,Điểm bán phía Bắc Đã đối chiếu,p02_b00100,1,13,0,False,1,228,228.0,10,18,False
B-train-00608-q05,B-train-00608,argmax,"Trong bảng 1 ở trang 2, Điểm bán nào có Kỳ này lớn nhất?",Điểm bán,Kỳ này,Cửa hàng 01,p02_b00162,1,20,0,False,4,Cửa hàng 01,p02_b00162,1,20,0,False,4,8.704,8704.0,17,18,True
B-train-00608-q07,B-train-00608,argmin,"Trong bảng 1 ở trang 2, Điểm bán nào có Số đơn nhỏ nhất?",Điểm bán,Số đơn,Điểm bán phía Bắc,p02_b00056,1,8,0,False,3,Điểm bán phía Bắc,p02_b00056,1,8,0,False,3,107,107.0,5,18,True
B-train-00608-q10,B-train-00608,argmax,"Trong bảng 1 ở trang 2, Điểm bán nào có Số đơn lớn nhất?",Điểm bán,Số đơn,Cửa hàng 01,p02_b00118,1,15,0,False,3,Cửa hàng 01,p02_b00118,1,15,0,False,3,3246,3246.0,12,18,True
B-train-00609-q05,B-train-00609,argmin,"Trong bảng 1 ở trang 1, Dự án nào có Kỳ trước nhỏ nhất?",Dự án,Kỳ trước,Đường vành đai,p01_b00023,1,4,0,False,2,Đường vành đai,p01_b00023,1,4,0,False,2,679,679.0,1,9,True
B-train-00609-q06,B-train-00609,argmin,"Trong bảng 2 ở trang 1, Dự án nào có Tiến độ nhỏ nhất?",Dự án,Tiến độ,Miền Trung,p01_b00163,2,9,0,False,1,Miền Trung,p01_b00163,2,9,0,False,1,"13,5%",13.5,6,11,True
B-train-00610-q07,B-train-00610,argmax,"Trong bảng 2 ở trang 1, Nghiệp vụ nào có Hợp đồng lớn nhất?",Nghiệp vụ,Hợp đồng,Hải Phòng,p01_b00208,2,8,0,False,1,Hải Phòng,p01_b00208,2,8,0,False,1,796,796.0,5,9,True
B-train-00610-q09,B-train-00610,argmin,"Trong bảng 2 ở trang 1, Nghiệp vụ nào có Kỳ trước nhỏ nhất?",Nghiệp vụ,Kỳ trước,Tài sản,p01_b00174,2,5,0,False,2,Tài sản,p01_b00174,2,5,0,False,2,1.003,1003.0,2,9,True
B-train-00610-q10,B-train-00610,argmax,"Trong bảng 2 ở trang 1, Nghiệp vụ nào có Kế hoạch năm lớn nhất?",Nghiệp vụ,Kế hoạch năm,Sức khỏe,p01_b00152,2,3,0,False,1,Sức khỏe,p01_b00152,2,3,0,False,1,8.875,8875.0,0,9,True
B-train-00611-q07,B-train-00611,argmax,"Trong bảng 1 ở trang 2, Điểm quan trắc nào có COD lớn nhất?",Điểm quan trắc,COD,Sông Hương,p02_b00068,1,8,0,True,5,Sông Hương,p02_b00068,1,8,0,True,5,94,94.0,5,21,True
B-train-00611-q10,B-train-00611,argmax,"Trong bảng 1 ở trang 1, Điểm quan trắc nào có Tỷ trọng (%) lớn nhất?",Điểm quan trắc,Tỷ trọng (%),KCN Long Thành,p01_b00211,1,21,0,False,4,KCN Long Thành,p01_b00211,1,21,0,False,4,"37,4%",37.4,18,21,True
B-train-00612-q02,B-train-00612,argmin,"Trong bảng 1 ở trang 1, Đơn vị nào có Đạt nhỏ nhất?",Đơn vị,Đạt,THPT Nguyễn Trãi,p01_b00052,1,8,0,False,3,THPT Nguyễn Trãi,p01_b00052,1,8,0,False,3,14,14.0,5,13,True
B-train-00612-q05,B-train-00612,argmin,"Trong bảng 2 ở trang 1, Mã hàng nào có Xuất nhỏ nhất?",Mã hàng,Xuất,VT333,p01_b00215,2,13,0,False,1,VT333,p01_b00215,2,13,0,False,1,8,8.0,10,11,True
B-train-00612-q06,B-train-00612,argmax,"Trong bảng 1 ở trang 1, Đơn vị nào có Kế hoạch năm lớn nhất?",Đơn vị,Kế hoạch năm,THPT Trần Phú,p01_b00112,1,15,0,False,2,THPT Trần Phú,p01_b00112,1,15,0,False,2,8.863,8863.0,12,13,True
B-train-00612-q10,B-train-00612,argmax,"Trong bảng 1 ở trang 1, Đơn vị nào có Kỳ này lớn nhất?",Đơn vị,Kỳ này,THPT Trần Phú,p01_b00112,1,15,0,False,3,Tây Nguyên,p01_b00035,1,6,0,False,1,8.157,8157.0,4,13,False
B-train-00613-q05,B-train-00613,argmin,"Trong bảng 1 ở trang 1, Địa bàn nào có Tỷ trọng (%) nhỏ nhất?",Địa bàn,Tỷ trọng (%),Cần Thơ,p01_b00069,1,8,0,False,2,Cần Thơ,p01_b00081,1,9,0,False,2,"1,2%",1.2,7,10,True
B-train-00613-q07,B-train-00613,argmax,"Trong bảng 2 ở trang 1, Gói thầu nào có Giá trúng lớn nhất?",Gói thầu,Giá trúng,GT29,p01_b00178,2,8,0,False,1,GT29,p01_b00178,2,8,0,False,1,2.320,2320.0,5,13,True
B-train-00613-q09,B-train-00613,argmin,"Trong bảng 2 ở trang 1, Gói thầu nào có Giá dự toán nhỏ nhất?",Gói thầu,Giá dự toán,Đồng bằng sông Cửu Long,p01_b00152,2,5,0,False,1,Đồng bằng sông Cửu Long,p01_b00152,2,5,0,False,1,260,260.0,2,13,True
B-train-00614-q03,B-train-00614,argmin,"Trong bảng 2 ở trang 1, Điểm bán nào có Số đơn nhỏ nhất?",Điểm bán,Số đơn,Siêu thị trung tâm,p01_b00213,2,5,0,False,2,Siêu thị trung tâm,p01_b00213,2,5,0,False,2,349,349.0,2,14,True
B-train-00614-q06,B-train-00614,argmin,"Trong bảng 1 ở trang 1, Mã hàng nào có Kỳ trước nhỏ nhất?",Mã hàng,Kỳ trước,VT047,p01_b00039,1,5,0,False,1,VT047,p01_b00039,1,5,0,False,1,1.641,1641.0,2,14,True
B-train-00614-q09,B-train-00614,argmax,"Trong bảng 1 ở trang 1, Mã hàng nào có Xuất lớn nhất?",Mã hàng,Xuất,VT576,p01_b00096,1,10,0,False,1,VT576,p01_b00096,1,10,0,False,1,119,119.0,7,14,True
B-train-00614-q10,B-train-00614,argmax,"Trong bảng 1 ở trang 1, Mã hàng nào có Kỳ này lớn nhất?",Mã hàng,Kỳ này,VT592,p01_b00027,1,4,0,True,1,Đà Nẵng,p01_b00151,1,15,0,False,1,9.529,9529.0,13,14,False
B-train-00615-q02,B-train-00615,argmin,"Trong bảng 1 ở trang 1, Trạm nào có Tổn thất nhỏ nhất?",Trạm,Tổn thất,Trạm Tây Đô,p01_b00103,1,11,0,False,2,Trạm Cao Nguyên Đã đối chiếu,p01_b00115,1,12,0,False,1,"1,7%",1.7,9,12,False
B-train-00615-q04,B-train-00615,argmax,"Trong bảng 2 ở trang 1, Dự án nào có Lũy kế lớn nhất?",Dự án,Lũy kế,Trường liên cấp,p01_b00180,2,5,0,False,3,Trường liên cấp,p01_b00180,2,5,0,False,3,9.644,9644.0,2,13,True
B-train-00615-q06,B-train-00615,argmin,"Trong bảng 2 ở trang 1, Dự án nào có Giải ngân nhỏ nhất?",Dự án,Giải ngân,Cầu Đông Thành,p01_b00206,2,8,0,False,2,Nhà máy nước,p01_b00230,2,11,0,False,2,1.936,1936.0,8,13,False
B-train-00616-q04,B-train-00616,argmin,"Trong bảng 2 ở trang 1, Nhóm chế độ nào có Hồ sơ nhận nhỏ nhất?",Nhóm chế độ,Hồ sơ nhận,Thai sản,p01_b00185,2,6,0,False,1,Hưu trí,p01_b00160,2,3,0,False,2,333,333.0,0,13,False
B-train-00616-q08,B-train-00616,argmax,"Trong bảng 1 ở trang 2, Khu vực nào có Tỷ trọng (%) lớn nhất?",Khu vực,Tỷ trọng (%),Cụm BTS-02,p02_b00073,1,9,0,False,3,Cụm BTS-02,p02_b00073,1,9,0,False,3,"36,3%",36.3,6,14,True
B-train-00616-q09,B-train-00616,argmax,"Trong bảng 1 ở trang 2, Khu vực nào có Lũy kế lớn nhất?",Khu vực,Lũy kế,Khu vực ven biển,p02_b00084,1,10,0,False,3,Khu vực ven biển,p02_b00084,1,10,0,False,3,9.863,9863.0,7,14,True
B-train-00616-q10,B-train-00616,argmin,"Trong bảng 2 ở trang 1, Nhóm chế độ nào có Kỳ này nhỏ nhất?",Nhóm chế độ,Kỳ này,Thất nghiệp,p01_b00250,2,14,0,False,3,Thất nghiệp,p01_b00250,2,14,0,False,3,267,267.0,11,13,True
B-train-00617-q02,B-train-00617,argmin,"Trong bảng 2 ở trang 1, Chi nhánh nào có Kế hoạch năm nhỏ nhất?",Chi nhánh,Kế hoạch năm,Đà Nẵng 01,p01_b00168,2,10,0,False,2,Đà Nẵng 01,p01_b00168,2,10,0,False,2,1.184,1184.0,7,13,True
B-train-00617-q03,B-train-00617,argmax,"Trong bảng 2 ở trang 1, Chi nhánh nào có Nợ quá hạn lớn nhất?",Chi nhánh,Nợ quá hạn,Hà Nội 01,p01_b00148,2,8,0,False,3,Hà Nội 01,p01_b00148,2,8,0,False,3,530,530.0,5,13,True
B-train-00617-q06,B-train-00617,argmax,"Trong bảng 1 ở trang 2, Điểm bán nào có Kế hoạch năm lớn nhất?",Điểm bán,Kế hoạch năm,Điểm bán phía Nam,p02_b00058,1,7,0,False,1,Điểm bán phía Nam,p02_b00058,1,7,0,False,1,9.590,9590.0,4,10,True
B-train-00617-q07,B-train-00617,argmin,"Trong bảng 1 ở trang 1, Khoa nào có Lượt khám nhỏ nhất?",Khoa,Lượt khám,Mắt,p01_b00041,1,7,0,False,1,Hải Phòng,p01_b00028,1,5,0,False,1,66,66.0,3,9,False
B-train-00618-q01,B-train-00618,argmin,"Trong bảng 2 ở trang 1, Mã hàng nào có Tồn cuối nhỏ nhất?",Mã hàng,Tồn cuối,Đồng Nai,p01_b00161,2,5,0,False,1,VT781 Đã đối chiếu,p01_b00233,2,12,0,False,1,3,3.0,9,13,False
B-train-00618-q04,B-train-00618,argmin,"Trong bảng 2 ở trang 1, Mã hàng nào có Kỳ trước nhỏ nhất?",Mã hàng,Kỳ trước,VT051,p01_b00140,2,3,0,False,1,VT051,p01_b00140,2,3,0,False,1,798,798.0,0,13,True
B-train-00618-q10,B-train-00618,argmax,"Trong bảng 2 ở trang 1, Mã hàng nào có Tồn cuối lớn nhất?",Mã hàng,Tồn cuối,VT751,p01_b00243,2,13,0,False,1,VT751,p01_b00243,2,13,0,False,1,194,194.0,10,13,True
B-train-00619-q01,B-train-00619,argmin,"Trong bảng 2 ở trang 1, Điểm đến nào có Kỳ này nhỏ nhất?",Điểm đến,Kỳ này,Phố cổ Hội An,p01_b00222,2,14,0,False,3,Phố cổ Hội An,p01_b00222,2,14,0,False,3,961,961.0,11,14,True
B-train-00619-q02,B-train-00619,argmax,"Trong bảng 2 ở trang 1, Điểm đến nào có Kế hoạch năm lớn nhất?",Điểm đến,Kế hoạch năm,Phố cổ Hội An,p01_b00222,2,14,0,False,2,Phố cổ Hội An,p01_b00222,2,14,0,False,2,9.772,9772.0,11,14,True
B-train-00619-q06,B-train-00619,argmax,"Trong bảng 2 ở trang 1, Điểm đến nào có Công suất phòng lớn nhất?",Điểm đến,Công suất phòng,Đà Lạt,p01_b00179,2,10,0,False,1,Đà Lạt,p01_b00179,2,10,0,False,1,"93,5%",93.5,7,14,True
B-train-00619-q08,B-train-00619,argmin,"Trong bảng 2 ở trang 1, Điểm đến nào có Kế hoạch năm nhỏ nhất?",Điểm đến,Kế hoạch năm,Phú Quốc,p01_b00147,2,7,0,False,2,Phú Quốc,p01_b00147,2,7,0,False,2,129,129.0,4,14,True
B-train-00620-q06,B-train-00620,argmin,"Trong bảng 1 ở trang 2, Điểm đến nào có Công suất phòng nhỏ nhất?",Điểm đến,Công suất phòng,Nha Trang,p02_b00023,1,4,0,False,4,Nha Trang,p02_b00023,1,4,0,False,4,"48,9%",48.9,1,17,True
B-train-00620-q08,B-train-00620,argmin,"Trong bảng 1 ở trang 1, Điểm đến nào có Khách quốc tế nhỏ nhất?",Điểm đến,Khách quốc tế,Nha Trang,p01_b00141,1,16,0,False,3,Nha Trang,p01_b00141,1,16,0,False,3,387,387.0,13,17,True
B-train-00620-q09,B-train-00620,argmax,"Trong bảng 1 ở trang 1, Điểm đến nào có Tỷ trọng (%) lớn nhất?",Điểm đến,Tỷ trọng (%),Nha Trang,p01_b00042,1,6,0,False,3,Nha Trang,p01_b00042,1,6,0,False,3,"33,7%",33.7,3,17,True
B-train-00620-q10,B-train-00620,argmax,"Trong bảng 1 ở trang 1, Điểm đến nào có Doanh thu lớn nhất?",Điểm đến,Doanh thu,Vịnh Hạ Long,p01_b00062,1,8,0,False,4,Vịnh Hạ Long,p01_b00062,1,8,0,False,4,187.072,187072.0,5,17,True
B-train-00621-q01,B-train-00621,argmin,"Trong bảng 1 ở trang 1, Điểm đến nào có Khách nội địa nhỏ nhất?",Điểm đến,Khách nội địa,Nha Trang,p01_b00037,1,6,0,False,1,Phố cổ Hội An,p01_b00102,1,14,0,False,3,2.305,2305.0,11,12,False
B-train-00621-q03,B-train-00621,argmax,"Trong bảng 2 ở trang 1, Điểm bán nào có Số đơn lớn nhất?",Điểm bán,Số đơn,Điểm bán phía Nam,p01_b00164,2,7,0,True,1,Điểm bán phía Nam,p01_b00164,2,7,0,True,1,2785,2785.0,4,9,True
B-train-00621-q05,B-train-00621,argmax,"Trong bảng 1 ở trang 1, Điểm đến nào có Khách quốc tế lớn nhất?",Điểm đến,Khách quốc tế,Phố cổ Hội An,p01_b00021,1,4,0,False,3,Phố cổ Hội An,p01_b00021,1,4,0,False,3,6.289,6289.0,1,12,True
B-train-00621-q10,B-train-00621,argmin,"Trong bảng 2 ở trang 1, Điểm bán nào có Số đơn nhỏ nhất?",Điểm bán,Số đơn,Cửa hàng 01,p01_b00125,2,3,0,False,1,Cửa hàng 01,p01_b00125,2,3,0,False,1,534,534.0,0,9,True
B-train-00622-q01,B-train-00622,argmax,"Trong bảng 1 ở trang 2, Mã hàng nào có Xuất lớn nhất?",Mã hàng,Xuất,VT529,p02_b00033,1,5,0,False,1,VT529,p02_b00033,1,5,0,False,1,222,222.0,2,16,True
B-train-00622-q03,B-train-00622,argmax,"Trong bảng 1 ở trang 1, Mã hàng nào có Xuất lớn nhất?",Mã hàng,Xuất,VT641,p01_b00092,1,11,0,False,1,VT641,p01_b00092,1,11,0,False,1,160,160.0,8,15,True
B-train-00623-q01,B-train-00623,argmax,"Trong bảng 2 ở trang 1, Trạm nào có Kế hoạch năm lớn nhất?",Trạm,Kế hoạch năm,Trạm 220kV Trung,p01_b00212,2,9,0,False,2,Trạm 220kV Trung,p01_b00212,2,9,0,False,2,7.867,7867.0,6,10,True
B-train-00623-q06,B-train-00623,argmax,"Trong bảng 2 ở trang 1, Trạm nào có Công suất đỉnh lớn nhất?",Trạm,Công suất đỉnh,Miền Nam,p01_b00230,2,11,0,True,1,Miền Nam,p01_b00230,2,11,0,True,1,897,897.0,8,10,True
B-train-00624-q02,B-train-00624,argmin,"Trong bảng 2 ở trang 1, Chi nhánh nào có Huy động nhỏ nhất?",Chi nhánh,Huy động,Hải Phòng 02,p01_b00159,2,9,0,False,1,Hải Phòng 02,p01_b00159,2,9,0,False,1,1.340,1340.0,6,10,True
B-train-00624-q04,B-train-00624,argmax,"Trong bảng 1 ở trang 1, Phòng ban nào có Tỷ trọng (%) lớn nhất?",Phòng ban,Tỷ trọng (%),Hành chính,p01_b00051,1,7,0,False,1,Hành chính,p01_b00051,1,7,0,False,1,"36,6%",36.6,4,9,True
B-train-00624-q05,B-train-00624,argmax,"Trong bảng 1 ở trang 1, Phòng ban nào có Hiện có lớn nhất?",Phòng ban,Hiện có,Kế toán,p01_b00022,1,4,0,False,2,Kế toán,p01_b00022,1,4,0,False,2,44,44.0,1,9,True
B-train-00624-q08,B-train-00624,argmin,"Trong bảng 1 ở trang 1, Phòng ban nào có Hiện có nhỏ nhất?",Phòng ban,Hiện có,Kế toán,p01_b00078,1,10,0,False,2,Kế toán,p01_b00078,1,10,0,False,2,10,10.0,7,9,True
B-train-00625-q07,B-train-00625,argmax,"Trong bảng 1 ở trang 2, Khu vực nào có Kỳ này lớn nhất?",Khu vực,Kỳ này,Khu vực ven biển,p02_b00035,1,5,0,False,2,Khu vực ven biển,p02_b00035,1,5,0,False,2,9.731,9731.0,2,11,True
B-train-00625-q09,B-train-00625,argmin,"Trong bảng 2 ở trang 1, Khu vực nào có Thực hiện nhỏ nhất?",Khu vực,Thực hiện,Đồng bằng sông Cửu Long,p01_b00176,2,7,0,False,3,Đồng bằng sông Cửu Long,p01_b00176,2,7,0,False,3,1.020,1020.0,4,13,True
B-train-00625-q10,B-train-00625,argmax,"Trong bảng 2 ở trang 1, Khu vực nào có Kế hoạch năm lớn nhất?",Khu vực,Kế hoạch năm,Tây Nguyên,p01_b00166,2,6,0,False,2,Tây Nguyên,p01_b00166,2,6,0,False,2,9.359,9359.0,3,13,True
B-train-00626-q01,B-train-00626,argmin,"Trong bảng 2 ở trang 1, Địa bàn nào có Kế hoạch năm nhỏ nhất?",Địa bàn,Kế hoạch năm,Đồng Nai,p01_b00191,2,7,0,False,1,Đồng Nai,p01_b00191,2,7,0,False,1,62,62.0,4,10,True
B-train-00626-q05,B-train-00626,argmax,"Trong bảng 1 ở trang 2, Nhóm chế độ nào có Kế hoạch năm lớn nhất?",Nhóm chế độ,Kế hoạch năm,Hưu trí,p02_b00014,1,3,0,False,3,Hưu trí,p02_b00014,1,3,0,False,3,9.789,9789.0,0,12,True
B-train-00626-q09,B-train-00626,argmax,"Trong bảng 2 ở trang 1, Địa bàn nào có Kế hoạch năm lớn nhất?",Địa bàn,Kế hoạch năm,Hà Nội,p01_b00213,2,10,0,False,2,Hà Nội,p01_b00213,2,10,0,False,2,9.709,9709.0,7,10,True
B-train-00627-q05,B-train-00627,argmin,"Trong bảng 1 ở trang 1, Khoa nào có Chuyển tuyến nhỏ nhất?",Khoa,Chuyển tuyến,Sản,p01_b00042,1,6,0,False,1,Sản,p01_b00042,1,6,0,False,1,0,0.0,3,12,True
B-train-00627-q06,B-train-00627,argmin,"Trong bảng 1 ở trang 1, Khoa nào có Kỳ này nhỏ nhất?",Khoa,Kỳ này,Mắt,p01_b00105,1,13,0,False,1,Mắt,p01_b00105,1,13,0,False,1,1.415,1415.0,10,12,True
B-train-00628-q04,B-train-00628,argmax,"Trong bảng 1 ở trang 1, Trạm nào có Kỳ trước lớn nhất?",Trạm,Kỳ trước,Trạm 110kV Bắc,p01_b00012,1,3,0,False,3,Trạm 110kV Bắc,p01_b00012,1,3,0,False,3,9.742,9742.0,0,15,True
B-train-00628-q07,B-train-00628,argmin,"Trong bảng 1 ở trang 2, Trạm nào có Kỳ trước nhỏ nhất?",Trạm,Kỳ trước,Trạm Tây Đô,p02_b00083,1,11,0,False,3,Trạm Tây Đô,p02_b00083,1,11,0,False,3,507,507.0,8,16,True
B-train-00628-q09,B-train-00628,argmin,"Trong bảng 1 ở trang 1, Trạm nào có Kỳ này nhỏ nhất?",Trạm,Kỳ này,Trạm Nam Sông,p01_b00073,1,10,0,False,3,Trạm Nam Sông,p01_b00073,1,10,0,False,3,406,406.0,7,15,True
B-train-00628-q10,B-train-00628,argmax,"Trong bảng 1 ở trang 2, Trạm nào có Kỳ này lớn nhất?",Trạm,Kỳ này,Trạm 110kV Bắc,p02_b00145,1,18,0,False,4,Trạm 110kV Bắc,p02_b00145,1,18,0,False,4,9.898,9898.0,15,16,True
B-train-00629-q01,B-train-00629,argmax,"Trong bảng 1 ở trang 2, Tuyến nào có Kỳ này lớn nhất?",Tuyến,Kỳ này,Nha Trang – Đà Lạt,p02_b00014,1,3,0,True,3,Nha Trang – Đà Lạt,p02_b00014,1,3,0,True,3,9.898,9898.0,0,16,True
B-train-00629-q02,B-train-00629,argmax,"Trong bảng 1 ở trang 2, Tuyến nào có Kế hoạch năm lớn nhất?",Tuyến,Kế hoạch năm,TP.HCM – Cần Thơ,p02_b00047,1,6,0,False,4,TP.HCM – Cần Thơ,p02_b00047,1,6,0,False,4,9.692,9692.0,3,16,True
B-train-00629-q06,B-train-00629,argmin,"Trong bảng 1 ở trang 2, Tuyến nào có Hành khách nhỏ nhất?",Tuyến,Hành khách,Đà Nẵng – Huế,p02_b00080,1,9,0,False,4,Đà Nẵng – Huế,p02_b00080,1,9,0,False,4,252,252.0,6,16,True
B-train-00629-q09,B-train-00629,argmin,"Trong bảng 1 ở trang 1, Tuyến nào có Đúng giờ nhỏ nhất?",Tuyến,Đúng giờ,Đà Nẵng – Huế,p01_b00025,1,4,0,False,4,Đà Nẵng – Huế,p01_b00025,1,4,0,False,4,"82,5%",82.5,1,15,True
B-train-00630-q03,B-train-00630,argmax,"Trong bảng 2 ở trang 1, Nhóm chế độ nào có Lũy kế lớn nhất?",Nhóm chế độ,Lũy kế,Miền Nam,p01_b00216,2,8,0,False,1,Miền Nam,p01_b00216,2,8,0,False,1,9.555,9555.0,5,12,True
B-train-00630-q07,B-train-00630,argmin,"Trong bảng 2 ở trang 1, Nhóm chế độ nào có Chi trả nhỏ nhất?",Nhóm chế độ,Chi trả,Hưu trí,p01_b00257,2,13,0,False,1,Hưu trí,p01_b00257,2,13,0,False,1,1.488,1488.0,10,12,True
B-train-00631-q02,B-train-00631,argmax,"Trong bảng 2 ở trang 1, Đơn vị nào có Đạt lớn nhất?",Đơn vị,Đạt,THPT Nguyễn Trãi,p01_b00186,2,13,0,False,2,THPT Nguyễn Trãi,p01_b00186,2,13,0,False,2,43,43.0,10,11,True
B-train-00631-q03,B-train-00631,argmin,"Trong bảng 2 ở trang 1, Đơn vị nào có Đạt nhỏ nhất?",Đơn vị,Đạt,Miền Nam,p01_b00135,2,7,0,False,1,Miền Nam,p01_b00135,2,7,0,False,1,22,22.0,4,11,True
B-train-00631-q07,B-train-00631,argmax,"Trong bảng 1 ở trang 1, Điểm bán nào có Số đơn lớn nhất?",Điểm bán,Số đơn,Điểm bán phía Nam,p01_b00086,1,12,0,True,2,Điểm bán phía Nam,p01_b00086,1,12,0,True,2,2395,2395.0,9,10,True
B-train-00632-q04,B-train-00632,argmax,"Trong bảng 1 ở trang 1, Trạm nào có Tổn thất lớn nhất?",Trạm,Tổn thất,Trạm 220kV Trung,p01_b00073,1,9,0,False,1,Trạm 220kV Trung,p01_b00073,1,9,0,False,1,"8,0%",8.0,6,12,True
B-train-00632-q07,B-train-00632,argmin,"Trong bảng 2 ở trang 1, Điểm quan trắc nào có Tỷ trọng (%) nhỏ nhất?",Điểm quan trắc,Tỷ trọng (%),Sông Hương,p01_b00216,2,9,0,False,2,Sông Hương,p01_b00216,2,9,0,False,2,"5,2%",5.2,6,9,True
B-train-00632-q08,B-train-00632,argmax,"Trong bảng 2 ở trang 1, Điểm quan trắc nào có Kế hoạch năm lớn nhất?",Điểm quan trắc,Kế hoạch năm,Sông Hồng,p01_b00152,2,3,0,True,2,Sông Hồng,p01_b00152,2,3,0,True,2,9.590,9590.0,0,9,True
B-train-00632-q10,B-train-00632,argmin,"Trong bảng 2 ở trang 1, Điểm quan trắc nào có pH nhỏ nhất?",Điểm quan trắc,pH,Cửa biển Đà Nẵng,p01_b00195,2,7,0,False,1,Sông Hồng,p01_b00152,2,3,0,True,1,"6,27",6.27,0,9,False
B-train-00633-q06,B-train-00633,argmin,"Trong bảng 2 ở trang 1, Khoa nào có Nhập viện nhỏ nhất?",Khoa,Nhập viện,Mắt,p01_b00195,2,7,0,False,2,Mắt,p01_b00195,2,7,0,False,2,7,7.0,4,14,True
B-train-00633-q07,B-train-00633,argmax,"Trong bảng 2 ở trang 1, Khoa nào có Chuyển tuyến lớn nhất?",Khoa,Chuyển tuyến,Nhi,p01_b00226,2,11,0,False,2,Nhi,p01_b00226,2,11,0,False,2,11,11.0,8,14,True
B-train-00633-q08,B-train-00633,argmin,"Trong bảng 1 ở trang 1, Địa bàn nào có Kế hoạch năm nhỏ nhất?",Địa bàn,Kế hoạch năm,Cần Thơ,p01_b00066,1,8,0,False,2,Cần Thơ,p01_b00066,1,8,0,False,2,570,570.0,5,13,True
B-train-00634-q04,B-train-00634,argmin,"Trong bảng 1 ở trang 2, Tuyến nào có Hành khách nhỏ nhất?",Tuyến,Hành khách,Nha Trang – Đà Lạt,p02_b00021,1,4,0,False,5,Nha Trang – Đà Lạt,p02_b00021,1,4,0,False,5,180,180.0,1,19,True
B-train-00634-q07,B-train-00634,argmax,"Trong bảng 1 ở trang 1, Tuyến nào có Đúng giờ lớn nhất?",Tuyến,Đúng giờ,Hà Nội – Hải Phòng,p01_b00116,1,15,0,False,4,Nha Trang – Đà Lạt,p01_b00107,1,14,0,False,3,"98,2%",98.2,11,18,False
B-train-00634-q09,B-train-00634,argmin,"Trong bảng 1 ở trang 1, Tuyến nào có Lũy kế nhỏ nhất?",Tuyến,Lũy kế,Hà Nội – Hải Phòng,p01_b00012,1,3,0,False,5,Hà Nội – Hải Phòng,p01_b00012,1,3,0,False,5,172,172.0,0,18,True
B-train-00635-q02,B-train-00635,argmax,"Trong bảng 1 ở trang 1, Khoa nào có Kỳ này lớn nhất?",Khoa,Kỳ này,Miền Bắc,p01_b00068,1,8,0,False,1,Miền Bắc,p01_b00068,1,8,0,False,1,9.746,9746.0,5,14,True
B-train-00635-q06,B-train-00635,argmax,"Trong bảng 2 ở trang 1, Dự án nào có Kế hoạch năm lớn nhất?",Dự án,Kế hoạch năm,Nhà máy nước,p01_b00321,2,16,0,False,3,Nhà máy nước,p01_b00321,2,16,0,False,3,9.772,9772.0,13,14,True
B-train-00635-q08,B-train-00635,argmin,"Trong bảng 2 ở trang 1, Dự án nào có Kế hoạch năm nhỏ nhất?",Dự án,Kế hoạch năm,Cầu Đông Thành,p01_b00174,2,3,0,False,2,Cầu Đông Thành,p01_b00174,2,3,0,False,2,592,592.0,0,14,True
B-train-00636-q01,B-train-00636,argmax,"Trong bảng 2 ở trang 1, Tuyến nào có Lũy kế lớn nhất?",Tuyến,Lũy kế,Nha Trang – Đà Lạt,p01_b00208,2,6,0,False,1,Đồng bằng sông Cửu Long,p01_b00250,2,10,0,True,1,9.332,9332.0,8,9,False
B-train-00636-q03,B-train-00636,argmin,"Trong bảng 2 ở trang 1, Tuyến nào có Kế hoạch năm nhỏ nhất?",Tuyến,Kế hoạch năm,TP.HCM – Cần Thơ,p01_b00239,2,9,0,False,1,TP.HCM – Cần Thơ,p01_b00239,2,9,0,False,1,250,250.0,6,9,True
B-train-00636-q04,B-train-00636,argmax,"Trong bảng 1 ở trang 1, Phòng ban nào có Tỷ trọng (%) lớn nhất?",Phòng ban,Tỷ trọng (%),Kế toán,p01_b00084,1,10,0,False,3,Kế toán,p01_b00084,1,10,0,False,3,"34,4%",34.4,7,14,True
B-train-00636-q05,B-train-00636,argmin,"Trong bảng 1 ở trang 1, Phòng ban nào có Lũy kế nhỏ nhất?",Phòng ban,Lũy kế,Kinh doanh,p01_b00073,1,9,0,False,2,Kế toán,p01_b00148,1,16,0,False,3,2.642,2642.0,13,14,False
B-train-00637-q05,B-train-00637,argmax,"Trong bảng 2 ở trang 1, Phòng ban nào có Kế hoạch năm lớn nhất?",Phòng ban,Kế hoạch năm,Kế toán,p01_b00170,2,10,0,True,1,Kế toán,p01_b00170,2,10,0,True,1,5.989,5989.0,7,9,True
B-train-00637-q06,B-train-00637,argmin,"Trong bảng 1 ở trang 1, Nhóm chế độ nào có Kế hoạch năm nhỏ nhất?",Nhóm chế độ,Kế hoạch năm,Hưu trí,p01_b00013,1,3,0,False,1,Hưu trí,p01_b00013,1,3,0,False,1,1.662,1662.0,0,10,True
B-train-00637-q10,B-train-00637,argmax,"Trong bảng 1 ở trang 1, Nhóm chế độ nào có Kỳ trước lớn nhất?",Nhóm chế độ,Kỳ trước,Hưu trí,p01_b00013,1,3,0,False,1,Hưu trí,p01_b00013,1,3,0,False,1,7.182,7182.0,0,10,True
B-train-00638-q01,B-train-00638,argmin,"Trong bảng 1 ở trang 1, Điểm đến nào có Công suất phòng nhỏ nhất?",Điểm đến,Công suất phòng,Nha Trang,p01_b00051,1,6,0,False,2,Nha Trang,p01_b00051,1,6,0,False,2,"48,4%",48.4,3,17,True
B-train-00638-q03,B-train-00638,argmax,"Trong bảng 1 ở trang 1, Điểm đến nào có Công suất phòng lớn nhất?",Điểm đến,Công suất phòng,Vịnh Hạ Long,p01_b00015,1,3,0,False,4,Vịnh Hạ Long,p01_b00015,1,3,0,False,4,"93,6%",93.6,0,17,True
B-train-00638-q08,B-train-00638,argmin,"Trong bảng 1 ở trang 2, Điểm đến nào có Doanh thu nhỏ nhất?",Điểm đến,Doanh thu,Đà Lạt,p02_b00194,1,18,0,False,4,Đà Lạt,p02_b00194,1,18,0,False,4,18.280,18280.0,15,17,True
B-train-00638-q09,B-train-00638,argmax,"Trong bảng 1 ở trang 1, Điểm đến nào có Doanh thu lớn nhất?",Điểm đến,Doanh thu,Vịnh Hạ Long,p01_b00015,1,3,0,False,4,Vịnh Hạ Long,p01_b00015,1,3,0,False,4,133.110,133110.0,0,17,True
B-train-00639-q02,B-train-00639,argmax,"Trong bảng 1 ở trang 1, Điểm đến nào có Khách quốc tế lớn nhất?",Điểm đến,Khách quốc tế,Đà Lạt,p01_b00037,1,5,0,False,2,Đà Lạt,p01_b00037,1,5,0,False,2,3.535,3535.0,2,9,True
B-train-00639-q03,B-train-00639,argmin,"Trong bảng 1 ở trang 1, Điểm đến nào có Tỷ trọng (%) nhỏ nhất?",Điểm đến,Tỷ trọng (%),Phố cổ Hội An,p01_b00080,1,9,0,False,1,Phố cổ Hội An,p01_b00080,1,9,0,False,1,"2,5%",2.5,6,9,True
B-train-00639-q07,B-train-00639,argmax,"Trong bảng 2 ở trang 1, Điểm bán nào có Số đơn lớn nhất?",Điểm bán,Số đơn,Hà Nội,p01_b00189,2,10,0,True,1,Hà Nội,p01_b00189,2,10,0,True,1,2475,2475.0,7,10,True
B-train-00640-q01,B-train-00640,argmax,"Trong bảng 2 ở trang 1, Nhóm chế độ nào có Kỳ trước lớn nhất?",Nhóm chế độ,Kỳ trước,Thất nghiệp,p01_b00115,2,4,0,False,1,Thất nghiệp,p01_b00115,2,4,0,False,1,8.262,8262.0,1,13,True
B-train-00640-q06,B-train-00640,argmin,"Trong bảng 1 ở trang 1, Dự án nào có Kỳ trước nhỏ nhất?",Dự án,Kỳ trước,Đường vành đai,p01_b00021,1,4,0,False,2,Đường vành đai,p01_b00021,1,4,0,False,2,1.126,1126.0,1,9,True
B-train-00640-q08,B-train-00640,argmin,"Trong bảng 1 ở trang 1, Dự án nào có Giá trị hợp đồng nhỏ nhất?",Dự án,Giá trị hợp đồng,Trường liên cấp,p01_b00075,1,10,0,False,1,Trường liên cấp,p01_b00075,1,10,0,False,1,3.760,3760.0,7,9,True
B-train-00640-q09,B-train-00640,argmax,"Trong bảng 1 ở trang 1, Dự án nào có Giải ngân lớn nhất?",Dự án,Giải ngân,Hải Phòng,p01_b00031,1,5,0,False,1,Hải Phòng,p01_b00031,1,5,0,False,1,27.698,27698.0,2,9,True
B-train-00641-q05,B-train-00641,argmin,"Trong bảng 1 ở trang 2, Kho/điểm nào có Chi phí nhỏ nhất?",Kho/điểm,Chi phí,Kho Bình Dương,p02_b00063,1,8,0,False,3,Kho Bình Dương,p02_b00063,1,8,0,False,3,2.133,2133.0,5,18,True
B-train-00641-q08,B-train-00641,argmin,"Trong bảng 1 ở trang 2, Kho/điểm nào có Tồn cuối nhỏ nhất?",Kho/điểm,Tồn cuối,Kho trung chuyển,p02_b00033,1,5,0,False,2,Kho trung chuyển,p02_b00033,1,5,0,False,2,63,63.0,2,18,True
B-train-00641-q09,B-train-00641,argmax,"Trong bảng 1 ở trang 2, Kho/điểm nào có Kỳ trước lớn nhất?",Kho/điểm,Kỳ trước,Kho trung chuyển,p02_b00033,1,5,0,False,2,Kho trung chuyển,p02_b00033,1,5,0,False,2,9.802,9802.0,2,18,True
B-train-00642-q01,B-train-00642,argmax,"Trong bảng 1 ở trang 2, Kho/điểm nào có Chi phí lớn nhất?",Kho/điểm,Chi phí,Kho trung chuyển,p02_b00052,1,7,0,False,4,Kho trung chuyển,p02_b00052,1,7,0,False,4,312.464,312464.0,4,20,True
B-train-00642-q05,B-train-00642,argmin,"Trong bảng 1 ở trang 2, Kho/điểm nào có Tỷ trọng (%) nhỏ nhất?",Kho/điểm,Tỷ trọng (%),Kho Hà Nội,p02_b00159,1,18,0,False,4,Kho Hà Nội,p02_b00159,1,18,0,False,4,"5,1%",5.1,15,20,True
B-train-00642-q08,B-train-00642,argmin,"Trong bảng 1 ở trang 2, Kho/điểm nào có Đúng hạn nhỏ nhất?",Kho/điểm,Đúng hạn,Kho trung chuyển,p02_b00099,1,12,0,False,4,Kho trung chuyển,p02_b00099,1,12,0,False,4,"80,2%",80.2,9,20,True
B-train-00642-q10,B-train-00642,argmax,"Trong bảng 1 ở trang 1, Kho/điểm nào có Tồn cuối lớn nhất?",Kho/điểm,Tồn cuối,Kho Cần Thơ,p01_b00043,1,6,0,False,4,Kho Cần Thơ,p01_b00043,1,6,0,False,4,943,943.0,3,20,True
B-train-00643-q03,B-train-00643,argmax,"Trong bảng 1 ở trang 1, Gói thầu nào có Giá trúng lớn nhất?",Gói thầu,Giá trúng,GT93,p01_b00109,1,14,0,False,1,GT93,p01_b00109,1,14,0,False,1,2.300,2300.0,11,17,True
B-train-00643-q07,B-train-00643,argmax,"Trong bảng 1 ở trang 2, Gói thầu nào có Tỷ trọng (%) lớn nhất?",Gói thầu,Tỷ trọng (%),GT99,p02_b00101,1,13,0,False,2,GT99,p02_b00101,1,13,0,False,2,"37,1%",37.1,10,18,True
B-train-00643-q08,B-train-00643,argmin,"Trong bảng 1 ở trang 2, Gói thầu nào có Tỷ trọng (%) nhỏ nhất?",Gói thầu,Tỷ trọng (%),GT29,p02_b00048,1,7,0,False,1,GT29,p02_b00048,1,7,0,False,1,"1,8%",1.8,4,18,True
B-train-00644-q03,B-train-00644,argmax,"Trong bảng 1 ở trang 1, Điểm bán nào có Lũy kế lớn nhất?",Điểm bán,Lũy kế,Siêu thị trung tâm,p01_b00079,1,10,0,False,1,Siêu thị trung tâm,p01_b00079,1,10,0,False,1,7.666,7666.0,7,10,True
B-train-00644-q05,B-train-00644,argmax,"Trong bảng 1 ở trang 1, Điểm bán nào có Kỳ trước lớn nhất?",Điểm bán,Kỳ trước,Điểm bán phía Bắc,p01_b00089,1,11,0,True,1,Điểm bán phía Bắc,p01_b00089,1,11,0,True,1,8.882,8882.0,8,10,True
B-train-00644-q08,B-train-00644,argmin,"Trong bảng 1 ở trang 1, Điểm bán nào có Giá trị bán nhỏ nhất?",Điểm bán,Giá trị bán,Cửa hàng 02,p01_b00023,1,4,0,False,2,Cửa hàng 02,p01_b00023,1,4,0,False,2,70.587,70587.0,1,10,True
B-train-00644-q09,B-train-00644,argmin,"Trong bảng 1 ở trang 1, Điểm bán nào có Lượt khách nhỏ nhất?",Điểm bán,Lượt khách,Khánh Hòa,p01_b00033,1,5,0,False,1,Khánh Hòa,p01_b00033,1,5,0,False,1,506,506.0,2,10,True
B-train-00645-q02,B-train-00645,argmin,"Trong bảng 2 ở trang 1, Kho/điểm nào có Đơn xử lý nhỏ nhất?",Kho/điểm,Đơn xử lý,Kho trung chuyển,p01_b00193,2,7,0,False,1,Kho Hà Nội,p01_b00203,2,8,0,False,2,465,465.0,5,10,False
B-train-00645-q04,B-train-00645,argmax,"Trong bảng 2 ở trang 1, Kho/điểm nào có Lũy kế lớn nhất?",Kho/điểm,Lũy kế,Đồng bằng sông Cửu Long,p01_b00233,2,11,0,False,1,Đồng bằng sông Cửu Long,p01_b00233,2,11,0,False,1,8.944,8944.0,8,10,True
B-train-00645-q05,B-train-00645,argmin,"Trong bảng 1 ở trang 1, Đơn vị nào có Tỷ lệ đạt nhỏ nhất?",Đơn vị,Tỷ lệ đạt,THPT Chu Văn An,p01_b00055,1,7,0,False,2,THPT Chu Văn An,p01_b00055,1,7,0,False,2,"69,2%",69.2,4,12,True
B-train-00645-q07,B-train-00645,argmax,"Trong bảng 2 ở trang 1, Kho/điểm nào có Kỳ trước lớn nhất?",Kho/điểm,Kỳ trước,Đồng bằng sông Cửu Long,p01_b00233,2,11,0,False,1,Đồng bằng sông Cửu Long,p01_b00233,2,11,0,False,1,8.859,8859.0,8,10,True
B-train-00646-q02,B-train-00646,argmin,"Trong bảng 1 ở trang 1, Gói thầu nào có Giá trúng nhỏ nhất?",Gói thầu,Giá trúng,GT70,p01_b00035,1,5,0,False,1,GT70,p01_b00035,1,5,0,False,1,100,100.0,2,11,True
B-train-00646-q04,B-train-00646,argmax,"Trong bảng 1 ở trang 1, Gói thầu nào có Giá trúng lớn nhất?",Gói thầu,Giá trúng,GT20,p01_b00025,1,4,0,False,1,GT20,p01_b00025,1,4,0,False,1,1.660,1660.0,1,11,True
B-train-00646-q06,B-train-00646,argmax,"Trong bảng 1 ở trang 1, Gói thầu nào có Giá dự toán lớn nhất?",Gói thầu,Giá dự toán,GT20,p01_b00025,1,4,0,False,1,GT20,p01_b00025,1,4,0,False,1,1.800,1800.0,1,11,True
B-train-00646-q09,B-train-00646,argmin,"Trong bảng 2 ở trang 1, Điểm quan trắc nào có Lũy kế nhỏ nhất?",Điểm quan trắc,Lũy kế,Hồ Xuân Hương,p01_b00158,2,5,0,True,1,Hồ Xuân Hương,p01_b00158,2,5,0,True,1,2.902,2902.0,2,9,True
B-train-00647-q02,B-train-00647,argmax,"Trong bảng 2 ở trang 1, Điểm quan trắc nào có Tỷ trọng (%) lớn nhất?",Điểm quan trắc,Tỷ trọng (%),Miền Nam,p01_b00108,2,3,0,False,1,Miền Nam,p01_b00108,2,3,0,False,1,"36,6%",36.6,1,9,True
B-train-00647-q03,B-train-00647,argmax,"Trong bảng 1 ở trang 1, Tuyến nào có Kỳ trước lớn nhất?",Tuyến,Kỳ trước,Hà Nội – Hải Phòng,p01_b00013,1,3,0,False,3,Hà Nội – Hải Phòng,p01_b00013,1,3,0,False,3,8.466,8466.0,0,9,True
B-train-00647-q05,B-train-00647,argmin,"Trong bảng 2 ở trang 1, Điểm quan trắc nào có Tỷ trọng (%) nhỏ nhất?",Điểm quan trắc,Tỷ trọng (%),KCN Long Thành,p01_b00140,2,6,0,False,2,KCN Long Thành,p01_b00140,2,6,0,False,2,"8,2%",8.2,3,9,True
B-train-00648-q02,B-train-00648,argmax,"Trong bảng 1 ở trang 2, Trạm nào có Lũy kế lớn nhất?",Trạm,Lũy kế,Trạm Cao Nguyên,p02_b00058,1,7,0,False,4,Trạm Cao Nguyên,p02_b00058,1,7,0,False,4,9.849,9849.0,4,20,True
B-train-00648-q03,B-train-00648,argmin,"Trong bảng 1 ở trang 2, Trạm nào có Tỷ trọng (%) nhỏ nhất?",Trạm,Tỷ trọng (%),Trạm 220kV Trung,p02_b00187,1,19,0,False,4,Trạm 220kV Trung,p02_b00187,1,19,0,False,4,"3,8%",3.8,16,20,True
B-train-00648-q05,B-train-00648,argmin,"Trong bảng 1 ở trang 1, Trạm nào có Tỷ trọng (%) nhỏ nhất?",Trạm,Tỷ trọng (%),Trạm Nam Sông,p01_b00199,1,20,0,False,4,Trạm Nam Sông,p01_b00199,1,20,0,False,4,"1,7%",1.7,17,20,True
B-train-00649-q06,B-train-00649,argmin,"Trong bảng 2 ở trang 1, Địa bàn nào có Lũy kế nhỏ nhất?",Địa bàn,Lũy kế,Cần Thơ,p01_b00237,2,15,0,False,2,Cần Thơ,p01_b00237,2,15,0,False,2,1.752,1752.0,12,14,True
B-train-00649-q07,B-train-00649,argmax,"Trong bảng 1 ở trang 1, Gói thầu nào có Kỳ trước lớn nhất?",Gói thầu,Kỳ trước,GT21,p01_b00102,1,14,0,False,1,GT21,p01_b00102,1,14,0,False,1,9.469,9469.0,11,12,True
B-train-00649-q10,B-train-00649,argmin,"Trong bảng 1 ở trang 1, Gói thầu nào có Kỳ trước nhỏ nhất?",Gói thầu,Kỳ trước,GT71,p01_b00029,1,5,0,False,1,GT71,p01_b00029,1,5,0,False,1,282,282.0,2,12,True
B-train-00650-q03,B-train-00650,argmax,"Trong bảng 1 ở trang 2, Khu vực nào có Kế hoạch năm lớn nhất?",Khu vực,Kế hoạch năm,Miền Trung,p02_b00134,1,13,0,False,5,Miền Trung,p02_b00134,1,13,0,False,5,9.727,9727.0,10,21,True
B-train-00650-q05,B-train-00650,argmin,"Trong bảng 1 ở trang 2, Khu vực nào có Lũy kế nhỏ nhất?",Khu vực,Lũy kế,Miền Nam,p02_b00146,1,14,0,False,4,Miền Nam,p02_b00146,1,14,0,False,4,579,579.0,11,21,True
B-train-00650-q06,B-train-00650,argmin,"Trong bảng 1 ở trang 1, Khu vực nào có Chênh lệch nhỏ nhất?",Khu vực,Chênh lệch,Miền Trung,p01_b00085,1,9,0,False,4,Miền Trung,p01_b00085,1,9,0,False,4,-590,-590.0,6,21,True
B-train-00650-q09,B-train-00650,argmax,"Trong bảng 1 ở trang 1, Khu vực nào có Lũy kế lớn nhất?",Khu vực,Lũy kế,Đồng bằng sông Cửu Long,p01_b00062,1,7,0,False,4,Đồng bằng sông Cửu Long,p01_b00062,1,7,0,False,4,8.405,8405.0,4,21,True
B-train-00651-q02,B-train-00651,argmax,"Trong bảng 1 ở trang 1, Khu vực nào có Kế hoạch năm lớn nhất?",Khu vực,Kế hoạch năm,Khu vực miền núi,p01_b00041,1,7,0,False,2,Đồng Nai,p01_b00068,1,10,0,False,1,6.929,6929.0,8,10,False
B-train-00651-q05,B-train-00651,argmax,"Trong bảng 2 ở trang 1, Nhóm chế độ nào có Kỳ này lớn nhất?",Nhóm chế độ,Kỳ này,Hưu trí,p01_b00143,2,8,0,False,1,Hưu trí,p01_b00143,2,8,0,False,1,7.704,7704.0,5,10,True
B-train-00651-q06,B-train-00651,argmin,"Trong bảng 1 ở trang 1, Khu vực nào có Kỳ trước nhỏ nhất?",Khu vực,Kỳ trước,Cụm BTS-02,p01_b00019,1,4,0,False,2,Cụm BTS-02,p01_b00019,1,4,0,False,2,113,113.0,1,10,True
B-train-00651-q09,B-train-00651,argmin,"Trong bảng 1 ở trang 1, Khu vực nào có Lưu lượng nhỏ nhất?",Khu vực,Lưu lượng,Cụm BTS-02,p01_b00059,1,9,0,False,2,Cụm BTS-02,p01_b00059,1,9,0,False,2,2.898,2898.0,6,10,True
B-train-00652-q07,B-train-00652,argmin,"Trong bảng 1 ở trang 1, Khu vực nào có Kỳ trước nhỏ nhất?",Khu vực,Kỳ trước,Khu vực miền núi,p01_b00063,1,7,0,False,3,Khu vực miền núi,p01_b00063,1,7,0,False,3,1.277,1277.0,4,16,True
B-train-00652-q09,B-train-00652,argmax,"Trong bảng 1 ở trang 2, Khu vực nào có Kỳ trước lớn nhất?",Khu vực,Kỳ trước,Khu vực miền núi,p02_b00170,1,16,0,False,3,Khu vực miền núi,p02_b00170,1,16,0,False,3,9.867,9867.0,13,17,True
B-train-00653-q03,B-train-00653,argmin,"Trong bảng 2 ở trang 1, Địa bàn nào có Kỳ này nhỏ nhất?",Địa bàn,Kỳ này,Khánh Hòa,p01_b00162,2,6,0,False,1,Khánh Hòa,p01_b00162,2,6,0,False,1,2.287,2287.0,3,10,True
B-train-00653-q07,B-train-00653,argmin,"Trong bảng 1 ở trang 1, Địa bàn nào có Diện tích (ha) nhỏ nhất?",Địa bàn,Diện tích (ha),Lâm Đồng,p01_b00077,1,9,0,False,1,Lâm Đồng,p01_b00077,1,9,0,False,1,62,62.0,6,10,True
B-train-00653-q09,B-train-00653,argmax,"Trong bảng 1 ở trang 1, Địa bàn nào có Sản lượng (tấn) lớn nhất?",Địa bàn,Sản lượng (tấn),Hải Phòng,p01_b00094,1,11,0,True,1,Hải Phòng,p01_b00094,1,11,0,True,1,5.958,5958.0,8,10,True
B-train-00654-q01,B-train-00654,argmax,"Trong bảng 1 ở trang 2, Điểm đến nào có Doanh thu lớn nhất?",Điểm đến,Doanh thu,Phú Quốc,p02_b00085,1,12,0,False,2,Phú Quốc,p02_b00085,1,12,0,False,2,154.872,154872.0,9,11,True
B-train-00654-q02,B-train-00654,argmin,"Trong bảng 1 ở trang 2, Điểm đến nào có Doanh thu nhỏ nhất?",Điểm đến,Doanh thu,Nha Trang,p02_b00076,1,11,0,False,2,Nha Trang,p02_b00076,1,11,0,False,2,37.233,37233.0,8,11,True
B-train-00654-q04,B-train-00654,argmin,"Trong bảng 2 ở trang 1, Mã hàng nào có Xuất nhỏ nhất?",Mã hàng,Xuất,VT468,p01_b00246,2,11,0,True,1,VT468,p01_b00246,2,11,0,True,1,4,4.0,8,13,True
B-train-00654-q10,B-train-00654,argmax,"Trong bảng 1 ở trang 2, Điểm đến nào có Công suất phòng lớn nhất?",Điểm đến,Công suất phòng,Phú Quốc,p02_b00085,1,12,0,False,2,Phú Quốc,p02_b00085,1,12,0,False,2,"93,4%",93.4,9,11,True
B-train-00655-q03,B-train-00655,argmax,"Trong bảng 1 ở trang 2, Điểm bán nào có Lũy kế lớn nhất?",Điểm bán,Lũy kế,Siêu thị trung tâm,p02_b00093,1,10,0,False,2,Siêu thị trung tâm,p02_b00093,1,10,0,False,2,8.496,8496.0,7,12,True
B-train-00655-q05,B-train-00655,argmin,"Trong bảng 1 ở trang 2, Điểm bán nào có Kế hoạch năm nhỏ nhất?",Điểm bán,Kế hoạch năm,Cửa hàng 02,p02_b00026,1,4,0,False,3,Cửa hàng 02,p02_b00026,1,4,0,False,3,1.739,1739.0,1,12,True
B-train-00655-q07,B-train-00655,argmax,"Trong bảng 1 ở trang 2, Điểm bán nào có Hoàn trả lớn nhất?",Điểm bán,Hoàn trả,Điểm bán phía Bắc,p02_b00050,1,6,0,False,1,Điểm bán phía Bắc,p02_b00050,1,6,0,False,1,"6,6%",6.6,3,12,True
B-train-00655-q09,B-train-00655,argmin,"Trong bảng 1 ở trang 1, Điểm quan trắc nào có BOD5 nhỏ nhất?",Điểm quan trắc,BOD5,Hồ Xuân Hương,p01_b00068,1,10,0,False,1,Hồ Xuân Hương,p01_b00068,1,10,0,False,1,7,7.0,7,11,True
B-train-00656-q04,B-train-00656,argmin,"Trong bảng 1 ở trang 2, Đơn vị nào có Tỷ lệ đạt nhỏ nhất?",Đơn vị,Tỷ lệ đạt,THPT Phan Bội Châu,p02_b00034,1,6,0,False,1,THPT Phan Bội Châu,p02_b00034,1,6,0,False,1,"74,1%",74.1,3,11,True
B-train-00656-q06,B-train-00656,argmax,"Trong bảng 1 ở trang 2, Đơn vị nào có Tỷ lệ đạt lớn nhất?",Đơn vị,Tỷ lệ đạt,THPT Chu Văn An,p02_b00085,1,12,0,False,2,THPT Phan Bội Châu Đã đối chiếu,p02_b00077,1,11,0,False,1,"100,0%",100.0,8,11,False
B-train-00656-q10,B-train-00656,argmin,"Trong bảng 2 ở trang 1, Khu vực nào có Kỳ này nhỏ nhất?",Khu vực,Kỳ này,Miền Trung,p01_b00154,2,9,0,False,2,Đà Nẵng,p01_b00123,2,5,0,False,1,313,313.0,3,9,False
B-train-00657-q05,B-train-00657,argmin,"Trong bảng 1 ở trang 2, Nhóm chế độ nào có Kỳ trước nhỏ nhất?",Nhóm chế độ,Kỳ trước,Thất nghiệp,p02_b00074,1,9,0,False,2,Thất nghiệp,p02_b00074,1,9,0,False,2,423,423.0,6,11,True
B-train-00657-q06,B-train-00657,argmax,"Trong bảng 1 ở trang 2, Nhóm chế độ nào có Kỳ trước lớn nhất?",Nhóm chế độ,Kỳ trước,Ốm đau,p02_b00035,1,5,0,False,2,Ốm đau,p02_b00035,1,5,0,False,2,7.786,7786.0,2,11,True
B-train-00657-q07,B-train-00657,argmax,"Trong bảng 1 ở trang 2, Nhóm chế độ nào có Đã giải quyết lớn nhất?",Nhóm chế độ,Đã giải quyết,Hưu trí,p02_b00014,1,3,0,False,2,Hưu trí,p02_b00014,1,3,0,False,2,2256,2256.0,0,11,True
B-train-00657-q09,B-train-00657,argmin,"Trong bảng 2 ở trang 1, Gói thầu nào có Kế hoạch năm nhỏ nhất?",Gói thầu,Kế hoạch năm,GT21,p01_b00167,2,9,0,False,1,GT21,p01_b00167,2,9,0,False,1,5.096,5096.0,6,9,True
B-train-00658-q01,B-train-00658,argmin,"Trong bảng 2 ở trang 1, Trạm nào có Lũy kế nhỏ nhất?",Trạm,Lũy kế,Trạm Tây Đô,p01_b00130,2,6,0,True,3,Trạm Tây Đô,p01_b00130,2,6,0,True,3,648,648.0,3,14,True
B-train-00658-q02,B-train-00658,argmax,"Trong bảng 1 ở trang 1, Phòng ban nào có Tuyển mới lớn nhất?",Phòng ban,Tuyển mới,Kinh doanh,p01_b00012,1,3,0,True,2,Kinh doanh,p01_b00012,1,3,0,True,2,8,8.0,0,9,True
B-train-00658-q06,B-train-00658,argmax,"Trong bảng 1 ở trang 1, Phòng ban nào có Hiện có lớn nhất?",Phòng ban,Hiện có,Tây Nguyên,p01_b00069,1,10,0,False,1,Tây Nguyên,p01_b00069,1,10,0,False,1,36,36.0,7,9,True
B-train-00658-q07,B-train-00658,argmin,"Trong bảng 2 ở trang 1, Trạm nào có Kỳ trước nhỏ nhất?",Trạm,Kỳ trước,Trạm Tây Đô,p01_b00233,2,16,0,False,3,Trạm Tây Đô,p01_b00233,2,16,0,False,3,693,693.0,13,14,True
B-train-00659-q02,B-train-00659,argmax,"Trong bảng 1 ở trang 1, Chi nhánh nào có Nợ quá hạn lớn nhất?",Chi nhánh,Nợ quá hạn,Cần Thơ 02,p01_b00137,1,17,0,False,3,Cần Thơ 02,p01_b00137,1,17,0,False,3,640,640.0,14,15,True
B-train-00659-q06,B-train-00659,argmax,"Trong bảng 1 ở trang 2, Chi nhánh nào có Tỷ trọng (%) lớn nhất?",Chi nhánh,Tỷ trọng (%),Khánh Hòa 03,p02_b00125,1,16,0,False,2,Khánh Hòa 03,p02_b00125,1,16,0,False,2,"34,1%",34.1,13,16,True
B-train-00659-q08,B-train-00659,argmin,"Trong bảng 1 ở trang 2, Chi nhánh nào có Tỷ trọng (%) nhỏ nhất?",Chi nhánh,Tỷ trọng (%),Cần Thơ 02,p02_b00091,1,12,0,False,2,Cần Thơ 02,p02_b00091,1,12,0,False,2,"1,0%",1.0,9,16,True
B-train-00659-q09,B-train-00659,argmin,"Trong bảng 1 ở trang 1, Chi nhánh nào có Tăng trưởng nhỏ nhất?",Chi nhánh,Tăng trưởng,Khánh Hòa 03,p01_b00038,1,6,0,False,3,Khánh Hòa 03,p01_b00038,1,6,0,False,3,"1,0%",1.0,3,15,True
B-train-00660-q01,B-train-00660,argmin,"Trong bảng 1 ở trang 1, Gói thầu nào có Giá trúng nhỏ nhất?",Gói thầu,Giá trúng,GT44,p01_b00015,1,3,0,False,1,GT44,p01_b00015,1,3,0,False,1,300,300.0,0,9,True
B-train-00660-q04,B-train-00660,argmax,"Trong bảng 2 ở trang 1, Phòng ban nào có Lũy kế lớn nhất?",Phòng ban,Lũy kế,Kinh doanh,p01_b00129,2,3,0,True,2,Tây Nguyên,p01_b00162,2,6,0,False,1,9.297,9297.0,4,10,False
B-train-00660-q06,B-train-00660,argmin,"Trong bảng 1 ở trang 1, Gói thầu nào có Kỳ trước nhỏ nhất?",Gói thầu,Kỳ trước,GT96,p01_b00060,1,7,0,False,1,GT96,p01_b00060,1,7,0,False,1,2.645,2645.0,4,9,True
B-train-00660-q07,B-train-00660,argmax,"Trong bảng 1 ở trang 1, Gói thầu nào có Tỷ trọng (%) lớn nhất?",Gói thầu,Tỷ trọng (%),GT72,p01_b00103,1,11,0,False,1,GT72,p01_b00103,1,11,0,False,1,"37,5%",37.5,8,9,True
B-train-00661-q09,B-train-00661,argmax,"Trong bảng 1 ở trang 1, Khoa nào có Chuyển tuyến lớn nhất?",Khoa,Chuyển tuyến,Mắt,p01_b00094,1,13,0,False,1,Mắt,p01_b00094,1,13,0,False,1,11,11.0,10,13,True
B-train-00661-q10,B-train-00661,argmin,"Trong bảng 2 ở trang 1, Phòng ban nào có Định biên nhỏ nhất?",Phòng ban,Định biên,Vận hành,p01_b00201,2,11,0,False,1,Vận hành,p01_b00201,2,11,0,False,1,15,15.0,8,12,True
B-train-00662-q03,B-train-00662,argmin,"Trong bảng 1 ở trang 1, Gói thầu nào có Kỳ này nhỏ nhất?",Gói thầu,Kỳ này,GT75,p01_b00124,1,15,0,False,1,GT75,p01_b00124,1,15,0,False,1,418,418.0,12,13,True
B-train-00662-q04,B-train-00662,argmax,"Trong bảng 1 ở trang 1, Gói thầu nào có Kỳ trước lớn nhất?",Gói thầu,Kỳ trước,GT28,p01_b00023,1,4,0,False,1,Miền Bắc,p01_b00105,1,13,0,False,1,6.770,6770.0,11,13,False
B-train-00662-q06,B-train-00662,argmin,"Trong bảng 2 ở trang 1, Khu vực nào có Tỷ lệ nhỏ nhất?",Khu vực,Tỷ lệ,Tây Nguyên,p01_b00255,2,16,0,False,2,Miền Nam,p01_b00180,2,7,0,False,3,"49,0%",49.0,5,14,False
B-train-00662-q09,B-train-00662,argmax,"Trong bảng 1 ở trang 1, Gói thầu nào có Giá trúng lớn nhất?",Gói thầu,Giá trúng,GT44,p01_b00070,1,9,0,False,1,GT44,p01_b00070,1,9,0,False,1,2.040,2040.0,6,13,True
B-train-00663-q01,B-train-00663,argmax,"Trong bảng 2 ở trang 1, Mã hàng nào có Lũy kế lớn nhất?",Mã hàng,Lũy kế,VT282,p01_b00192,2,6,0,False,1,Miền Bắc,p01_b00238,2,11,0,False,1,8.915,8915.0,9,14,False
B-train-00663-q04,B-train-00663,argmin,"Trong bảng 2 ở trang 1, Mã hàng nào có Tồn cuối nhỏ nhất?",Mã hàng,Tồn cuối,VT465,p01_b00221,2,9,0,False,1,VT465,p01_b00221,2,9,0,False,1,5,5.0,6,14,True
B-train-00663-q09,B-train-00663,argmin,"Trong bảng 1 ở trang 2, Điểm bán nào có Hoàn trả nhỏ nhất?",Điểm bán,Hoàn trả,Cửa hàng 02,p02_b00021,1,4,0,False,2,Cửa hàng 02,p02_b00021,1,4,0,False,2,"0,4%",0.4,1,10,True
B-train-00664-q03,B-train-00664,argmax,"Trong bảng 1 ở trang 1, Nghiệp vụ nào có Phí bảo hiểm lớn nhất?",Nghiệp vụ,Phí bảo hiểm,Tai nạn con người,p01_b00152,1,17,0,True,3,Tai nạn con người,p01_b00152,1,17,0,True,3,9.310,9310.0,14,16,True
B-train-00664-q06,B-train-00664,argmin,"Trong bảng 1 ở trang 2, Nghiệp vụ nào có Tỷ lệ nhỏ nhất?",Nghiệp vụ,Tỷ lệ,Sức khỏe,p02_b00101,1,12,0,False,3,Sức khỏe,p02_b00101,1,12,0,False,3,"3,1%",3.1,9,16,True
B-train-00664-q07,B-train-00664,argmax,"Trong bảng 1 ở trang 1, Nghiệp vụ nào có Tỷ lệ lớn nhất?",Nghiệp vụ,Tỷ lệ,Hàng hóa,p01_b00043,1,6,0,False,3,Hàng hóa,p01_b00043,1,6,0,False,3,"62,5%",62.5,3,16,True
B-train-00664-q10,B-train-00664,argmin,"Trong bảng 1 ở trang 1, Nghiệp vụ nào có Kỳ trước nhỏ nhất?",Nghiệp vụ,Kỳ trước,Hàng hóa,p01_b00142,1,16,0,False,2,Hàng hóa,p01_b00142,1,16,0,False,2,384,384.0,13,16,True
B-train-00665-q04,B-train-00665,argmin,"Trong bảng 1 ở trang 1, Kho/điểm nào có Tồn cuối nhỏ nhất?",Kho/điểm,Tồn cuối,Kho Đà Nẵng,p01_b00127,1,14,0,False,3,Kho Đà Nẵng,p01_b00127,1,14,0,False,3,130,130.0,11,14,True
B-train-00665-q07,B-train-00665,argmin,"Trong bảng 2 ở trang 1, Phòng ban nào có Lũy kế nhỏ nhất?",Phòng ban,Lũy kế,Kinh doanh,p01_b00225,2,9,0,False,1,Hành chính Đã đối chiếu,p01_b00207,2,7,0,False,1,825,825.0,4,9,False
B-train-00665-q08,B-train-00665,argmax,"Trong bảng 2 ở trang 1, Phòng ban nào có Định biên lớn nhất?",Phòng ban,Định biên,Đồng Nai,p01_b00181,2,4,0,False,1,Đồng Nai,p01_b00181,2,4,0,False,1,45,45.0,1,9,True
B-train-00665-q10,B-train-00665,argmax,"Trong bảng 2 ở trang 1, Phòng ban nào có Thiếu/thừa lớn nhất?",Phòng ban,Thiếu/thừa,Công nghệ,p01_b00197,2,6,0,True,1,Đồng Nai,p01_b00181,2,4,0,False,1,+1,1.0,2,9,False
B-train-00666-q01,B-train-00666,argmin,"Trong bảng 1 ở trang 1, Dự án nào có Tiến độ nhỏ nhất?",Dự án,Tiến độ,Đường vành đai,p01_b00083,1,9,0,False,1,Đường vành đai,p01_b00083,1,9,0,False,1,"12,6%",12.6,6,11,True
B-train-00666-q04,B-train-00666,argmax,"Trong bảng 2 ở trang 1, Trạm nào có Kỳ này lớn nhất?",Trạm,Kỳ này,Trạm Tây Đô,p01_b00225,2,11,0,False,1,Trạm Tây Đô,p01_b00225,2,11,0,False,1,9.811,9811.0,8,13,True
B-train-00666-q06,B-train-00666,argmax,"Trong bảng 2 ở trang 1, Trạm nào có Sản lượng lớn nhất?",Trạm,Sản lượng,Trạm Tây Đô,p01_b00225,2,11,0,False,1,Trạm Nam Sông,p01_b00170,2,5,0,False,3,15.181,15181.0,2,13,False
B-train-00666-q08,B-train-00666,argmin,"Trong bảng 1 ở trang 1, Dự án nào có Giá trị hợp đồng nhỏ nhất?",Dự án,Giá trị hợp đồng,Hải Phòng,p01_b00015,1,3,0,False,1,Hải Phòng,p01_b00015,1,3,0,False,1,6.290,6290.0,0,11,True
B-train-00667-q01,B-train-00667,argmin,"Trong bảng 2 ở trang 1, Khu vực nào có Kỳ này nhỏ nhất?",Khu vực,Kỳ này,Cần Thơ,p01_b00198,2,11,0,False,1,Cần Thơ,p01_b00198,2,11,0,False,1,344,344.0,8,12,True
B-train-00667-q06,B-train-00667,argmin,"Trong bảng 2 ở trang 1, Khu vực nào có Lũy kế nhỏ nhất?",Khu vực,Lũy kế,Cụm BTS-02,p01_b00134,2,4,0,False,2,Cần Thơ,p01_b00198,2,11,0,False,1,252,252.0,9,12,False
B-train-00667-q07,B-train-00667,argmax,"Trong bảng 2 ở trang 1, Khu vực nào có Phản ánh lớn nhất?",Khu vực,Phản ánh,Cụm BTS-01,p01_b00216,2,13,0,False,2,Cụm BTS-01,p01_b00216,2,13,0,False,2,92,92.0,10,12,True
B-train-00667-q10,B-train-00667,argmax,"Trong bảng 1 ở trang 1, Kho/điểm nào có Đúng hạn lớn nhất?",Kho/điểm,Đúng hạn,Kho Đà Nẵng,p01_b00103,1,14,0,False,1,Kho Đà Nẵng,p01_b00103,1,14,0,False,1,"98,1%",98.1,11,12,True
B-train-00668-q01,B-train-00668,argmin,"Trong bảng 1 ở trang 2, Phòng ban nào có Định biên nhỏ nhất?",Phòng ban,Định biên,Hành chính,p02_b00053,1,7,0,False,1,Cần Thơ,p02_b00014,1,3,0,True,1,12,12.0,1,9,False
B-train-00668-q03,B-train-00668,argmax,"Trong bảng 2 ở trang 1, Dự án nào có Tiến độ lớn nhất?",Dự án,Tiến độ,Khu tái định cư,p01_b00225,2,12,0,False,1,Khu tái định cư,p01_b00225,2,12,0,False,1,"85,1%",85.1,9,13,True
B-train-00668-q10,B-train-00668,argmax,"Trong bảng 1 ở trang 2, Phòng ban nào có Kỳ này lớn nhất?",Phòng ban,Kỳ này,Kinh doanh,p02_b00073,1,9,0,False,1,Cần Thơ,p02_b00014,1,3,0,True,1,8.976,8976.0,1,9,False
B-train-00669-q01,B-train-00669,argmax,"Trong bảng 1 ở trang 1, Khu vực nào có Thực hiện lớn nhất?",Khu vực,Thực hiện,Tây Nguyên,p01_b00046,1,6,0,False,1,Tây Nguyên,p01_b00046,1,6,0,False,1,4.940,4940.0,3,9,True
B-train-00669-q03,B-train-00669,argmin,"Trong bảng 1 ở trang 1, Khu vực nào có Tỷ trọng (%) nhỏ nhất?",Khu vực,Tỷ trọng (%),Đồng bằng sông Cửu Long,p01_b00054,1,7,0,False,1,Đồng bằng sông Cửu Long,p01_b00054,1,7,0,False,1,"4,6%",4.6,4,9,True
B-train-00669-q05,B-train-00669,argmin,"Trong bảng 2 ở trang 1, Nghiệp vụ nào có Hợp đồng nhỏ nhất?",Nghiệp vụ,Hợp đồng,Mức A | ưu tiên,p01_b00173,2,8,0,False,1,Mức A | ưu tiên,p01_b00173,2,8,0,False,1,44,44.0,5,10,True
B-train-00669-q08,B-train-00669,argmax,"Trong bảng 2 ở trang 1, Nghiệp vụ nào có Kỳ này lớn nhất?",Nghiệp vụ,Kỳ này,Xe cơ giới,p01_b00131,2,4,0,True,2,Xe cơ giới,p01_b00131,2,4,0,True,2,9.669,9669.0,1,10,True
B-train-00670-q07,B-train-00670,argmax,"Trong bảng 1 ở trang 1, Điểm quan trắc nào có BOD5 lớn nhất?",Điểm quan trắc,BOD5,Sông Hương,p01_b00144,1,14,0,False,3,Sông Hương,p01_b00144,1,14,0,False,3,48,48.0,11,18,True
B-train-00670-q08,B-train-00670,argmin,"Trong bảng 1 ở trang 2, Điểm quan trắc nào có Kế hoạch năm nhỏ nhất?",Điểm quan trắc,Kế hoạch năm,Cửa biển Đà Nẵng,p02_b00086,1,9,0,False,4,Sông Hồng Đã đối chiếu,p02_b00039,1,5,0,False,1,401,401.0,2,19,False
B-train-00670-q10,B-train-00670,argmin,"Trong bảng 1 ở trang 1, Điểm quan trắc nào có COD nhỏ nhất?",Điểm quan trắc,COD,KCN Long Thành,p01_b00109,1,11,0,False,3,KCN Long Thành,p01_b00109,1,11,0,False,3,19,19.0,8,18,True
B-train-00671-q03,B-train-00671,argmin,"Trong bảng 1 ở trang 1, Phòng ban nào có Kỳ này nhỏ nhất?",Phòng ban,Kỳ này,Vận hành,p01_b00038,1,5,0,False,3,Vận hành,p01_b00038,1,5,0,False,3,259,259.0,2,17,True
B-train-00671-q04,B-train-00671,argmax,"Trong bảng 1 ở trang 2, Phòng ban nào có Lũy kế lớn nhất?",Phòng ban,Lũy kế,Công nghệ,p02_b00134,1,13,0,False,3,Công nghệ,p02_b00134,1,13,0,False,3,9.933,9933.0,10,17,True
B-train-00671-q05,B-train-00671,argmax,"Trong bảng 1 ở trang 1, Phòng ban nào có Kỳ này lớn nhất?",Phòng ban,Kỳ này,Hành chính,p01_b00134,1,13,0,False,3,Hành chính,p01_b00134,1,13,0,False,3,9.071,9071.0,10,17,True
B-train-00671-q06,B-train-00671,argmin,"Trong bảng 1 ở trang 1, Phòng ban nào có Thiếu/thừa nhỏ nhất?",Phòng ban,Thiếu/thừa,Kinh doanh,p01_b00086,1,9,0,False,3,Kinh doanh,p01_b00086,1,9,0,False,3,-8,-8.0,6,17,True
B-train-00672-q01,B-train-00672,argmin,"Trong bảng 1 ở trang 1, Điểm đến nào có Khách quốc tế nhỏ nhất?",Điểm đến,Khách quốc tế,Nha Trang,p01_b00128,1,16,0,False,3,Nha Trang,p01_b00128,1,16,0,False,3,407,407.0,13,17,True
B-train-00672-q05,B-train-00672,argmin,"Trong bảng 1 ở trang 2, Điểm đến nào có Doanh thu nhỏ nhất?",Điểm đến,Doanh thu,Phú Quốc,p02_b00116,1,15,0,False,2,Phú Quốc,p02_b00116,1,15,0,False,2,16.730,16730.0,12,17,True
B-train-00672-q08,B-train-00672,argmax,"Trong bảng 1 ở trang 1, Điểm đến nào có Kỳ trước lớn nhất?",Điểm đến,Kỳ trước,Nha Trang,p01_b00038,1,6,0,False,3,Nha Trang,p01_b00038,1,6,0,False,3,8.979,8979.0,3,17,True
B-train-00672-q10,B-train-00672,argmax,"Trong bảng 1 ở trang 1, Điểm đến nào có Kế hoạch năm lớn nhất?",Điểm đến,Kế hoạch năm,Phố cổ Hội An,p01_b00065,1,9,0,False,4,Phố cổ Hội An,p01_b00065,1,9,0,False,4,9.606,9606.0,6,17,True
B-train-00673-q05,B-train-00673,argmin,"Trong bảng 2 ở trang 1, Khu vực nào có Chênh lệch nhỏ nhất?",Khu vực,Chênh lệch,Đồng bằng sông Cửu Long,p01_b00191,2,7,0,False,2,Miền Bắc Đã đối chiếu,p01_b00202,2,8,0,True,1,-560,-560.0,5,13,False
B-train-00673-q09,B-train-00673,argmax,"Trong bảng 1 ở trang 1, Điểm đến nào có Doanh thu lớn nhất?",Điểm đến,Doanh thu,Nha Trang,p01_b00040,1,6,0,False,2,Nha Trang,p01_b00040,1,6,0,False,2,166.506,166506.0,3,13,True
B-train-00673-q10,B-train-00673,argmax,"Trong bảng 2 ở trang 1, Khu vực nào có Lũy kế lớn nhất?",Khu vực,Lũy kế,Miền Trung,p01_b00159,2,4,0,False,2,Miền Trung,p01_b00159,2,4,0,False,2,7.935,7935.0,1,13,True
B-train-00674-q01,B-train-00674,argmin,"Trong bảng 1 ở trang 1, Khu vực nào có Thuê bao nhỏ nhất?",Khu vực,Thuê bao,Khu vực đô thị,p01_b00036,1,6,0,False,1,Cụm BTS-02,p01_b00020,1,4,0,False,1,17.228,17228.0,1,9,False
B-train-00674-q05,B-train-00674,argmin,"Trong bảng 1 ở trang 1, Khu vực nào có Phản ánh nhỏ nhất?",Khu vực,Phản ánh,Khu vực đô thị,p01_b00036,1,6,0,False,1,Khu vực đô thị,p01_b00036,1,6,0,False,1,10,10.0,3,9,True
B-train-00674-q09,B-train-00674,argmax,"Trong bảng 1 ở trang 1, Khu vực nào có Kỳ trước lớn nhất?",Khu vực,Kỳ trước,Khu vực ven biển,p01_b00027,1,5,0,False,1,Khu vực ven biển,p01_b00027,1,5,0,False,1,8.993,8993.0,2,9,True
B-train-00675-q02,B-train-00675,argmin,"Trong bảng 2 ở trang 1, Mã hàng nào có Tỷ trọng (%) nhỏ nhất?",Mã hàng,Tỷ trọng (%),VT291,p01_b00195,2,13,0,False,1,VT291,p01_b00195,2,13,0,False,1,"3,7%",3.7,10,11,True
B-train-00675-q03,B-train-00675,argmin,"Trong bảng 1 ở trang 1, Điểm bán nào có Hoàn trả nhỏ nhất?",Điểm bán,Hoàn trả,Điểm bán phía Bắc,p01_b00077,1,11,0,False,1,Điểm bán phía Bắc,p01_b00077,1,11,0,False,1,"0,6%",0.6,8,11,True
B-train-00675-q07,B-train-00675,argmax,"Trong bảng 2 ở trang 1, Mã hàng nào có Tồn đầu lớn nhất?",Mã hàng,Tồn đầu,VT595,p01_b00161,2,9,0,False,1,VT595,p01_b00161,2,9,0,False,1,153,153.0,6,11,True
B-train-00675-q09,B-train-00675,argmax,"Trong bảng 2 ở trang 1, Mã hàng nào có Xuất lớn nhất?",Mã hàng,Xuất,VT808,p01_b00144,2,7,0,False,1,VT808,p01_b00144,2,7,0,False,1,143,143.0,4,11,True
B-train-00676-q01,B-train-00676,argmin,"Trong bảng 2 ở trang 1, Khu vực nào có Phản ánh nhỏ nhất?",Khu vực,Phản ánh,Khu vực đô thị,p01_b00197,2,11,0,False,2,Khu vực đô thị,p01_b00197,2,11,0,False,2,1,1.0,8,9,True
B-train-00676-q03,B-train-00676,argmin,"Trong bảng 1 ở trang 1, Khu vực nào có Kỳ này nhỏ nhất?",Khu vực,Kỳ này,Khu vực miền núi,p01_b00047,1,7,0,False,2,Khu vực miền núi,p01_b00047,1,7,0,False,2,1.128,1128.0,4,11,True
B-train-00676-q04,B-train-00676,argmax,"Trong bảng 1 ở trang 1, Khu vực nào có Thuê bao lớn nhất?",Khu vực,Thuê bao,Khu vực ven biển,p01_b00030,1,5,0,False,1,Cụm BTS-01,p01_b00012,1,3,0,False,3,54.731,54731.0,0,11,False
B-train-00677-q01,B-train-00677,argmin,"Trong bảng 1 ở trang 1, Điểm bán nào có Kỳ này nhỏ nhất?",Điểm bán,Kỳ này,Cửa hàng 02,p01_b00081,1,9,0,False,2,Cửa hàng 02,p01_b00081,1,9,0,False,2,650,650.0,6,12,True
B-train-00677-q02,B-train-00677,argmin,"Trong bảng 1 ở trang 1, Điểm bán nào có Lượt khách nhỏ nhất?",Điểm bán,Lượt khách,Điểm bán phía Bắc,p01_b00049,1,6,0,False,1,Điểm bán phía Bắc,p01_b00049,1,6,0,False,1,535,535.0,3,12,True
B-train-00677-q03,B-train-00677,argmax,"Trong bảng 2 ở trang 1, Mã hàng nào có Tồn đầu lớn nhất?",Mã hàng,Tồn đầu,VT759,p01_b00196,2,6,0,False,1,Hải Phòng,p01_b00164,2,3,0,False,1,159,159.0,1,11,False
B-train-00677-q04,B-train-00677,argmax,"Trong bảng 1 ở trang 1, Điểm bán nào có Giá trị bán lớn nhất?",Điểm bán,Giá trị bán,Điểm bán phía Nam,p01_b00115,1,12,0,False,1,Điểm bán phía Nam,p01_b00115,1,12,0,False,1,2.276.050,2276050.0,9,12,True
B-train-00678-q05,B-train-00678,argmin,"Trong bảng 2 ở trang 1, Phòng ban nào có Tỷ trọng (%) nhỏ nhất?",Phòng ban,Tỷ trọng (%),Hành chính,p01_b00206,2,13,0,False,2,Hành chính,p01_b00206,2,13,0,False,2,"3,5%",3.5,10,11,True
B-train-00678-q06,B-train-00678,argmax,"Trong bảng 1 ở trang 1, Phòng ban nào có Kế hoạch năm lớn nhất?",Phòng ban,Kế hoạch năm,Kinh doanh,p01_b00012,1,3,0,False,2,Kinh doanh,p01_b00012,1,3,0,False,2,9.783,9783.0,0,11,True
B-train-00678-q07,B-train-00678,argmin,"Trong bảng 1 ở trang 1, Phòng ban nào có Định biên nhỏ nhất?",Phòng ban,Định biên,Miền Nam,p01_b00021,1,4,0,False,1,Miền Nam,p01_b00021,1,4,0,False,1,11,11.0,1,11,True
B-train-00678-q09,B-train-00678,argmax,"Trong bảng 1 ở trang 1, Phòng ban nào có Kỳ trước lớn nhất?",Phòng ban,Kỳ trước,Hành chính,p01_b00047,1,7,0,False,2,Hành chính,p01_b00047,1,7,0,False,2,5.558,5558.0,4,11,True
B-train-00679-q03,B-train-00679,argmin,"Trong bảng 2 ở trang 1, Tuyến nào có Kỳ trước nhỏ nhất?",Tuyến,Kỳ trước,Hà Nội – Hải Phòng,p01_b00200,2,11,0,False,1,Hà Nội – Hải Phòng,p01_b00200,2,11,0,False,1,1.712,1712.0,8,12,True
B-train-00679-q04,B-train-00679,argmax,"Trong bảng 2 ở trang 1, Tuyến nào có Kỳ trước lớn nhất?",Tuyến,Kỳ trước,Nha Trang – Đà Lạt,p01_b00191,2,10,0,False,3,Nha Trang – Đà Lạt,p01_b00191,2,10,0,False,3,8.698,8698.0,7,12,True
B-train-00679-q05,B-train-00679,argmin,"Trong bảng 1 ở trang 1, Khoa nào có Nhập viện nhỏ nhất?",Khoa,Nhập viện,Nhi,p01_b00085,1,11,0,False,2,Tây Nguyên,p01_b00105,1,13,0,False,1,6,6.0,11,12,False
B-train-00679-q06,B-train-00679,argmax,"Trong bảng 1 ở trang 1, Khoa nào có Nhập viện lớn nhất?",Khoa,Nhập viện,Tây Nguyên,p01_b00105,1,13,0,False,1,Tây Nguyên,p01_b00105,1,13,0,False,1,41,41.0,10,12,True
B-train-00680-q06,B-train-00680,argmax,"Trong bảng 2 ở trang 1, Điểm đến nào có Khách nội địa lớn nhất?",Điểm đến,Khách nội địa,Khánh Hòa,p01_b00155,2,7,0,False,1,Khánh Hòa,p01_b00155,2,7,0,False,1,23.466,23466.0,4,10,True
B-train-00680-q07,B-train-00680,argmax,"Trong bảng 2 ở trang 1, Điểm đến nào có Kế hoạch năm lớn nhất?",Điểm đến,Kế hoạch năm,Khánh Hòa,p01_b00155,2,7,0,False,1,Khánh Hòa,p01_b00155,2,7,0,False,1,8.041,8041.0,4,10,True
B-train-00681-q02,B-train-00681,argmin,"Trong bảng 1 ở trang 1, Kho/điểm nào có Kế hoạch năm nhỏ nhất?",Kho/điểm,Kế hoạch năm,Kho Hà Nội,p01_b00051,1,8,0,False,1,Kho Hà Nội,p01_b00051,1,8,0,False,1,1.223,1223.0,5,9,True
B-train-00681-q09,B-train-00681,argmax,"Trong bảng 1 ở trang 1, Kho/điểm nào có Đúng hạn lớn nhất?",Kho/điểm,Đúng hạn,Kho Bình Dương,p01_b00068,1,10,0,False,2,Kho Bình Dương,p01_b00068,1,10,0,False,2,"98,5%",98.5,7,9,True
B-train-00681-q10,B-train-00681,argmax,"Trong bảng 1 ở trang 1, Kho/điểm nào có Kỳ này lớn nhất?",Kho/điểm,Kỳ này,Đồng bằng sông Cửu Long,p01_b00012,1,3,0,False,1,Kho Bình Dương,p01_b00028,1,5,0,False,2,8.375,8375.0,2,9,False
B-train-00682-q04,B-train-00682,argmin,"Trong bảng 1 ở trang 2, Điểm đến nào có Công suất phòng nhỏ nhất?",Điểm đến,Công suất phòng,Phố cổ Hội An,p02_b00065,1,9,0,False,4,Phố cổ Hội An,p02_b00065,1,9,0,False,4,"49,8%",49.8,6,20,True
B-train-00682-q05,B-train-00682,argmax,"Trong bảng 1 ở trang 1, Điểm đến nào có Khách quốc tế lớn nhất?",Điểm đến,Khách quốc tế,Phú Quốc,p01_b00092,1,12,0,False,4,Phú Quốc,p01_b00092,1,12,0,False,4,6.746,6746.0,9,20,True
B-train-00682-q06,B-train-00682,argmin,"Trong bảng 1 ở trang 2, Điểm đến nào có Khách quốc tế nhỏ nhất?",Điểm đến,Khách quốc tế,Phố cổ Hội An,p02_b00065,1,9,0,False,4,Phố cổ Hội An,p02_b00065,1,9,0,False,4,460,460.0,6,20,True
B-train-00682-q09,B-train-00682,argmax,"Trong bảng 1 ở trang 2, Điểm đến nào có Khách quốc tế lớn nhất?",Điểm đến,Khách quốc tế,Phố cổ Hội An,p02_b00021,1,4,0,False,4,Đà Lạt,p02_b00119,1,15,0,False,4,6.795,6795.0,12,20,False
B-train-00683-q03,B-train-00683,argmin,"Trong bảng 2 ở trang 1, Tuyến nào có Kỳ trước nhỏ nhất?",Tuyến,Kỳ trước,Nha Trang – Đà Lạt,p01_b00186,2,6,0,False,2,Nha Trang – Đà Lạt,p01_b00186,2,6,0,False,2,1.405,1405.0,3,11,True
B-train-00683-q05,B-train-00683,argmax,"Trong bảng 1 ở trang 1, Gói thầu nào có Lũy kế lớn nhất?",Gói thầu,Lũy kế,GT42,p01_b00085,1,10,0,False,1,GT42,p01_b00085,1,10,0,False,1,9.619,9619.0,7,13,True
B-train-00683-q06,B-train-00683,argmax,"Trong bảng 1 ở trang 1, Gói thầu nào có Kỳ này lớn nhất?",Gói thầu,Kỳ này,Cần Thơ,p01_b00067,1,8,0,False,1,Cần Thơ,p01_b00067,1,8,0,False,1,9.565,9565.0,5,13,True
B-train-00683-q09,B-train-00683,argmin,"Trong bảng 1 ở trang 1, Gói thầu nào có Kế hoạch năm nhỏ nhất?",Gói thầu,Kế hoạch năm,GT86,p01_b00137,1,15,0,False,1,GT86,p01_b00137,1,15,0,False,1,711,711.0,12,13,True
B-train-00684-q04,B-train-00684,argmin,"Trong bảng 2 ở trang 1, Khu vực nào có Lũy kế nhỏ nhất?",Khu vực,Lũy kế,Cụm BTS-02,p01_b00131,2,4,0,False,2,Cụm BTS-02,p01_b00131,2,4,0,False,2,673,673.0,1,14,True
B-train-00684-q06,B-train-00684,argmax,"Trong bảng 1 ở trang 1, Khu vực nào có Phản ánh lớn nhất?",Khu vực,Phản ánh,Khu vực ven biển,p01_b00082,1,10,0,False,2,Khu vực ven biển,p01_b00082,1,10,0,False,2,56,56.0,7,9,True
B-train-00684-q07,B-train-00684,argmax,"Trong bảng 1 ở trang 1, Khu vực nào có Lưu lượng lớn nhất?",Khu vực,Lưu lượng,Cụm BTS-02,p01_b00025,1,4,0,False,1,Cụm BTS-02,p01_b00025,1,4,0,False,1,87.822,87822.0,1,9,True
B-train-00684-q09,B-train-00684,argmin,"Trong bảng 1 ở trang 1, Khu vực nào có Tỷ lệ rớt cuộc nhỏ nhất?",Khu vực,Tỷ lệ rớt cuộc,Khu vực ven biển,p01_b00036,1,5,0,True,2,Khu vực ven biển,p01_b00036,1,5,0,True,2,"0,2%",0.2,2,9,True
B-train-00685-q02,B-train-00685,argmin,"Trong bảng 1 ở trang 1, Mã hàng nào có Kỳ trước nhỏ nhất?",Mã hàng,Kỳ trước,VT809,p01_b00139,1,14,0,False,1,VT809,p01_b00139,1,14,0,False,1,2.393,2393.0,11,13,True
B-train-00685-q03,B-train-00685,argmin,"Trong bảng 2 ở trang 1, Tuyến nào có Tỷ trọng (%) nhỏ nhất?",Tuyến,Tỷ trọng (%),Đồng Nai,p01_b00190,2,5,0,False,1,Đồng Nai,p01_b00190,2,5,0,False,1,"8,2%",8.2,2,11,True
B-train-00685-q09,B-train-00685,argmax,"Trong bảng 1 ở trang 1, Mã hàng nào có Tồn đầu lớn nhất?",Mã hàng,Tồn đầu,VT164,p01_b00039,1,5,0,False,1,VT164,p01_b00039,1,5,0,False,1,162,162.0,2,13,True
B-train-00685-q10,B-train-00685,argmax,"Trong bảng 1 ở trang 1, Mã hàng nào có Tồn cuối lớn nhất?",Mã hàng,Tồn cuối,VT854,p01_b00051,1,6,0,False,1,Khánh Hòa,p01_b00105,1,11,0,False,1,204,204.0,9,13,False
B-train-00686-q02,B-train-00686,argmin,"Trong bảng 1 ở trang 2, Khoa nào có Nhập viện nhỏ nhất?",Khoa,Nhập viện,Ngoại,p02_b00035,1,5,0,False,3,Ngoại,p02_b00035,1,5,0,False,3,7,7.0,2,17,True
B-train-00686-q03,B-train-00686,argmax,"Trong bảng 1 ở trang 2, Khoa nào có Kỳ này lớn nhất?",Khoa,Kỳ này,Nội tổng hợp,p02_b00090,1,10,0,False,2,Nội tổng hợp,p02_b00090,1,10,0,False,2,9.609,9609.0,7,17,True
B-train-00686-q08,B-train-00686,argmax,"Trong bảng 1 ở trang 2, Khoa nào có Nhập viện lớn nhất?",Khoa,Nhập viện,Nội tổng hợp,p02_b00090,1,10,0,False,3,Nội tổng hợp,p02_b00090,1,10,0,False,3,71,71.0,7,17,True
B-train-00686-q09,B-train-00686,argmin,"Trong bảng 1 ở trang 1, Khoa nào có Lũy kế nhỏ nhất?",Khoa,Lũy kế,Tai Mũi Họng,p01_b00135,1,14,0,False,2,Tai Mũi Họng,p01_b00135,1,14,0,False,2,1.225,1225.0,11,17,True
B-train-00687-q01,B-train-00687,argmax,"Trong bảng 2 ở trang 1, Điểm đến nào có Kế hoạch năm lớn nhất?",Điểm đến,Kế hoạch năm,Đà Lạt,p01_b00254,2,10,0,False,2,Đà Lạt,p01_b00254,2,10,0,False,2,9.451,9451.0,7,10,True
B-train-00687-q08,B-train-00687,argmax,"Trong bảng 1 ở trang 1, Mã hàng nào có Tồn đầu lớn nhất?",Mã hàng,Tồn đầu,VT751,p01_b00126,1,13,0,False,1,VT751,p01_b00126,1,13,0,False,1,171,171.0,10,14,True
B-train-00687-q09,B-train-00687,argmin,"Trong bảng 1 ở trang 1, Mã hàng nào có Tồn đầu nhỏ nhất?",Mã hàng,Tồn đầu,VT505,p01_b00162,1,16,0,False,1,VT505,p01_b00162,1,16,0,False,1,21,21.0,13,14,True
B-train-00687-q10,B-train-00687,argmin,"Trong bảng 1 ở trang 1, Mã hàng nào có Tồn cuối nhỏ nhất?",Mã hàng,Tồn cuối,VT486,p01_b00049,1,6,0,False,1,VT486,p01_b00049,1,6,0,False,1,4,4.0,3,14,True
B-train-00688-q03,B-train-00688,argmax,"Trong bảng 1 ở trang 2, Địa bàn nào có Tỷ trọng (%) lớn nhất?",Địa bàn,Tỷ trọng (%),Đồng Nai,p02_b00058,1,7,0,False,1,Đồng Nai,p02_b00058,1,7,0,False,1,"34,5%",34.5,4,9,True
B-train-00688-q05,B-train-00688,argmin,"Trong bảng 1 ở trang 1, Phòng ban nào có Lũy kế nhỏ nhất?",Phòng ban,Lũy kế,Miền Nam,p01_b00094,1,10,0,False,1,Kinh doanh,p01_b00015,1,3,0,False,2,1.246,1246.0,0,10,False
B-train-00688-q09,B-train-00688,argmax,"Trong bảng 1 ở trang 2, Địa bàn nào có Lũy kế lớn nhất?",Địa bàn,Lũy kế,Hải Phòng,p02_b00102,1,11,0,False,2,Đà Nẵng,p02_b00070,1,8,0,False,2,8.001,8001.0,6,9,False
B-train-00688-q10,B-train-00688,argmin,"Trong bảng 1 ở trang 2, Địa bàn nào có Lũy kế nhỏ nhất?",Địa bàn,Lũy kế,Đà Nẵng,p02_b00036,1,5,0,True,2,Đà Nẵng,p02_b00036,1,5,0,True,2,3.077,3077.0,2,9,True
B-train-00689-q06,B-train-00689,argmin,"Trong bảng 1 ở trang 2, Địa bàn nào có Diện tích (ha) nhỏ nhất?",Địa bàn,Diện tích (ha),Hải Phòng,p02_b00038,1,6,0,False,3,Hải Phòng,p02_b00038,1,6,0,False,3,59,59.0,3,20,True
B-train-00689-q09,B-train-00689,argmax,"Trong bảng 1 ở trang 1, Địa bàn nào có Sản lượng (tấn) lớn nhất?",Địa bàn,Sản lượng (tấn),Cần Thơ,p01_b00120,1,15,0,False,2,Lâm Đồng,p01_b00129,1,16,0,False,2,7.461,7461.0,13,19,False
B-train-00689-q10,B-train-00689,argmax,"Trong bảng 1 ở trang 2, Địa bàn nào có Diện tích (ha) lớn nhất?",Địa bàn,Diện tích (ha),Khánh Hòa,p02_b00179,1,22,0,True,3,Khánh Hòa,p02_b00179,1,22,0,True,3,900,900.0,19,20,True
B-train-00690-q07,B-train-00690,argmax,"Trong bảng 2 ở trang 1, Khu vực nào có Lũy kế lớn nhất?",Khu vực,Lũy kế,Miền Bắc,p01_b00149,2,3,0,False,1,Miền Bắc,p01_b00149,2,3,0,False,1,9.177,9177.0,0,10,True
B-train-00690-q08,B-train-00690,argmin,"Trong bảng 2 ở trang 1, Khu vực nào có Tỷ lệ nhỏ nhất?",Khu vực,Tỷ lệ,Miền Trung,p01_b00195,2,9,0,False,1,Miền Nam,p01_b00181,2,7,0,False,3,"87,6%",87.6,5,10,False
B-train-00690-q09,B-train-00690,argmin,"Trong bảng 2 ở trang 1, Khu vực nào có Lũy kế nhỏ nhất?",Khu vực,Lũy kế,Đồng bằng sông Cửu Long,p01_b00222,2,12,0,False,1,Đồng bằng sông Cửu Long,p01_b00222,2,12,0,False,1,125,125.0,9,10,True
B-train-00690-q10,B-train-00690,argmax,"Trong bảng 2 ở trang 1, Khu vực nào có Thực hiện lớn nhất?",Khu vực,Thực hiện,Miền Nam,p01_b00204,2,10,0,False,3,Miền Nam,p01_b00204,2,10,0,False,3,5.220,5220.0,7,10,True
B-train-00691-q01,B-train-00691,argmin,"Trong bảng 1 ở trang 2, Điểm đến nào có Khách quốc tế nhỏ nhất?",Điểm đến,Khách quốc tế,Phú Quốc,p02_b00055,1,7,0,False,2,Phú Quốc,p02_b00055,1,7,0,False,2,188,188.0,4,14,True
B-train-00691-q06,B-train-00691,argmin,"Trong bảng 1 ở trang 2, Điểm đến nào có Công suất phòng nhỏ nhất?",Điểm đến,Công suất phòng,Phú Quốc,p02_b00107,1,12,0,False,2,Phú Quốc,p02_b00107,1,12,0,False,2,"48,9%",48.9,9,14,True
B-train-00691-q07,B-train-00691,argmax,"Trong bảng 2 ở trang 1, Dự án nào có Lũy kế lớn nhất?",Dự án,Lũy kế,Khu tái định cư,p01_b00233,2,7,0,True,1,Khu tái định cư,p01_b00233,2,7,0,True,1,9.458,9458.0,4,9,True
B-train-00692-q03,B-train-00692,argmin,"Trong bảng 1 ở trang 1, Tuyến nào có Kỳ này nhỏ nhất?",Tuyến,Kỳ này,Đà Nẵng – Huế,p01_b00109,1,12,0,False,2,Đà Nẵng – Huế,p01_b00109,1,12,0,False,2,226,226.0,9,12,True
B-train-00692-q06,B-train-00692,argmin,"Trong bảng 1 ở trang 1, Tuyến nào có Hành khách nhỏ nhất?",Tuyến,Hành khách,Hà Nội – Hải Phòng,p01_b00099,1,11,0,False,3,Hà Nội – Hải Phòng,p01_b00099,1,11,0,False,3,190,190.0,8,12,True
B-train-00692-q08,B-train-00692,argmax,"Trong bảng 1 ở trang 1, Tuyến nào có Kỳ này lớn nhất?",Tuyến,Kỳ này,Nha Trang – Đà Lạt,p01_b00127,1,14,0,False,1,Nha Trang – Đà Lạt,p01_b00127,1,14,0,False,1,8.699,8699.0,11,12,True
B-train-00693-q01,B-train-00693,argmin,"Trong bảng 1 ở trang 1, Địa bàn nào có Diện tích (ha) nhỏ nhất?",Địa bàn,Diện tích (ha),Đồng Nai,p01_b00051,1,7,0,False,2,Đồng Nai,p01_b00051,1,7,0,False,2,149,149.0,4,12,True
B-train-00693-q02,B-train-00693,argmin,"Trong bảng 1 ở trang 1, Địa bàn nào có Kế hoạch năm nhỏ nhất?",Địa bàn,Kế hoạch năm,Đà Nẵng,p01_b00031,1,5,0,False,2,Đà Nẵng,p01_b00031,1,5,0,False,2,2.479,2479.0,2,12,True
B-train-00693-q06,B-train-00693,argmax,"Trong bảng 1 ở trang 1, Địa bàn nào có Kế hoạch năm lớn nhất?",Địa bàn,Kế hoạch năm,Cần Thơ,p01_b00061,1,8,0,True,1,Cần Thơ,p01_b00061,1,8,0,True,1,9.819,9819.0,5,12,True
B-train-00693-q09,B-train-00693,argmax,"Trong bảng 1 ở trang 1, Địa bàn nào có Tỷ trọng (%) lớn nhất?",Địa bàn,Tỷ trọng (%),Khánh Hòa,p01_b00041,1,6,0,False,1,Khánh Hòa,p01_b00041,1,6,0,False,1,"37,5%",37.5,3,12,True
B-train-00694-q05,B-train-00694,argmin,"Trong bảng 1 ở trang 2, Gói thầu nào có Lũy kế nhỏ nhất?",Gói thầu,Lũy kế,GT79,p02_b00191,1,21,0,False,1,GT79,p02_b00191,1,21,0,False,1,1.005,1005.0,18,20,True
B-train-00694-q06,B-train-00694,argmax,"Trong bảng 1 ở trang 1, Gói thầu nào có Kỳ trước lớn nhất?",Gói thầu,Kỳ trước,GT72,p01_b00191,1,21,0,False,1,GT72,p01_b00191,1,21,0,False,1,8.893,8893.0,18,20,True
B-train-00694-q08,B-train-00694,argmin,"Trong bảng 1 ở trang 1, Gói thầu nào có Lũy kế nhỏ nhất?",Gói thầu,Lũy kế,GT99,p01_b00052,1,7,0,False,1,GT99,p01_b00052,1,7,0,False,1,382,382.0,4,20,True
B-train-00694-q10,B-train-00694,argmax,"Trong bảng 1 ở trang 1, Gói thầu nào có Giá trúng lớn nhất?",Gói thầu,Giá trúng,GT60,p01_b00142,1,16,0,False,1,GT60,p01_b00142,1,16,0,False,1,2.300,2300.0,13,20,True
B-train-00695-q01,B-train-00695,argmax,"Trong bảng 1 ở trang 2, Gói thầu nào có Giá dự toán lớn nhất?",Gói thầu,Giá dự toán,GT34,p02_b00082,1,9,0,False,1,GT34,p02_b00082,1,9,0,False,1,2.490,2490.0,6,13,True
B-train-00695-q03,B-train-00695,argmax,"Trong bảng 1 ở trang 1, Trạm nào có Tổn thất lớn nhất?",Trạm,Tổn thất,Trạm Tây Đô,p01_b00086,1,11,0,False,2,Trạm Tây Đô,p01_b00086,1,11,0,False,2,"5,3%",5.3,8,11,True
B-train-00695-q10,B-train-00695,argmin,"Trong bảng 1 ở trang 1, Trạm nào có Kỳ này nhỏ nhất?",Trạm,Kỳ này,Trạm 110kV Bắc,p01_b00061,1,8,0,False,2,Trạm 110kV Bắc,p01_b00061,1,8,0,False,2,153,153.0,5,11,True
B-train-00696-q04,B-train-00696,argmin,"Trong bảng 1 ở trang 1, Tuyến nào có Tỷ trọng (%) nhỏ nhất?",Tuyến,Tỷ trọng (%),Nha Trang – Đà Lạt,p01_b00102,1,14,0,False,2,Nha Trang – Đà Lạt,p01_b00102,1,14,0,False,2,"9,6%",9.6,11,12,True
B-train-00696-q05,B-train-00696,argmax,"Trong bảng 2 ở trang 1, Địa bàn nào có Lũy kế lớn nhất?",Địa bàn,Lũy kế,Đà Nẵng,p01_b00206,2,12,0,False,2,Đà Nẵng,p01_b00206,2,12,0,False,2,9.321,9321.0,9,13,True
B-train-00696-q10,B-train-00696,argmax,"Trong bảng 2 ở trang 1, Địa bàn nào có Kỳ này lớn nhất?",Địa bàn,Kỳ này,Hà Nội,p01_b00188,2,10,0,False,2,Hà Nội,p01_b00188,2,10,0,False,2,8.703,8703.0,7,13,True
B-train-00697-q01,B-train-00697,argmax,"Trong bảng 1 ở trang 2, Dự án nào có Giá trị hợp đồng lớn nhất?",Dự án,Giá trị hợp đồng,Khánh Hòa,p02_b00097,1,10,0,False,1,Cầu Đông Thành,p02_b00074,1,8,0,False,2,23.580,23580.0,5,10,False
B-train-00697-q02,B-train-00697,argmax,"Trong bảng 2 ở trang 1, Kho/điểm nào có Đơn xử lý lớn nhất?",Kho/điểm,Đơn xử lý,Kho Cần Thơ,p01_b00209,2,11,0,False,1,Kho Đà Nẵng,p01_b00128,2,4,0,False,2,5967,5967.0,1,12,False
B-train-00697-q04,B-train-00697,argmin,"Trong bảng 1 ở trang 2, Dự án nào có Lũy kế nhỏ nhất?",Dự án,Lũy kế,Trường liên cấp,p02_b00039,1,5,0,False,1,Trường liên cấp,p02_b00039,1,5,0,False,1,299,299.0,2,10,True
B-train-00697-q09,B-train-00697,argmin,"Trong bảng 1 ở trang 2, Dự án nào có Giá trị hợp đồng nhỏ nhất?",Dự án,Giá trị hợp đồng,Mức A | ưu tiên,p02_b00051,1,6,0,False,1,Khu tái định cư,p02_b00116,1,12,0,False,1,1.010,1010.0,9,10,False
B-train-00698-q07,B-train-00698,argmin,"Trong bảng 1 ở trang 1, Đơn vị nào có Tỷ trọng (%) nhỏ nhất?",Đơn vị,Tỷ trọng (%),THPT Lê Quý Đôn,p01_b00102,1,14,0,False,1,THPT Lê Quý Đôn,p01_b00102,1,14,0,False,1,"1,2%",1.2,11,14,True
B-train-00698-q08,B-train-00698,argmax,"Trong bảng 2 ở trang 1, Khu vực nào có Lũy kế lớn nhất?",Khu vực,Lũy kế,Miền Trung,p01_b00232,2,14,0,False,3,Miền Trung,p01_b00232,2,14,0,False,3,9.582,9582.0,11,13,True
B-train-00698-q09,B-train-00698,argmax,"Trong bảng 2 ở trang 1, Khu vực nào có Tỷ trọng (%) lớn nhất?",Khu vực,Tỷ trọng (%),Miền Trung,p01_b00232,2,14,0,False,2,Tây Nguyên Đã đối chiếu,p01_b00166,2,6,0,False,1,"35,4%",35.4,3,13,False
B-train-00698-q10,B-train-00698,argmin,"Trong bảng 2 ở trang 1, Khu vực nào có Chênh lệch nhỏ nhất?",Khu vực,Chênh lệch,Miền Bắc,p01_b00141,2,3,0,True,3,Miền Bắc,p01_b00141,2,3,0,True,3,-530,-530.0,0,13,True
B-train-00699-q05,B-train-00699,argmin,"Trong bảng 1 ở trang 1, Khoa nào có Kế hoạch năm nhỏ nhất?",Khoa,Kế hoạch năm,Ngoại,p01_b00155,1,16,0,False,3,Ngoại,p01_b00155,1,16,0,False,3,446,446.0,13,17,True
B-train-00699-q06,B-train-00699,argmax,"Trong bảng 1 ở trang 1, Khoa nào có Kỳ trước lớn nhất?",Khoa,Kỳ trước,Sản,p01_b00176,1,18,0,False,3,Sản,p01_b00176,1,18,0,False,3,9.171,9171.0,15,17,True
B-train-00699-q10,B-train-00699,argmin,"Trong bảng 1 ở trang 1, Khoa nào có Kỳ này nhỏ nhất?",Khoa,Kỳ này,Ngoại,p01_b00091,1,10,0,False,3,Ngoại,p01_b00091,1,10,0,False,3,280,280.0,7,17,True
B-train-00700-q05,B-train-00700,argmax,"Trong bảng 1 ở trang 1, Điểm đến nào có Kỳ này lớn nhất?",Điểm đến,Kỳ này,Đà Lạt,p01_b00082,1,10,0,False,3,Đà Lạt,p01_b00082,1,10,0,False,3,9.296,9296.0,7,16,True
B-train-00700-q07,B-train-00700,argmax,"Trong bảng 1 ở trang 1, Điểm đến nào có Doanh thu lớn nhất?",Điểm đến,Doanh thu,Đà Lạt,p01_b00033,1,5,0,False,2,Đà Lạt,p01_b00033,1,5,0,False,2,185.906,185906.0,2,16,True
B-train-00700-q09,B-train-00700,argmin,"Trong bảng 1 ở trang 1, Điểm đến nào có Khách quốc tế nhỏ nhất?",Điểm đến,Khách quốc tế,Phú Quốc,p01_b00151,1,17,0,False,3,Phú Quốc,p01_b00151,1,17,0,False,3,1.201,1201.0,14,16,True
B-train-00700-q10,B-train-00700,argmin,"Trong bảng 1 ở trang 2, Điểm đến nào có Kỳ trước nhỏ nhất?",Điểm đến,Kỳ trước,Phố cổ Hội An,p02_b00111,1,13,0,False,4,Phố cổ Hội An,p02_b00111,1,13,0,False,4,1.596,1596.0,10,17,True
B-train-00701-q01,B-train-00701,argmin,"Trong bảng 1 ở trang 1, Nghiệp vụ nào có Phí bảo hiểm nhỏ nhất?",Nghiệp vụ,Phí bảo hiểm,Tai nạn con người,p01_b00050,1,7,0,False,1,Sức khỏe,p01_b00060,1,8,0,False,3,846,846.0,5,11,False
B-train-00701-q04,B-train-00701,argmax,"Trong bảng 2 ở trang 1, Tuyến nào có Kế hoạch năm lớn nhất?",Tuyến,Kế hoạch năm,TP.HCM – Cần Thơ,p01_b00144,2,5,0,False,1,TP.HCM – Cần Thơ,p01_b00144,2,5,0,False,1,9.616,9616.0,2,9,True
B-train-00701-q07,B-train-00701,argmax,"Trong bảng 1 ở trang 1, Nghiệp vụ nào có Tỷ lệ lớn nhất?",Nghiệp vụ,Tỷ lệ,Tài sản,p01_b00030,1,5,0,False,1,Tài sản,p01_b00030,1,5,0,False,1,"67,0%",67.0,2,11,True
B-train-00701-q10,B-train-00701,argmin,"Trong bảng 1 ở trang 1, Nghiệp vụ nào có Kỳ trước nhỏ nhất?",Nghiệp vụ,Kỳ trước,Hàng hóa,p01_b00040,1,6,0,False,2,Hàng hóa,p01_b00087,1,11,0,False,2,399,399.0,8,11,True
B-train-00702-q02,B-train-00702,argmin,"Trong bảng 1 ở trang 2, Mã hàng nào có Nhập nhỏ nhất?",Mã hàng,Nhập,VT852,p02_b00100,1,13,0,False,1,VT097 Đã đối chiếu,p02_b00012,1,3,0,False,1,1,1.0,0,18,False
B-train-00702-q03,B-train-00702,argmin,"Trong bảng 1 ở trang 1, Mã hàng nào có Tồn cuối nhỏ nhất?",Mã hàng,Tồn cuối,VT701,p01_b00012,1,3,0,False,1,VT701,p01_b00012,1,3,0,False,1,0,0.0,0,17,True
B-train-00702-q08,B-train-00702,argmax,"Trong bảng 1 ở trang 2, Mã hàng nào có Tồn đầu lớn nhất?",Mã hàng,Tồn đầu,VT861,p02_b00056,1,8,0,False,1,VT861,p02_b00056,1,8,0,False,1,180,180.0,5,18,True
B-train-00702-q09,B-train-00702,argmax,"Trong bảng 1 ở trang 2, Mã hàng nào có Nhập lớn nhất?",Mã hàng,Nhập,VT900,p02_b00065,1,9,0,False,1,VT900,p02_b00065,1,9,0,False,1,119,119.0,6,18,True
B-train-00703-q01,B-train-00703,argmin,"Trong bảng 1 ở trang 1, Gói thầu nào có Giá trúng nhỏ nhất?",Gói thầu,Giá trúng,GT46,p01_b00032,1,5,0,False,1,GT46,p01_b00032,1,5,0,False,1,610,610.0,2,12,True
B-train-00703-q06,B-train-00703,argmin,"Trong bảng 2 ở trang 1, Điểm đến nào có Kỳ trước nhỏ nhất?",Điểm đến,Kỳ trước,Cần Thơ,p01_b00136,2,3,0,False,1,Cần Thơ,p01_b00136,2,3,0,False,1,529,529.0,0,9,True
B-train-00703-q10,B-train-00703,argmax,"Trong bảng 1 ở trang 1, Gói thầu nào có Giá dự toán lớn nhất?",Gói thầu,Giá dự toán,GT35,p01_b00023,1,4,0,False,2,GT35,p01_b00023,1,4,0,False,2,2.460,2460.0,1,12,True
B-train-00704-q02,B-train-00704,argmax,"Trong bảng 1 ở trang 1, Tuyến nào có Doanh thu lớn nhất?",Tuyến,Doanh thu,TP.HCM – Cần Thơ,p01_b00104,1,13,0,False,1,TP.HCM – Cần Thơ,p01_b00104,1,13,0,False,1,222.600,222600.0,10,12,True
B-train-00704-q03,B-train-00704,argmin,"Trong bảng 1 ở trang 2, Trạm nào có Kế hoạch năm nhỏ nhất?",Trạm,Kế hoạch năm,Cần Thơ,p02_b00027,1,4,0,False,1,Cần Thơ,p02_b00027,1,4,0,False,1,396,396.0,2,13,True
B-train-00704-q04,B-train-00704,argmax,"Trong bảng 1 ở trang 1, Tuyến nào có Kế hoạch năm lớn nhất?",Tuyến,Kế hoạch năm,Hà Nội – Hải Phòng,p01_b00086,1,11,0,False,2,Hà Nội – Hải Phòng,p01_b00086,1,11,0,False,2,9.253,9253.0,8,12,True
B-train-00704-q06,B-train-00704,argmin,"Trong bảng 1 ở trang 1, Tuyến nào có Kỳ trước nhỏ nhất?",Tuyến,Kỳ trước,Hà Nội – Hải Phòng,p01_b00047,1,7,0,False,3,Miền Trung,p01_b00022,1,4,0,False,1,206,206.0,2,12,False
B-train-00705-q01,B-train-00705,argmax,"Trong bảng 1 ở trang 1, Trạm nào có Kỳ này lớn nhất?",Trạm,Kỳ này,Trạm Tây Đô,p01_b00039,1,6,0,False,3,Trạm Tây Đô,p01_b00039,1,6,0,False,3,9.231,9231.0,3,14,True
B-train-00705-q10,B-train-00705,argmin,"Trong bảng 2 ở trang 1, Điểm đến nào có Công suất phòng nhỏ nhất?",Điểm đến,Công suất phòng,Đà Lạt,p01_b00235,2,10,0,False,2,Đà Lạt,p01_b00235,2,10,0,False,2,"49,4%",49.4,7,12,True
B-train-00706-q01,B-train-00706,argmin,"Trong bảng 1 ở trang 1, Điểm bán nào có Giá trị bán nhỏ nhất?",Điểm bán,Giá trị bán,Tây Nguyên,p01_b00108,1,11,0,False,1,Tây Nguyên,p01_b00108,1,11,0,False,1,241.230,241230.0,8,13,True
B-train-00706-q02,B-train-00706,argmax,"Trong bảng 1 ở trang 1, Điểm bán nào có Hoàn trả lớn nhất?",Điểm bán,Hoàn trả,Cửa hàng 02,p01_b00084,1,9,0,False,3,Cửa hàng 02,p01_b00084,1,9,0,False,3,"7,4%",7.4,6,13,True
B-train-00706-q05,B-train-00706,argmax,"Trong bảng 1 ở trang 1, Điểm bán nào có Số đơn lớn nhất?",Điểm bán,Số đơn,Cửa hàng 02,p01_b00084,1,9,0,False,3,Cửa hàng 02,p01_b00084,1,9,0,False,3,3151,3151.0,6,13,True
B-train-00706-q08,B-train-00706,argmin,"Trong bảng 1 ở trang 1, Điểm bán nào có Số đơn nhỏ nhất?",Điểm bán,Số đơn,Tây Nguyên,p01_b00108,1,11,0,False,1,Tây Nguyên,p01_b00108,1,11,0,False,1,430,430.0,8,13,True
B-train-00707-q01,B-train-00707,argmax,"Trong bảng 1 ở trang 2, Địa bàn nào có Tỷ trọng (%) lớn nhất?",Địa bàn,Tỷ trọng (%),Đà Nẵng,p02_b00083,1,11,0,False,2,Đà Nẵng,p02_b00083,1,11,0,False,2,"36,9%",36.9,8,15,True
B-train-00707-q04,B-train-00707,argmin,"Trong bảng 1 ở trang 1, Địa bàn nào có Sản lượng (tấn) nhỏ nhất?",Địa bàn,Sản lượng (tấn),Hà Nội,p01_b00012,1,3,0,False,3,Hà Nội,p01_b00012,1,3,0,False,3,180,180.0,0,15,True
B-train-00707-q06,B-train-00707,argmax,"Trong bảng 1 ở trang 1, Địa bàn nào có Kỳ trước lớn nhất?",Địa bàn,Kỳ trước,Lâm Đồng,p01_b00126,1,16,0,False,2,Lâm Đồng,p01_b00126,1,16,0,False,2,8.863,8863.0,13,15,True
B-train-00708-q02,B-train-00708,argmax,"Trong bảng 1 ở trang 1, Nghiệp vụ nào có Phí bảo hiểm lớn nhất?",Nghiệp vụ,Phí bảo hiểm,Tai nạn con người,p01_b00115,1,12,0,False,1,Khánh Hòa,p01_b00048,1,6,0,False,1,7.378,7378.0,4,13,False
B-train-00708-q05,B-train-00708,argmin,"Trong bảng 1 ở trang 1, Nghiệp vụ nào có Phí bảo hiểm nhỏ nhất?",Nghiệp vụ,Phí bảo hiểm,Xe cơ giới,p01_b00026,1,4,0,False,3,Xe cơ giới,p01_b00026,1,4,0,False,3,1.751,1751.0,1,13,True
B-train-00708-q09,B-train-00708,argmax,"Trong bảng 1 ở trang 1, Nghiệp vụ nào có Hợp đồng lớn nhất?",Nghiệp vụ,Hợp đồng,Tai nạn con người,p01_b00115,1,12,0,False,1,Xe cơ giới,p01_b00081,1,9,0,False,3,812,812.0,6,13,False
B-train-00708-q10,B-train-00708,argmin,"Trong bảng 1 ở trang 1, Nghiệp vụ nào có Bồi thường nhỏ nhất?",Nghiệp vụ,Bồi thường,Xe cơ giới,p01_b00081,1,9,0,False,3,Xe cơ giới,p01_b00081,1,9,0,False,3,42,42.0,6,13,True
B-train-00709-q06,B-train-00709,argmin,"Trong bảng 1 ở trang 1, Điểm bán nào có Tỷ trọng (%) nhỏ nhất?",Điểm bán,Tỷ trọng (%),Điểm bán phía Nam,p01_b00095,1,12,0,False,2,Điểm bán phía Nam,p01_b00095,1,12,0,False,2,"2,1%",2.1,9,10,True
B-train-00709-q07,B-train-00709,argmax,"Trong bảng 2 ở trang 1, Chi nhánh nào có Nợ quá hạn lớn nhất?",Chi nhánh,Nợ quá hạn,Đà Nẵng 01,p01_b00141,2,5,0,False,2,Đà Nẵng 01,p01_b00141,2,5,0,False,2,490,490.0,2,11,True
B-train-00709-q08,B-train-00709,argmin,"Trong bảng 1 ở trang 1, Điểm bán nào có Giá trị bán nhỏ nhất?",Điểm bán,Giá trị bán,Cửa hàng 02,p01_b00067,1,9,0,False,1,Cửa hàng 02,p01_b00067,1,9,0,False,1,529.920,529920.0,6,10,True
B-train-00709-q09,B-train-00709,argmax,"Trong bảng 1 ở trang 1, Điểm bán nào có Số đơn lớn nhất?",Điểm bán,Số đơn,Siêu thị trung tâm,p01_b00076,1,10,0,False,2,Siêu thị trung tâm,p01_b00076,1,10,0,False,2,3586,3586.0,7,10,True
B-train-00710-q01,B-train-00710,argmax,"Trong bảng 1 ở trang 1, Trạm nào có Sản lượng lớn nhất?",Trạm,Sản lượng,Trạm 220kV Trung,p01_b00024,1,4,0,False,1,Trạm 220kV Trung,p01_b00024,1,4,0,False,1,17.813,17813.0,1,9,True
B-train-00710-q04,B-train-00710,argmax,"Trong bảng 1 ở trang 1, Trạm nào có Kỳ này lớn nhất?",Trạm,Kỳ này,Trạm Cao Nguyên,p01_b00053,1,7,0,False,1,Trạm Cao Nguyên,p01_b00053,1,7,0,False,1,8.339,8339.0,4,9,True
B-train-00711-q01,B-train-00711,argmin,"Trong bảng 1 ở trang 1, Điểm đến nào có Tỷ trọng (%) nhỏ nhất?",Điểm đến,Tỷ trọng (%),Phố cổ Hội An,p01_b00026,1,4,0,False,2,Phố cổ Hội An,p01_b00026,1,4,0,False,2,"6,1%",6.1,1,11,True
B-train-00711-q04,B-train-00711,argmax,"Trong bảng 1 ở trang 1, Điểm đến nào có Khách nội địa lớn nhất?",Điểm đến,Khách nội địa,Nha Trang,p01_b00050,1,6,0,False,1,Phố cổ Hội An,p01_b00026,1,4,0,False,2,23.549,23549.0,1,11,False
B-train-00711-q10,B-train-00711,argmax,"Trong bảng 1 ở trang 1, Điểm đến nào có Doanh thu lớn nhất?",Điểm đến,Doanh thu,Nha Trang,p01_b00050,1,6,0,False,1,Nha Trang,p01_b00050,1,6,0,False,1,194.000,194000.0,3,11,True
B-train-00712-q01,B-train-00712,argmax,"Trong bảng 1 ở trang 2, Chi nhánh nào có Kỳ trước lớn nhất?",Chi nhánh,Kỳ trước,Hải Phòng 02,p02_b00012,1,3,0,False,4,Hải Phòng 02,p02_b00012,1,3,0,False,4,9.155,9155.0,0,16,True
B-train-00712-q06,B-train-00712,argmax,"Trong bảng 1 ở trang 1, Chi nhánh nào có Nợ quá hạn lớn nhất?",Chi nhánh,Nợ quá hạn,Hải Phòng 02,p01_b00021,1,4,0,False,3,Hải Phòng 02,p01_b00021,1,4,0,False,3,680,680.0,1,16,True
B-train-00712-q08,B-train-00712,argmin,"Trong bảng 1 ở trang 1, Chi nhánh nào có Tỷ trọng (%) nhỏ nhất?",Chi nhánh,Tỷ trọng (%),Đà Nẵng 01,p01_b00074,1,10,0,False,3,Đà Nẵng 01,p01_b00074,1,10,0,False,3,"1,6%",1.6,7,16,True
B-train-00712-q09,B-train-00712,argmin,"Trong bảng 1 ở trang 2, Chi nhánh nào có Tăng trưởng nhỏ nhất?",Chi nhánh,Tăng trưởng,Hải Phòng 02,p02_b00100,1,13,0,False,4,Hải Phòng 02,p02_b00100,1,13,0,False,4,"0,3%",0.3,10,16,True
B-train-00713-q02,B-train-00713,argmin,"Trong bảng 1 ở trang 1, Kho/điểm nào có Chi phí nhỏ nhất?",Kho/điểm,Chi phí,Lâm Đồng,p01_b00080,1,11,0,False,1,Lâm Đồng,p01_b00080,1,11,0,False,1,25.152,25152.0,8,14,True
B-train-00713-q04,B-train-00713,argmax,"Trong bảng 2 ở trang 1, Kho/điểm nào có Đơn xử lý lớn nhất?",Kho/điểm,Đơn xử lý,Kho Cần Thơ,p01_b00167,2,6,0,False,1,Kho Cần Thơ,p01_b00167,2,6,0,False,1,6731,6731.0,3,12,True
B-train-00713-q10,B-train-00713,argmin,"Trong bảng 2 ở trang 1, Kho/điểm nào có Kỳ này nhỏ nhất?",Kho/điểm,Kỳ này,Kho Đà Nẵng,p01_b00149,2,4,0,False,3,Kho Đà Nẵng,p01_b00149,2,4,0,False,3,146,146.0,1,12,True
B-train-00714-q01,B-train-00714,argmax,"Trong bảng 2 ở trang 1, Đơn vị nào có Kỳ trước lớn nhất?",Đơn vị,Kỳ trước,THPT Trần Phú,p01_b00131,2,5,0,False,2,THPT Trần Phú,p01_b00131,2,5,0,False,2,9.016,9016.0,2,10,True
B-train-00714-q05,B-train-00714,argmin,"Trong bảng 2 ở trang 1, Đơn vị nào có Tỷ lệ đạt nhỏ nhất?",Đơn vị,Tỷ lệ đạt,THPT Phan Bội Châu,p01_b00142,2,6,0,False,1,THPT Phan Bội Châu,p01_b00142,2,6,0,False,1,"70,6%",70.6,3,10,True
B-train-00714-q09,B-train-00714,argmin,"Trong bảng 2 ở trang 1, Đơn vị nào có Lũy kế nhỏ nhất?",Đơn vị,Lũy kế,THPT Chu Văn An,p01_b00207,2,12,0,False,1,THPT Chu Văn An,p01_b00207,2,12,0,False,1,1.676,1676.0,9,10,True
B-train-00715-q01,B-train-00715,argmax,"Trong bảng 2 ở trang 1, Chi nhánh nào có Nợ quá hạn lớn nhất?",Chi nhánh,Nợ quá hạn,Hà Nội 01,p01_b00151,2,3,0,False,1,Hà Nội 01,p01_b00151,2,3,0,False,1,510,510.0,0,10,True
B-train-00715-q03,B-train-00715,argmin,"Trong bảng 2 ở trang 1, Chi nhánh nào có Kỳ này nhỏ nhất?",Chi nhánh,Kỳ này,Hà Nội 01,p01_b00151,2,3,0,False,1,Hà Nội 01,p01_b00151,2,3,0,False,1,5.718,5718.0,0,10,True
B-train-00715-q04,B-train-00715,argmax,"Trong bảng 2 ở trang 1, Chi nhánh nào có Kỳ này lớn nhất?",Chi nhánh,Kỳ này,Cần Thơ 02,p01_b00241,2,12,0,False,1,Đà Nẵng 01,p01_b00220,2,10,0,False,1,9.538,9538.0,7,10,False
B-train-00716-q03,B-train-00716,argmax,"Trong bảng 1 ở trang 1, Điểm quan trắc nào có COD lớn nhất?",Điểm quan trắc,COD,Hồ Xuân Hương,p01_b00033,1,5,0,False,3,Hồ Xuân Hương,p01_b00080,1,10,0,False,3,91,91.0,7,14,True
B-train-00716-q04,B-train-00716,argmax,"Trong bảng 1 ở trang 1, Điểm quan trắc nào có BOD5 lớn nhất?",Điểm quan trắc,BOD5,Cửa biển Đà Nẵng,p01_b00096,1,12,0,False,1,Hồ Xuân Hương,p01_b00080,1,10,0,False,2,46,46.0,7,14,False
B-train-00716-q08,B-train-00716,argmin,"Trong bảng 2 ở trang 1, Điểm bán nào có Giá trị bán nhỏ nhất?",Điểm bán,Giá trị bán,Điểm bán phía Bắc,p01_b00239,2,11,0,False,2,Điểm bán phía Bắc,p01_b00239,2,11,0,False,2,95.356,95356.0,8,12,True
B-train-00717-q06,B-train-00717,argmin,"Trong bảng 2 ở trang 1, Điểm quan trắc nào có Tỷ trọng (%) nhỏ nhất?",Điểm quan trắc,Tỷ trọng (%),Mức A | ưu tiên,p01_b00246,2,12,0,False,1,Mức A | ưu tiên,p01_b00246,2,12,0,False,1,"0,8%",0.8,9,12,True
B-train-00717-q07,B-train-00717,argmax,"Trong bảng 1 ở trang 2, Gói thầu nào có Kỳ này lớn nhất?",Gói thầu,Kỳ này,GT65,p02_b00023,1,4,0,False,1,GT65,p02_b00023,1,4,0,False,1,9.732,9732.0,1,11,True
B-train-00717-q08,B-train-00717,argmin,"Trong bảng 1 ở trang 2, Gói thầu nào có Kỳ này nhỏ nhất?",Gói thầu,Kỳ này,GT99,p02_b00013,1,3,0,True,1,GT99,p02_b00013,1,3,0,True,1,481,481.0,0,11,True
B-train-00717-q09,B-train-00717,argmax,"Trong bảng 1 ở trang 1, Kho/điểm nào có Tồn cuối lớn nhất?",Kho/điểm,Tồn cuối,Kho Bình Dương,p01_b00039,1,5,0,False,2,Kho Bình Dương,p01_b00039,1,5,0,False,2,787,787.0,2,12,True
B-train-00718-q01,B-train-00718,argmax,"Trong bảng 1 ở trang 1, Địa bàn nào có Kỳ trước lớn nhất?",Địa bàn,Kỳ trước,Hải Phòng,p01_b00023,1,4,0,False,1,Hải Phòng,p01_b00023,1,4,0,False,1,9.596,9596.0,1,11,True
B-train-00718-q07,B-train-00718,argmin,"Trong bảng 1 ở trang 1, Địa bàn nào có Lũy kế nhỏ nhất?",Địa bàn,Lũy kế,Đà Nẵng,p01_b00032,1,5,0,False,1,Đà Nẵng,p01_b00032,1,5,0,False,1,773,773.0,2,11,True
B-train-00718-q09,B-train-00718,argmin,"Trong bảng 2 ở trang 1, Khu vực nào có Kế hoạch năm nhỏ nhất?",Khu vực,Kế hoạch năm,Miền Trung,p01_b00201,2,9,0,False,2,Miền Bắc,p01_b00212,2,10,0,False,4,251,251.0,8,12,False
B-train-00719-q03,B-train-00719,argmin,"Trong bảng 1 ở trang 2, Địa bàn nào có Kỳ này nhỏ nhất?",Địa bàn,Kỳ này,Hà Nội,p02_b00014,1,3,0,False,2,Hà Nội,p02_b00014,1,3,0,False,2,1.608,1608.0,0,11,True
B-train-00719-q04,B-train-00719,argmax,"Trong bảng 1 ở trang 1, Kho/điểm nào có Lũy kế lớn nhất?",Kho/điểm,Lũy kế,Kho trung chuyển,p01_b00094,1,12,0,False,1,Kho trung chuyển,p01_b00094,1,12,0,False,1,7.003,7003.0,9,11,True
B-train-00719-q05,B-train-00719,argmin,"Trong bảng 1 ở trang 2, Địa bàn nào có Diện tích (ha) nhỏ nhất?",Địa bàn,Diện tích (ha),Hà Nội,p02_b00014,1,3,0,False,2,Hà Nội,p02_b00014,1,3,0,False,2,55,55.0,0,11,True
B-train-00719-q08,B-train-00719,argmax,"Trong bảng 1 ở trang 2, Địa bàn nào có Diện tích (ha) lớn nhất?",Địa bàn,Diện tích (ha),Hà Nội,p02_b00084,1,10,0,False,2,Hà Nội,p02_b00084,1,10,0,False,2,839,839.0,7,11,True
B-train-00720-q05,B-train-00720,argmax,"Trong bảng 1 ở trang 1, Khu vực nào có Tỷ lệ lớn nhất?",Khu vực,Tỷ lệ,Miền Bắc,p01_b00119,1,13,0,False,2,Miền Bắc,p01_b00119,1,13,0,False,2,"153,6%",153.6,10,13,True
B-train-00720-q06,B-train-00720,argmax,"Trong bảng 1 ở trang 1, Khu vực nào có Chênh lệch lớn nhất?",Khu vực,Chênh lệch,Miền Bắc,p01_b00119,1,13,0,False,3,Miền Bắc,p01_b00119,1,13,0,False,3,890,890.0,10,13,True
B-train-00720-q10,B-train-00720,argmin,"Trong bảng 2 ở trang 1, Chi nhánh nào có Dư nợ nhỏ nhất?",Chi nhánh,Dư nợ,Hải Phòng,p01_b00215,2,10,0,False,1,Hải Phòng,p01_b00215,2,10,0,False,1,1.160,1160.0,7,9,True
B-train-00721-q02,B-train-00721,argmin,"Trong bảng 1 ở trang 2, Mã hàng nào có Nhập nhỏ nhất?",Mã hàng,Nhập,VT760,p02_b00085,1,9,0,False,1,VT760,p02_b00085,1,9,0,False,1,31,31.0,6,16,True
B-train-00721-q06,B-train-00721,argmax,"Trong bảng 1 ở trang 2, Mã hàng nào có Nhập lớn nhất?",Mã hàng,Nhập,VT111,p02_b00039,1,5,0,False,2,VT111,p02_b00039,1,5,0,False,2,117,117.0,2,16,True
B-train-00721-q07,B-train-00721,argmin,"Trong bảng 1 ở trang 1, Mã hàng nào có Xuất nhỏ nhất?",Mã hàng,Xuất,VT048,p01_b00039,1,5,0,False,1,VT048,p01_b00039,1,5,0,False,1,10,10.0,2,16,True
B-train-00721-q10,B-train-00721,argmax,"Trong bảng 1 ở trang 2, Mã hàng nào có Tồn cuối lớn nhất?",Mã hàng,Tồn cuối,VT690,p02_b00145,1,14,0,False,1,VT690,p02_b00145,1,14,0,False,1,102,102.0,11,16,True
B-train-00722-q01,B-train-00722,argmax,"Trong bảng 2 ở trang 1, Khu vực nào có Kỳ trước lớn nhất?",Khu vực,Kỳ trước,Miền Nam,p01_b00155,2,5,0,False,3,Miền Nam,p01_b00155,2,5,0,False,3,8.951,8951.0,2,14,True
B-train-00722-q03,B-train-00722,argmin,"Trong bảng 1 ở trang 1, Phòng ban nào có Kế hoạch năm nhỏ nhất?",Phòng ban,Kế hoạch năm,Hà Nội,p01_b00039,1,6,0,False,1,Hà Nội,p01_b00039,1,6,0,False,1,548,548.0,3,13,True
B-train-00722-q07,B-train-00722,argmax,"Trong bảng 1 ở trang 1, Phòng ban nào có Kế hoạch năm lớn nhất?",Phòng ban,Kế hoạch năm,Kinh doanh,p01_b00112,1,15,0,False,3,Kinh doanh,p01_b00112,1,15,0,False,3,8.423,8423.0,12,13,True
B-train-00723-q03,B-train-00723,argmax,"Trong bảng 1 ở trang 1, Phòng ban nào có Lũy kế lớn nhất?",Phòng ban,Lũy kế,Công nghệ,p01_b00161,1,18,0,False,3,Công nghệ,p01_b00161,1,18,0,False,3,9.825,9825.0,15,20,True
B-train-00723-q04,B-train-00723,argmax,"Trong bảng 1 ở trang 2, Phòng ban nào có Hiện có lớn nhất?",Phòng ban,Hiện có,Hành chính,p02_b00093,1,11,0,False,3,Hành chính,p02_b00093,1,11,0,False,3,39,39.0,8,21,True
B-train-00723-q06,B-train-00723,argmin,"Trong bảng 1 ở trang 1, Phòng ban nào có Hiện có nhỏ nhất?",Phòng ban,Hiện có,Công nghệ,p01_b00043,1,6,0,True,3,Công nghệ,p01_b00043,1,6,0,True,3,3,3.0,3,20,True
B-train-00723-q09,B-train-00723,argmin,"Trong bảng 1 ở trang 2, Phòng ban nào có Lũy kế nhỏ nhất?",Phòng ban,Lũy kế,Vận hành,p02_b00073,1,9,0,False,4,Vận hành,p02_b00073,1,9,0,False,4,632,632.0,6,21,True
B-train-00724-q02,B-train-00724,argmax,"Trong bảng 1 ở trang 2, Chi nhánh nào có Huy động lớn nhất?",Chi nhánh,Huy động,Miền Trung,p02_b00061,1,9,0,True,1,Khánh Hòa 03,p02_b00036,1,6,0,False,1,9.570,9570.0,3,9,False
B-train-00724-q03,B-train-00724,argmax,"Trong bảng 1 ở trang 1, Kho/điểm nào có Chi phí lớn nhất?",Kho/điểm,Chi phí,Kho Hà Nội,p01_b00015,1,3,0,False,1,Kho Hà Nội,p01_b00015,1,3,0,False,1,313.088,313088.0,0,11,True
B-train-00724-q06,B-train-00724,argmin,"Trong bảng 1 ở trang 2, Chi nhánh nào có Tăng trưởng nhỏ nhất?",Chi nhánh,Tăng trưởng,Đà Nẵng 01,p02_b00027,1,5,0,False,1,Miền Trung,p02_b00061,1,9,0,True,1,"-0,6%",-0.6,7,9,False
B-train-00724-q09,B-train-00724,argmin,"Trong bảng 1 ở trang 2, Chi nhánh nào có Tỷ trọng (%) nhỏ nhất?",Chi nhánh,Tỷ trọng (%),Hải Phòng 02,p02_b00020,1,4,0,False,1,Hải Phòng 02,p02_b00020,1,4,0,False,1,"7,3%",7.3,1,9,True
B-train-00725-q01,B-train-00725,argmax,"Trong bảng 1 ở trang 1, Gói thầu nào có Kỳ này lớn nhất?",Gói thầu,Kỳ này,GT98,p01_b00021,1,4,0,False,1,GT98,p01_b00021,1,4,0,False,1,6.439,6439.0,1,9,True
B-train-00725-q03,B-train-00725,argmin,"Trong bảng 1 ở trang 1, Gói thầu nào có Giá dự toán nhỏ nhất?",Gói thầu,Giá dự toán,Mức A | ưu tiên,p01_b00052,1,8,0,True,1,Mức A | ưu tiên,p01_b00052,1,8,0,True,1,160,160.0,5,9,True
B-train-00725-q06,B-train-00725,argmin,"Trong bảng 2 ở trang 1, Nhóm chế độ nào có Đã giải quyết nhỏ nhất?",Nhóm chế độ,Đã giải quyết,Thất nghiệp,p01_b00110,2,4,0,False,2,Thất nghiệp,p01_b00110,2,4,0,False,2,180,180.0,1,9,True
B-train-00725-q10,B-train-00725,argmax,"Trong bảng 2 ở trang 1, Nhóm chế độ nào có Trễ hạn lớn nhất?",Nhóm chế độ,Trễ hạn,Đà Nẵng,p01_b00132,2,6,0,False,1,Hưu trí,p01_b00099,2,3,0,False,2,104,104.0,0,9,False
B-train-00726-q01,B-train-00726,argmax,"Trong bảng 2 ở trang 1, Khu vực nào có Tỷ lệ rớt cuộc lớn nhất?",Khu vực,Tỷ lệ rớt cuộc,Tây Nguyên,p01_b00244,2,10,0,False,1,Tây Nguyên,p01_b00244,2,10,0,False,1,"3,4%",3.4,7,10,True
B-train-00726-q03,B-train-00726,argmax,"Trong bảng 2 ở trang 1, Khu vực nào có Kỳ này lớn nhất?",Khu vực,Kỳ này,Khu vực miền núi,p01_b00218,2,7,0,False,2,Khu vực miền núi,p01_b00218,2,7,0,False,2,8.547,8547.0,4,10,True
B-train-00726-q08,B-train-00726,argmin,"Trong bảng 2 ở trang 1, Khu vực nào có Lưu lượng nhỏ nhất?",Khu vực,Lưu lượng,Khu vực ven biển,p01_b00200,2,5,0,False,1,Khu vực ven biển,p01_b00200,2,5,0,False,1,2.391,2391.0,2,10,True
B-train-00727-q02,B-train-00727,argmax,"Trong bảng 1 ở trang 1, Khoa nào có Kỳ này lớn nhất?",Khoa,Kỳ này,Mắt,p01_b00094,1,13,0,False,1,Miền Trung,p01_b00048,1,7,0,False,1,9.287,9287.0,5,14,False
B-train-00727-q09,B-train-00727,argmax,"Trong bảng 1 ở trang 1, Khoa nào có Tỷ trọng (%) lớn nhất?",Khoa,Tỷ trọng (%),Sản,p01_b00039,1,6,0,False,1,Sản,p01_b00039,1,6,0,False,1,"26,0%",26.0,3,14,True
B-train-00727-q10,B-train-00727,argmin,"Trong bảng 2 ở trang 1, Nghiệp vụ nào có Phí bảo hiểm nhỏ nhất?",Nghiệp vụ,Phí bảo hiểm,Tài sản,p01_b00216,2,10,0,True,2,Tài sản,p01_b00216,2,10,0,True,2,1.261,1261.0,7,12,True
B-train-00728-q03,B-train-00728,argmax,"Trong bảng 1 ở trang 1, Địa bàn nào có Sản lượng (tấn) lớn nhất?",Địa bàn,Sản lượng (tấn),Tây Nguyên,p01_b00087,1,10,0,False,1,Tây Nguyên,p01_b00087,1,10,0,False,1,6.408,6408.0,7,14,True
B-train-00728-q08,B-train-00728,argmax,"Trong bảng 1 ở trang 1, Địa bàn nào có Tỷ trọng (%) lớn nhất?",Địa bàn,Tỷ trọng (%),Đồng Nai,p01_b00055,1,7,0,False,2,Đồng Nai,p01_b00055,1,7,0,False,2,"36,1%",36.1,4,14,True
B-train-00729-q01,B-train-00729,argmin,"Trong bảng 2 ở trang 1, Khu vực nào có Tỷ lệ rớt cuộc nhỏ nhất?",Khu vực,Tỷ lệ rớt cuộc,Khu vực đô thị,p01_b00191,2,11,0,False,1,Khu vực đô thị,p01_b00191,2,11,0,False,1,"0,7%",0.7,8,11,True
B-train-00729-q02,B-train-00729,argmin,"Trong bảng 1 ở trang 1, Điểm đến nào có Kế hoạch năm nhỏ nhất?",Điểm đến,Kế hoạch năm,Phố cổ Hội An,p01_b00021,1,4,0,False,1,Phố cổ Hội An,p01_b00021,1,4,0,False,1,624,624.0,1,11,True
B-train-00729-q04,B-train-00729,argmax,"Trong bảng 1 ở trang 1, Điểm đến nào có Khách quốc tế lớn nhất?",Điểm đến,Khách quốc tế,Vịnh Hạ Long,p01_b00093,1,13,0,False,3,Vịnh Hạ Long,p01_b00093,1,13,0,False,3,6.134,6134.0,10,11,True
B-train-00729-q06,B-train-00729,argmax,"Trong bảng 2 ở trang 1, Khu vực nào có Kỳ trước lớn nhất?",Khu vực,Kỳ trước,Cụm BTS-01,p01_b00115,2,3,0,False,3,Cụm BTS-01,p01_b00115,2,3,0,False,3,9.766,9766.0,0,11,True
B-train-00730-q02,B-train-00730,argmin,"Trong bảng 1 ở trang 1, Điểm bán nào có Lũy kế nhỏ nhất?",Điểm bán,Lũy kế,Điểm bán phía Nam,p01_b00046,1,7,0,False,1,Điểm bán phía Nam,p01_b00046,1,7,0,False,1,2.645,2645.0,4,12,True
B-train-00730-q03,B-train-00730,argmax,"Trong bảng 1 ở trang 2, Gói thầu nào có Tỷ trọng (%) lớn nhất?",Gói thầu,Tỷ trọng (%),GT11,p02_b00105,1,13,0,False,1,Cần Thơ,p02_b00088,1,11,0,True,1,"34,2%",34.2,9,11,False
B-train-00730-q05,B-train-00730,argmin,"Trong bảng 1 ở trang 1, Điểm bán nào có Số đơn nhỏ nhất?",Điểm bán,Số đơn,Siêu thị trung tâm,p01_b00072,1,10,0,False,2,Siêu thị trung tâm,p01_b00072,1,10,0,False,2,224,224.0,7,12,True
B-train-00730-q07,B-train-00730,argmax,"Trong bảng 2 ở trang 1, Chi nhánh nào có Huy động lớn nhất?",Chi nhánh,Huy động,Cần Thơ 02,p01_b00158,2,7,0,False,2,Cần Thơ 02,p01_b00158,2,7,0,False,2,10.300,10300.0,4,10,True
B-train-00731-q01,B-train-00731,argmax,"Trong bảng 1 ở trang 1, Nhóm chế độ nào có Chi trả lớn nhất?",Nhóm chế độ,Chi trả,Thất nghiệp,p01_b00138,1,14,0,False,3,Thất nghiệp,p01_b00138,1,14,0,False,3,33.768,33768.0,11,12,True
B-train-00731-q06,B-train-00731,argmax,"Trong bảng 1 ở trang 1, Nhóm chế độ nào có Kế hoạch năm lớn nhất?",Nhóm chế độ,Kế hoạch năm,Hưu trí,p01_b00072,1,8,0,False,3,Hưu trí,p01_b00072,1,8,0,False,3,9.786,9786.0,5,12,True
B-train-00731-q07,B-train-00731,argmin,"Trong bảng 1 ở trang 2, Điểm bán nào có Kỳ này nhỏ nhất?",Điểm bán,Kỳ này,Cửa hàng 01,p02_b00053,1,8,0,False,3,Cửa hàng 01,p02_b00053,1,8,0,False,3,379,379.0,5,14,True
B-train-00731-q08,B-train-00731,argmin,"Trong bảng 1 ở trang 1, Nhóm chế độ nào có Trễ hạn nhỏ nhất?",Nhóm chế độ,Trễ hạn,Thất nghiệp,p01_b00026,1,4,0,False,3,Thất nghiệp,p01_b00026,1,4,0,False,3,1,1.0,1,12,True
B-train-00732-q03,B-train-00732,argmax,"Trong bảng 1 ở trang 2, Dự án nào có Tiến độ lớn nhất?",Dự án,Tiến độ,Đường vành đai,p02_b00057,1,8,0,False,5,Đường vành đai,p02_b00057,1,8,0,False,5,"87,9%",87.9,5,21,True
B-train-00732-q04,B-train-00732,argmin,"Trong bảng 1 ở trang 2, Dự án nào có Giải ngân nhỏ nhất?",Dự án,Giải ngân,Đường vành đai,p02_b00057,1,8,0,False,4,Đường vành đai,p02_b00057,1,8,0,False,4,615,615.0,5,21,True
B-train-00732-q09,B-train-00732,argmin,"Trong bảng 1 ở trang 1, Dự án nào có Tỷ trọng (%) nhỏ nhất?",Dự án,Tỷ trọng (%),Cầu Đông Thành,p01_b00057,1,8,0,False,5,Cầu Đông Thành,p01_b00057,1,8,0,False,5,"5,8%",5.8,5,21,True
B-train-00732-q10,B-train-00732,argmax,"Trong bảng 1 ở trang 1, Dự án nào có Giải ngân lớn nhất?",Dự án,Giải ngân,Trường liên cấp,p01_b00074,1,10,0,False,4,Trường liên cấp,p01_b00074,1,10,0,False,4,27.017,27017.0,7,21,True
B-train-00733-q02,B-train-00733,argmax,"Trong bảng 1 ở trang 1, Điểm quan trắc nào có Kế hoạch năm lớn nhất?",Điểm quan trắc,Kế hoạch năm,Sông Hồng,p01_b00014,1,3,0,False,2,Sông Hồng,p01_b00014,1,3,0,False,2,9.444,9444.0,0,14,True
B-train-00733-q05,B-train-00733,argmax,"Trong bảng 1 ở trang 1, Điểm quan trắc nào có COD lớn nhất?",Điểm quan trắc,COD,Sông Hồng,p01_b00014,1,3,0,False,3,Sông Hồng,p01_b00014,1,3,0,False,3,95,95.0,0,14,True
B-train-00733-q08,B-train-00733,argmin,"Trong bảng 2 ở trang 1, Khu vực nào có Kỳ này nhỏ nhất?",Khu vực,Kỳ này,Đồng bằng sông Cửu Long,p01_b00215,2,7,0,False,2,Đồng bằng sông Cửu Long,p01_b00215,2,7,0,False,2,598,598.0,4,10,True
B-train-00733-q10,B-train-00733,argmin,"Trong bảng 1 ở trang 1, Điểm quan trắc nào có BOD5 nhỏ nhất?",Điểm quan trắc,BOD5,Cửa biển Đà Nẵng,p01_b00053,1,7,0,False,1,Cửa biển Đà Nẵng,p01_b00053,1,7,0,False,1,9,9.0,4,14,True
B-train-00734-q04,B-train-00734,argmin,"Trong bảng 1 ở trang 1, Trạm nào có Công suất đỉnh nhỏ nhất?",Trạm,Công suất đỉnh,Trạm Nam Sông,p01_b00035,1,5,0,False,3,Trạm Nam Sông,p01_b00035,1,5,0,False,3,143,143.0,2,15,True
B-train-00734-q05,B-train-00734,argmax,"Trong bảng 1 ở trang 1, Trạm nào có Công suất đỉnh lớn nhất?",Trạm,Công suất đỉnh,Trạm Nam Sông,p01_b00145,1,15,0,False,3,Trạm Nam Sông,p01_b00145,1,15,0,False,3,747,747.0,12,15,True
B-train-00734-q07,B-train-00734,argmax,"Trong bảng 1 ở trang 2, Trạm nào có Công suất đỉnh lớn nhất?",Trạm,Công suất đỉnh,Trạm Cao Nguyên,p02_b00112,1,12,0,False,2,Trạm Cao Nguyên,p02_b00112,1,12,0,False,2,777,777.0,9,16,True
B-train-00735-q03,B-train-00735,argmax,"Trong bảng 1 ở trang 1, Địa bàn nào có Kỳ này lớn nhất?",Địa bàn,Kỳ này,Đồng Nai,p01_b00058,1,7,0,False,3,Đồng Nai,p01_b00058,1,7,0,False,3,9.616,9616.0,4,20,True
B-train-00735-q06,B-train-00735,argmax,"Trong bảng 1 ở trang 2, Địa bàn nào có Sản lượng (tấn) lớn nhất?",Địa bàn,Sản lượng (tấn),Đà Nẵng,p02_b00047,1,6,0,False,3,Đà Nẵng,p02_b00047,1,6,0,False,3,4.905,4905.0,3,20,True
B-train-00736-q01,B-train-00736,argmax,"Trong bảng 1 ở trang 1, Khoa nào có Lũy kế lớn nhất?",Khoa,Lũy kế,Mắt,p01_b00051,1,7,0,False,1,Mắt,p01_b00051,1,7,0,False,1,9.757,9757.0,4,10,True
B-train-00736-q05,B-train-00736,argmin,"Trong bảng 1 ở trang 1, Khoa nào có Tỷ trọng (%) nhỏ nhất?",Khoa,Tỷ trọng (%),Sản,p01_b00096,1,12,0,True,1,Sản,p01_b00096,1,12,0,True,1,"1,5%",1.5,9,10,True
B-train-00736-q08,B-train-00736,argmin,"Trong bảng 2 ở trang 1, Khu vực nào có Kỳ này nhỏ nhất?",Khu vực,Kỳ này,Cụm BTS-01,p01_b00116,2,3,0,False,3,Cụm BTS-01,p01_b00116,2,3,0,False,3,1.561,1561.0,0,14,True
B-train-00736-q09,B-train-00736,argmax,"Trong bảng 2 ở trang 1, Khu vực nào có Phản ánh lớn nhất?",Khu vực,Phản ánh,Cụm BTS-02,p01_b00206,2,14,0,False,3,Cụm BTS-02,p01_b00206,2,14,0,False,3,91,91.0,11,14,True
B-train-00737-q02,B-train-00737,argmin,"Trong bảng 2 ở trang 1, Khu vực nào có Tỷ lệ rớt cuộc nhỏ nhất?",Khu vực,Tỷ lệ rớt cuộc,Cụm BTS-01,p01_b00129,2,3,0,False,2,Cụm BTS-01,p01_b00129,2,3,0,False,2,"0,6%",0.6,0,10,True
B-train-00737-q06,B-train-00737,argmax,"Trong bảng 2 ở trang 1, Khu vực nào có Tỷ lệ rớt cuộc lớn nhất?",Khu vực,Tỷ lệ rớt cuộc,Khu vực ven biển,p01_b00151,2,5,0,False,1,Khu vực ven biển,p01_b00151,2,5,0,False,1,"2,6%",2.6,2,10,True
B-train-00737-q08,B-train-00737,argmax,"Trong bảng 2 ở trang 1, Khu vực nào có Thuê bao lớn nhất?",Khu vực,Thuê bao,Cần Thơ,p01_b00195,2,9,0,False,1,Cần Thơ,p01_b00195,2,9,0,False,1,51.472,51472.0,6,10,True
B-train-00737-q09,B-train-00737,argmin,"Trong bảng 1 ở trang 1, Kho/điểm nào có Tồn cuối nhỏ nhất?",Kho/điểm,Tồn cuối,Kho Bình Dương,p01_b00092,1,10,0,False,2,Kho Bình Dương,p01_b00092,1,10,0,False,2,102,102.0,7,9,True
B-train-00738-q04,B-train-00738,argmin,"Trong bảng 1 ở trang 1, Phòng ban nào có Kỳ trước nhỏ nhất?",Phòng ban,Kỳ trước,Vận hành,p01_b00035,1,5,0,False,1,Vận hành,p01_b00035,1,5,0,False,1,138,138.0,2,14,True
B-train-00738-q06,B-train-00738,argmin,"Trong bảng 1 ở trang 1, Phòng ban nào có Định biên nhỏ nhất?",Phòng ban,Định biên,Tây Nguyên,p01_b00094,1,11,0,True,1,Tây Nguyên,p01_b00094,1,11,0,True,1,8,8.0,8,14,True
B-train-00738-q07,B-train-00738,argmax,"Trong bảng 2 ở trang 1, Nghiệp vụ nào có Phí bảo hiểm lớn nhất?",Nghiệp vụ,Phí bảo hiểm,Tai nạn con người,p01_b00278,2,12,0,True,2,Tai nạn con người,p01_b00278,2,12,0,True,2,11.354,11354.0,9,13,True
B-train-00738-q09,B-train-00738,argmax,"Trong bảng 2 ở trang 1, Nghiệp vụ nào có Tỷ lệ lớn nhất?",Nghiệp vụ,Tỷ lệ,Sức khỏe,p01_b00290,2,13,0,False,2,Sức khỏe,p01_b00290,2,13,0,False,2,"57,3%",57.3,10,13,True
B-train-00739-q04,B-train-00739,argmax,"Trong bảng 1 ở trang 1, Trạm nào có Tổn thất lớn nhất?",Trạm,Tổn thất,Trạm Cao Nguyên,p01_b00106,1,12,0,False,2,Trạm Cao Nguyên,p01_b00106,1,12,0,False,2,"7,5%",7.5,9,14,True
B-train-00739-q08,B-train-00739,argmax,"Trong bảng 1 ở trang 1, Trạm nào có Lũy kế lớn nhất?",Trạm,Lũy kế,Trạm Tây Đô,p01_b00095,1,11,0,False,2,Trạm Tây Đô,p01_b00095,1,11,0,False,2,9.589,9589.0,8,14,True
B-train-00739-q09,B-train-00739,argmin,"Trong bảng 1 ở trang 1, Trạm nào có Tổn thất nhỏ nhất?",Trạm,Tổn thất,Trạm 110kV Bắc,p01_b00062,1,8,0,False,3,Trạm 110kV Bắc,p01_b00062,1,8,0,False,3,"1,4%",1.4,5,14,True
B-train-00740-q03,B-train-00740,argmin,"Trong bảng 2 ở trang 1, Nhóm chế độ nào có Chi trả nhỏ nhất?",Nhóm chế độ,Chi trả,Thai sản,p01_b00213,2,11,0,False,2,Thai sản,p01_b00213,2,11,0,False,2,488,488.0,8,14,True
B-train-00740-q05,B-train-00740,argmax,"Trong bảng 2 ở trang 1, Nhóm chế độ nào có Lũy kế lớn nhất?",Nhóm chế độ,Lũy kế,Hưu trí,p01_b00233,2,13,0,False,2,Hưu trí,p01_b00233,2,13,0,False,2,8.919,8919.0,10,14,True
B-train-00740-q09,B-train-00740,argmax,"Trong bảng 1 ở trang 1, Dự án nào có Tiến độ lớn nhất?",Dự án,Tiến độ,Đường vành đai,p01_b00073,1,9,0,False,2,Đường vành đai,p01_b00073,1,9,0,False,2,"93,7%",93.7,6,10,True
B-train-00741-q02,B-train-00741,argmax,"Trong bảng 2 ở trang 1, Dự án nào có Kế hoạch năm lớn nhất?",Dự án,Kế hoạch năm,Cầu Đông Thành,p01_b00140,2,8,0,False,2,Khu tái định cư,p01_b00175,2,12,0,False,1,8.527,8527.0,9,14,False
B-train-00741-q03,B-train-00741,argmax,"Trong bảng 1 ở trang 1, Kho/điểm nào có Đơn xử lý lớn nhất?",Kho/điểm,Đơn xử lý,Kho Cần Thơ,p01_b00078,1,11,0,False,1,Kho Hà Nội,p01_b00053,1,8,0,False,1,6712,6712.0,5,9,False
B-train-00741-q04,B-train-00741,argmin,"Trong bảng 1 ở trang 1, Kho/điểm nào có Đúng hạn nhỏ nhất?",Kho/điểm,Đúng hạn,Kho Hà Nội,p01_b00053,1,8,0,False,2,Kho Hà Nội,p01_b00053,1,8,0,False,2,"78,3%",78.3,5,9,True
B-train-00741-q07,B-train-00741,argmin,"Trong bảng 1 ở trang 2, Nhóm chế độ nào có Đã giải quyết nhỏ nhất?",Nhóm chế độ,Đã giải quyết,Hưu trí,p02_b00118,1,13,0,False,3,Hưu trí,p02_b00118,1,13,0,False,3,403,403.0,10,13,True
B-train-00742-q05,B-train-00742,argmax,"Trong bảng 2 ở trang 1, Chi nhánh nào có Nợ quá hạn lớn nhất?",Chi nhánh,Nợ quá hạn,Đà Nẵng 01,p01_b00179,2,10,0,False,2,Đà Nẵng 01,p01_b00179,2,10,0,False,2,550,550.0,7,11,True
B-train-00743-q01,B-train-00743,argmin,"Trong bảng 1 ở trang 1, Mã hàng nào có Tồn cuối nhỏ nhất?",Mã hàng,Tồn cuối,VT541,p01_b00101,1,11,0,False,1,VT541,p01_b00101,1,11,0,False,1,6,6.0,8,20,True
B-train-00743-q03,B-train-00743,argmax,"Trong bảng 1 ở trang 2, Mã hàng nào có Kế hoạch năm lớn nhất?",Mã hàng,Kế hoạch năm,VT652,p02_b00188,1,19,0,False,1,VT652,p02_b00188,1,19,0,False,1,9.843,9843.0,16,20,True
B-train-00743-q06,B-train-00743,argmax,"Trong bảng 1 ở trang 2, Mã hàng nào có Tồn cuối lớn nhất?",Mã hàng,Tồn cuối,VT043,p02_b00014,1,3,0,False,1,VT043,p02_b00014,1,3,0,False,1,180,180.0,0,20,True
B-train-00743-q08,B-train-00743,argmin,"Trong bảng 1 ở trang 2, Mã hàng nào có Lũy kế nhỏ nhất?",Mã hàng,Lũy kế,VT271,p02_b00090,1,10,0,False,1,VT271,p02_b00090,1,10,0,False,1,86,86.0,7,20,True
B-train-00744-q06,B-train-00744,argmin,"Trong bảng 2 ở trang 1, Nghiệp vụ nào có Phí bảo hiểm nhỏ nhất?",Nghiệp vụ,Phí bảo hiểm,Sức khỏe,p01_b00202,2,13,0,False,2,Sức khỏe,p01_b00202,2,13,0,False,2,686,686.0,10,13,True
B-train-00745-q05,B-train-00745,argmin,"Trong bảng 1 ở trang 1, Đơn vị nào có Lũy kế nhỏ nhất?",Đơn vị,Lũy kế,Đồng Nai,p01_b00060,1,8,0,False,1,Đồng Nai,p01_b00060,1,8,0,False,1,1.854,1854.0,5,9,True
B-train-00745-q06,B-train-00745,argmax,"Trong bảng 1 ở trang 2, Mã hàng nào có Xuất lớn nhất?",Mã hàng,Xuất,VT884,p02_b00081,1,10,0,False,1,VT884,p02_b00081,1,10,0,False,1,194,194.0,7,14,True
B-train-00745-q07,B-train-00745,argmin,"Trong bảng 2 ở trang 1, Khu vực nào có Tỷ lệ rớt cuộc nhỏ nhất?",Khu vực,Tỷ lệ rớt cuộc,Cụm BTS-01,p01_b00222,2,13,0,False,2,Cụm BTS-01,p01_b00222,2,13,0,False,2,"0,6%",0.6,10,12,True
B-train-00746-q03,B-train-00746,argmax,"Trong bảng 1 ở trang 1, Điểm bán nào có Kỳ này lớn nhất?",Điểm bán,Kỳ này,Điểm bán phía Nam,p01_b00122,1,12,0,False,3,Điểm bán phía Nam,p01_b00122,1,12,0,False,3,9.625,9625.0,9,17,True
B-train-00746-q06,B-train-00746,argmin,"Trong bảng 1 ở trang 2, Điểm bán nào có Hoàn trả nhỏ nhất?",Điểm bán,Hoàn trả,Cửa hàng 02,p02_b00121,1,12,0,False,3,Cửa hàng 02,p02_b00121,1,12,0,False,3,"0,1%",0.1,9,17,True
B-train-00746-q08,B-train-00746,argmax,"Trong bảng 1 ở trang 1, Điểm bán nào có Giá trị bán lớn nhất?",Điểm bán,Giá trị bán,Điểm bán phía Bắc,p01_b00170,1,16,0,False,3,Điểm bán phía Bắc,p01_b00170,1,16,0,False,3,2.176.608,2176608.0,13,17,True
B-train-00747-q02,B-train-00747,argmin,"Trong bảng 1 ở trang 2, Đơn vị nào có Thí sinh nhỏ nhất?",Đơn vị,Thí sinh,Miền Nam,p02_b00059,1,8,0,False,1,Miền Nam,p02_b00059,1,8,0,False,1,29,29.0,5,10,True
B-train-00747-q03,B-train-00747,argmax,"Trong bảng 1 ở trang 1, Điểm bán nào có Kỳ này lớn nhất?",Điểm bán,Kỳ này,Điểm bán phía Nam,p01_b00053,1,7,0,False,2,Điểm bán phía Nam,p01_b00053,1,7,0,False,2,8.921,8921.0,4,13,True
B-train-00747-q05,B-train-00747,argmax,"Trong bảng 2 ở trang 1, Phòng ban nào có Định biên lớn nhất?",Phòng ban,Định biên,Kinh doanh,p01_b00161,2,3,0,False,1,Kinh doanh,p01_b00161,2,3,0,False,1,29,29.0,0,10,True
B-train-00747-q09,B-train-00747,argmin,"Trong bảng 1 ở trang 2, Đơn vị nào có Lũy kế nhỏ nhất?",Đơn vị,Lũy kế,THPT Lê Quý Đôn,p02_b00021,1,4,0,False,1,THPT Lê Quý Đôn,p02_b00021,1,4,0,False,1,2.828,2828.0,1,10,True
B-train-00748-q03,B-train-00748,argmax,"Trong bảng 2 ở trang 1, Dự án nào có Tiến độ lớn nhất?",Dự án,Tiến độ,Nhà máy nước,p01_b00232,2,11,0,False,2,Nhà máy nước,p01_b00232,2,11,0,False,2,"91,5%",91.5,8,10,True
B-train-00748-q06,B-train-00748,argmax,"Trong bảng 1 ở trang 1, Dự án nào có Giải ngân lớn nhất?",Dự án,Giải ngân,Cầu Đông Thành,p01_b00093,1,13,0,False,2,Cầu Đông Thành,p01_b00093,1,13,0,False,2,20.549,20549.0,10,14,True
B-train-00748-q09,B-train-00748,argmin,"Trong bảng 2 ở trang 1, Dự án nào có Tiến độ nhỏ nhất?",Dự án,Tiến độ,Trường liên cấp,p01_b00164,2,5,0,False,1,Trường liên cấp,p01_b00164,2,5,0,False,1,"13,4%",13.4,2,10,True
B-train-00749-q01,B-train-00749,argmin,"Trong bảng 1 ở trang 1, Đơn vị nào có Đạt nhỏ nhất?",Đơn vị,Đạt,THPT Trần Phú,p01_b00138,1,15,0,False,3,THPT Trần Phú,p01_b00138,1,15,0,False,3,21,21.0,12,14,True
B-train-00749-q05,B-train-00749,argmin,"Trong bảng 1 ở trang 2, Khoa nào có Chuyển tuyến nhỏ nhất?",Khoa,Chuyển tuyến,Sản,p02_b00107,1,12,0,False,2,Sản,p02_b00107,1,12,0,False,2,0,0.0,9,11,True
B-train-00749-q06,B-train-00749,argmax,"Trong bảng 1 ở trang 2, Khoa nào có Kế hoạch năm lớn nhất?",Khoa,Kế hoạch năm,Tai Mũi Họng,p02_b00064,1,8,0,False,1,Tai Mũi Họng,p02_b00064,1,8,0,False,1,7.917,7917.0,5,11,True
B-train-00749-q08,B-train-00749,argmax,"Trong bảng 2 ở trang 1, Đơn vị nào có Kỳ này lớn nhất?",Đơn vị,Kỳ này,THPT Nguyễn Trãi,p01_b00173,2,3,0,False,1,THPT Nguyễn Trãi,p01_b00173,2,3,0,False,1,6.881,6881.0,0,10,True
B-train-00750-q04,B-train-00750,argmin,"Trong bảng 2 ở trang 1, Điểm đến nào có Khách quốc tế nhỏ nhất?",Điểm đến,Khách quốc tế,Đà Lạt,p01_b00207,2,10,0,False,1,Đà Lạt,p01_b00207,2,10,0,False,1,809,809.0,7,12,True
B-train-00750-q07,B-train-00750,argmax,"Trong bảng 2 ở trang 1, Điểm đến nào có Kỳ trước lớn nhất?",Điểm đến,Kỳ trước,Vịnh Hạ Long,p01_b00126,2,3,0,False,2,Vịnh Hạ Long,p01_b00126,2,3,0,False,2,8.623,8623.0,0,12,True
B-train-00751-q05,B-train-00751,argmax,"Trong bảng 1 ở trang 1, Trạm nào có Kỳ trước lớn nhất?",Trạm,Kỳ trước,Trạm 110kV Bắc,p01_b00094,1,13,0,True,2,Trạm 110kV Bắc,p01_b00094,1,13,0,True,2,9.652,9652.0,10,11,True
B-train-00751-q06,B-train-00751,argmax,"Trong bảng 1 ở trang 2, Nghiệp vụ nào có Lũy kế lớn nhất?",Nghiệp vụ,Lũy kế,Xe cơ giới,p02_b00021,1,4,0,False,2,Xe cơ giới,p02_b00021,1,4,0,False,2,8.063,8063.0,1,9,True
B-train-00751-q07,B-train-00751,argmin,"Trong bảng 2 ở trang 1, Khoa nào có Kỳ này nhỏ nhất?",Khoa,Kỳ này,Ngoại,p01_b00187,2,10,0,False,2,Ngoại,p01_b00187,2,10,0,False,2,500,500.0,7,12,True
B-train-00751-q09,B-train-00751,argmin,"Trong bảng 1 ở trang 1, Trạm nào có Công suất đỉnh nhỏ nhất?",Trạm,Công suất đỉnh,Trạm Tây Đô,p01_b00077,1,11,0,False,2,Trạm Tây Đô,p01_b00077,1,11,0,False,2,208,208.0,8,11,True
B-train-00752-q01,B-train-00752,argmin,"Trong bảng 1 ở trang 2, Gói thầu nào có Kỳ này nhỏ nhất?",Gói thầu,Kỳ này,Lâm Đồng,p02_b00055,1,8,0,False,1,Lâm Đồng,p02_b00055,1,8,0,False,1,1.448,1448.0,5,11,True
B-train-00752-q05,B-train-00752,argmax,"Trong bảng 2 ở trang 1, Đơn vị nào có Tỷ trọng (%) lớn nhất?",Đơn vị,Tỷ trọng (%),THPT Trần Phú,p01_b00149,2,5,0,False,3,THPT Trần Phú,p01_b00149,2,5,0,False,3,"36,6%",36.6,2,13,True
B-train-00752-q08,B-train-00752,argmin,"Trong bảng 2 ở trang 1, Đơn vị nào có Kỳ trước nhỏ nhất?",Đơn vị,Kỳ trước,THPT Trần Phú,p01_b00203,2,10,0,False,3,THPT Trần Phú,p01_b00203,2,10,0,False,3,96,96.0,7,13,True
B-train-00753-q04,B-train-00753,argmin,"Trong bảng 2 ở trang 1, Tuyến nào có Kỳ này nhỏ nhất?",Tuyến,Kỳ này,Nha Trang – Đà Lạt,p01_b00219,2,6,0,False,2,Nha Trang – Đà Lạt,p01_b00219,2,6,0,False,2,151,151.0,3,14,True
B-train-00753-q06,B-train-00753,argmin,"Trong bảng 1 ở trang 2, Đơn vị nào có Kỳ này nhỏ nhất?",Đơn vị,Kỳ này,THPT Trần Phú,p02_b00027,1,5,0,False,2,THPT Trần Phú,p02_b00027,1,5,0,False,2,1.312,1312.0,2,12,True
B-train-00753-q08,B-train-00753,argmax,"Trong bảng 2 ở trang 1, Tuyến nào có Kỳ này lớn nhất?",Tuyến,Kỳ này,Tây Nguyên,p01_b00251,2,9,0,False,1,Tây Nguyên,p01_b00251,2,9,0,False,1,9.569,9569.0,6,14,True
B-train-00753-q09,B-train-00753,argmax,"Trong bảng 2 ở trang 1, Tuyến nào có Kế hoạch năm lớn nhất?",Tuyến,Kế hoạch năm,Hà Nội – Hải Phòng,p01_b00272,2,11,0,False,3,Hà Nội – Hải Phòng,p01_b00272,2,11,0,False,3,9.435,9435.0,8,14,True
B-train-00754-q02,B-train-00754,argmin,"Trong bảng 1 ở trang 2, Điểm bán nào có Kỳ này nhỏ nhất?",Điểm bán,Kỳ này,Cửa hàng 02,p02_b00070,1,9,0,False,2,Cửa hàng 01 Đã đối chiếu,p02_b00013,1,3,0,False,1,547,547.0,0,11,False
B-train-00754-q08,B-train-00754,argmax,"Trong bảng 2 ở trang 1, Điểm quan trắc nào có Kỳ trước lớn nhất?",Điểm quan trắc,Kỳ trước,KCN Long Thành,p01_b00197,2,11,0,False,1,Lâm Đồng,p01_b00207,2,12,0,False,1,9.092,9092.0,10,12,False
B-train-00755-q02,B-train-00755,argmin,"Trong bảng 1 ở trang 1, Gói thầu nào có Tỷ trọng (%) nhỏ nhất?",Gói thầu,Tỷ trọng (%),GT91,p01_b00051,1,6,0,False,1,GT91,p01_b00051,1,6,0,False,1,"0,7%",0.7,3,18,True
B-train-00755-q07,B-train-00755,argmax,"Trong bảng 1 ở trang 1, Gói thầu nào có Kỳ này lớn nhất?",Gói thầu,Kỳ này,GT91,p01_b00051,1,6,0,False,1,GT91,p01_b00051,1,6,0,False,1,9.051,9051.0,3,18,True
B-train-00755-q08,B-train-00755,argmin,"Trong bảng 1 ở trang 2, Gói thầu nào có Lũy kế nhỏ nhất?",Gói thầu,Lũy kế,GT99,p02_b00075,1,8,0,False,1,GT99,p02_b00075,1,8,0,False,1,915,915.0,5,19,True
B-train-00755-q10,B-train-00755,argmax,"Trong bảng 1 ở trang 1, Gói thầu nào có Tỷ trọng (%) lớn nhất?",Gói thầu,Tỷ trọng (%),GT69,p01_b00171,1,16,0,False,1,GT69,p01_b00171,1,16,0,False,1,"37,7%",37.7,13,18,True
B-train-00756-q01,B-train-00756,argmin,"Trong bảng 1 ở trang 2, Tuyến nào có Đúng giờ nhỏ nhất?",Tuyến,Đúng giờ,Đà Nẵng,p02_b00039,1,5,0,False,1,Đà Nẵng,p02_b00039,1,5,0,False,1,"84,2%",84.2,2,12,True
B-train-00756-q02,B-train-00756,argmax,"Trong bảng 1 ở trang 2, Tuyến nào có Kỳ này lớn nhất?",Tuyến,Kỳ này,Nha Trang – Đà Lạt,p02_b00139,1,14,0,False,2,Nha Trang – Đà Lạt,p02_b00139,1,14,0,False,2,9.393,9393.0,11,12,True
B-train-00756-q08,B-train-00756,argmin,"Trong bảng 1 ở trang 1, Tuyến nào có Kế hoạch năm nhỏ nhất?",Tuyến,Kế hoạch năm,Hà Nội – Hải Phòng,p01_b00013,1,3,0,False,3,Hà Nội – Hải Phòng,p01_b00013,1,3,0,False,3,229,229.0,0,11,True
B-train-00756-q09,B-train-00756,argmax,"Trong bảng 1 ở trang 2, Tuyến nào có Kỳ trước lớn nhất?",Tuyến,Kỳ trước,TP.HCM – Cần Thơ,p02_b00127,1,13,0,False,2,TP.HCM – Cần Thơ,p02_b00127,1,13,0,False,2,8.564,8564.0,10,12,True
B-train-00757-q01,B-train-00757,argmin,"Trong bảng 1 ở trang 1, Gói thầu nào có Giá dự toán nhỏ nhất?",Gói thầu,Giá dự toán,GT43,p01_b00083,1,9,0,False,1,GT43,p01_b00083,1,9,0,False,1,400,400.0,6,11,True
B-train-00757-q02,B-train-00757,argmax,"Trong bảng 2 ở trang 1, Tuyến nào có Kỳ trước lớn nhất?",Tuyến,Kỳ trước,Hà Nội – Hải Phòng,p01_b00240,2,11,0,False,2,Hà Nội – Hải Phòng,p01_b00240,2,11,0,False,2,7.032,7032.0,8,9,True
B-train-00757-q03,B-train-00757,argmin,"Trong bảng 2 ở trang 1, Tuyến nào có Đúng giờ nhỏ nhất?",Tuyến,Đúng giờ,Đà Nẵng – Huế,p01_b00207,2,8,0,False,1,TP.HCM – Cần Thơ,p01_b00218,2,9,0,False,2,"82,1%",82.1,6,9,False
B-train-00757-q08,B-train-00757,argmax,"Trong bảng 2 ở trang 1, Tuyến nào có Hành khách lớn nhất?",Tuyến,Hành khách,Đà Nẵng – Huế,p01_b00207,2,8,0,False,1,Đà Nẵng – Huế,p01_b00207,2,8,0,False,1,1.200,1200.0,5,9,True
B-train-00758-q01,B-train-00758,argmax,"Trong bảng 1 ở trang 1, Dự án nào có Kỳ trước lớn nhất?",Dự án,Kỳ trước,Đường vành đai,p01_b00023,1,4,0,False,1,Đường vành đai,p01_b00023,1,4,0,False,1,9.256,9256.0,1,12,True
B-train-00758-q05,B-train-00758,argmin,"Trong bảng 1 ở trang 1, Dự án nào có Kỳ trước nhỏ nhất?",Dự án,Kỳ trước,Đồng Nai,p01_b00062,1,8,0,False,1,Đồng Nai,p01_b00062,1,8,0,False,1,234,234.0,6,12,True
B-train-00758-q08,B-train-00758,argmax,"Trong bảng 2 ở trang 1, Kho/điểm nào có Tồn cuối lớn nhất?",Kho/điểm,Tồn cuối,Kho Cần Thơ,p01_b00260,2,16,0,False,1,Kho Cần Thơ,p01_b00260,2,16,0,False,1,894,894.0,13,14,True
B-train-00758-q09,B-train-00758,argmin,"Trong bảng 2 ở trang 1, Kho/điểm nào có Chi phí nhỏ nhất?",Kho/điểm,Chi phí,Kho Cần Thơ,p01_b00213,2,11,0,False,2,Kho Cần Thơ,p01_b00213,2,11,0,False,2,23.058,23058.0,8,14,True
B-train-00759-q01,B-train-00759,argmax,"Trong bảng 1 ở trang 2, Nhóm chế độ nào có Đã giải quyết lớn nhất?",Nhóm chế độ,Đã giải quyết,Thất nghiệp,p02_b00092,1,12,0,False,3,Thất nghiệp,p02_b00092,1,12,0,False,3,2149,2149.0,9,17,True
B-train-00759-q02,B-train-00759,argmin,"Trong bảng 1 ở trang 1, Nhóm chế độ nào có Kế hoạch năm nhỏ nhất?",Nhóm chế độ,Kế hoạch năm,Mức A | ưu tiên,p01_b00082,1,11,0,False,1,Mức A | ưu tiên,p01_b00082,1,11,0,False,1,805,805.0,8,17,True
B-train-00759-q03,B-train-00759,argmax,"Trong bảng 1 ở trang 1, Nhóm chế độ nào có Kế hoạch năm lớn nhất?",Nhóm chế độ,Kế hoạch năm,Hưu trí,p01_b00056,1,8,0,False,4,Hưu trí,p01_b00056,1,8,0,False,4,9.769,9769.0,5,17,True
B-train-00760-q02,B-train-00760,argmin,"Trong bảng 1 ở trang 2, Trạm nào có Tổn thất nhỏ nhất?",Trạm,Tổn thất,Trạm Cao Nguyên,p02_b00088,1,12,0,False,1,Trạm Cao Nguyên,p02_b00088,1,12,0,False,1,"1,4%",1.4,9,12,True
B-train-00760-q03,B-train-00760,argmin,"Trong bảng 1 ở trang 2, Trạm nào có Kỳ trước nhỏ nhất?",Trạm,Kỳ trước,Trạm Tây Đô,p02_b00039,1,6,0,False,2,Trạm 220kV Trung Đã đối chiếu,p02_b00062,1,9,0,True,1,448,448.0,6,12,False
B-train-00760-q09,B-train-00760,argmax,"Trong bảng 1 ở trang 1, Nhóm chế độ nào có Lũy kế lớn nhất?",Nhóm chế độ,Lũy kế,Hà Nội,p01_b00014,1,3,0,False,1,Hà Nội,p01_b00014,1,3,0,False,1,9.621,9621.0,0,10,True
B-train-00761-q01,B-train-00761,argmax,"Trong bảng 1 ở trang 2, Nghiệp vụ nào có Kế hoạch năm lớn nhất?",Nghiệp vụ,Kế hoạch năm,Sức khỏe,p02_b00053,1,8,0,False,3,Sức khỏe,p02_b00053,1,8,0,False,3,6.675,6675.0,5,13,True
B-train-00761-q03,B-train-00761,argmin,"Trong bảng 1 ở trang 1, Tuyến nào có Tỷ trọng (%) nhỏ nhất?",Tuyến,Tỷ trọng (%),Đà Nẵng – Huế,p01_b00063,1,8,0,False,1,Đà Nẵng – Huế,p01_b00063,1,8,0,False,1,"5,0%",5.0,5,10,True
B-train-00761-q08,B-train-00761,argmax,"Trong bảng 1 ở trang 1, Tuyến nào có Lũy kế lớn nhất?",Tuyến,Lũy kế,Hải Phòng,p01_b00045,1,6,0,False,1,Hải Phòng,p01_b00045,1,6,0,False,1,9.698,9698.0,3,10,True
B-train-00761-q09,B-train-00761,argmin,"Trong bảng 2 ở trang 1, Gói thầu nào có Giá dự toán nhỏ nhất?",Gói thầu,Giá dự toán,GT99,p01_b00170,2,8,0,False,1,GT99,p01_b00170,2,8,0,False,1,150,150.0,5,10,True
B-train-00762-q01,B-train-00762,argmin,"Trong bảng 2 ở trang 1, Kho/điểm nào có Tỷ trọng (%) nhỏ nhất?",Kho/điểm,Tỷ trọng (%),Kho Đà Nẵng,p01_b00180,2,9,0,False,2,Kho Đà Nẵng,p01_b00180,2,9,0,False,2,"3,6%",3.6,6,11,True
B-train-00762-q03,B-train-00762,argmax,"Trong bảng 2 ở trang 1, Kho/điểm nào có Kỳ này lớn nhất?",Kho/điểm,Kỳ này,Kho Đà Nẵng,p01_b00128,2,4,0,False,2,Kho Đà Nẵng,p01_b00128,2,4,0,False,2,9.492,9492.0,1,11,True
B-train-00762-q05,B-train-00762,argmax,"Trong bảng 2 ở trang 1, Kho/điểm nào có Đơn xử lý lớn nhất?",Kho/điểm,Đơn xử lý,Miền Nam,p01_b00191,2,10,0,False,1,Kho Hà Nội,p01_b00219,2,13,0,False,3,5152,5152.0,10,11,False
B-train-00762-q07,B-train-00762,argmin,"Trong bảng 2 ở trang 1, Kho/điểm nào có Tồn cuối nhỏ nhất?",Kho/điểm,Tồn cuối,Kho Bình Dương,p01_b00137,2,5,0,True,1,Kho trung chuyển,p01_b00158,2,7,0,False,2,149,149.0,4,11,False
B-train-00763-q03,B-train-00763,argmax,"Trong bảng 1 ở trang 2, Tuyến nào có Hành khách lớn nhất?",Tuyến,Hành khách,Đà Nẵng – Huế,p02_b00099,1,11,0,False,5,Đà Nẵng – Huế,p02_b00099,1,11,0,False,5,1.800,1800.0,8,17,True
B-train-00763-q04,B-train-00763,argmin,"Trong bảng 1 ở trang 1, Tuyến nào có Kỳ này nhỏ nhất?",Tuyến,Kỳ này,Hà Nội – Hải Phòng,p01_b00101,1,11,0,False,5,Hà Nội – Hải Phòng,p01_b00101,1,11,0,False,5,1.281,1281.0,8,17,True
B-train-00763-q06,B-train-00763,argmax,"Trong bảng 1 ở trang 2, Tuyến nào có Doanh thu lớn nhất?",Tuyến,Doanh thu,Hà Nội – Hải Phòng,p02_b00132,1,14,0,False,4,Hà Nội – Hải Phòng,p02_b00132,1,14,0,False,4,293.085,293085.0,11,17,True
B-train-00763-q10,B-train-00763,argmin,"Trong bảng 1 ở trang 1, Tuyến nào có Đúng giờ nhỏ nhất?",Tuyến,Đúng giờ,Đà Nẵng – Huế,p01_b00156,1,16,0,False,3,Đà Nẵng – Huế,p01_b00156,1,16,0,False,3,"82,5%",82.5,13,17,True
B-train-00764-q02,B-train-00764,argmax,"Trong bảng 1 ở trang 1, Gói thầu nào có Giá trúng lớn nhất?",Gói thầu,Giá trúng,GT95,p01_b00180,1,20,0,False,1,GT95,p01_b00180,1,20,0,False,1,2.490,2490.0,17,19,True
B-train-00764-q06,B-train-00764,argmin,"Trong bảng 1 ở trang 2, Gói thầu nào có Giá dự toán nhỏ nhất?",Gói thầu,Giá dự toán,GT63,p02_b00182,1,20,0,False,1,GT63,p02_b00182,1,20,0,False,1,150,150.0,17,20,True
B-train-00764-q08,B-train-00764,argmin,"Trong bảng 1 ở trang 2, Gói thầu nào có Lũy kế nhỏ nhất?",Gói thầu,Lũy kế,GT66,p02_b00023,1,4,0,False,1,GT66,p02_b00023,1,4,0,False,1,1.926,1926.0,1,20,True
B-train-00765-q02,B-train-00765,argmax,"Trong bảng 2 ở trang 1, Điểm đến nào có Khách nội địa lớn nhất?",Điểm đến,Khách nội địa,Phú Quốc,p01_b00235,2,12,0,False,1,Nha Trang,p01_b00227,2,11,0,False,2,18.695,18695.0,8,10,False
B-train-00765-q03,B-train-00765,argmin,"Trong bảng 2 ở trang 1, Điểm đến nào có Công suất phòng nhỏ nhất?",Điểm đến,Công suất phòng,Phú Quốc,p01_b00235,2,12,0,False,1,Phú Quốc,p01_b00235,2,12,0,False,1,"49,0%",49.0,9,10,True
B-train-00765-q05,B-train-00765,argmax,"Trong bảng 2 ở trang 1, Điểm đến nào có Kỳ này lớn nhất?",Điểm đến,Kỳ này,Nha Trang,p01_b00227,2,11,0,False,2,Nha Trang,p01_b00227,2,11,0,False,2,9.045,9045.0,8,10,True
B-train-00765-q09,B-train-00765,argmin,"Trong bảng 1 ở trang 1, Nghiệp vụ nào có Kỳ này nhỏ nhất?",Nghiệp vụ,Kỳ này,Sức khỏe,p01_b00014,1,3,0,False,3,Sức khỏe,p01_b00014,1,3,0,False,3,669,669.0,0,13,True
B-train-00766-q01,B-train-00766,argmax,"Trong bảng 2 ở trang 1, Chi nhánh nào có Kỳ trước lớn nhất?",Chi nhánh,Kỳ trước,Khánh Hòa 03,p01_b00187,2,11,0,True,2,Khánh Hòa 03,p01_b00187,2,11,0,True,2,4.521,4521.0,8,10,True
B-train-00766-q02,B-train-00766,argmin,"Trong bảng 2 ở trang 1, Chi nhánh nào có Huy động nhỏ nhất?",Chi nhánh,Huy động,Hải Phòng 02,p01_b00165,2,9,0,False,1,Hải Phòng 02,p01_b00165,2,9,0,False,1,700,700.0,6,10,True
B-train-00766-q07,B-train-00766,argmin,"Trong bảng 2 ở trang 1, Chi nhánh nào có Tăng trưởng nhỏ nhất?",Chi nhánh,Tăng trưởng,Khánh Hòa 03,p01_b00187,2,11,0,True,2,Khánh Hòa 03,p01_b00187,2,11,0,True,2,"-0,9%",-0.9,8,10,True
B-train-00766-q08,B-train-00766,argmax,"Trong bảng 1 ở trang 1, Kho/điểm nào có Tồn cuối lớn nhất?",Kho/điểm,Tồn cuối,Kho Cần Thơ,p01_b00038,1,6,0,False,1,Kho Cần Thơ,p01_b00038,1,6,0,False,1,869,869.0,3,9,True
B-train-00767-q02,B-train-00767,argmax,"Trong bảng 1 ở trang 2, Kho/điểm nào có Kỳ này lớn nhất?",Kho/điểm,Kỳ này,Kho Đà Nẵng,p02_b00142,1,16,0,False,4,Kho Đà Nẵng,p02_b00142,1,16,0,False,4,9.431,9431.0,13,19,True
B-train-00767-q04,B-train-00767,argmin,"Trong bảng 1 ở trang 1, Kho/điểm nào có Chi phí nhỏ nhất?",Kho/điểm,Chi phí,Kho Bình Dương,p01_b00179,1,20,0,False,4,Kho Bình Dương,p01_b00179,1,20,0,False,4,9.435,9435.0,17,18,True
B-train-00767-q05,B-train-00767,argmin,"Trong bảng 1 ở trang 2, Kho/điểm nào có Tồn cuối nhỏ nhất?",Kho/điểm,Tồn cuối,Kho Cần Thơ,p02_b00162,1,18,0,False,4,Kho Cần Thơ,p02_b00162,1,18,0,False,4,87,87.0,15,19,True
B-train-00767-q10,B-train-00767,argmax,"Trong bảng 1 ở trang 1, Kho/điểm nào có Kỳ trước lớn nhất?",Kho/điểm,Kỳ trước,Kho Đà Nẵng,p01_b00121,1,14,0,False,4,Kho Đà Nẵng,p01_b00121,1,14,0,False,4,8.515,8515.0,11,18,True
B-train-00768-q03,B-train-00768,argmax,"Trong bảng 1 ở trang 2, Khoa nào có Lũy kế lớn nhất?",Khoa,Lũy kế,Nhi,p02_b00214,1,20,0,False,3,Nhi,p02_b00214,1,20,0,False,3,9.933,9933.0,17,21,True
B-train-00768-q05,B-train-00768,argmax,"Trong bảng 1 ở trang 2, Khoa nào có Kỳ này lớn nhất?",Khoa,Kỳ này,Nhi,p02_b00214,1,20,0,False,3,Nhi,p02_b00214,1,20,0,False,3,9.874,9874.0,17,21,True
B-train-00769-q02,B-train-00769,argmax,"Trong bảng 2 ở trang 1, Khu vực nào có Tỷ trọng (%) lớn nhất?",Khu vực,Tỷ trọng (%),Cụm BTS-01,p01_b00211,2,8,0,False,2,Cụm BTS-01,p01_b00211,2,8,0,False,2,"36,4%",36.4,5,10,True
B-train-00769-q03,B-train-00769,argmin,"Trong bảng 1 ở trang 1, Nhóm chế độ nào có Trễ hạn nhỏ nhất?",Nhóm chế độ,Trễ hạn,Thất nghiệp,p01_b00027,1,4,0,False,2,Thất nghiệp,p01_b00027,1,4,0,False,2,0,0.0,1,11,True
B-train-00769-q06,B-train-00769,argmin,"Trong bảng 1 ở trang 1, Nhóm chế độ nào có Đã giải quyết nhỏ nhất?",Nhóm chế độ,Đã giải quyết,Hưu trí,p01_b00126,1,13,0,False,3,Hưu trí,p01_b00126,1,13,0,False,3,1105,1105.0,10,11,True
B-train-00769-q07,B-train-00769,argmax,"Trong bảng 1 ở trang 1, Nhóm chế độ nào có Kỳ trước lớn nhất?",Nhóm chế độ,Kỳ trước,Hưu trí,p01_b00015,1,3,0,True,3,Hưu trí,p01_b00015,1,3,0,True,3,9.288,9288.0,0,11,True
B-train-00770-q02,B-train-00770,argmin,"Trong bảng 2 ở trang 1, Điểm quan trắc nào có BOD5 nhỏ nhất?",Điểm quan trắc,BOD5,Cần Thơ,p01_b00179,2,10,0,False,1,Cần Thơ,p01_b00179,2,10,0,False,1,11,11.0,7,11,True
B-train-00770-q04,B-train-00770,argmax,"Trong bảng 2 ở trang 1, Điểm quan trắc nào có Tỷ trọng (%) lớn nhất?",Điểm quan trắc,Tỷ trọng (%),Hồ Xuân Hương,p01_b00136,2,5,0,False,1,Hồ Xuân Hương,p01_b00136,2,5,0,False,1,"36,1%",36.1,2,11,True
B-train-00770-q05,B-train-00770,argmax,"Trong bảng 1 ở trang 1, Điểm bán nào có Kế hoạch năm lớn nhất?",Điểm bán,Kế hoạch năm,Điểm bán phía Nam,p01_b00056,1,7,0,False,1,Điểm bán phía Nam,p01_b00056,1,7,0,False,1,9.774,9774.0,4,9,True
B-train-00770-q07,B-train-00770,argmin,"Trong bảng 1 ở trang 1, Điểm bán nào có Lượt khách nhỏ nhất?",Điểm bán,Lượt khách,Cửa hàng 02,p01_b00024,1,4,0,False,1,Cửa hàng 02,p01_b00024,1,4,0,False,1,259,259.0,1,9,True
B-train-00771-q03,B-train-00771,argmax,"Trong bảng 1 ở trang 1, Khoa nào có Nhập viện lớn nhất?",Khoa,Nhập viện,Tây Nguyên,p01_b00117,1,13,0,False,1,Tây Nguyên,p01_b00117,1,13,0,False,1,43,43.0,10,12,True
B-train-00771-q05,B-train-00771,argmin,"Trong bảng 1 ở trang 1, Khoa nào có Lượt khám nhỏ nhất?",Khoa,Lượt khám,Nhi,p01_b00095,1,11,0,False,1,Nội tổng hợp,p01_b00014,1,3,0,False,2,64,64.0,0,12,False
B-train-00771-q06,B-train-00771,argmax,"Trong bảng 2 ở trang 1, Tuyến nào có Hành khách lớn nhất?",Tuyến,Hành khách,TP.HCM – Cần Thơ,p01_b00241,2,13,0,False,2,TP.HCM – Cần Thơ,p01_b00241,2,13,0,False,2,884,884.0,10,13,True
B-train-00771-q10,B-train-00771,argmin,"Trong bảng 1 ở trang 1, Khoa nào có Kỳ trước nhỏ nhất?",Khoa,Kỳ trước,Sản,p01_b00045,1,6,0,False,2,Sản,p01_b00045,1,6,0,False,2,655,655.0,3,12,True
B-train-00772-q01,B-train-00772,argmin,"Trong bảng 1 ở trang 2, Gói thầu nào có Tỷ trọng (%) nhỏ nhất?",Gói thầu,Tỷ trọng (%),GT57,p02_b00035,1,5,0,False,1,GT57,p02_b00035,1,5,0,False,1,"0,7%",0.7,2,12,True
B-train-00772-q06,B-train-00772,argmin,"Trong bảng 2 ở trang 1, Điểm bán nào có Hoàn trả nhỏ nhất?",Điểm bán,Hoàn trả,Điểm bán phía Nam,p01_b00232,2,12,0,False,1,Điểm bán phía Nam,p01_b00232,2,12,0,False,1,"0,0%",0.0,9,13,True
B-train-00772-q08,B-train-00772,argmax,"Trong bảng 2 ở trang 1, Điểm bán nào có Số đơn lớn nhất?",Điểm bán,Số đơn,Tây Nguyên,p01_b00183,2,7,0,False,1,Tây Nguyên,p01_b00183,2,7,0,False,1,2715,2715.0,4,13,True
B-train-00772-q09,B-train-00772,argmax,"Trong bảng 1 ở trang 1, Điểm bán nào có Tỷ trọng (%) lớn nhất?",Điểm bán,Tỷ trọng (%),Cửa hàng 01,p01_b00015,1,3,0,False,2,Cửa hàng 01,p01_b00015,1,3,0,False,2,"34,4%",34.4,0,10,True
B-train-00773-q03,B-train-00773,argmin,"Trong bảng 2 ở trang 1, Nhóm chế độ nào có Kế hoạch năm nhỏ nhất?",Nhóm chế độ,Kế hoạch năm,Thai sản,p01_b00140,2,6,0,False,2,Thai sản,p01_b00140,2,6,0,False,2,2.963,2963.0,3,9,True
B-train-00773-q05,B-train-00773,argmax,"Trong bảng 2 ở trang 1, Nhóm chế độ nào có Đã giải quyết lớn nhất?",Nhóm chế độ,Đã giải quyết,Thất nghiệp,p01_b00118,2,4,0,False,1,Đồng bằng sông Cửu Long,p01_b00161,2,8,0,False,1,1982,1982.0,6,9,False
B-train-00773-q09,B-train-00773,argmin,"Trong bảng 1 ở trang 1, Điểm quan trắc nào có pH nhỏ nhất?",Điểm quan trắc,pH,Hồ Xuân Hương,p01_b00028,1,5,0,False,1,Sông Hồng,p01_b00012,1,3,0,False,2,"5,87",5.87,0,10,False
B-train-00773-q10,B-train-00773,argmax,"Trong bảng 1 ở trang 1, Điểm quan trắc nào có pH lớn nhất?",Điểm quan trắc,pH,Hà Nội,p01_b00068,1,10,0,False,1,Hà Nội,p01_b00068,1,10,0,False,1,"8,35",8.35,7,10,True
B-train-00774-q03,B-train-00774,argmax,"Trong bảng 1 ở trang 1, Gói thầu nào có Kỳ này lớn nhất?",Gói thầu,Kỳ này,GT94,p01_b00037,1,6,0,False,1,GT42 Đã đối chiếu,p01_b00029,1,5,0,False,1,8.677,8677.0,2,9,False
B-train-00774-q04,B-train-00774,argmax,"Trong bảng 2 ở trang 1, Dự án nào có Giải ngân lớn nhất?",Dự án,Giải ngân,Nhà máy nước,p01_b00187,2,11,0,False,1,Nhà máy nước,p01_b00187,2,11,0,False,1,7.422,7422.0,8,9,True
B-train-00774-q07,B-train-00774,argmin,"Trong bảng 1 ở trang 1, Gói thầu nào có Giá trúng nhỏ nhất?",Gói thầu,Giá trúng,GT54,p01_b00061,1,9,0,False,1,GT54,p01_b00061,1,9,0,False,1,490,490.0,6,9,True
B-train-00774-q08,B-train-00774,argmin,"Trong bảng 1 ở trang 1, Gói thầu nào có Kỳ trước nhỏ nhất?",Gói thầu,Kỳ trước,GT07,p01_b00044,1,7,0,False,1,GT07,p01_b00044,1,7,0,False,1,449,449.0,4,9,True
B-train-00775-q02,B-train-00775,argmax,"Trong bảng 1 ở trang 1, Dự án nào có Tiến độ lớn nhất?",Dự án,Tiến độ,Nhà máy nước,p01_b00127,1,16,0,False,3,Nhà máy nước,p01_b00127,1,16,0,False,3,"92,0%",92.0,13,15,True
B-train-00775-q06,B-train-00775,argmin,"Trong bảng 1 ở trang 2, Dự án nào có Giải ngân nhỏ nhất?",Dự án,Giải ngân,Khu tái định cư,p02_b00135,1,17,0,False,2,Khu tái định cư,p02_b00135,1,17,0,False,2,2.227,2227.0,14,16,True
B-train-00775-q07,B-train-00775,argmax,"Trong bảng 1 ở trang 2, Dự án nào có Giải ngân lớn nhất?",Dự án,Giải ngân,Đường vành đai,p02_b00066,1,9,0,False,3,Đường vành đai,p02_b00066,1,9,0,False,3,21.654,21654.0,6,16,True
B-train-00775-q08,B-train-00775,argmin,"Trong bảng 1 ở trang 1, Dự án nào có Giải ngân nhỏ nhất?",Dự án,Giải ngân,Khu tái định cư,p01_b00136,1,17,0,False,3,Khu tái định cư,p01_b00136,1,17,0,False,3,2.686,2686.0,14,15,True
B-train-00776-q02,B-train-00776,argmin,"Trong bảng 2 ở trang 1, Điểm bán nào có Hoàn trả nhỏ nhất?",Điểm bán,Hoàn trả,Cửa hàng 01,p01_b00144,2,3,0,False,2,Cửa hàng 01,p01_b00144,2,3,0,False,2,"0,0%",0.0,0,9,True
B-train-00776-q04,B-train-00776,argmin,"Trong bảng 1 ở trang 1, Tuyến nào có Đúng giờ nhỏ nhất?",Tuyến,Đúng giờ,Nha Trang – Đà Lạt,p01_b00038,1,6,0,False,3,Nha Trang – Đà Lạt,p01_b00038,1,6,0,False,3,"82,1%",82.1,3,14,True
B-train-00776-q06,B-train-00776,argmax,"Trong bảng 1 ở trang 1, Tuyến nào có Hành khách lớn nhất?",Tuyến,Hành khách,Đà Nẵng,p01_b00046,1,7,0,False,1,Đà Nẵng,p01_b00046,1,7,0,False,1,1.628,1628.0,4,14,True
B-train-00776-q08,B-train-00776,argmax,"Trong bảng 2 ở trang 1, Điểm bán nào có Kỳ này lớn nhất?",Điểm bán,Kỳ này,Cửa hàng 01,p01_b00144,2,3,0,False,2,Cửa hàng 01,p01_b00144,2,3,0,False,2,7.992,7992.0,0,9,True
B-train-00777-q01,B-train-00777,argmax,"Trong bảng 1 ở trang 2, Kho/điểm nào có Tồn cuối lớn nhất?",Kho/điểm,Tồn cuối,Kho Cần Thơ,p02_b00119,1,15,0,False,3,Kho Cần Thơ,p02_b00119,1,15,0,False,3,923,923.0,12,21,True
B-train-00777-q02,B-train-00777,argmax,"Trong bảng 1 ở trang 1, Kho/điểm nào có Tồn cuối lớn nhất?",Kho/điểm,Tồn cuối,Kho Hà Nội,p01_b00012,1,3,0,False,5,Kho Hà Nội,p01_b00012,1,3,0,False,5,924,924.0,0,21,True
B-train-00777-q05,B-train-00777,argmin,"Trong bảng 1 ở trang 1, Kho/điểm nào có Đúng hạn nhỏ nhất?",Kho/điểm,Đúng hạn,Kho Hà Nội,p01_b00056,1,8,0,False,5,Kho Hà Nội,p01_b00056,1,8,0,False,5,"80,4%",80.4,5,21,True
B-train-00777-q08,B-train-00777,argmin,"Trong bảng 1 ở trang 2, Kho/điểm nào có Kỳ trước nhỏ nhất?",Kho/điểm,Kỳ trước,Kho Hà Nội,p02_b00137,1,17,0,False,4,Kho Hà Nội,p02_b00137,1,17,0,False,4,426,426.0,14,21,True
B-train-00778-q06,B-train-00778,argmax,"Trong bảng 1 ở trang 1, Chi nhánh nào có Huy động lớn nhất?",Chi nhánh,Huy động,Đà Nẵng 01,p01_b00137,1,15,0,False,3,Đà Nẵng,p01_b00014,1,3,0,False,1,9.370,9370.0,1,13,False
B-train-00778-q07,B-train-00778,argmin,"Trong bảng 1 ở trang 2, Khu vực nào có Tỷ trọng (%) nhỏ nhất?",Khu vực,Tỷ trọng (%),Mức A | ưu tiên,p02_b00024,1,4,0,False,1,Mức A | ưu tiên,p02_b00024,1,4,0,False,1,"0,7%",0.7,1,11,True
B-train-00778-q09,B-train-00778,argmin,"Trong bảng 1 ở trang 2, Khu vực nào có Phản ánh nhỏ nhất?",Khu vực,Phản ánh,Khu vực ven biển,p02_b00088,1,10,0,False,2,Khu vực ven biển,p02_b00088,1,10,0,False,2,2,2.0,7,11,True
B-train-00778-q10,B-train-00778,argmax,"Trong bảng 1 ở trang 2, Khu vực nào có Lưu lượng lớn nhất?",Khu vực,Lưu lượng,Khu vực miền núi,p02_b00055,1,7,0,False,1,Khu vực miền núi,p02_b00055,1,7,0,False,1,90.954,90954.0,4,11,True
B-train-00779-q03,B-train-00779,argmax,"Trong bảng 2 ở trang 1, Nhóm chế độ nào có Hồ sơ nhận lớn nhất?",Nhóm chế độ,Hồ sơ nhận,Tai nạn lao động,p01_b00157,2,7,0,False,1,Tai nạn lao động,p01_b00157,2,7,0,False,1,2139,2139.0,4,9,True
B-train-00779-q06,B-train-00779,argmin,"Trong bảng 2 ở trang 1, Nhóm chế độ nào có Lũy kế nhỏ nhất?",Nhóm chế độ,Lũy kế,Ốm đau,p01_b00141,2,5,0,True,1,Ốm đau,p01_b00141,2,5,0,True,1,1.040,1040.0,2,9,True
B-train-00779-q07,B-train-00779,argmax,"Trong bảng 1 ở trang 1, Khoa nào có Lũy kế lớn nhất?",Khoa,Lũy kế,Sản,p01_b00036,1,6,0,False,2,Sản,p01_b00036,1,6,0,False,2,9.019,9019.0,3,12,True
B-train-00780-q06,B-train-00780,argmin,"Trong bảng 1 ở trang 1, Phòng ban nào có Lũy kế nhỏ nhất?",Phòng ban,Lũy kế,Vận hành,p01_b00102,1,11,0,False,1,Vận hành,p01_b00102,1,11,0,False,1,1.063,1063.0,8,10,True
B-train-00780-q08,B-train-00780,argmin,"Trong bảng 1 ở trang 1, Phòng ban nào có Kỳ trước nhỏ nhất?",Phòng ban,Kỳ trước,Công nghệ,p01_b00114,1,12,0,False,1,Công nghệ,p01_b00114,1,12,0,False,1,2.679,2679.0,9,10,True
B-train-00780-q10,B-train-00780,argmax,"Trong bảng 1 ở trang 1, Phòng ban nào có Kỳ trước lớn nhất?",Phòng ban,Kỳ trước,Kinh doanh,p01_b00015,1,3,0,False,2,Kinh doanh,p01_b00015,1,3,0,False,2,7.455,7455.0,0,10,True
B-train-00781-q01,B-train-00781,argmin,"Trong bảng 1 ở trang 2, Nhóm chế độ nào có Chi trả nhỏ nhất?",Nhóm chế độ,Chi trả,Thai sản,p02_b00023,1,4,0,False,4,Thai sản,p02_b00023,1,4,0,False,4,1.755,1755.0,1,18,True
B-train-00781-q04,B-train-00781,argmax,"Trong bảng 1 ở trang 1, Nhóm chế độ nào có Kế hoạch năm lớn nhất?",Nhóm chế độ,Kế hoạch năm,Ốm đau,p01_b00132,1,15,0,False,3,Ốm đau,p01_b00132,1,15,0,False,3,8.372,8372.0,12,17,True
B-train-00781-q09,B-train-00781,argmax,"Trong bảng 1 ở trang 2, Nhóm chế độ nào có Trễ hạn lớn nhất?",Nhóm chế độ,Trễ hạn,Tai nạn lao động,p02_b00082,1,10,0,False,4,Tai nạn lao động,p02_b00082,1,10,0,False,4,98,98.0,7,18,True
B-train-00781-q10,B-train-00781,argmin,"Trong bảng 1 ở trang 1, Nhóm chế độ nào có Trễ hạn nhỏ nhất?",Nhóm chế độ,Trễ hạn,Ốm đau,p01_b00082,1,10,0,False,3,Hưu trí,p01_b00062,1,8,0,False,4,7,7.0,5,17,False
B-train-00782-q02,B-train-00782,argmin,"Trong bảng 1 ở trang 1, Khu vực nào có Kế hoạch năm nhỏ nhất?",Khu vực,Kế hoạch năm,Cụm BTS-01,p01_b00013,1,3,0,False,2,Cụm BTS-01,p01_b00013,1,3,0,False,2,379,379.0,0,14,True
B-train-00782-q05,B-train-00782,argmin,"Trong bảng 1 ở trang 2, Điểm đến nào có Công suất phòng nhỏ nhất?",Điểm đến,Công suất phòng,Nha Trang,p02_b00136,1,16,0,False,3,Đà Lạt,p02_b00126,1,15,0,False,3,"48,1%",48.1,12,14,False
B-train-00783-q02,B-train-00783,argmin,"Trong bảng 1 ở trang 1, Điểm bán nào có Lũy kế nhỏ nhất?",Điểm bán,Lũy kế,Miền Trung,p01_b00013,1,3,0,False,1,Miền Trung,p01_b00013,1,3,0,False,1,44,44.0,0,11,True
B-train-00783-q03,B-train-00783,argmax,"Trong bảng 1 ở trang 1, Điểm bán nào có Lũy kế lớn nhất?",Điểm bán,Lũy kế,Cửa hàng 01,p01_b00105,1,13,0,False,2,Cửa hàng 01,p01_b00105,1,13,0,False,2,8.658,8658.0,10,11,True
B-train-00783-q06,B-train-00783,argmax,"Trong bảng 1 ở trang 1, Điểm bán nào có Kế hoạch năm lớn nhất?",Điểm bán,Kế hoạch năm,Mức A | ưu tiên,p01_b00039,1,6,0,False,1,Mức A | ưu tiên,p01_b00039,1,6,0,False,1,9.540,9540.0,3,11,True
B-train-00783-q09,B-train-00783,argmin,"Trong bảng 2 ở trang 1, Trạm nào có Tỷ trọng (%) nhỏ nhất?",Trạm,Tỷ trọng (%),Trạm Nam Sông,p01_b00208,2,10,0,False,3,Trạm Nam Sông,p01_b00208,2,10,0,False,3,"2,7%",2.7,7,14,True
B-train-00784-q01,B-train-00784,argmin,"Trong bảng 2 ở trang 1, Tuyến nào có Lũy kế nhỏ nhất?",Tuyến,Lũy kế,TP.HCM – Cần Thơ,p01_b00120,2,5,0,False,2,TP.HCM – Cần Thơ,p01_b00120,2,5,0,False,2,1.037,1037.0,2,9,True
B-train-00784-q09,B-train-00784,argmax,"Trong bảng 1 ở trang 2, Điểm bán nào có Hoàn trả lớn nhất?",Điểm bán,Hoàn trả,Siêu thị trung tâm,p02_b00033,1,5,0,False,1,Siêu thị trung tâm,p02_b00033,1,5,0,False,1,"5,6%",5.6,2,11,True
B-train-00785-q03,B-train-00785,argmax,"Trong bảng 1 ở trang 1, Địa bàn nào có Diện tích (ha) lớn nhất?",Địa bàn,Diện tích (ha),Lâm Đồng,p01_b00134,1,16,0,False,2,Khánh Hòa,p01_b00109,1,13,0,False,2,873,873.0,10,14,False
B-train-00785-q06,B-train-00785,argmin,"Trong bảng 1 ở trang 2, Nghiệp vụ nào có Kỳ trước nhỏ nhất?",Nghiệp vụ,Kỳ trước,Sức khỏe,p02_b00105,1,13,0,False,2,Sức khỏe,p02_b00105,1,13,0,False,2,92,92.0,10,13,True
B-train-00785-q08,B-train-00785,argmax,"Trong bảng 1 ở trang 2, Nghiệp vụ nào có Kế hoạch năm lớn nhất?",Nghiệp vụ,Kế hoạch năm,Sức khỏe,p02_b00056,1,8,0,False,2,Sức khỏe,p02_b00056,1,8,0,False,2,9.410,9410.0,5,13,True
B-train-00785-q10,B-train-00785,argmin,"Trong bảng 2 ở trang 1, Trạm nào có Kế hoạch năm nhỏ nhất?",Trạm,Kế hoạch năm,Trạm 110kV Bắc,p01_b00158,2,3,0,False,2,Trạm 110kV Bắc,p01_b00158,2,3,0,False,2,298,298.0,0,9,True
B-train-00786-q01,B-train-00786,argmax,"Trong bảng 1 ở trang 1, Tuyến nào có Kế hoạch năm lớn nhất?",Tuyến,Kế hoạch năm,TP.HCM – Cần Thơ,p01_b00028,1,5,0,False,1,TP.HCM – Cần Thơ,p01_b00028,1,5,0,False,1,9.055,9055.0,2,9,True
B-train-00786-q04,B-train-00786,argmax,"Trong bảng 2 ở trang 1, Mã hàng nào có Tồn cuối lớn nhất?",Mã hàng,Tồn cuối,VT402,p01_b00097,2,3,0,False,1,VT402,p01_b00097,2,3,0,False,1,186,186.0,0,11,True
B-train-00786-q08,B-train-00786,argmin,"Trong bảng 2 ở trang 1, Mã hàng nào có Kỳ trước nhỏ nhất?",Mã hàng,Kỳ trước,VT318,p01_b00165,2,10,0,False,1,Cần Thơ,p01_b00127,2,6,0,False,1,272,272.0,4,11,False
B-train-00787-q01,B-train-00787,argmin,"Trong bảng 2 ở trang 1, Điểm bán nào có Lượt khách nhỏ nhất?",Điểm bán,Lượt khách,Siêu thị trung tâm,p01_b00183,2,10,0,False,1,Siêu thị trung tâm,p01_b00183,2,10,0,False,1,483,483.0,7,10,True
B-train-00787-q03,B-train-00787,argmax,"Trong bảng 2 ở trang 1, Điểm bán nào có Số đơn lớn nhất?",Điểm bán,Số đơn,Đồng bằng sông Cửu Long,p01_b00142,2,5,0,False,1,Đồng bằng sông Cửu Long,p01_b00142,2,5,0,False,1,2703,2703.0,2,10,True
B-train-00787-q08,B-train-00787,argmin,"Trong bảng 1 ở trang 1, Nghiệp vụ nào có Bồi thường nhỏ nhất?",Nghiệp vụ,Bồi thường,Xe cơ giới,p01_b00021,1,4,0,False,1,Xe cơ giới,p01_b00021,1,4,0,False,1,61,61.0,1,11,True
B-train-00788-q05,B-train-00788,argmax,"Trong bảng 1 ở trang 2, Đơn vị nào có Thí sinh lớn nhất?",Đơn vị,Thí sinh,THPT Nguyễn Trãi,p02_b00052,1,8,0,False,1,THPT Nguyễn Trãi,p02_b00052,1,8,0,False,1,47,47.0,5,11,True
B-train-00788-q06,B-train-00788,argmax,"Trong bảng 1 ở trang 1, Dự án nào có Giải ngân lớn nhất?",Dự án,Giải ngân,Miền Nam,p01_b00119,1,12,0,False,1,Miền Nam,p01_b00119,1,12,0,False,1,21.818,21818.0,9,14,True
B-train-00788-q07,B-train-00788,argmin,"Trong bảng 2 ở trang 1, Điểm bán nào có Lượt khách nhỏ nhất?",Điểm bán,Lượt khách,Miền Trung,p01_b00247,2,8,0,False,1,Miền Trung,p01_b00247,2,8,0,False,1,272,272.0,6,11,True
B-train-00789-q03,B-train-00789,argmax,"Trong bảng 1 ở trang 2, Tuyến nào có Hành khách lớn nhất?",Tuyến,Hành khách,Đà Nẵng – Huế,p02_b00074,1,8,0,False,2,Đà Nẵng – Huế,p02_b00074,1,8,0,False,2,1.575,1575.0,5,12,True
B-train-00789-q05,B-train-00789,argmax,"Trong bảng 2 ở trang 1, Điểm bán nào có Kỳ này lớn nhất?",Điểm bán,Kỳ này,Siêu thị trung tâm,p01_b00261,2,15,0,False,3,Cửa hàng 01,p01_b00182,2,8,0,False,2,9.435,9435.0,5,14,False
B-train-00789-q06,B-train-00789,argmin,"Trong bảng 1 ở trang 1, Điểm bán nào có Hoàn trả nhỏ nhất?",Điểm bán,Hoàn trả,Cửa hàng 02,p01_b00021,1,4,0,False,3,Cửa hàng 02,p01_b00021,1,4,0,False,3,"0,9%",0.9,1,12,True
B-train-00789-q09,B-train-00789,argmin,"Trong bảng 1 ở trang 2, Tuyến nào có Đúng giờ nhỏ nhất?",Tuyến,Đúng giờ,Nha Trang – Đà Lạt,p02_b00139,1,14,0,False,3,Nha Trang – Đà Lạt,p02_b00139,1,14,0,False,3,"85,3%",85.3,11,12,True
B-train-00790-q02,B-train-00790,argmin,"Trong bảng 1 ở trang 2, Chi nhánh nào có Tăng trưởng nhỏ nhất?",Chi nhánh,Tăng trưởng,Cần Thơ 02,p02_b00179,1,22,0,True,4,Cần Thơ 02,p02_b00179,1,22,0,True,4,"-1,9%",-1.9,19,21,True
B-train-00790-q03,B-train-00790,argmax,"Trong bảng 1 ở trang 1, Chi nhánh nào có Nợ quá hạn lớn nhất?",Chi nhánh,Nợ quá hạn,Khánh Hòa 03,p01_b00084,1,11,0,False,4,Khánh Hòa 03,p01_b00084,1,11,0,False,4,760,760.0,8,20,True
B-train-00790-q04,B-train-00790,argmin,"Trong bảng 1 ở trang 1, Chi nhánh nào có Kế hoạch năm nhỏ nhất?",Chi nhánh,Kế hoạch năm,Hà Nội 01,p01_b00101,1,13,0,False,4,Hà Nội 01,p01_b00101,1,13,0,False,4,511,511.0,10,20,True
B-train-00790-q05,B-train-00790,argmax,"Trong bảng 1 ở trang 1, Chi nhánh nào có Tăng trưởng lớn nhất?",Chi nhánh,Tăng trưởng,Hà Nội 01,p01_b00146,1,18,0,False,4,Hà Nội 01,p01_b00146,1,18,0,False,4,"16,7%",16.7,15,20,True
B-train-00791-q01,B-train-00791,argmax,"Trong bảng 1 ở trang 1, Khoa nào có Nhập viện lớn nhất?",Khoa,Nhập viện,Mắt,p01_b00187,1,19,0,False,3,Mắt,p01_b00187,1,19,0,False,3,88,88.0,16,20,True
B-train-00791-q02,B-train-00791,argmin,"Trong bảng 1 ở trang 1, Khoa nào có Nhập viện nhỏ nhất?",Khoa,Nhập viện,Nội tổng hợp,p01_b00209,1,21,0,False,3,Nội tổng hợp,p01_b00209,1,21,0,False,3,7,7.0,18,20,True
B-train-00791-q06,B-train-00791,argmax,"Trong bảng 1 ở trang 2, Khoa nào có Chuyển tuyến lớn nhất?",Khoa,Chuyển tuyến,Tai Mũi Họng,p02_b00047,1,6,0,False,3,Tai Mũi Họng,p02_b00047,1,6,0,False,3,11,11.0,3,20,True
B-train-00791-q07,B-train-00791,argmin,"Trong bảng 1 ở trang 2, Khoa nào có Kế hoạch năm nhỏ nhất?",Khoa,Kế hoạch năm,Mắt,p02_b00102,1,11,0,False,3,Mắt,p02_b00102,1,11,0,False,3,550,550.0,8,20,True
B-train-00792-q01,B-train-00792,argmin,"Trong bảng 2 ở trang 1, Dự án nào có Kỳ này nhỏ nhất?",Dự án,Kỳ này,Mức A | ưu tiên,p01_b00127,2,3,0,False,1,Mức A | ưu tiên,p01_b00127,2,3,0,False,1,1.621,1621.0,0,11,True
B-train-00792-q04,B-train-00792,argmax,"Trong bảng 2 ở trang 1, Dự án nào có Tiến độ lớn nhất?",Dự án,Tiến độ,Khu tái định cư,p01_b00200,2,12,0,False,1,Khu tái định cư,p01_b00200,2,12,0,False,1,"94,0%",94.0,9,11,True
B-train-00792-q08,B-train-00792,argmin,"Trong bảng 1 ở trang 1, Khu vực nào có Kỳ này nhỏ nhất?",Khu vực,Kỳ này,Miền Trung,p01_b00075,1,9,0,False,1,Khánh Hòa,p01_b00014,1,3,0,True,1,679,679.0,1,10,False
B-train-00793-q03,B-train-00793,argmin,"Trong bảng 1 ở trang 2, Nhóm chế độ nào có Chi trả nhỏ nhất?",Nhóm chế độ,Chi trả,Hưu trí,p02_b00069,1,8,0,False,5,Hưu trí,p02_b00069,1,8,0,False,5,627,627.0,5,21,True
B-train-00793-q07,B-train-00793,argmax,"Trong bảng 1 ở trang 1, Nhóm chế độ nào có Lũy kế lớn nhất?",Nhóm chế độ,Lũy kế,Thai sản,p01_b00046,1,6,0,False,4,Thai sản,p01_b00046,1,6,0,False,4,8.964,8964.0,3,20,True
B-train-00793-q08,B-train-00793,argmax,"Trong bảng 1 ở trang 1, Nhóm chế độ nào có Kỳ này lớn nhất?",Nhóm chế độ,Kỳ này,Tai nạn lao động,p01_b00219,1,22,0,False,4,Tai nạn lao động,p01_b00219,1,22,0,False,4,9.786,9786.0,19,20,True
B-train-00794-q05,B-train-00794,argmax,"Trong bảng 1 ở trang 1, Đơn vị nào có Lũy kế lớn nhất?",Đơn vị,Lũy kế,THPT Trần Phú,p01_b00083,1,10,0,False,4,THPT Trần Phú,p01_b00083,1,10,0,False,4,9.808,9808.0,7,20,True
B-train-00794-q06,B-train-00794,argmin,"Trong bảng 1 ở trang 1, Đơn vị nào có Tỷ trọng (%) nhỏ nhất?",Đơn vị,Tỷ trọng (%),THPT Lê Quý Đôn,p01_b00170,1,19,0,False,4,THPT Lê Quý Đôn,p01_b00170,1,19,0,False,4,"0,9%",0.9,16,20,True
B-train-00794-q09,B-train-00794,argmin,"Trong bảng 1 ở trang 1, Đơn vị nào có Kỳ này nhỏ nhất?",Đơn vị,Kỳ này,THPT Lê Quý Đôn,p01_b00170,1,19,0,False,4,THPT Lê Quý Đôn,p01_b00170,1,19,0,False,4,534,534.0,16,20,True
B-train-00795-q01,B-train-00795,argmax,"Trong bảng 2 ở trang 1, Kho/điểm nào có Kế hoạch năm lớn nhất?",Kho/điểm,Kế hoạch năm,Kho Bình Dương,p01_b00254,2,10,0,False,2,Kho Bình Dương,p01_b00254,2,10,0,False,2,9.671,9671.0,7,10,True
B-train-00795-q02,B-train-00795,argmin,"Trong bảng 2 ở trang 1, Kho/điểm nào có Kỳ trước nhỏ nhất?",Kho/điểm,Kỳ trước,Kho Đà Nẵng,p01_b00187,2,4,0,False,2,Kho Đà Nẵng,p01_b00187,2,4,0,False,2,222,222.0,1,10,True
B-train-00795-q04,B-train-00795,argmin,"Trong bảng 2 ở trang 1, Kho/điểm nào có Kỳ này nhỏ nhất?",Kho/điểm,Kỳ này,Kho Đà Nẵng,p01_b00242,2,9,0,False,2,Kho Đà Nẵng,p01_b00242,2,9,0,False,2,1.469,1469.0,6,10,True
B-train-00795-q08,B-train-00795,argmax,"Trong bảng 2 ở trang 1, Kho/điểm nào có Đúng hạn lớn nhất?",Kho/điểm,Đúng hạn,Kho Hà Nội,p01_b00177,2,3,0,False,1,Kho Hà Nội,p01_b00177,2,3,0,False,1,"99,8%",99.8,0,10,True
B-train-00796-q03,B-train-00796,argmax,"Trong bảng 1 ở trang 1, Gói thầu nào có Giá dự toán lớn nhất?",Gói thầu,Giá dự toán,GT26,p01_b00054,1,8,0,False,1,GT26,p01_b00054,1,8,0,False,1,2.410,2410.0,5,13,True
B-train-00796-q06,B-train-00796,argmin,"Trong bảng 2 ở trang 1, Trạm nào có Tổn thất nhỏ nhất?",Trạm,Tổn thất,Trạm Nam Sông,p01_b00150,2,5,0,False,2,Trạm Nam Sông,p01_b00150,2,5,0,False,2,"1,5%",1.5,2,12,True
B-train-00797-q01,B-train-00797,argmax,"Trong bảng 2 ở trang 1, Gói thầu nào có Tỷ trọng (%) lớn nhất?",Gói thầu,Tỷ trọng (%),GT58,p01_b00183,2,9,0,False,1,GT58,p01_b00183,2,9,0,False,1,"33,1%",33.1,6,10,True
B-train-00797-q04,B-train-00797,argmax,"Trong bảng 1 ở trang 1, Nghiệp vụ nào có Tỷ lệ lớn nhất?",Nghiệp vụ,Tỷ lệ,Hàng hóa,p01_b00086,1,11,0,False,1,Hàng hóa,p01_b00086,1,11,0,False,1,"68,8%",68.8,8,10,True
B-train-00797-q07,B-train-00797,argmin,"Trong bảng 2 ở trang 1, Gói thầu nào có Tỷ trọng (%) nhỏ nhất?",Gói thầu,Tỷ trọng (%),GT21,p01_b00207,2,11,0,False,1,GT77 Đã đối chiếu,p01_b00195,2,10,0,False,1,"2,2%",2.2,7,10,False
B-train-00797-q08,B-train-00797,argmin,"Trong bảng 1 ở trang 1, Nghiệp vụ nào có Kỳ trước nhỏ nhất?",Nghiệp vụ,Kỳ trước,Mức A | ưu tiên,p01_b00032,1,5,0,False,1,Mức A | ưu tiên,p01_b00032,1,5,0,False,1,1.697,1697.0,2,10,True
B-train-00798-q01,B-train-00798,argmax,"Trong bảng 2 ở trang 1, Khu vực nào có Kỳ này lớn nhất?",Khu vực,Kỳ này,Miền Bắc,p01_b00116,2,3,0,False,2,Miền Bắc,p01_b00116,2,3,0,False,2,7.982,7982.0,0,10,True
B-train-00798-q03,B-train-00798,argmax,"Trong bảng 1 ở trang 2, Trạm nào có Lũy kế lớn nhất?",Trạm,Lũy kế,Trạm Nam Sông,p02_b00083,1,10,0,False,2,Trạm Nam Sông,p02_b00083,1,10,0,False,2,9.121,9121.0,7,10,True
B-train-00798-q06,B-train-00798,argmin,"Trong bảng 1 ở trang 1, Đơn vị nào có Kỳ này nhỏ nhất?",Đơn vị,Kỳ này,THPT Trần Phú,p01_b00033,1,5,0,False,1,THPT Trần Phú,p01_b00033,1,5,0,False,1,1.892,1892.0,2,9,True
B-train-00798-q08,B-train-00798,argmin,"Trong bảng 2 ở trang 1, Khu vực nào có Kỳ trước nhỏ nhất?",Khu vực,Kỳ trước,Miền Nam,p01_b00131,2,5,0,False,2,Miền Nam,p01_b00131,2,5,0,False,2,575,575.0,2,10,True
B-train-00799-q04,B-train-00799,argmin,"Trong bảng 1 ở trang 2, Dự án nào có Tiến độ nhỏ nhất?",Dự án,Tiến độ,Nhà máy nước,p02_b00038,1,6,0,False,1,Đường vành đai Đã đối chiếu,p02_b00061,1,9,0,False,1,"17,0%",17.0,6,10,False
B-train-00799-q06,B-train-00799,argmax,"Trong bảng 2 ở trang 1, Địa bàn nào có Diện tích (ha) lớn nhất?",Địa bàn,Diện tích (ha),Hải Phòng,p01_b00123,2,4,0,True,2,Hải Phòng,p01_b00123,2,4,0,True,2,469,469.0,1,9,True
B-train-00799-q07,B-train-00799,argmin,"Trong bảng 1 ở trang 2, Dự án nào có Giải ngân nhỏ nhất?",Dự án,Giải ngân,Mức A | ưu tiên,p02_b00029,1,5,0,False,1,Mức A | ưu tiên,p02_b00029,1,5,0,False,1,1.048,1048.0,2,10,True
B-train-00799-q09,B-train-00799,argmax,"Trong bảng 1 ở trang 1, Điểm đến nào có Doanh thu lớn nhất?",Điểm đến,Doanh thu,Nha Trang,p01_b00043,1,6,0,True,1,Nha Trang,p01_b00043,1,6,0,True,1,100.626,100626.0,3,9,True
B-train-00800-q06,B-train-00800,argmin,"Trong bảng 2 ở trang 1, Gói thầu nào có Giá trúng nhỏ nhất?",Gói thầu,Giá trúng,GT44,p01_b00120,2,5,0,False,2,GT44,p01_b00120,2,5,0,False,2,450,450.0,2,14,True
B-train-00800-q08,B-train-00800,argmax,"Trong bảng 1 ở trang 1, Khoa nào có Kỳ này lớn nhất?",Khoa,Kỳ này,Nhi,p01_b00076,1,11,0,False,2,Nhi,p01_b00076,1,11,0,False,2,9.502,9502.0,8,9,True
B-train-00801-q02,B-train-00801,argmax,"Trong bảng 1 ở trang 1, Chi nhánh nào có Nợ quá hạn lớn nhất?",Chi nhánh,Nợ quá hạn,Hải Phòng 02,p01_b00131,1,14,0,False,4,Hải Phòng 02,p01_b00131,1,14,0,False,4,730,730.0,11,17,True
B-train-00801-q04,B-train-00801,argmin,"Trong bảng 1 ở trang 1, Chi nhánh nào có Kỳ này nhỏ nhất?",Chi nhánh,Kỳ này,Cần Thơ 02,p01_b00109,1,12,0,False,3,Cần Thơ 02,p01_b00109,1,12,0,False,3,588,588.0,9,17,True
B-train-00801-q07,B-train-00801,argmax,"Trong bảng 1 ở trang 2, Chi nhánh nào có Nợ quá hạn lớn nhất?",Chi nhánh,Nợ quá hạn,Khánh Hòa 03,p02_b00190,1,19,0,False,4,Khánh Hòa 03,p02_b00190,1,19,0,False,4,610,610.0,16,18,True
B-train-00801-q10,B-train-00801,argmin,"Trong bảng 1 ở trang 2, Chi nhánh nào có Huy động nhỏ nhất?",Chi nhánh,Huy động,Đà Nẵng 01,p02_b00179,1,18,0,False,4,Đà Nẵng 01,p02_b00179,1,18,0,False,4,940,940.0,15,18,True
B-train-00802-q04,B-train-00802,argmin,"Trong bảng 2 ở trang 1, Địa bàn nào có Kỳ trước nhỏ nhất?",Địa bàn,Kỳ trước,Đồng Nai,p01_b00221,2,10,0,False,1,Đồng Nai,p01_b00221,2,10,0,False,1,2.706,2706.0,7,11,True
B-train-00802-q09,B-train-00802,argmax,"Trong bảng 2 ở trang 1, Địa bàn nào có Tỷ trọng (%) lớn nhất?",Địa bàn,Tỷ trọng (%),Khánh Hòa,p01_b00255,2,13,0,False,1,Khánh Hòa,p01_b00255,2,13,0,False,1,"36,9%",36.9,10,11,True
B-train-00802-q10,B-train-00802,argmax,"Trong bảng 2 ở trang 1, Địa bàn nào có Sản lượng (tấn) lớn nhất?",Địa bàn,Sản lượng (tấn),Đà Nẵng,p01_b00243,2,12,0,False,2,Đà Nẵng,p01_b00243,2,12,0,False,2,4.194,4194.0,9,11,True
B-train-00803-q03,B-train-00803,argmin,"Trong bảng 1 ở trang 1, Dự án nào có Giá trị hợp đồng nhỏ nhất?",Dự án,Giá trị hợp đồng,Khu tái định cư,p01_b00046,1,7,0,False,1,Miền Trung,p01_b00055,1,8,0,False,1,5.580,5580.0,6,9,False
B-train-00803-q05,B-train-00803,argmax,"Trong bảng 2 ở trang 1, Phòng ban nào có Hiện có lớn nhất?",Phòng ban,Hiện có,Hành chính,p01_b00178,2,13,0,False,2,Hành chính,p01_b00178,2,13,0,False,2,34,34.0,10,13,True
B-train-00803-q08,B-train-00803,argmax,"Trong bảng 2 ở trang 1, Phòng ban nào có Thiếu/thừa lớn nhất?",Phòng ban,Thiếu/thừa,Kinh doanh,p01_b00195,2,15,0,True,3,Cần Thơ,p01_b00105,2,4,0,False,1,+3,3.0,2,13,False
B-train-00804-q03,B-train-00804,argmax,"Trong bảng 2 ở trang 1, Khoa nào có Lượt khám lớn nhất?",Khoa,Lượt khám,Nhi,p01_b00183,2,11,0,False,1,Ngoại,p01_b00125,2,4,0,False,3,471,471.0,1,14,False
B-train-00804-q06,B-train-00804,argmin,"Trong bảng 1 ở trang 1, Khu vực nào có Lũy kế nhỏ nhất?",Khu vực,Lũy kế,Cụm BTS-01,p01_b00062,1,8,0,False,2,Cụm BTS-01,p01_b00062,1,8,0,False,2,79,79.0,5,9,True
B-train-00805-q01,B-train-00805,argmax,"Trong bảng 1 ở trang 2, Kho/điểm nào có Tồn cuối lớn nhất?",Kho/điểm,Tồn cuối,Kho Đà Nẵng,p02_b00023,1,4,0,True,2,Kho Đà Nẵng,p02_b00023,1,4,0,True,2,937,937.0,1,9,True
B-train-00805-q02,B-train-00805,argmin,"Trong bảng 1 ở trang 1, Chi nhánh nào có Dư nợ nhỏ nhất?",Chi nhánh,Dư nợ,Cần Thơ 02,p01_b00046,1,7,0,False,1,Hải Phòng 02,p01_b00064,1,9,0,False,2,2.000,2000.0,6,11,False
B-train-00805-q04,B-train-00805,argmin,"Trong bảng 1 ở trang 2, Kho/điểm nào có Lũy kế nhỏ nhất?",Kho/điểm,Lũy kế,Kho Hà Nội,p02_b00056,1,8,0,False,2,Kho Hà Nội,p02_b00056,1,8,0,False,2,1.877,1877.0,5,9,True
B-train-00806-q01,B-train-00806,argmin,"Trong bảng 2 ở trang 1, Kho/điểm nào có Chi phí nhỏ nhất?",Kho/điểm,Chi phí,Kho Hà Nội,p01_b00198,2,8,0,False,3,Kho Hà Nội,p01_b00198,2,8,0,False,3,30.914,30914.0,5,13,True
B-train-00806-q02,B-train-00806,argmax,"Trong bảng 2 ở trang 1, Kho/điểm nào có Đúng hạn lớn nhất?",Kho/điểm,Đúng hạn,Kho Cần Thơ,p01_b00182,2,6,0,False,2,Kho Cần Thơ,p01_b00182,2,6,0,False,2,"99,1%",99.1,3,13,True
B-train-00806-q05,B-train-00806,argmin,"Trong bảng 1 ở trang 1, Mã hàng nào có Lũy kế nhỏ nhất?",Mã hàng,Lũy kế,VT322,p01_b00086,1,10,0,False,1,VT322,p01_b00086,1,10,0,False,1,2.811,2811.0,7,13,True
B-train-00807-q03,B-train-00807,argmax,"Trong bảng 2 ở trang 1, Khoa nào có Kỳ trước lớn nhất?",Khoa,Kỳ trước,Nhi,p01_b00134,2,5,0,False,1,Nhi,p01_b00134,2,5,0,False,1,6.978,6978.0,2,9,True
B-train-00807-q05,B-train-00807,argmin,"Trong bảng 1 ở trang 1, Mã hàng nào có Tồn cuối nhỏ nhất?",Mã hàng,Tồn cuối,VT972,p01_b00044,1,6,0,True,1,VT972,p01_b00044,1,6,0,True,1,15,15.0,3,9,True
B-train-00807-q06,B-train-00807,argmin,"Trong bảng 1 ở trang 1, Mã hàng nào có Tồn đầu nhỏ nhất?",Mã hàng,Tồn đầu,VT367,p01_b00083,1,10,0,False,1,VT367,p01_b00083,1,10,0,False,1,20,20.0,7,9,True
B-train-00807-q07,B-train-00807,argmax,"Trong bảng 1 ở trang 1, Mã hàng nào có Tồn đầu lớn nhất?",Mã hàng,Tồn đầu,Khánh Hòa,p01_b00055,1,7,0,False,1,Khánh Hòa,p01_b00055,1,7,0,False,1,180,180.0,4,9,True
B-train-00808-q03,B-train-00808,argmax,"Trong bảng 2 ở trang 1, Mã hàng nào có Kế hoạch năm lớn nhất?",Mã hàng,Kế hoạch năm,VT284,p01_b00153,2,6,0,False,1,Hà Nội,p01_b00161,2,7,0,False,1,8.141,8141.0,5,10,False
B-train-00808-q04,B-train-00808,argmin,"Trong bảng 1 ở trang 1, Trạm nào có Tỷ trọng (%) nhỏ nhất?",Trạm,Tỷ trọng (%),Trạm Tây Đô,p01_b00103,1,11,0,False,1,Trạm 110kV Bắc,p01_b00015,1,3,0,False,2,"3,6%",3.6,0,9,False
B-train-00808-q05,B-train-00808,argmin,"Trong bảng 2 ở trang 1, Mã hàng nào có Xuất nhỏ nhất?",Mã hàng,Xuất,VT416,p01_b00182,2,10,0,False,1,VT416,p01_b00182,2,10,0,False,1,9,9.0,7,10,True
B-train-00808-q09,B-train-00808,argmax,"Trong bảng 1 ở trang 1, Trạm nào có Lũy kế lớn nhất?",Trạm,Lũy kế,Trạm 220kV Trung,p01_b00079,1,9,0,False,1,Trạm 220kV Trung,p01_b00079,1,9,0,False,1,7.800,7800.0,6,9,True
B-train-00809-q01,B-train-00809,argmax,"Trong bảng 2 ở trang 1, Tuyến nào có Tỷ trọng (%) lớn nhất?",Tuyến,Tỷ trọng (%),Hà Nội – Hải Phòng,p01_b00174,2,3,0,False,2,Hà Nội – Hải Phòng,p01_b00174,2,3,0,False,2,"37,4%",37.4,0,9,True
B-train-00809-q06,B-train-00809,argmin,"Trong bảng 1 ở trang 2, Đơn vị nào có Kỳ trước nhỏ nhất?",Đơn vị,Kỳ trước,THPT Chu Văn An,p02_b00049,1,7,0,False,2,THPT Chu Văn An,p02_b00049,1,7,0,False,2,1.525,1525.0,4,13,True
B-train-00809-q10,B-train-00809,argmin,"Trong bảng 1 ở trang 1, Khu vực nào có Kỳ trước nhỏ nhất?",Khu vực,Kỳ trước,Đồng bằng sông Cửu Long,p01_b00119,1,12,0,False,3,Đồng bằng sông Cửu Long,p01_b00119,1,12,0,False,3,432,432.0,9,13,True
B-train-00810-q02,B-train-00810,argmin,"Trong bảng 1 ở trang 2, Tuyến nào có Hành khách nhỏ nhất?",Tuyến,Hành khách,TP.HCM – Cần Thơ,p02_b00101,1,11,0,False,5,TP.HCM – Cần Thơ,p02_b00101,1,11,0,False,5,294,294.0,8,19,True
B-train-00810-q03,B-train-00810,argmax,"Trong bảng 1 ở trang 2, Tuyến nào có Kỳ này lớn nhất?",Tuyến,Kỳ này,Nha Trang – Đà Lạt,p02_b00112,1,12,0,False,5,Nha Trang – Đà Lạt,p02_b00112,1,12,0,False,5,9.430,9430.0,9,19,True
B-train-00810-q05,B-train-00810,argmax,"Trong bảng 1 ở trang 1, Tuyến nào có Kỳ này lớn nhất?",Tuyến,Kỳ này,Đà Nẵng – Huế,p01_b00155,1,16,0,False,5,Đà Nẵng – Huế,p01_b00155,1,16,0,False,5,9.879,9879.0,13,18,True
B-train-00810-q06,B-train-00810,argmin,"Trong bảng 1 ở trang 1, Tuyến nào có Doanh thu nhỏ nhất?",Tuyến,Doanh thu,Hà Nội – Hải Phòng,p01_b00146,1,15,0,False,5,Hà Nội – Hải Phòng,p01_b00146,1,15,0,False,5,27.972,27972.0,12,18,True
B-train-00811-q04,B-train-00811,argmin,"Trong bảng 1 ở trang 2, Dự án nào có Tiến độ nhỏ nhất?",Dự án,Tiến độ,Cầu Đông Thành,p02_b00074,1,8,0,False,3,Miền Trung,p02_b00143,1,14,0,False,1,"13,5%",13.5,12,13,False
B-train-00811-q08,B-train-00811,argmin,"Trong bảng 1 ở trang 1, Khu vực nào có Thực hiện nhỏ nhất?",Khu vực,Thực hiện,Đồng bằng sông Cửu Long,p01_b00045,1,7,0,False,2,Đồng bằng sông Cửu Long,p01_b00045,1,7,0,False,2,1.310,1310.0,4,11,True
B-train-00811-q09,B-train-00811,argmax,"Trong bảng 2 ở trang 1, Gói thầu nào có Giá dự toán lớn nhất?",Gói thầu,Giá dự toán,GT87,p01_b00152,2,7,0,False,1,GT87,p01_b00152,2,7,0,False,1,2.230,2230.0,4,9,True
B-train-00811-q10,B-train-00811,argmax,"Trong bảng 1 ở trang 1, Khu vực nào có Chênh lệch lớn nhất?",Khu vực,Chênh lệch,Tây Nguyên,p01_b00038,1,6,0,False,1,Tây Nguyên,p01_b00038,1,6,0,False,1,890,890.0,3,11,True
B-train-00812-q01,B-train-00812,argmax,"Trong bảng 1 ở trang 2, Nhóm chế độ nào có Trễ hạn lớn nhất?",Nhóm chế độ,Trễ hạn,Thai sản,p02_b00035,1,5,0,False,3,Thai sản,p02_b00035,1,5,0,False,3,61,61.0,2,17,True
B-train-00812-q05,B-train-00812,argmin,"Trong bảng 1 ở trang 2, Nhóm chế độ nào có Tỷ trọng (%) nhỏ nhất?",Nhóm chế độ,Tỷ trọng (%),Thai sản,p02_b00089,1,10,0,False,3,Thai sản,p02_b00089,1,10,0,False,3,"3,2%",3.2,7,17,True
B-train-00813-q06,B-train-00813,argmax,"Trong bảng 1 ở trang 1, Điểm đến nào có Khách quốc tế lớn nhất?",Điểm đến,Khách quốc tế,Vịnh Hạ Long,p01_b00012,1,3,0,False,4,Vịnh Hạ Long,p01_b00012,1,3,0,False,4,6.393,6393.0,0,17,True
B-train-00813-q07,B-train-00813,argmax,"Trong bảng 1 ở trang 2, Điểm đến nào có Khách quốc tế lớn nhất?",Điểm đến,Khách quốc tế,Đà Lạt,p02_b00056,1,8,0,True,3,Đà Lạt,p02_b00056,1,8,0,True,3,6.399,6399.0,5,17,True
B-train-00813-q09,B-train-00813,argmin,"Trong bảng 1 ở trang 1, Điểm đến nào có Công suất phòng nhỏ nhất?",Điểm đến,Công suất phòng,Nha Trang,p01_b00039,1,6,0,False,3,Nha Trang,p01_b00039,1,6,0,False,3,"50,4%",50.4,3,17,True
B-train-00814-q01,B-train-00814,argmin,"Trong bảng 1 ở trang 1, Phòng ban nào có Thiếu/thừa nhỏ nhất?",Phòng ban,Thiếu/thừa,Công nghệ,p01_b00038,1,6,0,False,1,Công nghệ,p01_b00038,1,6,0,False,1,-5,-5.0,3,9,True
B-train-00814-q06,B-train-00814,argmax,"Trong bảng 2 ở trang 1, Gói thầu nào có Tỷ trọng (%) lớn nhất?",Gói thầu,Tỷ trọng (%),GT15,p01_b00099,2,3,0,False,1,GT15,p01_b00099,2,3,0,False,1,"30,8%",30.8,0,11,True
B-train-00814-q09,B-train-00814,argmin,"Trong bảng 2 ở trang 1, Gói thầu nào có Giá dự toán nhỏ nhất?",Gói thầu,Giá dự toán,GT04,p01_b00133,2,6,0,False,1,GT04,p01_b00133,2,6,0,False,1,360,360.0,3,11,True
B-train-00814-q10,B-train-00814,argmax,"Trong bảng 2 ở trang 1, Gói thầu nào có Giá trúng lớn nhất?",Gói thầu,Giá trúng,GT42,p01_b00177,2,10,0,False,1,GT42,p01_b00177,2,10,0,False,1,2.160,2160.0,7,11,True
B-train-00815-q04,B-train-00815,argmin,"Trong bảng 1 ở trang 1, Khu vực nào có Lưu lượng nhỏ nhất?",Khu vực,Lưu lượng,Cụm BTS-02,p01_b00023,1,4,0,False,4,Cụm BTS-02,p01_b00023,1,4,0,False,4,2.753,2753.0,1,20,True
B-train-00815-q05,B-train-00815,argmin,"Trong bảng 1 ở trang 2, Khu vực nào có Phản ánh nhỏ nhất?",Khu vực,Phản ánh,Khu vực đô thị,p02_b00043,1,6,0,False,4,Khu vực đô thị,p02_b00043,1,6,0,False,4,2,2.0,3,21,True
B-train-00815-q08,B-train-00815,argmax,"Trong bảng 1 ở trang 1, Khu vực nào có Lưu lượng lớn nhất?",Khu vực,Lưu lượng,Khu vực đô thị,p01_b00091,1,11,0,False,4,Khu vực đô thị,p01_b00091,1,11,0,False,4,94.538,94538.0,8,20,True
B-train-00815-q10,B-train-00815,argmax,"Trong bảng 1 ở trang 1, Khu vực nào có Phản ánh lớn nhất?",Khu vực,Phản ánh,Khu vực đô thị,p01_b00042,1,6,0,False,4,Khu vực đô thị,p01_b00042,1,6,0,False,4,89,89.0,3,20,True
B-train-00816-q01,B-train-00816,argmax,"Trong bảng 2 ở trang 1, Khoa nào có Lượt khám lớn nhất?",Khoa,Lượt khám,Đồng Nai,p01_b00223,2,8,0,False,1,Ngoại,p01_b00244,2,10,0,False,2,394,394.0,7,9,False
B-train-00816-q06,B-train-00816,argmin,"Trong bảng 2 ở trang 1, Khoa nào có Nhập viện nhỏ nhất?",Khoa,Nhập viện,Ngoại,p01_b00177,2,4,0,False,2,Ngoại,p01_b00177,2,4,0,False,2,6,6.0,1,9,True
B-train-00816-q08,B-train-00816,argmin,"Trong bảng 1 ở trang 1, Đơn vị nào có Kế hoạch năm nhỏ nhất?",Đơn vị,Kế hoạch năm,THPT Chu Văn An,p01_b00059,1,7,0,False,2,THPT Chu Văn An,p01_b00059,1,7,0,False,2,293,293.0,4,12,True
B-train-00817-q02,B-train-00817,argmax,"Trong bảng 1 ở trang 2, Khu vực nào có Tỷ lệ rớt cuộc lớn nhất?",Khu vực,Tỷ lệ rớt cuộc,Khu vực ven biển,p02_b00030,1,5,0,False,1,Khu vực ven biển,p02_b00030,1,5,0,False,1,"3,4%",3.4,2,9,True
B-train-00817-q04,B-train-00817,argmax,"Trong bảng 2 ở trang 1, Dự án nào có Kỳ này lớn nhất?",Dự án,Kỳ này,Khu tái định cư,p01_b00219,2,12,0,False,2,Khu tái định cư,p01_b00219,2,12,0,False,2,7.369,7369.0,9,11,True
B-train-00817-q05,B-train-00817,argmin,"Trong bảng 1 ở trang 2, Khu vực nào có Phản ánh nhỏ nhất?",Khu vực,Phản ánh,Cụm BTS-01,p02_b00013,1,3,0,False,2,Cụm BTS-01,p02_b00013,1,3,0,False,2,4,4.0,0,9,True
B-train-00817-q10,B-train-00817,argmin,"Trong bảng 1 ở trang 2, Khu vực nào có Kỳ trước nhỏ nhất?",Khu vực,Kỳ trước,Miền Nam,p02_b00066,1,9,0,False,1,Miền Nam,p02_b00066,1,9,0,False,1,527,527.0,6,9,True
B-train-00818-q04,B-train-00818,argmax,"Trong bảng 1 ở trang 2, Trạm nào có Kỳ trước lớn nhất?",Trạm,Kỳ trước,Trạm Nam Sông,p02_b00098,1,10,0,False,2,Trạm Nam Sông,p02_b00098,1,10,0,False,2,9.727,9727.0,7,16,True
B-train-00818-q05,B-train-00818,argmax,"Trong bảng 1 ở trang 1, Trạm nào có Kế hoạch năm lớn nhất?",Trạm,Kế hoạch năm,Trạm Nam Sông,p01_b00099,1,10,0,False,3,Trạm Nam Sông,p01_b00099,1,10,0,False,3,9.543,9543.0,7,15,True
B-train-00819-q02,B-train-00819,argmin,"Trong bảng 2 ở trang 1, Điểm đến nào có Kỳ trước nhỏ nhất?",Điểm đến,Kỳ trước,Đà Lạt,p01_b00140,2,5,0,False,2,Phú Quốc Đã đối chiếu,p01_b00164,2,7,0,False,1,1.268,1268.0,4,10,False
B-train-00819-q03,B-train-00819,argmin,"Trong bảng 2 ở trang 1, Điểm đến nào có Công suất phòng nhỏ nhất?",Điểm đến,Công suất phòng,Vịnh Hạ Long,p01_b00176,2,8,0,False,1,Phú Quốc Đã đối chiếu,p01_b00164,2,7,0,False,1,"49,0%",49.0,4,10,False
B-train-00819-q08,B-train-00819,argmax,"Trong bảng 1 ở trang 1, Chi nhánh nào có Kế hoạch năm lớn nhất?",Chi nhánh,Kế hoạch năm,Khánh Hòa 03,p01_b00045,1,6,0,False,2,Khánh Hòa 03,p01_b00045,1,6,0,False,2,8.002,8002.0,3,9,True
B-train-00820-q04,B-train-00820,argmax,"Trong bảng 1 ở trang 1, Điểm bán nào có Kỳ này lớn nhất?",Điểm bán,Kỳ này,Cửa hàng 02,p01_b00082,1,9,0,False,3,Cửa hàng 02,p01_b00082,1,9,0,False,3,6.492,6492.0,6,13,True
B-train-00820-q10,B-train-00820,argmax,"Trong bảng 1 ở trang 1, Điểm bán nào có Giá trị bán lớn nhất?",Điểm bán,Giá trị bán,Điểm bán phía Bắc,p01_b00049,1,6,0,False,1,Điểm bán phía Bắc,p01_b00049,1,6,0,False,1,2.114.384,2114384.0,3,13,True
B-train-00821-q02,B-train-00821,argmax,"Trong bảng 1 ở trang 2, Dự án nào có Giải ngân lớn nhất?",Dự án,Giải ngân,Đường vành đai,p02_b00052,1,7,0,False,3,Đường vành đai,p02_b00052,1,7,0,False,3,22.868,22868.0,4,18,True
B-train-00821-q07,B-train-00821,argmin,"Trong bảng 1 ở trang 2, Dự án nào có Tiến độ nhỏ nhất?",Dự án,Tiến độ,Trường liên cấp,p02_b00161,1,18,0,False,4,Trường liên cấp,p02_b00161,1,18,0,False,4,"26,1%",26.1,15,18,True
B-train-00821-q09,B-train-00821,argmax,"Trong bảng 1 ở trang 1, Dự án nào có Giải ngân lớn nhất?",Dự án,Giải ngân,Cầu Đông Thành,p01_b00062,1,8,0,False,4,Cầu Đông Thành,p01_b00062,1,8,0,False,4,25.411,25411.0,5,17,True
B-train-00822-q04,B-train-00822,argmax,"Trong bảng 2 ở trang 1, Gói thầu nào có Tỷ trọng (%) lớn nhất?",Gói thầu,Tỷ trọng (%),Miền Nam,p01_b00239,2,12,0,False,1,Miền Nam,p01_b00239,2,12,0,False,1,"31,3%",31.3,9,11,True
B-train-00822-q05,B-train-00822,argmin,"Trong bảng 2 ở trang 1, Gói thầu nào có Tỷ trọng (%) nhỏ nhất?",Gói thầu,Tỷ trọng (%),GT74,p01_b00176,2,5,0,True,1,GT74,p01_b00176,2,5,0,True,1,"6,7%",6.7,2,11,True
B-train-00822-q06,B-train-00822,argmin,"Trong bảng 2 ở trang 1, Gói thầu nào có Kỳ này nhỏ nhất?",Gói thầu,Kỳ này,GT28,p01_b00186,2,6,0,False,1,Miền Nam,p01_b00239,2,12,0,False,1,2.569,2569.0,10,11,False
B-train-00822-q07,B-train-00822,argmax,"Trong bảng 2 ở trang 1, Gói thầu nào có Lũy kế lớn nhất?",Gói thầu,Lũy kế,GT76,p01_b00205,2,8,0,False,1,GT76,p01_b00205,2,8,0,False,1,9.206,9206.0,5,11,True
B-train-00823-q01,B-train-00823,argmin,"Trong bảng 1 ở trang 1, Đơn vị nào có Tỷ lệ đạt nhỏ nhất?",Đơn vị,Tỷ lệ đạt,THPT Trần Phú,p01_b00034,1,5,0,False,1,THPT Trần Phú,p01_b00034,1,5,0,False,1,"57,7%",57.7,2,9,True
B-train-00823-q02,B-train-00823,argmin,"Trong bảng 1 ở trang 1, Đơn vị nào có Đạt nhỏ nhất?",Đơn vị,Đạt,THPT Trần Phú,p01_b00034,1,5,0,False,1,THPT Trần Phú,p01_b00034,1,5,0,False,1,15,15.0,2,9,True
B-train-00823-q08,B-train-00823,argmax,"Trong bảng 1 ở trang 1, Đơn vị nào có Thí sinh lớn nhất?",Đơn vị,Thí sinh,THPT Phan Bội Châu,p01_b00094,1,11,0,False,1,THPT Phan Bội Châu,p01_b00094,1,11,0,False,1,47,47.0,8,9,True
B-train-00824-q02,B-train-00824,argmin,"Trong bảng 2 ở trang 1, Tuyến nào có Kỳ này nhỏ nhất?",Tuyến,Kỳ này,Hà Nội – Hải Phòng,p01_b00139,2,3,0,False,4,Hà Nội – Hải Phòng,p01_b00139,2,3,0,False,4,1.953,1953.0,0,13,True
B-train-00824-q08,B-train-00824,argmax,"Trong bảng 1 ở trang 1, Nhóm chế độ nào có Kỳ trước lớn nhất?",Nhóm chế độ,Kỳ trước,Thất nghiệp,p01_b00027,1,4,0,False,2,Thất nghiệp,p01_b00027,1,4,0,False,2,9.135,9135.0,1,10,True
B-train-00825-q01,B-train-00825,argmin,"Trong bảng 1 ở trang 1, Tuyến nào có Kỳ trước nhỏ nhất?",Tuyến,Kỳ trước,Hà Nội – Hải Phòng,p01_b00079,1,11,0,True,4,Hà Nội – Hải Phòng,p01_b00079,1,11,0,True,4,912,912.0,8,14,True
B-train-00825-q03,B-train-00825,argmax,"Trong bảng 1 ở trang 2, Kho/điểm nào có Kỳ trước lớn nhất?",Kho/điểm,Kỳ trước,Kho Hà Nội,p02_b00062,1,8,0,False,2,Kho Hà Nội,p02_b00062,1,8,0,False,2,9.763,9763.0,5,12,True
B-train-00825-q06,B-train-00825,argmax,"Trong bảng 1 ở trang 1, Tuyến nào có Đúng giờ lớn nhất?",Tuyến,Đúng giờ,TP.HCM – Cần Thơ,p01_b00096,1,13,0,False,1,TP.HCM – Cần Thơ,p01_b00096,1,13,0,False,1,"97,0%",97.0,10,14,True
B-train-00825-q10,B-train-00825,argmin,"Trong bảng 1 ở trang 1, Tuyến nào có Kế hoạch năm nhỏ nhất?",Tuyến,Kế hoạch năm,Hà Nội – Hải Phòng,p01_b00012,1,3,0,False,4,Hà Nội – Hải Phòng,p01_b00012,1,3,0,False,4,98,98.0,0,14,True
B-train-00826-q03,B-train-00826,argmin,"Trong bảng 2 ở trang 1, Chi nhánh nào có Tỷ trọng (%) nhỏ nhất?",Chi nhánh,Tỷ trọng (%),Khánh Hòa 03,p01_b00219,2,11,0,False,1,Đà Nẵng 01 Đã đối chiếu,p01_b00153,2,5,0,False,1,"0,7%",0.7,2,12,False
B-train-00826-q05,B-train-00826,argmax,"Trong bảng 1 ở trang 1, Mã hàng nào có Tồn cuối lớn nhất?",Mã hàng,Tồn cuối,VT119,p01_b00085,1,11,0,False,1,VT119,p01_b00085,1,11,0,False,1,208,208.0,8,11,True
B-train-00826-q10,B-train-00826,argmin,"Trong bảng 1 ở trang 1, Mã hàng nào có Kỳ trước nhỏ nhất?",Mã hàng,Kỳ trước,VT606,p01_b00060,1,8,0,False,1,VT606,p01_b00060,1,8,0,False,1,2.184,2184.0,5,11,True
B-train-00827-q01,B-train-00827,argmax,"Trong bảng 2 ở trang 1, Khu vực nào có Lũy kế lớn nhất?",Khu vực,Lũy kế,Miền Nam,p01_b00160,2,10,0,False,1,Miền Nam,p01_b00160,2,10,0,False,1,9.088,9088.0,7,9,True
B-train-00827-q06,B-train-00827,argmax,"Trong bảng 1 ở trang 1, Trạm nào có Công suất đỉnh lớn nhất?",Trạm,Công suất đỉnh,Trạm 220kV Trung,p01_b00066,1,9,0,False,2,Trạm 220kV Trung,p01_b00066,1,9,0,False,2,877,877.0,6,9,True
B-train-00827-q07,B-train-00827,argmin,"Trong bảng 2 ở trang 1, Khu vực nào có Kỳ này nhỏ nhất?",Khu vực,Kỳ này,Miền Bắc,p01_b00106,2,3,0,False,1,Miền Bắc,p01_b00106,2,3,0,False,1,2.839,2839.0,0,9,True
B-train-00827-q10,B-train-00827,argmin,"Trong bảng 2 ở trang 1, Khu vực nào có Lũy kế nhỏ nhất?",Khu vực,Lũy kế,Tây Nguyên,p01_b00169,2,11,0,False,2,Tây Nguyên,p01_b00169,2,11,0,False,2,845,845.0,8,9,True
B-train-00828-q02,B-train-00828,argmin,"Trong bảng 1 ở trang 1, Kho/điểm nào có Kỳ trước nhỏ nhất?",Kho/điểm,Kỳ trước,Kho Đà Nẵng,p01_b00085,1,9,0,False,2,Kho Đà Nẵng,p01_b00085,1,9,0,False,2,348,348.0,6,14,True
B-train-00828-q03,B-train-00828,argmin,"Trong bảng 2 ở trang 1, Nghiệp vụ nào có Tỷ trọng (%) nhỏ nhất?",Nghiệp vụ,Tỷ trọng (%),Xe cơ giới,p01_b00257,2,9,0,False,3,Xe cơ giới,p01_b00257,2,9,0,False,3,"7,0%",7.0,6,14,True
B-train-00828-q05,B-train-00828,argmax,"Trong bảng 2 ở trang 1, Nghiệp vụ nào có Kế hoạch năm lớn nhất?",Nghiệp vụ,Kế hoạch năm,Tài sản,p01_b00325,2,15,0,False,3,Tài sản,p01_b00325,2,15,0,False,3,7.571,7571.0,12,14,True
B-train-00828-q07,B-train-00828,argmax,"Trong bảng 1 ở trang 1, Kho/điểm nào có Tồn cuối lớn nhất?",Kho/điểm,Tồn cuối,Kho Hà Nội,p01_b00073,1,8,0,False,3,Kho Hà Nội,p01_b00073,1,8,0,False,3,935,935.0,5,14,True
B-train-00829-q03,B-train-00829,argmax,"Trong bảng 1 ở trang 2, Địa bàn nào có Kỳ này lớn nhất?",Địa bàn,Kỳ này,Lâm Đồng,p02_b00057,1,7,0,False,2,Lâm Đồng,p02_b00057,1,7,0,False,2,9.294,9294.0,4,16,True
B-train-00829-q09,B-train-00829,argmin,"Trong bảng 1 ở trang 1, Địa bàn nào có Kỳ trước nhỏ nhất?",Địa bàn,Kỳ trước,Hà Nội,p01_b00167,1,17,0,False,3,Hà Nội,p01_b00167,1,17,0,False,3,987,987.0,14,16,True
B-train-00829-q10,B-train-00829,argmin,"Trong bảng 1 ở trang 2, Địa bàn nào có Diện tích (ha) nhỏ nhất?",Địa bàn,Diện tích (ha),Khánh Hòa,p02_b00100,1,11,0,False,3,Khánh Hòa,p02_b00100,1,11,0,False,3,132,132.0,8,16,True
B-train-00830-q01,B-train-00830,argmax,"Trong bảng 1 ở trang 2, Kho/điểm nào có Tỷ trọng (%) lớn nhất?",Kho/điểm,Tỷ trọng (%),Kho Bình Dương,p02_b00036,1,5,0,False,1,Cần Thơ,p02_b00047,1,6,0,True,1,"34,1%",34.1,4,9,False
B-train-00830-q06,B-train-00830,argmin,"Trong bảng 1 ở trang 2, Kho/điểm nào có Kỳ trước nhỏ nhất?",Kho/điểm,Kỳ trước,Kho Hà Nội,p02_b00014,1,3,0,False,2,Kho Hà Nội,p02_b00014,1,3,0,False,2,962,962.0,0,9,True
B-train-00830-q07,B-train-00830,argmin,"Trong bảng 1 ở trang 2, Kho/điểm nào có Lũy kế nhỏ nhất?",Kho/điểm,Lũy kế,Kho Hà Nội,p02_b00014,1,3,0,False,2,Kho Hà Nội,p02_b00014,1,3,0,False,2,577,577.0,0,9,True
B-train-00830-q08,B-train-00830,argmax,"Trong bảng 1 ở trang 2, Kho/điểm nào có Tồn cuối lớn nhất?",Kho/điểm,Tồn cuối,Kho Bình Dương,p02_b00083,1,10,0,False,2,Cần Thơ,p02_b00047,1,6,0,True,1,732,732.0,4,9,False
B-train-00831-q03,B-train-00831,argmin,"Trong bảng 1 ở trang 1, Trạm nào có Kỳ này nhỏ nhất?",Trạm,Kỳ này,Trạm 110kV Bắc,p01_b00146,1,18,0,False,4,Trạm 110kV Bắc,p01_b00146,1,18,0,False,4,217,217.0,15,20,True
B-train-00831-q07,B-train-00831,argmax,"Trong bảng 1 ở trang 1, Trạm nào có Kỳ trước lớn nhất?",Trạm,Kỳ trước,Trạm Tây Đô,p01_b00084,1,11,0,False,3,Trạm Tây Đô,p01_b00084,1,11,0,False,3,9.459,9459.0,8,20,True
B-train-00831-q09,B-train-00831,argmax,"Trong bảng 1 ở trang 2, Trạm nào có Sự cố lớn nhất?",Trạm,Sự cố,Trạm Nam Sông,p02_b00030,1,5,0,False,4,Trạm Nam Sông,p02_b00030,1,5,0,False,4,7,7.0,2,20,True
B-train-00832-q01,B-train-00832,argmin,"Trong bảng 1 ở trang 1, Phòng ban nào có Lũy kế nhỏ nhất?",Phòng ban,Lũy kế,Vận hành,p01_b00087,1,11,0,False,2,Đồng Nai,p01_b00115,1,14,0,False,1,1.388,1388.0,12,14,False
B-train-00832-q03,B-train-00832,argmin,"Trong bảng 2 ở trang 1, Mã hàng nào có Kỳ trước nhỏ nhất?",Mã hàng,Kỳ trước,VT672,p01_b00166,2,4,0,False,1,VT672,p01_b00166,2,4,0,False,1,124,124.0,1,9,True
B-train-00832-q09,B-train-00832,argmax,"Trong bảng 1 ở trang 1, Phòng ban nào có Kỳ này lớn nhất?",Phòng ban,Kỳ này,Công nghệ,p01_b00042,1,6,0,False,2,Công nghệ,p01_b00042,1,6,0,False,2,9.470,9470.0,3,14,True
B-train-00833-q04,B-train-00833,argmax,"Trong bảng 1 ở trang 1, Điểm đến nào có Khách quốc tế lớn nhất?",Điểm đến,Khách quốc tế,Vịnh Hạ Long,p01_b00013,1,3,0,False,3,Vịnh Hạ Long,p01_b00013,1,3,0,False,3,6.110,6110.0,0,15,True
B-train-00833-q06,B-train-00833,argmin,"Trong bảng 1 ở trang 1, Điểm đến nào có Khách quốc tế nhỏ nhất?",Điểm đến,Khách quốc tế,Mức A | ưu tiên,p01_b00091,1,11,0,False,1,Mức A | ưu tiên,p01_b00091,1,11,0,False,1,325,325.0,8,15,True
B-train-00833-q07,B-train-00833,argmax,"Trong bảng 1 ở trang 2, Điểm đến nào có Kỳ này lớn nhất?",Điểm đến,Kỳ này,Nha Trang,p02_b00141,1,16,0,False,2,Nha Trang,p02_b00141,1,16,0,False,2,9.508,9508.0,13,15,True
B-train-00833-q09,B-train-00833,argmin,"Trong bảng 1 ở trang 2, Điểm đến nào có Doanh thu nhỏ nhất?",Điểm đến,Doanh thu,Phú Quốc,p02_b00053,1,7,0,False,3,Phú Quốc,p02_b00053,1,7,0,False,3,28.644,28644.0,4,15,True
B-train-00834-q01,B-train-00834,argmin,"Trong bảng 2 ở trang 1, Địa bàn nào có Kỳ này nhỏ nhất?",Địa bàn,Kỳ này,Hải Phòng,p01_b00220,2,11,0,False,2,Hải Phòng,p01_b00220,2,11,0,False,2,1.269,1269.0,8,11,True
B-train-00834-q05,B-train-00834,argmax,"Trong bảng 2 ở trang 1, Địa bàn nào có Kỳ trước lớn nhất?",Địa bàn,Kỳ trước,Lâm Đồng,p01_b00198,2,9,0,False,1,Lâm Đồng,p01_b00198,2,9,0,False,1,9.241,9241.0,6,11,True
B-train-00834-q06,B-train-00834,argmax,"Trong bảng 1 ở trang 1, Phòng ban nào có Hiện có lớn nhất?",Phòng ban,Hiện có,Vận hành,p01_b00097,1,11,0,False,1,Vận hành,p01_b00097,1,11,0,False,1,44,44.0,8,11,True
B-train-00835-q01,B-train-00835,argmax,"Trong bảng 1 ở trang 1, Điểm đến nào có Công suất phòng lớn nhất?",Điểm đến,Công suất phòng,Đà Lạt,p01_b00075,1,10,0,False,2,Đà Lạt,p01_b00075,1,10,0,False,2,"95,3%",95.3,7,14,True
B-train-00835-q06,B-train-00835,argmin,"Trong bảng 2 ở trang 1, Khu vực nào có Phản ánh nhỏ nhất?",Khu vực,Phản ánh,Cụm BTS-01,p01_b00144,2,3,0,False,2,Cụm BTS-01,p01_b00144,2,3,0,False,2,1,1.0,0,9,True
B-train-00835-q10,B-train-00835,argmin,"Trong bảng 1 ở trang 1, Điểm đến nào có Kỳ trước nhỏ nhất?",Điểm đến,Kỳ trước,Vịnh Hạ Long,p01_b00012,1,3,0,False,3,Hải Phòng,p01_b00114,1,15,0,True,1,330,330.0,13,14,False
B-train-00836-q04,B-train-00836,argmin,"Trong bảng 1 ở trang 1, Mã hàng nào có Nhập nhỏ nhất?",Mã hàng,Nhập,VT876,p01_b00118,1,13,0,False,1,Hà Nội,p01_b00097,1,11,0,False,1,2,2.0,9,13,False
B-train-00836-q07,B-train-00836,argmax,"Trong bảng 1 ở trang 1, Mã hàng nào có Tồn đầu lớn nhất?",Mã hàng,Tồn đầu,VT855,p01_b00128,1,14,0,False,1,VT855,p01_b00128,1,14,0,False,1,169,169.0,11,13,True
B-train-00836-q08,B-train-00836,argmax,"Trong bảng 1 ở trang 1, Mã hàng nào có Kỳ này lớn nhất?",Mã hàng,Kỳ này,VT876,p01_b00118,1,13,0,False,1,VT876,p01_b00118,1,13,0,False,1,9.376,9376.0,10,13,True
B-train-00837-q01,B-train-00837,argmin,"Trong bảng 1 ở trang 1, Trạm nào có Tỷ trọng (%) nhỏ nhất?",Trạm,Tỷ trọng (%),Trạm Cao Nguyên,p01_b00165,1,17,0,False,3,Trạm 110kV Bắc,p01_b00068,1,8,0,False,3,"4,1%",4.1,5,15,False
B-train-00837-q06,B-train-00837,argmin,"Trong bảng 1 ở trang 2, Trạm nào có Tỷ trọng (%) nhỏ nhất?",Trạm,Tỷ trọng (%),Trạm Cao Nguyên,p02_b00112,1,12,0,True,3,Trạm Cao Nguyên,p02_b00112,1,12,0,True,3,"2,1%",2.1,9,15,True
B-train-00837-q07,B-train-00837,argmax,"Trong bảng 1 ở trang 1, Trạm nào có Kỳ trước lớn nhất?",Trạm,Kỳ trước,Trạm Cao Nguyên,p01_b00165,1,17,0,False,3,Trạm Cao Nguyên,p01_b00165,1,17,0,False,3,9.956,9956.0,14,15,True
B-train-00837-q10,B-train-00837,argmax,"Trong bảng 1 ở trang 1, Trạm nào có Tỷ trọng (%) lớn nhất?",Trạm,Tỷ trọng (%),Trạm 220kV Trung,p01_b00025,1,4,0,False,2,Trạm 220kV Trung,p01_b00025,1,4,0,False,2,"36,6%",36.6,1,15,True
B-train-00838-q07,B-train-00838,argmax,"Trong bảng 2 ở trang 1, Điểm đến nào có Doanh thu lớn nhất?",Điểm đến,Doanh thu,Vịnh Hạ Long,p01_b00191,2,8,0,False,2,Vịnh Hạ Long,p01_b00191,2,8,0,False,2,157.416,157416.0,5,13,True
B-train-00838-q08,B-train-00838,argmin,"Trong bảng 1 ở trang 1, Phòng ban nào có Lũy kế nhỏ nhất?",Phòng ban,Lũy kế,Chăm sóc khách hàng,p01_b00053,1,8,0,False,2,Chăm sóc khách hàng,p01_b00053,1,8,0,False,2,136,136.0,5,14,True
B-train-00838-q10,B-train-00838,argmax,"Trong bảng 2 ở trang 1, Điểm đến nào có Kế hoạch năm lớn nhất?",Điểm đến,Kế hoạch năm,Phố cổ Hội An,p01_b00246,2,14,0,False,3,Phố cổ Hội An,p01_b00246,2,14,0,False,3,9.300,9300.0,11,13,True
B-train-00839-q02,B-train-00839,argmax,"Trong bảng 1 ở trang 2, Điểm quan trắc nào có Kế hoạch năm lớn nhất?",Điểm quan trắc,Kế hoạch năm,Hồ Xuân Hương,p02_b00053,1,7,0,False,3,Hồ Xuân Hương,p02_b00053,1,7,0,False,3,9.700,9700.0,4,18,True
B-train-00839-q03,B-train-00839,argmin,"Trong bảng 1 ở trang 1, Điểm quan trắc nào có BOD5 nhỏ nhất?",Điểm quan trắc,BOD5,KCN Long Thành,p01_b00091,1,11,0,False,2,KCN Long Thành,p01_b00091,1,11,0,False,2,5,5.0,8,18,True
B-train-00839-q05,B-train-00839,argmax,"Trong bảng 1 ở trang 1, Điểm quan trắc nào có Kế hoạch năm lớn nhất?",Điểm quan trắc,Kế hoạch năm,KCN Long Thành,p01_b00091,1,11,0,False,2,KCN Long Thành,p01_b00091,1,11,0,False,2,9.722,9722.0,8,18,True
B-train-00840-q10,B-train-00840,argmin,"Trong bảng 2 ở trang 1, Mã hàng nào có Xuất nhỏ nhất?",Mã hàng,Xuất,VT534,p01_b00162,2,7,0,False,1,VT534,p01_b00162,2,7,0,False,1,25,25.0,4,10,True
B-train-00841-q02,B-train-00841,argmax,"Trong bảng 2 ở trang 1, Khu vực nào có Lũy kế lớn nhất?",Khu vực,Lũy kế,Miền Nam,p01_b00158,2,5,0,False,2,Miền Bắc Đã đối chiếu,p01_b00187,2,8,0,True,1,9.553,9553.0,5,11,False
B-train-00841-q05,B-train-00841,argmax,"Trong bảng 2 ở trang 1, Khu vực nào có Tỷ lệ lớn nhất?",Khu vực,Tỷ lệ,Tây Nguyên,p01_b00219,2,11,0,False,1,Tây Nguyên,p01_b00219,2,11,0,False,1,"116,3%",116.3,8,11,True
B-train-00841-q07,B-train-00841,argmin,"Trong bảng 2 ở trang 1, Khu vực nào có Lũy kế nhỏ nhất?",Khu vực,Lũy kế,Đồng bằng sông Cửu Long,p01_b00230,2,12,0,False,1,Đồng bằng sông Cửu Long,p01_b00230,2,12,0,False,1,547,547.0,9,11,True
B-train-00841-q10,B-train-00841,argmin,"Trong bảng 2 ở trang 1, Khu vực nào có Kế hoạch nhỏ nhất?",Khu vực,Kế hoạch,Tây Nguyên,p01_b00219,2,11,0,False,1,Miền Nam,p01_b00158,2,5,0,False,2,940,940.0,2,11,False
B-train-00842-q01,B-train-00842,argmax,"Trong bảng 1 ở trang 1, Điểm bán nào có Kỳ trước lớn nhất?",Điểm bán,Kỳ trước,Điểm bán phía Bắc,p01_b00104,1,11,0,False,2,Điểm bán phía Bắc,p01_b00104,1,11,0,False,2,8.220,8220.0,8,11,True
B-train-00842-q06,B-train-00842,argmax,"Trong bảng 2 ở trang 1, Điểm quan trắc nào có Lũy kế lớn nhất?",Điểm quan trắc,Lũy kế,Sông Hương,p01_b00218,2,9,0,False,1,Cửa biển Đà Nẵng Đã đối chiếu,p01_b00194,2,7,0,False,1,9.450,9450.0,4,9,False
B-train-00843-q01,B-train-00843,argmax,"Trong bảng 2 ở trang 1, Phòng ban nào có Lũy kế lớn nhất?",Phòng ban,Lũy kế,Kinh doanh,p01_b00257,2,9,0,False,1,Miền Trung,p01_b00189,2,3,0,False,1,8.979,8979.0,1,11,False
B-train-00843-q02,B-train-00843,argmin,"Trong bảng 1 ở trang 1, Nghiệp vụ nào có Lũy kế nhỏ nhất?",Nghiệp vụ,Lũy kế,Hàng hóa,p01_b00049,1,6,0,False,2,Hàng hóa,p01_b00049,1,6,0,False,2,141,141.0,3,14,True
B-train-00843-q08,B-train-00843,argmin,"Trong bảng 2 ở trang 1, Phòng ban nào có Kế hoạch năm nhỏ nhất?",Phòng ban,Kế hoạch năm,Kế toán,p01_b00268,2,10,0,False,1,Miền Trung,p01_b00189,2,3,0,False,1,204,204.0,1,11,False
B-train-00843-q09,B-train-00843,argmax,"Trong bảng 2 ở trang 1, Phòng ban nào có Thiếu/thừa lớn nhất?",Phòng ban,Thiếu/thừa,Vận hành,p01_b00212,2,5,0,False,2,Vận hành,p01_b00212,2,5,0,False,2,+4,4.0,2,11,True
B-train-00844-q02,B-train-00844,argmin,"Trong bảng 2 ở trang 1, Kho/điểm nào có Kỳ này nhỏ nhất?",Kho/điểm,Kỳ này,Kho Hà Nội,p01_b00175,2,8,0,False,2,Kho Bình Dương,p01_b00152,2,5,0,True,2,729,729.0,2,10,False
B-train-00844-q04,B-train-00844,argmax,"Trong bảng 1 ở trang 1, Nghiệp vụ nào có Hợp đồng lớn nhất?",Nghiệp vụ,Hợp đồng,Miền Nam,p01_b00026,1,4,0,False,1,Miền Nam,p01_b00026,1,4,0,False,1,775,775.0,1,10,True
B-train-00844-q05,B-train-00844,argmin,"Trong bảng 1 ở trang 1, Nghiệp vụ nào có Hợp đồng nhỏ nhất?",Nghiệp vụ,Hợp đồng,Xe cơ giới,p01_b00083,1,9,0,False,1,Hàng hóa,p01_b00048,1,6,0,False,2,109,109.0,3,10,False
B-train-00844-q09,B-train-00844,argmax,"Trong bảng 1 ở trang 1, Nghiệp vụ nào có Tỷ trọng (%) lớn nhất?",Nghiệp vụ,Tỷ trọng (%),Sức khỏe,p01_b00071,1,8,0,False,2,Sức khỏe,p01_b00071,1,8,0,False,2,"37,9%",37.9,5,10,True
B-train-00845-q04,B-train-00845,argmax,"Trong bảng 1 ở trang 2, Điểm bán nào có Lũy kế lớn nhất?",Điểm bán,Lũy kế,Cửa hàng 02,p02_b00137,1,17,0,False,3,Cửa hàng 02,p02_b00137,1,17,0,False,3,9.776,9776.0,14,18,True
B-train-00845-q05,B-train-00845,argmax,"Trong bảng 1 ở trang 1, Điểm bán nào có Số đơn lớn nhất?",Điểm bán,Số đơn,Siêu thị trung tâm,p01_b00030,1,5,0,False,3,Siêu thị trung tâm,p01_b00030,1,5,0,False,3,4001,4001.0,2,17,True
B-train-00845-q07,B-train-00845,argmin,"Trong bảng 1 ở trang 2, Điểm bán nào có Lũy kế nhỏ nhất?",Điểm bán,Lũy kế,Điểm bán phía Bắc,p02_b00110,1,14,0,False,4,Điểm bán phía Bắc,p02_b00110,1,14,0,False,4,824,824.0,11,18,True
B-train-00846-q03,B-train-00846,argmax,"Trong bảng 2 ở trang 1, Khu vực nào có Tỷ lệ rớt cuộc lớn nhất?",Khu vực,Tỷ lệ rớt cuộc,Khu vực đô thị,p01_b00194,2,11,0,False,2,Khu vực đô thị,p01_b00194,2,11,0,False,2,"3,4%",3.4,8,14,True
B-train-00846-q09,B-train-00846,argmin,"Trong bảng 1 ở trang 1, Đơn vị nào có Kỳ này nhỏ nhất?",Đơn vị,Kỳ này,THPT Chu Văn An,p01_b00050,1,7,0,False,2,THPT Chu Văn An,p01_b00050,1,7,0,False,2,398,398.0,4,10,True
B-train-00846-q10,B-train-00846,argmax,"Trong bảng 2 ở trang 1, Khu vực nào có Phản ánh lớn nhất?",Khu vực,Phản ánh,Cụm BTS-01,p01_b00213,2,13,0,False,3,Cụm BTS-01,p01_b00213,2,13,0,False,3,94,94.0,10,14,True
B-train-00847-q05,B-train-00847,argmax,"Trong bảng 2 ở trang 1, Khu vực nào có Tỷ lệ rớt cuộc lớn nhất?",Khu vực,Tỷ lệ rớt cuộc,Miền Trung,p01_b00145,2,6,0,False,1,Miền Trung,p01_b00145,2,6,0,False,1,"3,5%",3.5,4,9,True
B-train-00847-q06,B-train-00847,argmax,"Trong bảng 1 ở trang 2, Khoa nào có Kế hoạch năm lớn nhất?",Khoa,Kế hoạch năm,Sản,p02_b00095,1,12,0,False,1,Sản,p02_b00095,1,12,0,False,1,8.806,8806.0,9,11,True
B-train-00847-q08,B-train-00847,argmin,"Trong bảng 2 ở trang 1, Khu vực nào có Tỷ lệ rớt cuộc nhỏ nhất?",Khu vực,Tỷ lệ rớt cuộc,Khu vực đô thị,p01_b00197,2,11,0,False,1,Khu vực đô thị,p01_b00197,2,11,0,False,1,"0,1%",0.1,8,9,True
B-train-00847-q10,B-train-00847,argmin,"Trong bảng 1 ở trang 2, Khoa nào có Tỷ trọng (%) nhỏ nhất?",Khoa,Tỷ trọng (%),Ngoại,p02_b00079,1,10,0,False,2,Ngoại,p02_b00079,1,10,0,False,2,"8,6%",8.6,7,11,True
B-train-00848-q06,B-train-00848,argmax,"Trong bảng 2 ở trang 1, Điểm bán nào có Tỷ trọng (%) lớn nhất?",Điểm bán,Tỷ trọng (%),Cửa hàng 01,p01_b00210,2,8,0,False,2,Cửa hàng 01,p01_b00210,2,8,0,False,2,"32,6%",32.6,5,10,True
B-train-00848-q08,B-train-00848,argmin,"Trong bảng 2 ở trang 1, Điểm bán nào có Kỳ trước nhỏ nhất?",Điểm bán,Kỳ trước,Cửa hàng 02,p01_b00179,2,4,0,False,1,Cửa hàng 02,p01_b00179,2,4,0,False,1,261,261.0,1,10,True
B-train-00848-q09,B-train-00848,argmax,"Trong bảng 1 ở trang 1, Mã hàng nào có Nhập lớn nhất?",Mã hàng,Nhập,VT394,p01_b00057,1,7,0,False,1,VT394,p01_b00057,1,7,0,False,1,109,109.0,4,14,True
B-train-00849-q04,B-train-00849,argmin,"Trong bảng 2 ở trang 1, Nghiệp vụ nào có Bồi thường nhỏ nhất?",Nghiệp vụ,Bồi thường,Tai nạn con người,p01_b00185,2,7,0,True,2,Tai nạn con người,p01_b00185,2,7,0,True,2,79,79.0,4,12,True
B-train-00849-q05,B-train-00849,argmax,"Trong bảng 1 ở trang 1, Nghiệp vụ nào có Bồi thường lớn nhất?",Nghiệp vụ,Bồi thường,Sức khỏe,p01_b00117,1,13,0,False,2,Sức khỏe,p01_b00117,1,13,0,False,2,4.191,4191.0,10,11,True
B-train-00849-q06,B-train-00849,argmin,"Trong bảng 2 ở trang 1, Nghiệp vụ nào có Phí bảo hiểm nhỏ nhất?",Nghiệp vụ,Phí bảo hiểm,Tài sản,p01_b00221,2,10,0,False,2,Tài sản,p01_b00221,2,10,0,False,2,560,560.0,7,12,True
B-train-00850-q01,B-train-00850,argmax,"Trong bảng 1 ở trang 2, Mã hàng nào có Tỷ trọng (%) lớn nhất?",Mã hàng,Tỷ trọng (%),VT672,p02_b00015,1,3,0,False,1,VT672,p02_b00015,1,3,0,False,1,"33,5%",33.5,0,11,True
B-train-00850-q04,B-train-00850,argmin,"Trong bảng 1 ở trang 2, Mã hàng nào có Kế hoạch năm nhỏ nhất?",Mã hàng,Kế hoạch năm,VT304,p02_b00036,1,5,0,False,1,VT304,p02_b00036,1,5,0,False,1,243,243.0,2,11,True
B-train-00850-q06,B-train-00850,argmin,"Trong bảng 1 ở trang 1, Chi nhánh nào có Lũy kế nhỏ nhất?",Chi nhánh,Lũy kế,Khánh Hòa 03,p01_b00045,1,6,0,False,1,Khánh Hòa 03,p01_b00045,1,6,0,False,1,2.984,2984.0,3,10,True
B-train-00850-q07,B-train-00850,argmax,"Trong bảng 1 ở trang 1, Chi nhánh nào có Tỷ trọng (%) lớn nhất?",Chi nhánh,Tỷ trọng (%),Cần Thơ 02,p01_b00114,1,12,0,False,2,Cần Thơ 02,p01_b00056,1,7,0,True,2,"34,9%",34.9,4,10,True
B-train-00851-q05,B-train-00851,argmin,"Trong bảng 2 ở trang 1, Dự án nào có Kỳ trước nhỏ nhất?",Dự án,Kỳ trước,Đà Nẵng,p01_b00208,2,6,0,False,1,Đà Nẵng,p01_b00208,2,6,0,False,1,686,686.0,4,9,True
B-train-00851-q06,B-train-00851,argmax,"Trong bảng 1 ở trang 1, Tuyến nào có Kế hoạch năm lớn nhất?",Tuyến,Kế hoạch năm,Hà Nội – Hải Phòng,p01_b00055,1,7,0,False,1,Hà Nội – Hải Phòng,p01_b00055,1,7,0,False,1,9.749,9749.0,4,14,True
B-train-00851-q07,B-train-00851,argmax,"Trong bảng 2 ở trang 1, Dự án nào có Tỷ trọng (%) lớn nhất?",Dự án,Tỷ trọng (%),Cầu Đông Thành,p01_b00229,2,8,0,True,2,Cầu Đông Thành,p01_b00229,2,8,0,True,2,"37,2%",37.2,5,9,True
B-train-00851-q10,B-train-00851,argmin,"Trong bảng 2 ở trang 1, Dự án nào có Giải ngân nhỏ nhất?",Dự án,Giải ngân,Nhà máy nước,p01_b00264,2,11,0,False,1,Đường vành đai Đã đối chiếu,p01_b00240,2,9,0,False,1,837,837.0,6,9,False
B-train-00852-q02,B-train-00852,argmax,"Trong bảng 1 ở trang 1, Phòng ban nào có Kế hoạch năm lớn nhất?",Phòng ban,Kế hoạch năm,Công nghệ,p01_b00179,1,18,0,False,3,Công nghệ,p01_b00179,1,18,0,False,3,9.272,9272.0,15,19,True
B-train-00852-q05,B-train-00852,argmin,"Trong bảng 1 ở trang 1, Phòng ban nào có Kỳ này nhỏ nhất?",Phòng ban,Kỳ này,Công nghệ,p01_b00179,1,18,0,False,2,Công nghệ,p01_b00179,1,18,0,False,2,447,447.0,15,19,True
B-train-00852-q07,B-train-00852,argmax,"Trong bảng 1 ở trang 2, Phòng ban nào có Tỷ trọng (%) lớn nhất?",Phòng ban,Tỷ trọng (%),Kế toán,p02_b00207,1,21,0,True,4,Kế toán,p02_b00207,1,21,0,True,4,"37,5%",37.5,18,19,True
B-train-00852-q09,B-train-00852,argmin,"Trong bảng 1 ở trang 2, Phòng ban nào có Thiếu/thừa nhỏ nhất?",Phòng ban,Thiếu/thừa,Vận hành,p02_b00154,1,16,0,False,3,Vận hành,p02_b00154,1,16,0,False,3,-8,-8.0,13,19,True
B-train-00853-q02,B-train-00853,argmin,"Trong bảng 2 ở trang 1, Mã hàng nào có Tỷ trọng (%) nhỏ nhất?",Mã hàng,Tỷ trọng (%),Đà Nẵng,p01_b00182,2,8,0,False,1,Đà Nẵng,p01_b00182,2,8,0,False,1,"7,7%",7.7,5,13,True
B-train-00853-q07,B-train-00853,argmax,"Trong bảng 2 ở trang 1, Mã hàng nào có Tỷ trọng (%) lớn nhất?",Mã hàng,Tỷ trọng (%),VT046,p01_b00221,2,13,0,False,1,VT046,p01_b00221,2,13,0,False,1,"37,5%",37.5,10,13,True
B-train-00853-q10,B-train-00853,argmax,"Trong bảng 1 ở trang 2, Khoa nào có Kế hoạch năm lớn nhất?",Khoa,Kế hoạch năm,Ngoại,p02_b00026,1,4,0,False,2,Ngoại,p02_b00026,1,4,0,False,2,7.466,7466.0,1,9,True
B-train-00854-q02,B-train-00854,argmin,"Trong bảng 2 ở trang 1, Tuyến nào có Hành khách nhỏ nhất?",Tuyến,Hành khách,Đà Nẵng – Huế,p01_b00208,2,8,0,False,1,Đà Nẵng – Huế,p01_b00208,2,8,0,False,1,144,144.0,5,11,True
B-train-00854-q08,B-train-00854,argmin,"Trong bảng 2 ở trang 1, Tuyến nào có Kế hoạch năm nhỏ nhất?",Tuyến,Kế hoạch năm,Đà Nẵng – Huế,p01_b00244,2,12,0,False,2,Đà Nẵng – Huế,p01_b00244,2,12,0,False,2,2.230,2230.0,9,11,True
B-train-00855-q05,B-train-00855,argmax,"Trong bảng 2 ở trang 1, Khoa nào có Lượt khám lớn nhất?",Khoa,Lượt khám,Mắt,p01_b00181,2,7,0,False,1,Ngoại,p01_b00209,2,10,0,True,2,403,403.0,7,9,False
B-train-00855-q06,B-train-00855,argmin,"Trong bảng 1 ở trang 1, Trạm nào có Tổn thất nhỏ nhất?",Trạm,Tổn thất,Trạm 220kV Trung,p01_b00069,1,9,0,False,3,Trạm 220kV Trung,p01_b00069,1,9,0,False,3,"1,6%",1.6,6,13,True
B-train-00855-q07,B-train-00855,argmax,"Trong bảng 2 ở trang 1, Khoa nào có Chuyển tuyến lớn nhất?",Khoa,Chuyển tuyến,Nhi,p01_b00219,2,11,0,False,1,Nhi,p01_b00219,2,11,0,False,1,12,12.0,8,9,True
B-train-00855-q08,B-train-00855,argmin,"Trong bảng 2 ở trang 1, Khoa nào có Chuyển tuyến nhỏ nhất?",Khoa,Chuyển tuyến,Đồng bằng sông Cửu Long,p01_b00165,2,5,0,False,1,Đồng bằng sông Cửu Long,p01_b00165,2,5,0,False,1,0,0.0,2,9,True
B-train-00856-q01,B-train-00856,argmax,"Trong bảng 1 ở trang 1, Mã hàng nào có Lũy kế lớn nhất?",Mã hàng,Lũy kế,VT681,p01_b00112,1,13,0,False,1,VT681,p01_b00112,1,13,0,False,1,9.198,9198.0,10,18,True
B-train-00856-q04,B-train-00856,argmin,"Trong bảng 1 ở trang 2, Mã hàng nào có Tồn đầu nhỏ nhất?",Mã hàng,Tồn đầu,VT420,p02_b00032,1,5,0,False,1,VT420,p02_b00032,1,5,0,False,1,23,23.0,2,19,True
B-train-00856-q10,B-train-00856,argmax,"Trong bảng 1 ở trang 2, Mã hàng nào có Tồn đầu lớn nhất?",Mã hàng,Tồn đầu,VT162,p02_b00042,1,6,0,False,1,VT162,p02_b00042,1,6,0,False,1,164,164.0,3,19,True
B-train-00857-q01,B-train-00857,argmax,"Trong bảng 1 ở trang 1, Điểm quan trắc nào có Tỷ trọng (%) lớn nhất?",Điểm quan trắc,Tỷ trọng (%),Sông Hồng,p01_b00070,1,8,0,False,3,Sông Hồng,p01_b00070,1,8,0,False,3,"35,4%",35.4,5,13,True
B-train-00857-q03,B-train-00857,argmin,"Trong bảng 1 ở trang 1, Điểm quan trắc nào có Kỳ này nhỏ nhất?",Điểm quan trắc,Kỳ này,Miền Nam,p01_b00139,1,14,0,False,1,Miền Nam,p01_b00139,1,14,0,False,1,414,414.0,11,13,True
B-train-00857-q06,B-train-00857,argmax,"Trong bảng 1 ở trang 1, Điểm quan trắc nào có Lũy kế lớn nhất?",Điểm quan trắc,Lũy kế,Sông Hương,p01_b00027,1,4,0,False,2,Sông Hương,p01_b00027,1,4,0,False,2,7.562,7562.0,1,13,True
B-train-00857-q08,B-train-00857,argmin,"Trong bảng 1 ở trang 1, Điểm quan trắc nào có Kế hoạch năm nhỏ nhất?",Điểm quan trắc,Kế hoạch năm,Cửa biển Đà Nẵng,p01_b00116,1,12,0,False,2,Cửa biển Đà Nẵng,p01_b00116,1,12,0,False,2,497,497.0,9,13,True
B-train-00858-q01,B-train-00858,argmax,"Trong bảng 1 ở trang 2, Chi nhánh nào có Kỳ trước lớn nhất?",Chi nhánh,Kỳ trước,Hải Phòng 02,p02_b00229,1,21,0,False,4,Hải Phòng 02,p02_b00229,1,21,0,False,4,10.014,10014.0,18,19,True
B-train-00858-q03,B-train-00858,argmin,"Trong bảng 1 ở trang 1, Chi nhánh nào có Tỷ trọng (%) nhỏ nhất?",Chi nhánh,Tỷ trọng (%),Hải Phòng 02,p01_b00204,1,19,0,False,4,Hải Phòng 02,p01_b00204,1,19,0,False,4,"1,0%",1.0,16,18,True
B-train-00858-q05,B-train-00858,argmax,"Trong bảng 1 ở trang 1, Chi nhánh nào có Lũy kế lớn nhất?",Chi nhánh,Lũy kế,Hà Nội 01,p01_b00075,1,8,0,False,4,Hà Nội 01,p01_b00075,1,8,0,False,4,9.310,9310.0,5,18,True
B-train-00858-q07,B-train-00858,argmin,"Trong bảng 1 ở trang 1, Chi nhánh nào có Nợ quá hạn nhỏ nhất?",Chi nhánh,Nợ quá hạn,Khánh Hòa 03,p01_b00051,1,6,0,False,3,Khánh Hòa 03,p01_b00051,1,6,0,False,3,0,0.0,3,18,True
B-train-00859-q03,B-train-00859,argmax,"Trong bảng 1 ở trang 2, Địa bàn nào có Kế hoạch năm lớn nhất?",Địa bàn,Kế hoạch năm,Khánh Hòa,p02_b00012,1,3,0,False,3,Khánh Hòa,p02_b00012,1,3,0,False,3,9.123,9123.0,0,17,True
B-train-00859-q04,B-train-00859,argmax,"Trong bảng 1 ở trang 2, Địa bàn nào có Diện tích (ha) lớn nhất?",Địa bàn,Diện tích (ha),Đồng Nai,p02_b00143,1,18,0,False,3,Đồng Nai,p02_b00143,1,18,0,False,3,824,824.0,15,17,True
B-train-00859-q07,B-train-00859,argmin,"Trong bảng 1 ở trang 1, Địa bàn nào có Tỷ trọng (%) nhỏ nhất?",Địa bàn,Tỷ trọng (%),Đồng Nai,p01_b00048,1,7,0,False,2,Đồng Nai,p01_b00048,1,7,0,False,2,"0,6%",0.6,4,17,True
B-train-00860-q01,B-train-00860,argmin,"Trong bảng 2 ở trang 1, Địa bàn nào có Lũy kế nhỏ nhất?",Địa bàn,Lũy kế,Hà Nội,p01_b00176,2,3,0,False,1,Hà Nội,p01_b00176,2,3,0,False,1,1.473,1473.0,0,11,True
B-train-00860-q03,B-train-00860,argmin,"Trong bảng 1 ở trang 1, Chi nhánh nào có Tăng trưởng nhỏ nhất?",Chi nhánh,Tăng trưởng,Đà Nẵng 01,p01_b00150,1,15,0,False,2,Tây Nguyên,p01_b00060,1,7,0,False,1,"-1,8%",-1.8,5,13,False
B-train-00860-q05,B-train-00860,argmax,"Trong bảng 1 ở trang 1, Chi nhánh nào có Dư nợ lớn nhất?",Chi nhánh,Dư nợ,Khánh Hòa 03,p01_b00049,1,6,0,False,1,Khánh Hòa 03,p01_b00049,1,6,0,False,1,8.150,8150.0,3,13,True
B-train-00860-q07,B-train-00860,argmax,"Trong bảng 1 ở trang 1, Chi nhánh nào có Kỳ này lớn nhất?",Chi nhánh,Kỳ này,Khánh Hòa 03,p01_b00049,1,6,0,False,1,Khánh Hòa 03,p01_b00049,1,6,0,False,1,9.681,9681.0,3,13,True
B-train-00861-q01,B-train-00861,argmax,"Trong bảng 1 ở trang 1, Phòng ban nào có Lũy kế lớn nhất?",Phòng ban,Lũy kế,Đồng Nai,p01_b00073,1,8,0,False,1,Đồng Nai,p01_b00073,1,8,0,False,1,8.846,8846.0,5,13,True
B-train-00861-q03,B-train-00861,argmax,"Trong bảng 1 ở trang 1, Phòng ban nào có Tỷ trọng (%) lớn nhất?",Phòng ban,Tỷ trọng (%),Chăm sóc khách hàng,p01_b00141,1,14,0,False,1,Công nghệ,p01_b00050,1,6,0,False,2,"37,2%",37.2,3,13,False
B-train-00861-q06,B-train-00861,argmin,"Trong bảng 2 ở trang 1, Khu vực nào có Tỷ trọng (%) nhỏ nhất?",Khu vực,Tỷ trọng (%),Miền Trung,p01_b00247,2,9,0,False,3,Miền Trung,p01_b00247,2,9,0,False,3,"2,9%",2.9,6,14,True
B-train-00861-q10,B-train-00861,argmin,"Trong bảng 2 ở trang 1, Khu vực nào có Kỳ trước nhỏ nhất?",Khu vực,Kỳ trước,Miền Nam,p01_b00201,2,5,0,False,2,Miền Nam,p01_b00201,2,5,0,False,2,45,45.0,2,14,True
B-train-00862-q02,B-train-00862,argmin,"Trong bảng 1 ở trang 1, Điểm quan trắc nào có COD nhỏ nhất?",Điểm quan trắc,COD,Hồ Xuân Hương,p01_b00158,1,15,0,False,4,Sông Hồng,p01_b00134,1,13,0,False,4,8,8.0,10,19,False
B-train-00862-q04,B-train-00862,argmax,"Trong bảng 1 ở trang 1, Điểm quan trắc nào có COD lớn nhất?",Điểm quan trắc,COD,Sông Hương,p01_b00146,1,14,0,False,4,Sông Hương,p01_b00146,1,14,0,False,4,93,93.0,11,19,True
B-train-00862-q05,B-train-00862,argmax,"Trong bảng 1 ở trang 1, Điểm quan trắc nào có Kỳ trước lớn nhất?",Điểm quan trắc,Kỳ trước,Sông Hương,p01_b00204,1,19,0,False,4,Sông Hương,p01_b00204,1,19,0,False,4,9.705,9705.0,16,19,True
B-train-00862-q07,B-train-00862,argmin,"Trong bảng 1 ở trang 2, Điểm quan trắc nào có Tỷ trọng (%) nhỏ nhất?",Điểm quan trắc,Tỷ trọng (%),KCN Long Thành,p02_b00181,1,17,0,False,3,KCN Long Thành,p02_b00181,1,17,0,False,3,"3,3%",3.3,14,19,True
B-train-00863-q07,B-train-00863,argmax,"Trong bảng 1 ở trang 1, Dự án nào có Tỷ trọng (%) lớn nhất?",Dự án,Tỷ trọng (%),Đường vành đai,p01_b00022,1,4,0,False,2,Đường vành đai,p01_b00022,1,4,0,False,2,"35,7%",35.7,1,9,True
B-train-00863-q09,B-train-00863,argmin,"Trong bảng 2 ở trang 1, Điểm quan trắc nào có Kế hoạch năm nhỏ nhất?",Điểm quan trắc,Kế hoạch năm,KCN Long Thành,p01_b00136,2,6,0,False,1,KCN Long Thành,p01_b00136,2,6,0,False,1,905,905.0,3,12,True
B-train-00863-q10,B-train-00863,argmin,"Trong bảng 1 ở trang 1, Dự án nào có Kế hoạch năm nhỏ nhất?",Dự án,Kế hoạch năm,Miền Nam,p01_b00050,1,7,0,False,1,Miền Nam,p01_b00050,1,7,0,False,1,646,646.0,4,9,True
B-train-00864-q01,B-train-00864,argmax,"Trong bảng 1 ở trang 2, Tuyến nào có Doanh thu lớn nhất?",Tuyến,Doanh thu,Nha Trang – Đà Lạt,p02_b00051,1,7,0,False,4,Nha Trang – Đà Lạt,p02_b00051,1,7,0,False,4,271.360,271360.0,4,16,True
B-train-00864-q02,B-train-00864,argmax,"Trong bảng 1 ở trang 1, Tuyến nào có Kế hoạch năm lớn nhất?",Tuyến,Kế hoạch năm,TP.HCM – Cần Thơ,p01_b00073,1,9,0,False,4,TP.HCM – Cần Thơ,p01_b00073,1,9,0,False,4,9.346,9346.0,6,15,True
B-train-00864-q05,B-train-00864,argmin,"Trong bảng 1 ở trang 1, Tuyến nào có Kế hoạch năm nhỏ nhất?",Tuyến,Kế hoạch năm,Nha Trang – Đà Lạt,p01_b00083,1,10,0,True,3,Nha Trang – Đà Lạt,p01_b00083,1,10,0,True,3,915,915.0,7,15,True
B-train-00864-q09,B-train-00864,argmin,"Trong bảng 1 ở trang 1, Tuyến nào có Doanh thu nhỏ nhất?",Tuyến,Doanh thu,Nha Trang – Đà Lạt,p01_b00123,1,14,0,False,3,Nha Trang – Đà Lạt,p01_b00123,1,14,0,False,3,34.632,34632.0,11,15,True
B-train-00865-q01,B-train-00865,argmin,"Trong bảng 1 ở trang 1, Phòng ban nào có Hiện có nhỏ nhất?",Phòng ban,Hiện có,Chăm sóc khách hàng,p01_b00162,1,20,0,False,3,Chăm sóc khách hàng,p01_b00162,1,20,0,False,3,9,9.0,17,19,True
B-train-00865-q04,B-train-00865,argmax,"Trong bảng 1 ở trang 1, Phòng ban nào có Kế hoạch năm lớn nhất?",Phòng ban,Kế hoạch năm,Hành chính,p01_b00153,1,19,0,False,3,Hành chính,p01_b00153,1,19,0,False,3,9.714,9714.0,16,19,True
B-train-00865-q07,B-train-00865,argmax,"Trong bảng 1 ở trang 1, Phòng ban nào có Lũy kế lớn nhất?",Phòng ban,Lũy kế,Kế toán,p01_b00075,1,10,0,False,2,Kế toán,p01_b00075,1,10,0,False,2,9.821,9821.0,7,19,True
B-train-00865-q10,B-train-00865,argmin,"Trong bảng 1 ở trang 2, Phòng ban nào có Kế hoạch năm nhỏ nhất?",Phòng ban,Kế hoạch năm,Chăm sóc khách hàng,p02_b00154,1,19,0,False,3,Chăm sóc khách hàng,p02_b00154,1,19,0,False,3,837,837.0,16,19,True
B-train-00866-q03,B-train-00866,argmin,"Trong bảng 2 ở trang 1, Kho/điểm nào có Kỳ này nhỏ nhất?",Kho/điểm,Kỳ này,Đồng bằng sông Cửu Long,p01_b00196,2,5,0,False,1,Đồng bằng sông Cửu Long,p01_b00196,2,5,0,False,1,303,303.0,2,13,True
B-train-00866-q06,B-train-00866,argmax,"Trong bảng 2 ở trang 1, Kho/điểm nào có Tỷ trọng (%) lớn nhất?",Kho/điểm,Tỷ trọng (%),Kho Đà Nẵng,p01_b00185,2,4,0,False,3,Kho Đà Nẵng,p01_b00185,2,4,0,False,3,"36,1%",36.1,1,13,True
B-train-00866-q07,B-train-00866,argmin,"Trong bảng 1 ở trang 1, Địa bàn nào có Sản lượng (tấn) nhỏ nhất?",Địa bàn,Sản lượng (tấn),Hà Nội,p01_b00014,1,3,0,False,1,Hà Nội,p01_b00014,1,3,0,False,1,1.152,1152.0,0,14,True
B-train-00867-q01,B-train-00867,argmin,"Trong bảng 1 ở trang 2, Đơn vị nào có Kỳ trước nhỏ nhất?",Đơn vị,Kỳ trước,THPT Trần Phú,p02_b00182,1,20,0,False,4,THPT Nguyễn Trãi,p02_b00062,1,8,0,False,4,783,783.0,5,20,False
B-train-00867-q02,B-train-00867,argmin,"Trong bảng 1 ở trang 1, Đơn vị nào có Tỷ lệ đạt nhỏ nhất?",Đơn vị,Tỷ lệ đạt,THPT Lê Quý Đôn,p01_b00171,1,19,0,False,4,THPT Lê Quý Đôn,p01_b00171,1,19,0,False,4,"72,1%",72.1,16,20,True
B-train-00867-q06,B-train-00867,argmax,"Trong bảng 1 ở trang 2, Đơn vị nào có Tỷ trọng (%) lớn nhất?",Đơn vị,Tỷ trọng (%),THPT Trần Phú,p02_b00132,1,15,0,False,4,THPT Trần Phú,p02_b00132,1,15,0,False,4,"33,0%",33.0,12,20,True
B-train-00867-q08,B-train-00867,argmax,"Trong bảng 1 ở trang 1, Đơn vị nào có Kỳ trước lớn nhất?",Đơn vị,Kỳ trước,THPT Phan Bội Châu,p01_b00190,1,21,0,False,4,THPT Phan Bội Châu,p01_b00190,1,21,0,False,4,9.175,9175.0,18,20,True
B-train-00868-q01,B-train-00868,argmin,"Trong bảng 1 ở trang 1, Mã hàng nào có Nhập nhỏ nhất?",Mã hàng,Nhập,VT348,p01_b00105,1,13,0,False,1,Đồng bằng sông Cửu Long,p01_b00040,1,6,0,False,1,16,16.0,4,11,False
B-train-00868-q02,B-train-00868,argmin,"Trong bảng 2 ở trang 1, Trạm nào có Kỳ này nhỏ nhất?",Trạm,Kỳ này,Trạm 110kV Bắc,p01_b00126,2,3,0,False,1,Trạm 110kV Bắc,p01_b00126,2,3,0,False,1,864,864.0,0,9,True
B-train-00868-q09,B-train-00868,argmax,"Trong bảng 1 ở trang 1, Mã hàng nào có Tồn đầu lớn nhất?",Mã hàng,Tồn đầu,VT992,p01_b00022,1,4,0,False,1,VT992,p01_b00022,1,4,0,False,1,162,162.0,1,11,True
B-train-00869-q02,B-train-00869,argmin,"Trong bảng 1 ở trang 1, Nhóm chế độ nào có Kế hoạch năm nhỏ nhất?",Nhóm chế độ,Kế hoạch năm,Hưu trí,p01_b00013,1,3,0,False,4,Hưu trí,p01_b00013,1,3,0,False,4,714,714.0,0,20,True
B-train-00869-q05,B-train-00869,argmax,"Trong bảng 1 ở trang 1, Nhóm chế độ nào có Chi trả lớn nhất?",Nhóm chế độ,Chi trả,Thất nghiệp,p01_b00121,1,14,0,False,4,Thất nghiệp,p01_b00121,1,14,0,False,4,39.916,39916.0,11,20,True
B-train-00869-q07,B-train-00869,argmin,"Trong bảng 1 ở trang 2, Nhóm chế độ nào có Kỳ này nhỏ nhất?",Nhóm chế độ,Kỳ này,Hưu trí,p02_b00162,1,18,0,False,4,Hưu trí,p02_b00162,1,18,0,False,4,426,426.0,15,21,True
B-train-00869-q10,B-train-00869,argmax,"Trong bảng 1 ở trang 1, Nhóm chế độ nào có Đã giải quyết lớn nhất?",Nhóm chế độ,Đã giải quyết,Thất nghiệp,p01_b00121,1,14,0,False,4,Thất nghiệp,p01_b00121,1,14,0,False,4,2348,2348.0,11,20,True
B-train-00870-q02,B-train-00870,argmax,"Trong bảng 1 ở trang 1, Khoa nào có Nhập viện lớn nhất?",Khoa,Nhập viện,Tai Mũi Họng,p01_b00120,1,14,0,False,3,Tai Mũi Họng,p01_b00120,1,14,0,False,3,61,61.0,11,19,True
B-train-00870-q04,B-train-00870,argmax,"Trong bảng 1 ở trang 1, Khoa nào có Kỳ này lớn nhất?",Khoa,Kỳ này,Nhi,p01_b00092,1,11,0,False,3,Nhi,p01_b00092,1,11,0,False,3,9.745,9745.0,8,19,True
B-train-00870-q05,B-train-00870,argmin,"Trong bảng 1 ở trang 2, Khoa nào có Nhập viện nhỏ nhất?",Khoa,Nhập viện,Nội tổng hợp,p02_b00122,1,14,0,False,2,Nội tổng hợp,p02_b00122,1,14,0,False,2,5,5.0,11,19,True
B-train-00871-q03,B-train-00871,argmax,"Trong bảng 1 ở trang 2, Khu vực nào có Tỷ lệ lớn nhất?",Khu vực,Tỷ lệ,Miền Trung,p02_b00145,1,14,0,False,3,Miền Trung,p02_b00145,1,14,0,False,3,"177,9%",177.9,11,16,True
B-train-00871-q06,B-train-00871,argmax,"Trong bảng 1 ở trang 1, Khu vực nào có Tỷ lệ lớn nhất?",Khu vực,Tỷ lệ,Miền Trung,p01_b00146,1,14,0,False,3,Miền Trung,p01_b00146,1,14,0,False,3,"143,7%",143.7,11,15,True
B-train-00871-q07,B-train-00871,argmin,"Trong bảng 1 ở trang 1, Khu vực nào có Kỳ trước nhỏ nhất?",Khu vực,Kỳ trước,Đồng bằng sông Cửu Long,p01_b00181,1,17,0,False,3,Đồng bằng sông Cửu Long,p01_b00181,1,17,0,False,3,143,143.0,14,15,True
B-train-00871-q08,B-train-00871,argmin,"Trong bảng 1 ở trang 1, Khu vực nào có Thực hiện nhỏ nhất?",Khu vực,Thực hiện,Miền Trung,p01_b00027,1,4,0,False,3,Miền Trung,p01_b00027,1,4,0,False,3,570,570.0,1,15,True
B-train-00872-q01,B-train-00872,argmax,"Trong bảng 2 ở trang 1, Địa bàn nào có Diện tích (ha) lớn nhất?",Địa bàn,Diện tích (ha),Đà Nẵng,p01_b00207,2,12,0,False,2,Đà Nẵng,p01_b00207,2,12,0,False,2,855,855.0,9,14,True
B-train-00872-q06,B-train-00872,argmin,"Trong bảng 1 ở trang 1, Nghiệp vụ nào có Kế hoạch năm nhỏ nhất?",Nghiệp vụ,Kế hoạch năm,Khánh Hòa,p01_b00039,1,6,0,False,1,Khánh Hòa,p01_b00039,1,6,0,False,1,244,244.0,3,12,True
B-train-00872-q09,B-train-00872,argmin,"Trong bảng 1 ở trang 1, Nghiệp vụ nào có Bồi thường nhỏ nhất?",Nghiệp vụ,Bồi thường,Xe cơ giới,p01_b00021,1,4,0,False,2,Khánh Hòa,p01_b00039,1,6,0,False,1,26,26.0,4,12,False
B-train-00872-q10,B-train-00872,argmax,"Trong bảng 1 ở trang 1, Nghiệp vụ nào có Hợp đồng lớn nhất?",Nghiệp vụ,Hợp đồng,Khánh Hòa,p01_b00039,1,6,0,False,1,Xe cơ giới,p01_b00061,1,9,0,False,3,701,701.0,6,12,False
B-train-00873-q01,B-train-00873,argmin,"Trong bảng 1 ở trang 1, Kho/điểm nào có Kỳ trước nhỏ nhất?",Kho/điểm,Kỳ trước,Kho Đà Nẵng,p01_b00027,1,4,0,False,2,Kho Đà Nẵng,p01_b00027,1,4,0,False,2,414,414.0,1,13,True
B-train-00873-q05,B-train-00873,argmax,"Trong bảng 1 ở trang 2, Khu vực nào có Thuê bao lớn nhất?",Khu vực,Thuê bao,Cần Thơ,p02_b00012,1,3,0,False,1,Cần Thơ,p02_b00012,1,3,0,False,1,54.435,54435.0,1,9,True
B-train-00873-q06,B-train-00873,argmax,"Trong bảng 2 ở trang 1, Địa bàn nào có Kỳ trước lớn nhất?",Địa bàn,Kỳ trước,Đồng Nai,p01_b00219,2,7,0,False,1,Đồng Nai,p01_b00219,2,7,0,False,1,6.197,6197.0,4,10,True
B-train-00873-q07,B-train-00873,argmin,"Trong bảng 1 ở trang 1, Kho/điểm nào có Lũy kế nhỏ nhất?",Kho/điểm,Lũy kế,Kho trung chuyển,p01_b00063,1,7,0,False,2,Kho trung chuyển,p01_b00063,1,7,0,False,2,138,138.0,4,13,True
B-train-00874-q05,B-train-00874,argmax,"Trong bảng 2 ở trang 1, Khu vực nào có Lũy kế lớn nhất?",Khu vực,Lũy kế,Tây Nguyên,p01_b00222,2,11,0,False,2,Tây Nguyên,p01_b00222,2,11,0,False,2,9.526,9526.0,8,14,True
B-train-00874-q06,B-train-00874,argmin,"Trong bảng 1 ở trang 1, Dự án nào có Lũy kế nhỏ nhất?",Dự án,Lũy kế,Nhà máy nước,p01_b00048,1,6,0,False,1,Nhà máy nước,p01_b00048,1,6,0,False,1,114,114.0,3,9,True
B-train-00875-q07,B-train-00875,argmax,"Trong bảng 1 ở trang 1, Nhóm chế độ nào có Kỳ này lớn nhất?",Nhóm chế độ,Kỳ này,Tai nạn lao động,p01_b00058,1,7,0,False,3,Tai nạn lao động,p01_b00058,1,7,0,False,3,9.054,9054.0,4,17,True
B-train-00875-q08,B-train-00875,argmax,"Trong bảng 1 ở trang 1, Nhóm chế độ nào có Lũy kế lớn nhất?",Nhóm chế độ,Lũy kế,Hưu trí,p01_b00069,1,8,0,False,3,Hưu trí,p01_b00069,1,8,0,False,3,9.642,9642.0,5,17,True
B-train-00875-q09,B-train-00875,argmin,"Trong bảng 1 ở trang 2, Nhóm chế độ nào có Lũy kế nhỏ nhất?",Nhóm chế độ,Lũy kế,Thất nghiệp,p02_b00112,1,12,0,False,3,Thất nghiệp,p02_b00112,1,12,0,False,3,1.049,1049.0,9,18,True
B-train-00875-q10,B-train-00875,argmin,"Trong bảng 1 ở trang 1, Nhóm chế độ nào có Kỳ này nhỏ nhất?",Nhóm chế độ,Kỳ này,Thai sản,p01_b00047,1,6,0,False,3,Thai sản,p01_b00047,1,6,0,False,3,886,886.0,3,17,True
B-train-00876-q03,B-train-00876,argmax,"Trong bảng 1 ở trang 1, Khu vực nào có Tỷ trọng (%) lớn nhất?",Khu vực,Tỷ trọng (%),Đà Nẵng,p01_b00043,1,6,0,True,1,Đà Nẵng,p01_b00043,1,6,0,True,1,"32,1%",32.1,4,9,True
B-train-00876-q05,B-train-00876,argmin,"Trong bảng 1 ở trang 1, Khu vực nào có Kỳ trước nhỏ nhất?",Khu vực,Kỳ trước,Khu vực ven biển,p01_b00083,1,10,0,False,1,Khu vực ven biển,p01_b00083,1,10,0,False,1,401,401.0,7,9,True
B-train-00876-q06,B-train-00876,argmax,"Trong bảng 1 ở trang 1, Khu vực nào có Kỳ trước lớn nhất?",Khu vực,Kỳ trước,Cụm BTS-01,p01_b00062,1,8,0,False,2,Cụm BTS-01,p01_b00062,1,8,0,False,2,9.598,9598.0,5,9,True
B-train-00876-q09,B-train-00876,argmin,"Trong bảng 2 ở trang 1, Khoa nào có Lũy kế nhỏ nhất?",Khoa,Lũy kế,Sản,p01_b00218,2,12,0,False,2,Sản,p01_b00218,2,12,0,False,2,1.207,1207.0,9,11,True
B-train-00877-q04,B-train-00877,argmin,"Trong bảng 1 ở trang 1, Nhóm chế độ nào có Đã giải quyết nhỏ nhất?",Nhóm chế độ,Đã giải quyết,Thất nghiệp,p01_b00084,1,9,0,False,2,Thất nghiệp,p01_b00084,1,9,0,False,2,150,150.0,6,10,True
B-train-00877-q05,B-train-00877,argmax,"Trong bảng 1 ở trang 1, Nhóm chế độ nào có Chi trả lớn nhất?",Nhóm chế độ,Chi trả,Thai sản,p01_b00107,1,11,0,False,1,Khánh Hòa,p01_b00050,1,6,0,False,1,32.070,32070.0,4,10,False
B-train-00877-q06,B-train-00877,argmin,"Trong bảng 1 ở trang 1, Nhóm chế độ nào có Kỳ trước nhỏ nhất?",Nhóm chế độ,Kỳ trước,Ốm đau,p01_b00039,1,5,0,False,2,Ốm đau,p01_b00039,1,5,0,False,2,988,988.0,2,10,True
B-train-00877-q09,B-train-00877,argmax,"Trong bảng 2 ở trang 1, Phòng ban nào có Lũy kế lớn nhất?",Phòng ban,Lũy kế,Công nghệ,p01_b00173,2,6,0,False,1,Công nghệ,p01_b00173,2,6,0,False,1,9.182,9182.0,3,12,True
B-train-00878-q01,B-train-00878,argmin,"Trong bảng 1 ở trang 1, Điểm quan trắc nào có BOD5 nhỏ nhất?",Điểm quan trắc,BOD5,Hồ Xuân Hương,p01_b00029,1,5,0,False,4,Hồ Xuân Hương,p01_b00029,1,5,0,False,4,3,3.0,2,19,True
B-train-00878-q02,B-train-00878,argmax,"Trong bảng 1 ở trang 2, Điểm quan trắc nào có Tỷ trọng (%) lớn nhất?",Điểm quan trắc,Tỷ trọng (%),Sông Hương,p02_b00072,1,10,0,False,4,Sông Hương,p02_b00072,1,10,0,False,4,"35,6%",35.6,7,19,True
B-train-00878-q04,B-train-00878,argmax,"Trong bảng 1 ở trang 2, Điểm quan trắc nào có COD lớn nhất?",Điểm quan trắc,COD,Hồ Xuân Hương,p02_b00038,1,6,0,False,4,Hồ Xuân Hương,p02_b00038,1,6,0,False,4,84,84.0,3,19,True
B-train-00878-q08,B-train-00878,argmin,"Trong bảng 1 ở trang 2, Điểm quan trắc nào có BOD5 nhỏ nhất?",Điểm quan trắc,BOD5,Hồ Xuân Hương,p02_b00170,1,21,0,False,4,Hồ Xuân Hương,p02_b00170,1,21,0,False,4,5,5.0,18,19,True
B-train-00879-q03,B-train-00879,argmin,"Trong bảng 1 ở trang 2, Điểm quan trắc nào có COD nhỏ nhất?",Điểm quan trắc,COD,Hồ Xuân Hương,p02_b00145,1,14,0,False,4,Hồ Xuân Hương,p02_b00145,1,14,0,False,4,15,15.0,11,17,True
B-train-00879-q09,B-train-00879,argmax,"Trong bảng 1 ở trang 1, Điểm quan trắc nào có Lũy kế lớn nhất?",Điểm quan trắc,Lũy kế,Sông Hồng,p01_b00015,1,3,0,False,4,Sông Hồng,p01_b00015,1,3,0,False,4,8.638,8638.0,0,16,True
B-train-00879-q10,B-train-00879,argmin,"Trong bảng 1 ở trang 1, Điểm quan trắc nào có Lũy kế nhỏ nhất?",Điểm quan trắc,Lũy kế,Cửa biển Đà Nẵng,p01_b00062,1,7,0,False,2,Cửa biển Đà Nẵng,p01_b00062,1,7,0,False,2,285,285.0,4,16,True
B-train-00880-q02,B-train-00880,argmax,"Trong bảng 2 ở trang 1, Phòng ban nào có Kế hoạch năm lớn nhất?",Phòng ban,Kế hoạch năm,Kế toán,p01_b00213,2,10,0,False,2,Kế toán,p01_b00213,2,10,0,False,2,8.205,8205.0,7,9,True
B-train-00880-q03,B-train-00880,argmin,"Trong bảng 2 ở trang 1, Phòng ban nào có Thiếu/thừa nhỏ nhất?",Phòng ban,Thiếu/thừa,Miền Trung,p01_b00180,2,6,0,False,1,Miền Trung,p01_b00180,2,6,0,False,1,-8,-8.0,3,9,True
B-train-00880-q06,B-train-00880,argmax,"Trong bảng 2 ở trang 1, Phòng ban nào có Định biên lớn nhất?",Phòng ban,Định biên,Chăm sóc khách hàng,p01_b00196,2,8,0,False,1,Kế toán,p01_b00213,2,10,0,False,2,44,44.0,7,9,False
B-train-00881-q01,B-train-00881,argmin,"Trong bảng 1 ở trang 2, Tuyến nào có Kỳ này nhỏ nhất?",Tuyến,Kỳ này,Đà Nẵng – Huế,p02_b00114,1,12,0,False,1,Đà Nẵng – Huế,p02_b00114,1,12,0,False,1,2.012,2012.0,9,10,True
B-train-00881-q02,B-train-00881,argmax,"Trong bảng 2 ở trang 1, Khoa nào có Chuyển tuyến lớn nhất?",Khoa,Chuyển tuyến,Sản,p01_b00179,2,6,0,True,1,Sản,p01_b00179,2,6,0,True,1,12,12.0,3,9,True
B-train-00881-q09,B-train-00881,argmin,"Trong bảng 2 ở trang 1, Khoa nào có Kế hoạch năm nhỏ nhất?",Khoa,Kế hoạch năm,Tai Mũi Họng,p01_b00198,2,8,0,False,1,Tai Mũi Họng,p01_b00198,2,8,0,False,1,2.081,2081.0,5,9,True
B-train-00881-q10,B-train-00881,argmax,"Trong bảng 1 ở trang 2, Tuyến nào có Doanh thu lớn nhất?",Tuyến,Doanh thu,Đà Nẵng – Huế,p02_b00027,1,4,0,False,3,Đà Nẵng – Huế,p02_b00027,1,4,0,False,3,320.948,320948.0,1,10,True
B-train-00882-q04,B-train-00882,argmin,"Trong bảng 1 ở trang 2, Điểm quan trắc nào có Kỳ này nhỏ nhất?",Điểm quan trắc,Kỳ này,Cửa biển Đà Nẵng,p02_b00063,1,7,0,False,4,Cửa biển Đà Nẵng,p02_b00063,1,7,0,False,4,403,403.0,4,21,True
B-train-00882-q05,B-train-00882,argmax,"Trong bảng 1 ở trang 1, Điểm quan trắc nào có Tỷ trọng (%) lớn nhất?",Điểm quan trắc,Tỷ trọng (%),KCN Long Thành,p01_b00228,1,21,0,False,4,KCN Long Thành,p01_b00228,1,21,0,False,4,"37,1%",37.1,18,20,True
B-train-00882-q07,B-train-00882,argmin,"Trong bảng 1 ở trang 2, Điểm quan trắc nào có Lũy kế nhỏ nhất?",Điểm quan trắc,Lũy kế,Sông Hồng,p02_b00015,1,3,0,False,5,Sông Hồng,p02_b00015,1,3,0,False,5,545,545.0,0,21,True
B-train-00883-q01,B-train-00883,argmin,"Trong bảng 2 ở trang 1, Điểm bán nào có Kỳ trước nhỏ nhất?",Điểm bán,Kỳ trước,Cửa hàng 02,p01_b00203,2,9,0,False,1,Cửa hàng 02,p01_b00203,2,9,0,False,1,1.522,1522.0,6,14,True
B-train-00883-q02,B-train-00883,argmax,"Trong bảng 2 ở trang 1, Điểm bán nào có Giá trị bán lớn nhất?",Điểm bán,Giá trị bán,Điểm bán phía Bắc,p01_b00268,2,16,0,False,1,Điểm bán phía Bắc,p01_b00268,2,16,0,False,1,2.217.227,2217227.0,13,14,True
B-train-00883-q05,B-train-00883,argmax,"Trong bảng 2 ở trang 1, Điểm bán nào có Lượt khách lớn nhất?",Điểm bán,Lượt khách,Đà Nẵng,p01_b00184,2,7,0,False,1,Siêu thị trung tâm,p01_b00212,2,10,0,False,3,5231,5231.0,7,14,False
B-train-00883-q09,B-train-00883,argmin,"Trong bảng 1 ở trang 1, Dự án nào có Kỳ này nhỏ nhất?",Dự án,Kỳ này,Trường liên cấp,p01_b00078,1,10,0,False,3,Trường liên cấp,p01_b00078,1,10,0,False,3,54,54.0,7,13,True
B-train-00884-q02,B-train-00884,argmin,"Trong bảng 1 ở trang 2, Mã hàng nào có Xuất nhỏ nhất?",Mã hàng,Xuất,VT231,p02_b00086,1,11,0,False,1,VT231,p02_b00086,1,11,0,False,1,15,15.0,8,13,True
B-train-00884-q03,B-train-00884,argmin,"Trong bảng 2 ở trang 1, Trạm nào có Kỳ trước nhỏ nhất?",Trạm,Kỳ trước,Trạm 110kV Bắc,p01_b00172,2,8,0,False,1,Trạm 110kV Bắc,p01_b00172,2,8,0,False,1,1.383,1383.0,5,9,True
B-train-00884-q07,B-train-00884,argmax,"Trong bảng 2 ở trang 1, Trạm nào có Tỷ trọng (%) lớn nhất?",Trạm,Tỷ trọng (%),Trạm 110kV Bắc,p01_b00119,2,3,0,False,2,Trạm 110kV Bắc,p01_b00119,2,3,0,False,2,"35,5%",35.5,0,9,True
B-train-00884-q08,B-train-00884,argmax,"Trong bảng 2 ở trang 1, Trạm nào có Kế hoạch năm lớn nhất?",Trạm,Kế hoạch năm,Trạm Nam Sông,p01_b00194,2,10,0,False,1,Trạm Nam Sông,p01_b00194,2,10,0,False,1,8.760,8760.0,7,9,True
B-train-00885-q03,B-train-00885,argmin,"Trong bảng 2 ở trang 1, Kho/điểm nào có Lũy kế nhỏ nhất?",Kho/điểm,Lũy kế,Kho Đà Nẵng,p01_b00245,2,14,0,False,3,Kho trung chuyển,p01_b00167,2,7,0,False,2,1.496,1496.0,4,13,False
B-train-00885-q06,B-train-00885,argmax,"Trong bảng 2 ở trang 1, Kho/điểm nào có Kỳ trước lớn nhất?",Kho/điểm,Kỳ trước,Kho Hà Nội,p01_b00233,2,13,0,True,2,Cần Thơ,p01_b00199,2,10,0,False,1,9.684,9684.0,8,13,False
B-train-00885-q07,B-train-00885,argmax,"Trong bảng 1 ở trang 1, Tuyến nào có Doanh thu lớn nhất?",Tuyến,Doanh thu,TP.HCM – Cần Thơ,p01_b00033,1,5,0,False,2,Đà Nẵng – Huế,p01_b00059,1,8,0,False,2,339.416,339416.0,5,10,False
B-train-00886-q04,B-train-00886,argmin,"Trong bảng 2 ở trang 1, Điểm quan trắc nào có Kỳ này nhỏ nhất?",Điểm quan trắc,Kỳ này,Đà Nẵng,p01_b00213,2,7,0,False,1,Đà Nẵng,p01_b00213,2,7,0,False,1,2.133,2133.0,5,9,True
B-train-00886-q10,B-train-00886,argmax,"Trong bảng 1 ở trang 1, Điểm quan trắc nào có COD lớn nhất?",Điểm quan trắc,COD,Đồng Nai,p01_b00014,1,3,0,False,1,Đồng Nai,p01_b00014,1,3,0,False,1,93,93.0,0,14,True
B-train-00887-q05,B-train-00887,argmin,"Trong bảng 1 ở trang 1, Khu vực nào có Kế hoạch năm nhỏ nhất?",Khu vực,Kế hoạch năm,Khu vực đô thị,p01_b00103,1,11,0,False,2,Khu vực đô thị,p01_b00103,1,11,0,False,2,512,512.0,8,9,True
B-train-00887-q06,B-train-00887,argmax,"Trong bảng 1 ở trang 2, Chi nhánh nào có Nợ quá hạn lớn nhất?",Chi nhánh,Nợ quá hạn,Cần Thơ 02,p02_b00086,1,12,0,False,1,Khánh Hòa,p02_b00064,1,9,0,False,1,510,510.0,7,12,False
B-train-00888-q05,B-train-00888,argmax,"Trong bảng 1 ở trang 1, Khu vực nào có Tỷ lệ lớn nhất?",Khu vực,Tỷ lệ,Miền Trung,p01_b00019,1,4,0,False,3,Miền Trung,p01_b00019,1,4,0,False,3,"187,1%",187.1,1,13,True
B-train-00888-q06,B-train-00888,argmin,"Trong bảng 2 ở trang 1, Chi nhánh nào có Nợ quá hạn nhỏ nhất?",Chi nhánh,Nợ quá hạn,Hải Phòng 02,p01_b00223,2,14,0,False,3,Hải Phòng 02,p01_b00223,2,14,0,False,3,30,30.0,11,13,True
B-train-00889-q04,B-train-00889,argmin,"Trong bảng 2 ở trang 1, Tuyến nào có Kỳ này nhỏ nhất?",Tuyến,Kỳ này,Hà Nội – Hải Phòng,p01_b00265,2,15,0,False,3,Đà Nẵng – Huế Đã đối chiếu,p01_b00142,2,4,0,True,1,341,341.0,1,13,False
B-train-00889-q05,B-train-00889,argmax,"Trong bảng 1 ở trang 2, Nghiệp vụ nào có Kỳ này lớn nhất?",Nghiệp vụ,Kỳ này,Hàng hóa,p02_b00050,1,6,0,False,2,Đà Nẵng,p02_b00085,1,9,0,False,1,9.052,9052.0,7,12,False
B-train-00889-q07,B-train-00889,argmax,"Trong bảng 1 ở trang 2, Nghiệp vụ nào có Bồi thường lớn nhất?",Nghiệp vụ,Bồi thường,Đà Nẵng,p02_b00085,1,9,0,False,1,Đà Nẵng,p02_b00085,1,9,0,False,1,4.855,4855.0,6,12,True
B-train-00889-q09,B-train-00889,argmin,"Trong bảng 1 ở trang 2, Nghiệp vụ nào có Kỳ trước nhỏ nhất?",Nghiệp vụ,Kỳ trước,Sức khỏe,p02_b00127,1,13,0,False,3,Sức khỏe,p02_b00074,1,8,0,False,3,449,449.0,5,12,True
B-train-00890-q08,B-train-00890,argmax,"Trong bảng 1 ở trang 1, Khu vực nào có Tỷ lệ rớt cuộc lớn nhất?",Khu vực,Tỷ lệ rớt cuộc,Cụm BTS-02,p01_b00138,1,14,0,False,2,Lâm Đồng,p01_b00083,1,9,0,False,1,"3,1%",3.1,7,12,False
B-train-00890-q09,B-train-00890,argmax,"Trong bảng 2 ở trang 1, Tuyến nào có Kỳ này lớn nhất?",Tuyến,Kỳ này,TP.HCM – Cần Thơ,p01_b00245,2,13,0,False,2,TP.HCM – Cần Thơ,p01_b00245,2,13,0,False,2,8.980,8980.0,10,13,True
B-train-00890-q10,B-train-00890,argmin,"Trong bảng 1 ở trang 1, Khu vực nào có Tỷ lệ rớt cuộc nhỏ nhất?",Khu vực,Tỷ lệ rớt cuộc,Khu vực ven biển,p01_b00037,1,5,0,False,1,Khu vực ven biển,p01_b00037,1,5,0,False,1,"1,2%",1.2,2,12,True
B-train-00891-q03,B-train-00891,argmax,"Trong bảng 1 ở trang 2, Kho/điểm nào có Tỷ trọng (%) lớn nhất?",Kho/điểm,Tỷ trọng (%),Kho Hà Nội,p02_b00050,1,6,0,False,3,Kho Hà Nội,p02_b00050,1,6,0,False,3,"37,6%",37.6,3,17,True
B-train-00891-q07,B-train-00891,argmax,"Trong bảng 1 ở trang 1, Kho/điểm nào có Chi phí lớn nhất?",Kho/điểm,Chi phí,Kho trung chuyển,p01_b00123,1,12,0,False,3,Kho trung chuyển,p01_b00123,1,12,0,False,3,426.816,426816.0,9,17,True
B-train-00891-q08,B-train-00891,argmin,"Trong bảng 1 ở trang 1, Kho/điểm nào có Đúng hạn nhỏ nhất?",Kho/điểm,Đúng hạn,Kho Cần Thơ,p01_b00111,1,11,0,False,3,Kho Cần Thơ,p01_b00111,1,11,0,False,3,"79,7%",79.7,8,17,True
B-train-00891-q10,B-train-00891,argmin,"Trong bảng 1 ở trang 2, Kho/điểm nào có Kế hoạch năm nhỏ nhất?",Kho/điểm,Kế hoạch năm,Kho Bình Dương,p02_b00015,1,3,0,False,4,Kho Bình Dương,p02_b00015,1,3,0,False,4,860,860.0,0,17,True
B-train-00892-q04,B-train-00892,argmin,"Trong bảng 1 ở trang 1, Mã hàng nào có Tồn cuối nhỏ nhất?",Mã hàng,Tồn cuối,VT136,p01_b00033,1,5,0,False,1,VT136,p01_b00033,1,5,0,False,1,26,26.0,2,9,True
B-train-00892-q07,B-train-00892,argmax,"Trong bảng 1 ở trang 1, Mã hàng nào có Xuất lớn nhất?",Mã hàng,Xuất,VT561,p01_b00014,1,3,0,False,1,VT561,p01_b00014,1,3,0,False,1,179,179.0,0,9,True
B-train-00892-q08,B-train-00892,argmin,"Trong bảng 2 ở trang 1, Mã hàng nào có Nhập nhỏ nhất?",Mã hàng,Nhập,VT542,p01_b00150,2,6,0,False,1,VT542,p01_b00150,2,6,0,False,1,0,0.0,3,13,True
B-train-00892-q10,B-train-00892,argmax,"Trong bảng 2 ở trang 1, Mã hàng nào có Kế hoạch năm lớn nhất?",Mã hàng,Kế hoạch năm,VT542,p01_b00150,2,6,0,False,1,VT542,p01_b00150,2,6,0,False,1,8.836,8836.0,3,13,True
B-train-00893-q06,B-train-00893,argmax,"Trong bảng 1 ở trang 1, Nhóm chế độ nào có Kỳ trước lớn nhất?",Nhóm chế độ,Kỳ trước,Tai nạn lao động,p01_b00059,1,7,0,False,2,Tai nạn lao động,p01_b00059,1,7,0,False,2,9.764,9764.0,4,12,True
B-train-00893-q07,B-train-00893,argmin,"Trong bảng 1 ở trang 1, Nhóm chế độ nào có Trễ hạn nhỏ nhất?",Nhóm chế độ,Trễ hạn,Ốm đau,p01_b00039,1,5,0,False,1,Ốm đau,p01_b00039,1,5,0,False,1,1,1.0,2,12,True
B-train-00893-q08,B-train-00893,argmax,"Trong bảng 1 ở trang 1, Nhóm chế độ nào có Trễ hạn lớn nhất?",Nhóm chế độ,Trễ hạn,Hưu trí,p01_b00070,1,8,0,False,2,Hưu trí,p01_b00070,1,8,0,False,2,85,85.0,5,12,True
B-train-00893-q09,B-train-00893,argmin,"Trong bảng 1 ở trang 2, Địa bàn nào có Kỳ trước nhỏ nhất?",Địa bàn,Kỳ trước,Hà Nội,p02_b00013,1,3,0,False,2,Hà Nội,p02_b00013,1,3,0,False,2,768,768.0,0,13,True
B-train-00894-q07,B-train-00894,argmax,"Trong bảng 2 ở trang 1, Dự án nào có Giá trị hợp đồng lớn nhất?",Dự án,Giá trị hợp đồng,Trường liên cấp,p01_b00168,2,5,0,False,1,Cầu Đông Thành,p01_b00201,2,8,0,False,2,28.150,28150.0,5,9,False
B-train-00894-q08,B-train-00894,argmax,"Trong bảng 1 ở trang 1, Phòng ban nào có Kỳ này lớn nhất?",Phòng ban,Kỳ này,Hành chính,p01_b00096,1,13,0,False,1,Hành chính,p01_b00096,1,13,0,False,1,8.835,8835.0,10,14,True
B-train-00894-q09,B-train-00894,argmin,"Trong bảng 2 ở trang 1, Dự án nào có Kế hoạch năm nhỏ nhất?",Dự án,Kế hoạch năm,Khu tái định cư,p01_b00189,2,7,0,False,1,Khu tái định cư,p01_b00189,2,7,0,False,1,3.538,3538.0,4,9,True
B-train-00895-q08,B-train-00895,argmax,"Trong bảng 2 ở trang 1, Nghiệp vụ nào có Kỳ này lớn nhất?",Nghiệp vụ,Kỳ này,Sức khỏe,p01_b00199,2,13,0,False,2,Sức khỏe,p01_b00199,2,13,0,False,2,8.079,8079.0,10,13,True
B-train-00895-q09,B-train-00895,argmin,"Trong bảng 2 ở trang 1, Nghiệp vụ nào có Tỷ lệ nhỏ nhất?",Nghiệp vụ,Tỷ lệ,Tai nạn con người,p01_b00189,2,12,0,False,2,Tai nạn con người,p01_b00189,2,12,0,False,2,"2,4%",2.4,9,13,True
B-train-00896-q03,B-train-00896,argmax,"Trong bảng 1 ở trang 1, Địa bàn nào có Kỳ này lớn nhất?",Địa bàn,Kỳ này,Hải Phòng,p01_b00087,1,11,0,False,1,Hải Phòng,p01_b00087,1,11,0,False,1,9.795,9795.0,8,12,True
B-train-00896-q09,B-train-00896,argmax,"Trong bảng 1 ở trang 1, Địa bàn nào có Sản lượng (tấn) lớn nhất?",Địa bàn,Sản lượng (tấn),Khánh Hòa,p01_b00104,1,13,0,False,2,Khánh Hòa,p01_b00104,1,13,0,False,2,6.076,6076.0,10,12,True
B-train-00897-q06,B-train-00897,argmin,"Trong bảng 2 ở trang 1, Tuyến nào có Hành khách nhỏ nhất?",Tuyến,Hành khách,Nha Trang – Đà Lạt,p01_b00151,2,6,0,False,1,Đồng Nai,p01_b00188,2,10,0,False,1,375,375.0,8,11,False
B-train-00897-q09,B-train-00897,argmax,"Trong bảng 1 ở trang 1, Điểm đến nào có Công suất phòng lớn nhất?",Điểm đến,Công suất phòng,Vịnh Hạ Long,p01_b00056,1,8,0,False,1,Vịnh Hạ Long,p01_b00056,1,8,0,False,1,"92,4%",92.4,5,10,True
B-train-00898-q01,B-train-00898,argmin,"Trong bảng 1 ở trang 1, Khu vực nào có Tỷ lệ rớt cuộc nhỏ nhất?",Khu vực,Tỷ lệ rớt cuộc,Khu vực ven biển,p01_b00038,1,5,0,False,2,Khu vực ven biển,p01_b00038,1,5,0,False,2,"0,9%",0.9,2,10,True
B-train-00898-q02,B-train-00898,argmax,"Trong bảng 2 ở trang 1, Phòng ban nào có Lũy kế lớn nhất?",Phòng ban,Lũy kế,Vận hành,p01_b00230,2,11,0,False,2,Vận hành,p01_b00230,2,11,0,False,2,9.567,9567.0,8,10,True
B-train-00898-q07,B-train-00898,argmax,"Trong bảng 2 ở trang 1, Phòng ban nào có Hiện có lớn nhất?",Phòng ban,Hiện có,Kế toán,p01_b00153,2,4,0,False,1,Kế toán,p01_b00153,2,4,0,False,1,36,36.0,1,10,True
B-train-00899-q03,B-train-00899,argmax,"Trong bảng 1 ở trang 2, Khu vực nào có Tỷ lệ lớn nhất?",Khu vực,Tỷ lệ,Miền Nam,p02_b00075,1,10,0,False,2,Miền Nam,p02_b00075,1,10,0,False,2,"114,8%",114.8,7,11,True
B-train-00899-q04,B-train-00899,argmin,"Trong bảng 1 ở trang 2, Khu vực nào có Kỳ trước nhỏ nhất?",Khu vực,Kỳ trước,Khánh Hòa,p02_b00056,1,8,0,False,1,Khánh Hòa,p02_b00056,1,8,0,False,1,1.749,1749.0,5,11,True
B-train-00899-q06,B-train-00899,argmin,"Trong bảng 1 ở trang 1, Khu vực nào có Kỳ trước nhỏ nhất?",Khu vực,Kỳ trước,Miền Trung,p01_b00025,1,4,0,True,2,Miền Bắc,p01_b00068,1,8,0,False,1,656,656.0,5,10,False
B-train-00900-q01,B-train-00900,argmin,"Trong bảng 1 ở trang 1, Điểm đến nào có Khách nội địa nhỏ nhất?",Điểm đến,Khách nội địa,Nha Trang,p01_b00104,1,11,0,False,1,Vịnh Hạ Long,p01_b00015,1,3,0,False,1,9.254,9254.0,0,9,False
B-train-00900-q02,B-train-00900,argmax,"Trong bảng 1 ở trang 1, Điểm đến nào có Khách nội địa lớn nhất?",Điểm đến,Khách nội địa,Miền Nam,p01_b00051,1,6,0,True,1,Miền Nam,p01_b00051,1,6,0,True,1,21.123,21123.0,3,9,True
B-train-00900-q03,B-train-00900,argmin,"Trong bảng 1 ở trang 1, Điểm đến nào có Công suất phòng nhỏ nhất?",Điểm đến,Công suất phòng,Vịnh Hạ Long,p01_b00015,1,3,0,False,2,Vịnh Hạ Long,p01_b00015,1,3,0,False,2,"53,6%",53.6,0,9,True
B-train-00900-q09,B-train-00900,argmax,"Trong bảng 1 ở trang 1, Điểm đến nào có Khách quốc tế lớn nhất?",Điểm đến,Khách quốc tế,Đà Lạt,p01_b00039,1,5,0,False,2,Đà Lạt,p01_b00039,1,5,0,False,2,6.261,6261.0,2,9,True
B-train-00901-q01,B-train-00901,argmin,"Trong bảng 1 ở trang 1, Điểm bán nào có Kỳ trước nhỏ nhất?",Điểm bán,Kỳ trước,Cửa hàng 01,p01_b00129,1,13,0,False,2,Cửa hàng 01,p01_b00129,1,13,0,False,2,3.222,3222.0,10,13,True
B-train-00901-q04,B-train-00901,argmin,"Trong bảng 1 ở trang 1, Điểm bán nào có Kỳ này nhỏ nhất?",Điểm bán,Kỳ này,Miền Bắc,p01_b00098,1,10,0,False,1,Miền Bắc,p01_b00098,1,10,0,False,1,1.793,1793.0,7,13,True
B-train-00901-q05,B-train-00901,argmax,"Trong bảng 1 ở trang 1, Điểm bán nào có Kỳ này lớn nhất?",Điểm bán,Kỳ này,Cửa hàng 02,p01_b00140,1,14,0,False,3,Cửa hàng 02,p01_b00140,1,14,0,False,3,8.328,8328.0,11,13,True
B-train-00901-q09,B-train-00901,argmax,"Trong bảng 2 ở trang 1, Mã hàng nào có Tồn cuối lớn nhất?",Mã hàng,Tồn cuối,VT564,p01_b00257,2,10,0,False,1,VT564,p01_b00257,2,10,0,False,1,185,185.0,7,11,True
B-train-00902-q05,B-train-00902,argmax,"Trong bảng 1 ở trang 1, Điểm đến nào có Khách quốc tế lớn nhất?",Điểm đến,Khách quốc tế,Nha Trang,p01_b00102,1,11,0,False,2,Nha Trang,p01_b00102,1,11,0,False,2,6.789,6789.0,8,9,True
B-train-00902-q06,B-train-00902,argmin,"Trong bảng 2 ở trang 1, Nghiệp vụ nào có Phí bảo hiểm nhỏ nhất?",Nghiệp vụ,Phí bảo hiểm,Tai nạn con người,p01_b00218,2,12,0,False,2,Tai nạn con người,p01_b00218,2,12,0,False,2,130,130.0,9,12,True
B-train-00902-q10,B-train-00902,argmax,"Trong bảng 1 ở trang 1, Điểm đến nào có Công suất phòng lớn nhất?",Điểm đến,Công suất phòng,Nha Trang,p01_b00047,1,6,0,True,2,Nha Trang,p01_b00047,1,6,0,True,2,"94,5%",94.5,3,9,True
B-train-00903-q02,B-train-00903,argmin,"Trong bảng 1 ở trang 1, Khoa nào có Chuyển tuyến nhỏ nhất?",Khoa,Chuyển tuyến,Mắt,p01_b00095,1,13,0,False,2,Mắt,p01_b00095,1,13,0,False,2,0,0.0,10,12,True
B-train-00903-q07,B-train-00903,argmax,"Trong bảng 1 ở trang 1, Khoa nào có Lũy kế lớn nhất?",Khoa,Lũy kế,Mắt,p01_b00043,1,7,0,False,2,Mắt,p01_b00043,1,7,0,False,2,9.242,9242.0,4,12,True
B-train-00903-q08,B-train-00903,argmax,"Trong bảng 1 ở trang 2, Tuyến nào có Kỳ trước lớn nhất?",Tuyến,Kỳ trước,Đà Nẵng,p02_b00061,1,7,0,False,1,Đà Nẵng,p02_b00061,1,7,0,False,1,6.228,6228.0,4,14,True
B-train-00904-q01,B-train-00904,argmax,"Trong bảng 1 ở trang 1, Nghiệp vụ nào có Tỷ lệ lớn nhất?",Nghiệp vụ,Tỷ lệ,Hải Phòng,p01_b00038,1,6,0,False,1,Hải Phòng,p01_b00038,1,6,0,False,1,"50,0%",50.0,3,12,True
B-train-00904-q02,B-train-00904,argmin,"Trong bảng 2 ở trang 1, Nhóm chế độ nào có Tỷ trọng (%) nhỏ nhất?",Nhóm chế độ,Tỷ trọng (%),Thai sản,p01_b00148,2,6,0,False,2,Thai sản,p01_b00148,2,6,0,False,2,"4,4%",4.4,3,9,True
B-train-00904-q09,B-train-00904,argmin,"Trong bảng 1 ở trang 2, Dự án nào có Kỳ này nhỏ nhất?",Dự án,Kỳ này,Khu tái định cư,p02_b00105,1,12,0,False,2,Khu tái định cư,p02_b00105,1,12,0,False,2,1.482,1482.0,9,13,True
B-train-00905-q04,B-train-00905,argmax,"Trong bảng 1 ở trang 2, Khu vực nào có Tỷ lệ rớt cuộc lớn nhất?",Khu vực,Tỷ lệ rớt cuộc,Cụm BTS-01,p02_b00112,1,13,0,True,4,Cụm BTS-01,p02_b00112,1,13,0,True,4,"3,2%",3.2,10,16,True
B-train-00905-q07,B-train-00905,argmin,"Trong bảng 1 ở trang 1, Khu vực nào có Tỷ trọng (%) nhỏ nhất?",Khu vực,Tỷ trọng (%),Cụm BTS-01,p01_b00061,1,8,0,False,3,Cụm BTS-01,p01_b00061,1,8,0,False,3,"4,5%",4.5,5,15,True
B-train-00905-q09,B-train-00905,argmax,"Trong bảng 1 ở trang 1, Khu vực nào có Lũy kế lớn nhất?",Khu vực,Lũy kế,Khu vực ven biển,p01_b00081,1,10,0,False,3,Khu vực ven biển,p01_b00081,1,10,0,False,3,9.587,9587.0,7,15,True
B-train-00905-q10,B-train-00905,argmin,"Trong bảng 1 ở trang 1, Khu vực nào có Lũy kế nhỏ nhất?",Khu vực,Lũy kế,Khu vực đô thị,p01_b00091,1,11,0,False,3,Khu vực đô thị,p01_b00091,1,11,0,False,3,1.117,1117.0,8,15,True
B-train-00906-q04,B-train-00906,argmax,"Trong bảng 1 ở trang 1, Địa bàn nào có Lũy kế lớn nhất?",Địa bàn,Lũy kế,Cần Thơ,p01_b00063,1,8,0,False,2,Cần Thơ,p01_b00063,1,8,0,False,2,9.407,9407.0,5,17,True
B-train-00906-q07,B-train-00906,argmin,"Trong bảng 1 ở trang 2, Địa bàn nào có Tỷ trọng (%) nhỏ nhất?",Địa bàn,Tỷ trọng (%),Lâm Đồng,p02_b00043,1,6,0,False,2,Lâm Đồng,p02_b00043,1,6,0,False,2,"8,0%",8.0,3,17,True
B-train-00907-q04,B-train-00907,argmin,"Trong bảng 1 ở trang 1, Điểm đến nào có Công suất phòng nhỏ nhất?",Điểm đến,Công suất phòng,Vịnh Hạ Long,p01_b00012,1,3,0,False,3,Vịnh Hạ Long,p01_b00012,1,3,0,False,3,"56,1%",56.1,0,11,True
B-train-00907-q05,B-train-00907,argmax,"Trong bảng 1 ở trang 1, Điểm đến nào có Tỷ trọng (%) lớn nhất?",Điểm đến,Tỷ trọng (%),Cần Thơ,p01_b00069,1,10,0,False,1,Cần Thơ,p01_b00069,1,10,0,False,1,"37,5%",37.5,7,11,True
B-train-00907-q08,B-train-00907,argmin,"Trong bảng 1 ở trang 1, Điểm đến nào có Tỷ trọng (%) nhỏ nhất?",Điểm đến,Tỷ trọng (%),Phú Quốc,p01_b00045,1,7,0,False,2,Phú Quốc,p01_b00045,1,7,0,False,2,"2,2%",2.2,4,11,True
B-train-00907-q09,B-train-00907,argmax,"Trong bảng 1 ở trang 1, Điểm đến nào có Kỳ trước lớn nhất?",Điểm đến,Kỳ trước,Phú Quốc,p01_b00085,1,12,0,False,1,Phú Quốc,p01_b00085,1,12,0,False,1,8.844,8844.0,9,11,True
B-train-00908-q06,B-train-00908,argmax,"Trong bảng 1 ở trang 1, Kho/điểm nào có Chi phí lớn nhất?",Kho/điểm,Chi phí,Kho Đà Nẵng,p01_b00072,1,9,0,False,4,Kho Đà Nẵng,p01_b00072,1,9,0,False,4,329.292,329292.0,6,17,True
B-train-00908-q08,B-train-00908,argmax,"Trong bảng 1 ở trang 2, Kho/điểm nào có Kế hoạch năm lớn nhất?",Kho/điểm,Kế hoạch năm,Kho Đà Nẵng,p02_b00151,1,17,0,False,2,Kho Đà Nẵng,p02_b00151,1,17,0,False,2,9.758,9758.0,14,18,True
B-train-00908-q09,B-train-00908,argmin,"Trong bảng 1 ở trang 2, Kho/điểm nào có Tồn cuối nhỏ nhất?",Kho/điểm,Tồn cuối,Kho Cần Thơ,p02_b00171,1,19,0,False,4,Kho Cần Thơ,p02_b00171,1,19,0,False,4,22,22.0,16,18,True
B-train-00908-q10,B-train-00908,argmin,"Trong bảng 1 ở trang 1, Kho/điểm nào có Tồn cuối nhỏ nhất?",Kho/điểm,Tồn cuối,Kho Đà Nẵng,p01_b00122,1,14,0,False,4,Kho Bình Dương,p01_b00132,1,15,0,False,3,0,0.0,12,17,False
B-train-00909-q04,B-train-00909,argmax,"Trong bảng 2 ở trang 1, Phòng ban nào có Thiếu/thừa lớn nhất?",Phòng ban,Thiếu/thừa,Công nghệ,p01_b00217,2,6,0,False,1,Công nghệ,p01_b00217,2,6,0,False,1,+4,4.0,3,14,True
B-train-00909-q05,B-train-00909,argmin,"Trong bảng 1 ở trang 1, Đơn vị nào có Kỳ này nhỏ nhất?",Đơn vị,Kỳ này,THPT Trần Phú,p01_b00037,1,5,0,False,3,THPT Trần Phú,p01_b00037,1,5,0,False,3,1.296,1296.0,2,14,True
B-train-00909-q06,B-train-00909,argmax,"Trong bảng 2 ở trang 1, Phòng ban nào có Hiện có lớn nhất?",Phòng ban,Hiện có,Công nghệ,p01_b00217,2,6,0,False,1,Công nghệ,p01_b00217,2,6,0,False,1,47,47.0,3,14,True
B-train-00910-q03,B-train-00910,argmax,"Trong bảng 2 ở trang 1, Phòng ban nào có Kỳ này lớn nhất?",Phòng ban,Kỳ này,Hành chính,p01_b00207,2,7,0,False,1,Hành chính,p01_b00207,2,7,0,False,1,8.189,8189.0,4,10,True
B-train-00910-q06,B-train-00910,argmin,"Trong bảng 1 ở trang 1, Trạm nào có Tổn thất nhỏ nhất?",Trạm,Tổn thất,Trạm Tây Đô,p01_b00097,1,11,0,False,2,Trạm 110kV Bắc,p01_b00067,1,8,0,False,2,"1,4%",1.4,5,13,False
B-train-00910-q08,B-train-00910,argmin,"Trong bảng 2 ở trang 1, Phòng ban nào có Kỳ này nhỏ nhất?",Phòng ban,Kỳ này,Công nghệ,p01_b00195,2,6,0,False,1,Công nghệ,p01_b00195,2,6,0,False,1,706,706.0,3,10,True
B-train-00910-q09,B-train-00910,argmax,"Trong bảng 2 ở trang 1, Phòng ban nào có Kế hoạch năm lớn nhất?",Phòng ban,Kế hoạch năm,Kinh doanh,p01_b00163,2,3,0,False,2,Kinh doanh,p01_b00163,2,3,0,False,2,9.589,9589.0,0,10,True
B-train-00911-q01,B-train-00911,argmax,"Trong bảng 1 ở trang 2, Địa bàn nào có Diện tích (ha) lớn nhất?",Địa bàn,Diện tích (ha),Khánh Hòa,p02_b00156,1,16,0,False,2,Khánh Hòa,p02_b00156,1,16,0,False,2,865,865.0,13,19,True
B-train-00911-q03,B-train-00911,argmin,"Trong bảng 1 ở trang 1, Địa bàn nào có Lũy kế nhỏ nhất?",Địa bàn,Lũy kế,Khánh Hòa,p01_b00198,1,20,0,False,3,Khánh Hòa,p01_b00198,1,20,0,False,3,566,566.0,17,18,True
B-train-00911-q09,B-train-00911,argmin,"Trong bảng 1 ở trang 2, Địa bàn nào có Sản lượng (tấn) nhỏ nhất?",Địa bàn,Sản lượng (tấn),Lâm Đồng,p02_b00036,1,5,0,False,3,Lâm Đồng,p02_b00036,1,5,0,False,3,312,312.0,2,19,True
B-train-00911-q10,B-train-00911,argmax,"Trong bảng 1 ở trang 1, Địa bàn nào có Lũy kế lớn nhất?",Địa bàn,Lũy kế,Khánh Hòa,p01_b00046,1,6,0,False,3,Khánh Hòa,p01_b00046,1,6,0,False,3,9.591,9591.0,3,18,True
B-train-00912-q05,B-train-00912,argmax,"Trong bảng 1 ở trang 1, Khu vực nào có Lũy kế lớn nhất?",Khu vực,Lũy kế,Mức A | ưu tiên,p01_b00096,1,12,0,True,1,Khánh Hòa,p01_b00060,1,8,0,False,1,9.713,9713.0,6,11,False
B-train-00912-q07,B-train-00912,argmax,"Trong bảng 1 ở trang 1, Khu vực nào có Tỷ lệ rớt cuộc lớn nhất?",Khu vực,Tỷ lệ rớt cuộc,Cụm BTS-01,p01_b00104,1,13,0,False,2,Cụm BTS-01,p01_b00104,1,13,0,False,2,"3,1%",3.1,10,11,True
B-train-00912-q10,B-train-00912,argmin,"Trong bảng 1 ở trang 1, Khu vực nào có Phản ánh nhỏ nhất?",Khu vực,Phản ánh,Cụm BTS-02,p01_b00023,1,4,0,False,1,Cụm BTS-02,p01_b00023,1,4,0,False,1,5,5.0,1,11,True
B-train-00913-q01,B-train-00913,argmin,"Trong bảng 1 ở trang 1, Phòng ban nào có Hiện có nhỏ nhất?",Phòng ban,Hiện có,Công nghệ,p01_b00160,1,18,0,False,2,Công nghệ,p01_b00160,1,18,0,False,2,5,5.0,15,20,True
B-train-00913-q07,B-train-00913,argmin,"Trong bảng 1 ở trang 2, Phòng ban nào có Kỳ này nhỏ nhất?",Phòng ban,Kỳ này,Vận hành,p02_b00072,1,9,0,False,4,Vận hành,p02_b00072,1,9,0,False,4,1.435,1435.0,6,20,True
B-train-00913-q08,B-train-00913,argmax,"Trong bảng 1 ở trang 2, Phòng ban nào có Hiện có lớn nhất?",Phòng ban,Hiện có,Kinh doanh,p02_b00172,1,19,0,False,3,Kinh doanh,p02_b00172,1,19,0,False,3,43,43.0,16,20,True
B-train-00913-q10,B-train-00913,argmax,"Trong bảng 1 ở trang 2, Phòng ban nào có Kỳ này lớn nhất?",Phòng ban,Kỳ này,Kinh doanh,p02_b00172,1,19,0,False,3,Kinh doanh,p02_b00172,1,19,0,False,3,10.048,10048.0,16,20,True
B-train-00914-q01,B-train-00914,argmax,"Trong bảng 2 ở trang 1, Kho/điểm nào có Kỳ trước lớn nhất?",Kho/điểm,Kỳ trước,Kho Hà Nội,p01_b00230,2,13,0,False,1,Kho Hà Nội,p01_b00230,2,13,0,False,1,9.709,9709.0,10,14,True
B-train-00914-q02,B-train-00914,argmax,"Trong bảng 1 ở trang 2, Chi nhánh nào có Nợ quá hạn lớn nhất?",Chi nhánh,Nợ quá hạn,Đà Nẵng 01,p02_b00036,1,5,0,False,1,Đà Nẵng 01,p02_b00036,1,5,0,False,1,480,480.0,2,9,True
B-train-00915-q01,B-train-00915,argmin,"Trong bảng 1 ở trang 1, Nghiệp vụ nào có Tỷ trọng (%) nhỏ nhất?",Nghiệp vụ,Tỷ trọng (%),Tài sản,p01_b00131,1,15,0,False,3,Tài sản,p01_b00131,1,15,0,False,3,"1,2%",1.2,12,15,True
B-train-00915-q05,B-train-00915,argmax,"Trong bảng 1 ở trang 2, Nghiệp vụ nào có Tỷ trọng (%) lớn nhất?",Nghiệp vụ,Tỷ trọng (%),Tai nạn con người,p02_b00052,1,7,0,False,3,Tai nạn con người,p02_b00052,1,7,0,False,3,"35,4%",35.4,4,15,True
B-train-00915-q08,B-train-00915,argmax,"Trong bảng 1 ở trang 1, Nghiệp vụ nào có Phí bảo hiểm lớn nhất?",Nghiệp vụ,Phí bảo hiểm,Hàng hóa,p01_b00141,1,16,0,False,2,Hàng hóa,p01_b00141,1,16,0,False,2,14.724,14724.0,13,15,True
B-train-00916-q01,B-train-00916,argmin,"Trong bảng 1 ở trang 2, Tuyến nào có Hành khách nhỏ nhất?",Tuyến,Hành khách,TP.HCM – Cần Thơ,p02_b00216,1,20,0,False,5,TP.HCM – Cần Thơ,p02_b00216,1,20,0,False,5,252,252.0,17,18,True
B-train-00916-q06,B-train-00916,argmax,"Trong bảng 1 ở trang 1, Tuyến nào có Doanh thu lớn nhất?",Tuyến,Doanh thu,Đà Nẵng – Huế,p01_b00027,1,4,0,False,4,Đà Nẵng – Huế,p01_b00027,1,4,0,False,4,198.432,198432.0,1,17,True
B-train-00917-q02,B-train-00917,argmin,"Trong bảng 1 ở trang 1, Đơn vị nào có Kỳ trước nhỏ nhất?",Đơn vị,Kỳ trước,THPT Lê Quý Đôn,p01_b00072,1,9,0,False,2,THPT Lê Quý Đôn,p01_b00072,1,9,0,False,2,2.928,2928.0,6,9,True
B-train-00917-q07,B-train-00917,argmin,"Trong bảng 1 ở trang 1, Đơn vị nào có Tỷ lệ đạt nhỏ nhất?",Đơn vị,Tỷ lệ đạt,THPT Phan Bội Châu,p01_b00043,1,6,0,False,1,THPT Phan Bội Châu,p01_b00043,1,6,0,False,1,"68,8%",68.8,3,9,True
B-train-00917-q08,B-train-00917,argmax,"Trong bảng 1 ở trang 1, Đơn vị nào có Thí sinh lớn nhất?",Đơn vị,Thí sinh,Cần Thơ,p01_b00083,1,10,0,False,1,THPT Lê Quý Đôn,p01_b00072,1,9,0,False,2,43,43.0,6,9,False
B-train-00917-q10,B-train-00917,argmax,"Trong bảng 1 ở trang 1, Đơn vị nào có Tỷ lệ đạt lớn nhất?",Đơn vị,Tỷ lệ đạt,THPT Lê Quý Đôn,p01_b00023,1,4,0,False,2,THPT Lê Quý Đôn,p01_b00023,1,4,0,False,2,"92,0%",92.0,1,9,True
B-train-00918-q01,B-train-00918,argmin,"Trong bảng 2 ở trang 1, Điểm đến nào có Công suất phòng nhỏ nhất?",Điểm đến,Công suất phòng,Nha Trang,p01_b00173,2,6,0,False,2,Nha Trang,p01_b00173,2,6,0,False,2,"53,4%",53.4,3,11,True
B-train-00918-q02,B-train-00918,argmax,"Trong bảng 1 ở trang 1, Chi nhánh nào có Dư nợ lớn nhất?",Chi nhánh,Dư nợ,Khánh Hòa 03,p01_b00078,1,11,0,False,1,Hà Nội 01,p01_b00054,1,8,0,False,3,9.340,9340.0,5,14,False
B-train-00918-q05,B-train-00918,argmin,"Trong bảng 2 ở trang 1, Điểm đến nào có Khách quốc tế nhỏ nhất?",Điểm đến,Khách quốc tế,Nha Trang,p01_b00224,2,11,0,False,2,Nha Trang,p01_b00224,2,11,0,False,2,384,384.0,8,11,True
B-train-00918-q06,B-train-00918,argmax,"Trong bảng 1 ở trang 1, Chi nhánh nào có Tỷ trọng (%) lớn nhất?",Chi nhánh,Tỷ trọng (%),Hà Nội 01,p01_b00096,1,13,0,False,3,Hà Nội 01,p01_b00096,1,13,0,False,3,"35,7%",35.7,10,14,True
B-train-00919-q02,B-train-00919,argmax,"Trong bảng 1 ở trang 1, Đơn vị nào có Tỷ lệ đạt lớn nhất?",Đơn vị,Tỷ lệ đạt,THPT Phan Bội Châu,p01_b00106,1,11,0,False,1,THPT Phan Bội Châu,p01_b00106,1,11,0,False,1,"97,0%",97.0,8,13,True
B-train-00919-q05,B-train-00919,argmin,"Trong bảng 1 ở trang 1, Đơn vị nào có Lũy kế nhỏ nhất?",Đơn vị,Lũy kế,THPT Trần Phú,p01_b00150,1,15,0,False,2,Đồng bằng sông Cửu Long,p01_b00039,1,5,0,False,1,384,384.0,3,13,False
B-train-00919-q06,B-train-00919,argmin,"Trong bảng 2 ở trang 1, Dự án nào có Tiến độ nhỏ nhất?",Dự án,Tiến độ,Đường vành đai,p01_b00188,2,4,0,False,1,Đường vành đai,p01_b00188,2,4,0,False,1,"20,0%",20.0,1,9,True
B-train-00919-q07,B-train-00919,argmax,"Trong bảng 2 ở trang 1, Dự án nào có Giải ngân lớn nhất?",Dự án,Giải ngân,Cầu Đông Thành,p01_b00177,2,3,0,False,2,Cầu Đông Thành,p01_b00177,2,3,0,False,2,15.205,15205.0,0,9,True
B-train-00920-q04,B-train-00920,argmin,"Trong bảng 1 ở trang 2, Nhóm chế độ nào có Lũy kế nhỏ nhất?",Nhóm chế độ,Lũy kế,Ốm đau,p02_b00016,1,3,0,False,5,Ốm đau,p02_b00016,1,3,0,False,5,156,156.0,0,22,True
B-train-00920-q07,B-train-00920,argmin,"Trong bảng 1 ở trang 2, Nhóm chế độ nào có Kế hoạch năm nhỏ nhất?",Nhóm chế độ,Kế hoạch năm,Ốm đau,p02_b00016,1,3,0,False,5,Ốm đau,p02_b00016,1,3,0,False,5,514,514.0,0,22,True
B-train-00921-q03,B-train-00921,argmin,"Trong bảng 1 ở trang 1, Kho/điểm nào có Đúng hạn nhỏ nhất?",Kho/điểm,Đúng hạn,Kho Hà Nội,p01_b00015,1,3,0,False,3,Kho Hà Nội,p01_b00015,1,3,0,False,3,"83,4%",83.4,0,11,True
B-train-00921-q08,B-train-00921,argmax,"Trong bảng 1 ở trang 2, Khu vực nào có Kế hoạch năm lớn nhất?",Khu vực,Kế hoạch năm,Khu vực miền núi,p02_b00187,1,17,0,False,2,Khu vực miền núi,p02_b00187,1,17,0,False,2,8.667,8667.0,14,15,True
B-train-00921-q09,B-train-00921,argmax,"Trong bảng 1 ở trang 1, Kho/điểm nào có Kỳ trước lớn nhất?",Kho/điểm,Kỳ trước,Tây Nguyên,p01_b00037,1,5,0,False,1,Tây Nguyên,p01_b00037,1,5,0,False,1,9.447,9447.0,2,11,True
B-train-00921-q10,B-train-00921,argmin,"Trong bảng 1 ở trang 1, Kho/điểm nào có Tồn cuối nhỏ nhất?",Kho/điểm,Tồn cuối,Kho Hà Nội,p01_b00015,1,3,0,False,2,Kho trung chuyển Đã đối chiếu,p01_b00056,1,7,0,False,1,217,217.0,4,11,False
B-train-00922-q05,B-train-00922,argmax,"Trong bảng 2 ở trang 1, Điểm quan trắc nào có pH lớn nhất?",Điểm quan trắc,pH,Đồng bằng sông Cửu Long,p01_b00202,2,7,0,False,1,Sông Hương,p01_b00222,2,9,0,False,3,"8,25",8.25,6,13,False
B-train-00922-q08,B-train-00922,argmax,"Trong bảng 2 ở trang 1, Điểm quan trắc nào có BOD5 lớn nhất?",Điểm quan trắc,BOD5,Đồng bằng sông Cửu Long,p01_b00202,2,7,0,False,1,Đồng bằng sông Cửu Long,p01_b00202,2,7,0,False,1,47,47.0,4,13,True
B-train-00922-q09,B-train-00922,argmin,"Trong bảng 1 ở trang 1, Khu vực nào có Thực hiện nhỏ nhất?",Khu vực,Thực hiện,Miền Nam,p01_b00031,1,5,0,False,2,Miền Nam,p01_b00031,1,5,0,False,2,760,760.0,2,15,True
B-train-00922-q10,B-train-00922,argmin,"Trong bảng 2 ở trang 1, Điểm quan trắc nào có Kỳ này nhỏ nhất?",Điểm quan trắc,Kỳ này,Đồng bằng sông Cửu Long,p01_b00202,2,7,0,False,1,Đồng bằng sông Cửu Long,p01_b00202,2,7,0,False,1,162,162.0,4,13,True
B-train-00923-q02,B-train-00923,argmin,"Trong bảng 1 ở trang 1, Điểm đến nào có Khách quốc tế nhỏ nhất?",Điểm đến,Khách quốc tế,Đà Lạt,p01_b00216,1,20,0,False,5,Đà Lạt,p01_b00216,1,20,0,False,5,364,364.0,17,23,True
B-train-00923-q05,B-train-00923,argmax,"Trong bảng 1 ở trang 2, Điểm đến nào có Tỷ trọng (%) lớn nhất?",Điểm đến,Tỷ trọng (%),Đà Lạt,p02_b00062,1,7,0,False,4,Đà Lạt,p02_b00062,1,7,0,False,4,"35,8%",35.8,4,24,True
B-train-00923-q06,B-train-00923,argmax,"Trong bảng 1 ở trang 1, Điểm đến nào có Kỳ này lớn nhất?",Điểm đến,Kỳ này,Phố cổ Hội An,p01_b00085,1,9,0,False,5,Phố cổ Hội An,p01_b00085,1,9,0,False,5,9.427,9427.0,6,23,True
B-train-00923-q07,B-train-00923,argmin,"Trong bảng 1 ở trang 2, Điểm đến nào có Lũy kế nhỏ nhất?",Điểm đến,Lũy kế,Phố cổ Hội An,p02_b00110,1,11,0,False,5,Phố cổ Hội An,p02_b00110,1,11,0,False,5,752,752.0,8,24,True
B-train-00924-q01,B-train-00924,argmax,"Trong bảng 1 ở trang 1, Chi nhánh nào có Nợ quá hạn lớn nhất?",Chi nhánh,Nợ quá hạn,Cần Thơ 02,p01_b00132,1,12,0,False,4,Cần Thơ 02,p01_b00132,1,12,0,False,4,650,650.0,9,22,True
B-train-00924-q03,B-train-00924,argmin,"Trong bảng 1 ở trang 1, Chi nhánh nào có Tỷ trọng (%) nhỏ nhất?",Chi nhánh,Tỷ trọng (%),Hà Nội 01,p01_b00208,1,18,0,False,5,Hà Nội 01,p01_b00208,1,18,0,False,5,"1,2%",1.2,15,22,True
B-train-00924-q07,B-train-00924,argmax,"Trong bảng 1 ở trang 1, Chi nhánh nào có Huy động lớn nhất?",Chi nhánh,Huy động,Hải Phòng 02,p01_b00094,1,9,0,False,5,Hải Phòng 02,p01_b00094,1,9,0,False,5,10.480,10480.0,6,22,True
B-train-00925-q03,B-train-00925,argmin,"Trong bảng 2 ở trang 1, Gói thầu nào có Tỷ trọng (%) nhỏ nhất?",Gói thầu,Tỷ trọng (%),GT77,p01_b00219,2,4,0,False,1,GT77,p01_b00219,2,4,0,False,1,"1,4%",1.4,1,15,True
B-train-00925-q04,B-train-00925,argmax,"Trong bảng 1 ở trang 2, Khoa nào có Lũy kế lớn nhất?",Khoa,Lũy kế,Nhi,p02_b00101,1,11,0,False,1,Nhi,p02_b00101,1,11,0,False,1,8.786,8786.0,8,13,True
B-train-00925-q07,B-train-00925,argmin,"Trong bảng 1 ở trang 2, Khoa nào có Chuyển tuyến nhỏ nhất?",Khoa,Chuyển tuyến,Nội tổng hợp,p02_b00147,1,15,0,False,2,Nội tổng hợp,p02_b00147,1,15,0,False,2,0,0.0,12,13,True
B-train-00925-q09,B-train-00925,argmax,"Trong bảng 1 ở trang 2, Khoa nào có Nhập viện lớn nhất?",Khoa,Nhập viện,Tai Mũi Họng,p02_b00135,1,14,0,False,1,Tai Mũi Họng,p02_b00135,1,14,0,False,1,90,90.0,11,13,True
B-train-00926-q03,B-train-00926,argmax,"Trong bảng 2 ở trang 1, Khoa nào có Tỷ trọng (%) lớn nhất?",Khoa,Tỷ trọng (%),Ngoại,p01_b00255,2,10,0,False,1,Ngoại,p01_b00255,2,10,0,False,1,"36,4%",36.4,7,10,True
B-train-00926-q05,B-train-00926,argmin,"Trong bảng 2 ở trang 1, Khoa nào có Chuyển tuyến nhỏ nhất?",Khoa,Chuyển tuyến,Tai Mũi Họng,p01_b00234,2,8,0,False,1,Tai Mũi Họng,p01_b00234,2,8,0,False,1,0,0.0,5,10,True
B-train-00926-q08,B-train-00926,argmin,"Trong bảng 1 ở trang 1, Phòng ban nào có Thiếu/thừa nhỏ nhất?",Phòng ban,Thiếu/thừa,Chăm sóc khách hàng,p01_b00159,1,14,0,False,1,Chăm sóc khách hàng,p01_b00159,1,14,0,False,1,-7,-7.0,11,12,True
B-train-00926-q10,B-train-00926,argmax,"Trong bảng 2 ở trang 1, Khoa nào có Kỳ trước lớn nhất?",Khoa,Kỳ trước,Tai Mũi Họng,p01_b00234,2,8,0,False,1,Tai Mũi Họng,p01_b00234,2,8,0,False,1,8.023,8023.0,5,10,True
B-train-00927-q01,B-train-00927,argmax,"Trong bảng 2 ở trang 1, Gói thầu nào có Giá dự toán lớn nhất?",Gói thầu,Giá dự toán,GT43,p01_b00165,2,7,0,False,1,Hà Nội,p01_b00143,2,5,0,False,1,2.430,2430.0,3,11,False
B-train-00927-q05,B-train-00927,argmin,"Trong bảng 1 ở trang 1, Địa bàn nào có Sản lượng (tấn) nhỏ nhất?",Địa bàn,Sản lượng (tấn),Hà Nội,p01_b00072,1,10,0,False,2,Hà Nội,p01_b00072,1,10,0,False,2,110,110.0,7,10,True
B-train-00927-q08,B-train-00927,argmin,"Trong bảng 1 ở trang 2, Đơn vị nào có Đạt nhỏ nhất?",Đơn vị,Đạt,THPT Trần Phú,p02_b00032,1,5,0,False,2,THPT Trần Phú,p02_b00032,1,5,0,False,2,15,15.0,2,15,True
B-train-00927-q10,B-train-00927,argmax,"Trong bảng 1 ở trang 1, Địa bàn nào có Kỳ này lớn nhất?",Địa bàn,Kỳ này,Đồng Nai,p01_b00039,1,6,0,True,1,Đồng Nai,p01_b00039,1,6,0,True,1,9.815,9815.0,3,10,True
B-train-00928-q02,B-train-00928,argmin,"Trong bảng 1 ở trang 1, Khu vực nào có Phản ánh nhỏ nhất?",Khu vực,Phản ánh,Cụm BTS-01,p01_b00147,1,13,0,False,2,Khu vực ven biển Đã đối chiếu,p01_b00174,1,15,0,True,1,15,15.0,12,14,False
B-train-00928-q07,B-train-00928,argmax,"Trong bảng 1 ở trang 1, Khu vực nào có Tỷ lệ rớt cuộc lớn nhất?",Khu vực,Tỷ lệ rớt cuộc,Đồng Nai,p01_b00096,1,9,0,False,1,Đồng Nai,p01_b00096,1,9,0,False,1,"3,5%",3.5,6,14,True
B-train-00928-q08,B-train-00928,argmin,"Trong bảng 1 ở trang 1, Khu vực nào có Lũy kế nhỏ nhất?",Khu vực,Lũy kế,Đồng Nai,p01_b00096,1,9,0,False,1,Đồng Nai,p01_b00096,1,9,0,False,1,1.830,1830.0,6,14,True
B-train-00929-q03,B-train-00929,argmin,"Trong bảng 1 ở trang 1, Điểm quan trắc nào có Kế hoạch năm nhỏ nhất?",Điểm quan trắc,Kế hoạch năm,Sông Hồng,p01_b00013,1,3,0,False,2,Miền Nam,p01_b00095,1,12,0,False,1,700,700.0,10,12,False
B-train-00929-q06,B-train-00929,argmin,"Trong bảng 1 ở trang 1, Điểm quan trắc nào có Kỳ này nhỏ nhất?",Điểm quan trắc,Kỳ này,Sông Hồng,p01_b00059,1,8,0,False,2,Hồ Xuân Hương,p01_b00078,1,10,0,False,2,135,135.0,7,12,False
B-train-00929-q07,B-train-00929,argmax,"Trong bảng 1 ở trang 1, Điểm quan trắc nào có Tỷ trọng (%) lớn nhất?",Điểm quan trắc,Tỷ trọng (%),Hồ Xuân Hương,p01_b00031,1,5,0,True,2,Hồ Xuân Hương,p01_b00031,1,5,0,True,2,"35,3%",35.3,2,12,True
B-train-00929-q09,B-train-00929,argmax,"Trong bảng 2 ở trang 1, Mã hàng nào có Nhập lớn nhất?",Mã hàng,Nhập,VT415,p01_b00234,2,11,0,False,1,VT415,p01_b00234,2,11,0,False,1,85,85.0,8,11,True
B-train-00930-q01,B-train-00930,argmax,"Trong bảng 2 ở trang 1, Khu vực nào có Chênh lệch lớn nhất?",Khu vực,Chênh lệch,Miền Nam,p01_b00218,2,9,0,False,2,Miền Nam,p01_b00218,2,9,0,False,2,890,890.0,6,15,True
B-train-00930-q10,B-train-00930,argmax,"Trong bảng 1 ở trang 1, Điểm quan trắc nào có Lũy kế lớn nhất?",Điểm quan trắc,Lũy kế,Sông Hương,p01_b00027,1,4,0,False,2,Cửa biển Đà Nẵng,p01_b00060,1,7,0,False,1,9.111,9111.0,4,11,False
B-train-00931-q04,B-train-00931,argmax,"Trong bảng 1 ở trang 2, Điểm bán nào có Số đơn lớn nhất?",Điểm bán,Số đơn,Điểm bán phía Nam,p02_b00186,1,19,0,False,5,Điểm bán phía Nam,p02_b00186,1,19,0,False,5,3201,3201.0,16,23,True
B-train-00931-q05,B-train-00931,argmin,"Trong bảng 1 ở trang 2, Điểm bán nào có Kế hoạch năm nhỏ nhất?",Điểm bán,Kế hoạch năm,Điểm bán phía Nam,p02_b00133,1,14,0,False,4,Điểm bán phía Nam,p02_b00133,1,14,0,False,4,936,936.0,11,23,True
B-train-00931-q08,B-train-00931,argmin,"Trong bảng 1 ở trang 1, Điểm bán nào có Giá trị bán nhỏ nhất?",Điểm bán,Giá trị bán,Cửa hàng 02,p01_b00079,1,9,0,False,5,Cửa hàng 02,p01_b00079,1,9,0,False,5,61.845,61845.0,6,23,True
B-train-00931-q10,B-train-00931,argmax,"Trong bảng 1 ở trang 1, Điểm bán nào có Kỳ này lớn nhất?",Điểm bán,Kỳ này,Siêu thị trung tâm,p01_b00145,1,15,0,False,5,Siêu thị trung tâm,p01_b00145,1,15,0,False,5,9.811,9811.0,12,23,True
B-train-00932-q01,B-train-00932,argmin,"Trong bảng 2 ở trang 1, Trạm nào có Kế hoạch năm nhỏ nhất?",Trạm,Kế hoạch năm,Mức A | ưu tiên,p01_b00212,2,4,0,False,1,Đà Nẵng,p01_b00261,2,8,0,False,1,1.352,1352.0,6,14,False
B-train-00932-q08,B-train-00932,argmax,"Trong bảng 2 ở trang 1, Trạm nào có Kỳ trước lớn nhất?",Trạm,Kỳ trước,Trạm 110kV Bắc,p01_b00321,2,13,0,False,2,Trạm 110kV Bắc,p01_b00321,2,13,0,False,2,8.286,8286.0,10,14,True
B-train-00932-q10,B-train-00932,argmax,"Trong bảng 1 ở trang 1, Nhóm chế độ nào có Kỳ này lớn nhất?",Nhóm chế độ,Kỳ này,Tai nạn lao động,p01_b00117,1,12,0,False,2,Ốm đau,p01_b00150,1,15,0,False,3,9.833,9833.0,12,15,False
B-train-00933-q03,B-train-00933,argmin,"Trong bảng 2 ở trang 1, Nhóm chế độ nào có Lũy kế nhỏ nhất?",Nhóm chế độ,Lũy kế,Ốm đau,p01_b00178,2,5,0,False,1,Ốm đau,p01_b00178,2,5,0,False,1,769,769.0,2,12,True
B-train-00933-q04,B-train-00933,argmin,"Trong bảng 1 ở trang 1, Chi nhánh nào có Nợ quá hạn nhỏ nhất?",Chi nhánh,Nợ quá hạn,Đà Nẵng 01,p01_b00031,1,5,0,False,2,Đà Nẵng 01,p01_b00031,1,5,0,False,2,50,50.0,2,14,True
B-train-00933-q06,B-train-00933,argmax,"Trong bảng 2 ở trang 1, Nhóm chế độ nào có Chi trả lớn nhất?",Nhóm chế độ,Chi trả,Thất nghiệp,p01_b00168,2,4,0,False,1,Thất nghiệp,p01_b00168,2,4,0,False,1,27.115,27115.0,1,12,True
B-train-00934-q02,B-train-00934,argmin,"Trong bảng 1 ở trang 2, Mã hàng nào có Lũy kế nhỏ nhất?",Mã hàng,Lũy kế,VT485,p02_b00197,1,20,0,False,1,VT485,p02_b00197,1,20,0,False,1,595,595.0,17,19,True
B-train-00934-q03,B-train-00934,argmin,"Trong bảng 1 ở trang 1, Mã hàng nào có Tỷ trọng (%) nhỏ nhất?",Mã hàng,Tỷ trọng (%),VT517,p01_b00100,1,11,0,False,1,VT517,p01_b00100,1,11,0,False,1,"3,3%",3.3,8,18,True
B-train-00934-q05,B-train-00934,argmax,"Trong bảng 1 ở trang 2, Mã hàng nào có Tồn cuối lớn nhất?",Mã hàng,Tồn cuối,VT560,p02_b00069,1,8,0,False,1,VT560,p02_b00069,1,8,0,False,1,253,253.0,5,19,True
B-train-00934-q09,B-train-00934,argmax,"Trong bảng 1 ở trang 2, Mã hàng nào có Lũy kế lớn nhất?",Mã hàng,Lũy kế,VT402,p02_b00144,1,15,0,False,2,VT402,p02_b00144,1,15,0,False,2,9.615,9615.0,12,19,True
B-train-00935-q02,B-train-00935,argmin,"Trong bảng 1 ở trang 1, Khu vực nào có Kỳ trước nhỏ nhất?",Khu vực,Kỳ trước,Cụm BTS-02,p01_b00204,1,19,0,False,4,Cụm BTS-02,p01_b00204,1,19,0,False,4,164,164.0,16,17,True
B-train-00935-q04,B-train-00935,argmax,"Trong bảng 1 ở trang 2, Khu vực nào có Kế hoạch năm lớn nhất?",Khu vực,Kế hoạch năm,Cụm BTS-01,p02_b00167,1,16,0,False,3,Cụm BTS-01,p02_b00167,1,16,0,False,3,9.631,9631.0,13,17,True
B-train-00936-q02,B-train-00936,argmax,"Trong bảng 1 ở trang 1, Khu vực nào có Lũy kế lớn nhất?",Khu vực,Lũy kế,Khu vực ven biển,p01_b00041,1,5,0,True,2,Khu vực ven biển,p01_b00041,1,5,0,True,2,9.671,9671.0,2,11,True
B-train-00936-q10,B-train-00936,argmin,"Trong bảng 2 ở trang 1, Kho/điểm nào có Tỷ trọng (%) nhỏ nhất?",Kho/điểm,Tỷ trọng (%),Kho Bình Dương,p01_b00186,2,5,0,True,1,Kho Bình Dương,p01_b00186,2,5,0,True,1,"1,3%",1.3,2,11,True
B-train-00937-q02,B-train-00937,argmax,"Trong bảng 1 ở trang 1, Mã hàng nào có Xuất lớn nhất?",Mã hàng,Xuất,VT711,p01_b00124,1,11,0,False,1,VT711,p01_b00124,1,11,0,False,1,161,161.0,8,15,True
B-train-00937-q04,B-train-00937,argmax,"Trong bảng 1 ở trang 1, Mã hàng nào có Kỳ này lớn nhất?",Mã hàng,Kỳ này,VT180,p01_b00083,1,8,0,False,1,VT180,p01_b00083,1,8,0,False,1,9.697,9697.0,5,15,True
B-train-00937-q06,B-train-00937,argmin,"Trong bảng 1 ở trang 1, Mã hàng nào có Tỷ trọng (%) nhỏ nhất?",Mã hàng,Tỷ trọng (%),VT180,p01_b00083,1,8,0,False,1,VT180,p01_b00083,1,8,0,False,1,"3,5%",3.5,5,15,True
B-train-00937-q07,B-train-00937,argmin,"Trong bảng 1 ở trang 1, Mã hàng nào có Xuất nhỏ nhất?",Mã hàng,Xuất,VT299,p01_b00138,1,12,0,False,1,VT299,p01_b00138,1,12,0,False,1,0,0.0,9,15,True
B-train-00938-q01,B-train-00938,argmax,"Trong bảng 1 ở trang 2, Khu vực nào có Thực hiện lớn nhất?",Khu vực,Thực hiện,Miền Nam,p02_b00208,1,18,0,False,5,Miền Nam,p02_b00208,1,18,0,False,5,5.560,5560.0,15,23,True
B-train-00938-q02,B-train-00938,argmin,"Trong bảng 1 ở trang 2, Khu vực nào có Thực hiện nhỏ nhất?",Khu vực,Thực hiện,Miền Bắc,p02_b00183,1,16,0,False,4,Miền Bắc,p02_b00183,1,16,0,False,4,740,740.0,13,23,True
B-train-00938-q05,B-train-00938,argmax,"Trong bảng 1 ở trang 2, Khu vực nào có Tỷ lệ lớn nhất?",Khu vực,Tỷ lệ,Đồng bằng sông Cửu Long,p02_b00233,1,20,0,False,4,Đồng bằng sông Cửu Long,p02_b00233,1,20,0,False,4,"190,1%",190.1,17,23,True
B-train-00938-q06,B-train-00938,argmin,"Trong bảng 1 ở trang 2, Khu vực nào có Kế hoạch năm nhỏ nhất?",Khu vực,Kế hoạch năm,Miền Trung,p02_b00259,1,22,0,True,4,Miền Trung,p02_b00259,1,22,0,True,4,1.045,1045.0,19,23,True
B-train-00939-q01,B-train-00939,argmax,"Trong bảng 1 ở trang 1, Tuyến nào có Lũy kế lớn nhất?",Tuyến,Lũy kế,Nha Trang – Đà Lạt,p01_b00049,1,6,0,False,5,Nha Trang – Đà Lạt,p01_b00049,1,6,0,False,5,9.457,9457.0,3,23,True
B-train-00939-q03,B-train-00939,argmin,"Trong bảng 1 ở trang 2, Tuyến nào có Doanh thu nhỏ nhất?",Tuyến,Doanh thu,Nha Trang – Đà Lạt,p02_b00157,1,15,0,False,6,Nha Trang – Đà Lạt,p02_b00157,1,15,0,False,6,28.350,28350.0,12,24,True
B-train-00939-q04,B-train-00939,argmin,"Trong bảng 1 ở trang 2, Tuyến nào có Hành khách nhỏ nhất?",Tuyến,Hành khách,Nha Trang – Đà Lạt,p02_b00157,1,15,0,False,5,Nha Trang – Đà Lạt,p02_b00157,1,15,0,False,5,162,162.0,12,24,True
B-train-00939-q09,B-train-00939,argmax,"Trong bảng 1 ở trang 1, Tuyến nào có Kỳ này lớn nhất?",Tuyến,Kỳ này,Đà Nẵng – Huế,p01_b00073,1,8,0,False,6,Đà Nẵng – Huế,p01_b00073,1,8,0,False,6,9.642,9642.0,5,23,True
B-train-00940-q04,B-train-00940,argmax,"Trong bảng 2 ở trang 1, Địa bàn nào có Sản lượng (tấn) lớn nhất?",Địa bàn,Sản lượng (tấn),Hà Nội,p01_b00266,2,10,0,False,2,Hà Nội,p01_b00266,2,10,0,False,2,4.995,4995.0,7,10,True
B-train-00940-q07,B-train-00940,argmin,"Trong bảng 1 ở trang 1, Khu vực nào có Kỳ trước nhỏ nhất?",Khu vực,Kỳ trước,Đồng bằng sông Cửu Long,p01_b00067,1,7,0,False,1,Đồng bằng sông Cửu Long,p01_b00067,1,7,0,False,1,1.090,1090.0,4,13,True
B-train-00940-q08,B-train-00940,argmax,"Trong bảng 1 ở trang 1, Khu vực nào có Chênh lệch lớn nhất?",Khu vực,Chênh lệch,Tây Nguyên,p01_b00055,1,6,0,True,2,Tây Nguyên,p01_b00055,1,6,0,True,2,750,750.0,3,13,True
B-train-00941-q07,B-train-00941,argmin,"Trong bảng 1 ở trang 1, Chi nhánh nào có Tỷ trọng (%) nhỏ nhất?",Chi nhánh,Tỷ trọng (%),Cần Thơ 02,p01_b00124,1,12,0,False,2,Cần Thơ 02,p01_b00124,1,12,0,False,2,"4,7%",4.7,9,12,True
B-train-00941-q08,B-train-00941,argmax,"Trong bảng 2 ở trang 1, Khoa nào có Tỷ trọng (%) lớn nhất?",Khoa,Tỷ trọng (%),Nhi,p01_b00281,2,11,0,False,1,Nhi,p01_b00281,2,11,0,False,1,"36,3%",36.3,8,13,True
B-train-00941-q09,B-train-00941,argmin,"Trong bảng 2 ở trang 1, Khoa nào có Nhập viện nhỏ nhất?",Khoa,Nhập viện,Mắt,p01_b00230,2,7,0,False,1,Mắt,p01_b00230,2,7,0,False,1,6,6.0,4,13,True
B-train-00941-q10,B-train-00941,argmax,"Trong bảng 2 ở trang 1, Khoa nào có Nhập viện lớn nhất?",Khoa,Nhập viện,Ngoại,p01_b00269,2,10,0,False,1,Hải Phòng,p01_b00190,2,4,0,False,1,73,73.0,2,13,False
B-train-00942-q03,B-train-00942,argmin,"Trong bảng 1 ở trang 1, Khoa nào có Kế hoạch năm nhỏ nhất?",Khoa,Kế hoạch năm,Ngoại,p01_b00115,1,10,0,False,4,Ngoại,p01_b00115,1,10,0,False,4,484,484.0,7,20,True
B-train-00942-q08,B-train-00942,argmin,"Trong bảng 1 ở trang 1, Khoa nào có Lũy kế nhỏ nhất?",Khoa,Lũy kế,Tai Mũi Họng,p01_b00253,1,20,0,False,3,Tai Mũi Họng,p01_b00253,1,20,0,False,3,645,645.0,17,20,True
B-train-00943-q02,B-train-00943,argmax,"Trong bảng 1 ở trang 1, Mã hàng nào có Nhập lớn nhất?",Mã hàng,Nhập,VT158,p01_b00051,1,6,0,False,1,Đà Nẵng,p01_b00077,1,8,0,False,1,114,114.0,6,15,False
B-train-00943-q03,B-train-00943,argmin,"Trong bảng 2 ở trang 1, Kho/điểm nào có Kỳ trước nhỏ nhất?",Kho/điểm,Kỳ trước,Kho Hà Nội,p01_b00345,2,13,0,False,2,Kho Hà Nội,p01_b00345,2,13,0,False,2,439,439.0,10,14,True
B-train-00943-q06,B-train-00943,argmax,"Trong bảng 1 ở trang 1, Mã hàng nào có Tồn đầu lớn nhất?",Mã hàng,Tồn đầu,VT549,p01_b00163,1,15,0,False,1,VT549,p01_b00163,1,15,0,False,1,165,165.0,12,15,True
B-train-00943-q07,B-train-00943,argmin,"Trong bảng 2 ở trang 1, Kho/điểm nào có Kế hoạch năm nhỏ nhất?",Kho/điểm,Kế hoạch năm,Kho Đà Nẵng,p01_b00229,2,4,0,False,2,Kho Đà Nẵng,p01_b00229,2,4,0,False,2,607,607.0,1,14,True
B-train-00944-q03,B-train-00944,argmin,"Trong bảng 1 ở trang 2, Điểm đến nào có Kế hoạch năm nhỏ nhất?",Điểm đến,Kế hoạch năm,Đà Lạt,p02_b00017,1,3,0,False,4,Đà Lạt,p02_b00017,1,3,0,False,4,777,777.0,0,17,True
B-train-00944-q05,B-train-00944,argmin,"Trong bảng 1 ở trang 2, Điểm đến nào có Kỳ trước nhỏ nhất?",Điểm đến,Kỳ trước,Vịnh Hạ Long,p02_b00128,1,11,0,False,2,Vịnh Hạ Long,p02_b00128,1,11,0,False,2,804,804.0,8,17,True
B-train-00945-q01,B-train-00945,argmin,"Trong bảng 2 ở trang 1, Nghiệp vụ nào có Bồi thường nhỏ nhất?",Nghiệp vụ,Bồi thường,Tài sản,p01_b00252,2,10,0,False,2,Tài sản,p01_b00252,2,10,0,False,2,106,106.0,7,14,True
B-train-00945-q04,B-train-00945,argmin,"Trong bảng 2 ở trang 1, Nghiệp vụ nào có Phí bảo hiểm nhỏ nhất?",Nghiệp vụ,Phí bảo hiểm,Tài sản,p01_b00319,2,15,0,False,3,Tài sản,p01_b00319,2,15,0,False,3,234,234.0,12,14,True
B-train-00946-q01,B-train-00946,argmax,"Trong bảng 1 ở trang 2, Phòng ban nào có Kế hoạch năm lớn nhất?",Phòng ban,Kế hoạch năm,Hành chính,p02_b00058,1,6,0,False,3,Hành chính,p02_b00058,1,6,0,False,3,9.603,9603.0,3,20,True
B-train-00946-q03,B-train-00946,argmin,"Trong bảng 1 ở trang 1, Phòng ban nào có Hiện có nhỏ nhất?",Phòng ban,Hiện có,Công nghệ,p01_b00139,1,12,0,False,3,Công nghệ,p01_b00139,1,12,0,False,3,4,4.0,9,19,True
B-train-00946-q04,B-train-00946,argmax,"Trong bảng 1 ở trang 2, Phòng ban nào có Hiện có lớn nhất?",Phòng ban,Hiện có,Chăm sóc khách hàng,p02_b00072,1,7,0,True,3,Chăm sóc khách hàng,p02_b00072,1,7,0,True,3,42,42.0,4,20,True
B-train-00946-q10,B-train-00946,argmin,"Trong bảng 1 ở trang 2, Phòng ban nào có Kỳ trước nhỏ nhất?",Phòng ban,Kỳ trước,Kế toán,p02_b00017,1,3,0,False,4,Kế toán,p02_b00017,1,3,0,False,4,1.026,1026.0,0,20,True
B-train-00947-q04,B-train-00947,argmax,"Trong bảng 1 ở trang 1, Chi nhánh nào có Tỷ trọng (%) lớn nhất?",Chi nhánh,Tỷ trọng (%),Hải Phòng,p01_b00014,1,3,0,False,1,Hải Phòng,p01_b00014,1,3,0,False,1,"24,9%",24.9,0,13,True
B-train-00947-q06,B-train-00947,argmax,"Trong bảng 1 ở trang 1, Chi nhánh nào có Kế hoạch năm lớn nhất?",Chi nhánh,Kế hoạch năm,Khánh Hòa 03,p01_b00094,1,11,0,False,2,Khánh Hòa 03,p01_b00094,1,11,0,False,2,9.613,9613.0,8,13,True
B-train-00947-q08,B-train-00947,argmin,"Trong bảng 2 ở trang 1, Tuyến nào có Hành khách nhỏ nhất?",Tuyến,Hành khách,Hà Nội – Hải Phòng,p01_b00267,2,11,0,False,3,Hà Nội – Hải Phòng,p01_b00267,2,11,0,False,3,319,319.0,8,12,True
B-train-00948-q03,B-train-00948,argmax,"Trong bảng 2 ở trang 1, Nhóm chế độ nào có Trễ hạn lớn nhất?",Nhóm chế độ,Trễ hạn,Hưu trí,p01_b00275,2,13,0,False,2,Hưu trí,p01_b00275,2,13,0,False,2,83,83.0,10,14,True
B-train-00948-q05,B-train-00948,argmax,"Trong bảng 1 ở trang 2, Địa bàn nào có Diện tích (ha) lớn nhất?",Địa bàn,Diện tích (ha),Miền Bắc,p02_b00016,1,3,0,False,1,Miền Bắc,p02_b00016,1,3,0,False,1,836,836.0,0,10,True
B-train-00948-q10,B-train-00948,argmin,"Trong bảng 1 ở trang 2, Địa bàn nào có Diện tích (ha) nhỏ nhất?",Địa bàn,Diện tích (ha),Khánh Hòa,p02_b00049,1,6,0,False,1,Khánh Hòa,p02_b00049,1,6,0,False,1,78,78.0,3,10,True
B-train-00949-q01,B-train-00949,argmin,"Trong bảng 1 ở trang 1, Nghiệp vụ nào có Bồi thường nhỏ nhất?",Nghiệp vụ,Bồi thường,Tai nạn con người,p01_b00072,1,7,0,False,4,Tai nạn con người,p01_b00072,1,7,0,False,4,70,70.0,4,20,True
B-train-00949-q03,B-train-00949,argmin,"Trong bảng 1 ở trang 2, Nghiệp vụ nào có Kỳ trước nhỏ nhất?",Nghiệp vụ,Kỳ trước,Sức khỏe,p02_b00017,1,3,0,False,4,Sức khỏe,p02_b00017,1,3,0,False,4,1.489,1489.0,0,21,True
B-train-00949-q05,B-train-00949,argmax,"Trong bảng 1 ở trang 2, Nghiệp vụ nào có Tỷ trọng (%) lớn nhất?",Nghiệp vụ,Tỷ trọng (%),Tài sản,p02_b00045,1,5,0,False,4,Tài sản,p02_b00045,1,5,0,False,4,"35,0%",35.0,2,21,True
B-train-00949-q06,B-train-00949,argmax,"Trong bảng 1 ở trang 2, Nghiệp vụ nào có Bồi thường lớn nhất?",Nghiệp vụ,Bồi thường,Tai nạn con người,p02_b00281,1,22,0,False,3,Tai nạn con người,p02_b00281,1,22,0,False,3,5.604,5604.0,19,21,True
B-train-00950-q04,B-train-00950,argmin,"Trong bảng 1 ở trang 1, Khu vực nào có Phản ánh nhỏ nhất?",Khu vực,Phản ánh,Hà Nội,p01_b00017,1,3,0,False,1,Hà Nội,p01_b00017,1,3,0,False,1,12,12.0,0,10,True
B-train-00950-q07,B-train-00950,argmin,"Trong bảng 1 ở trang 1, Khu vực nào có Lưu lượng nhỏ nhất?",Khu vực,Lưu lượng,Khu vực miền núi,p01_b00132,1,12,0,False,2,Khu vực miền núi,p01_b00132,1,12,0,False,2,5.544,5544.0,9,10,True
B-train-00951-q06,B-train-00951,argmax,"Trong bảng 1 ở trang 1, Gói thầu nào có Giá trúng lớn nhất?",Gói thầu,Giá trúng,GT38,p01_b00190,1,21,0,False,1,GT38,p01_b00190,1,21,0,False,1,1.930,1930.0,18,19,True
B-train-00951-q08,B-train-00951,argmax,"Trong bảng 1 ở trang 2, Gói thầu nào có Giá dự toán lớn nhất?",Gói thầu,Giá dự toán,GT47,p02_b00179,1,20,0,False,1,GT18,p02_b00189,1,21,0,False,3,2.070,2070.0,18,20,False
B-train-00952-q03,B-train-00952,argmax,"Trong bảng 1 ở trang 2, Địa bàn nào có Kỳ này lớn nhất?",Địa bàn,Kỳ này,Đà Nẵng,p02_b00101,1,11,0,False,2,Đà Nẵng,p02_b00101,1,11,0,False,2,9.886,9886.0,8,22,True
B-train-00952-q04,B-train-00952,argmin,"Trong bảng 1 ở trang 2, Địa bàn nào có Kỳ trước nhỏ nhất?",Địa bàn,Kỳ trước,Đà Nẵng,p02_b00101,1,11,0,False,2,Đà Nẵng,p02_b00101,1,11,0,False,2,634,634.0,8,22,True
B-train-00952-q08,B-train-00952,argmin,"Trong bảng 1 ở trang 1, Địa bàn nào có Kỳ trước nhỏ nhất?",Địa bàn,Kỳ trước,Đồng Nai,p01_b00132,1,14,0,False,3,Đồng Nai,p01_b00132,1,14,0,False,3,552,552.0,11,22,True
B-train-00952-q10,B-train-00952,argmax,"Trong bảng 1 ở trang 1, Địa bàn nào có Kỳ này lớn nhất?",Địa bàn,Kỳ này,Cần Thơ,p01_b00068,1,8,0,False,3,Cần Thơ,p01_b00068,1,8,0,False,3,9.778,9778.0,5,22,True
B-train-00953-q03,B-train-00953,argmin,"Trong bảng 2 ở trang 1, Kho/điểm nào có Đúng hạn nhỏ nhất?",Kho/điểm,Đúng hạn,Kho trung chuyển,p01_b00196,2,7,0,False,1,Kho trung chuyển,p01_b00196,2,7,0,False,1,"78,8%",78.8,4,14,True
B-train-00953-q05,B-train-00953,argmax,"Trong bảng 1 ở trang 2, Tuyến nào có Đúng giờ lớn nhất?",Tuyến,Đúng giờ,Đà Nẵng – Huế,p02_b00027,1,4,0,False,3,Đà Nẵng – Huế,p02_b00027,1,4,0,False,3,"98,8%",98.8,1,13,True
B-train-00953-q07,B-train-00953,argmax,"Trong bảng 1 ở trang 2, Tuyến nào có Kỳ này lớn nhất?",Tuyến,Kỳ này,Đà Nẵng – Huế,p02_b00027,1,4,0,False,2,Đồng Nai,p02_b00095,1,10,0,False,1,9.428,9428.0,8,13,False
B-train-00953-q10,B-train-00953,argmin,"Trong bảng 1 ở trang 2, Tuyến nào có Kỳ này nhỏ nhất?",Tuyến,Kỳ này,Đồng Nai,p02_b00095,1,10,0,False,1,Đà Nẵng – Huế,p02_b00117,1,12,0,False,2,1.363,1363.0,9,13,False
B-train-00954-q01,B-train-00954,argmax,"Trong bảng 1 ở trang 1, Đơn vị nào có Tỷ lệ đạt lớn nhất?",Đơn vị,Tỷ lệ đạt,THPT Chu Văn An,p01_b00092,1,12,0,False,1,THPT Chu Văn An,p01_b00092,1,12,0,False,1,"100,0%",100.0,9,13,True
B-train-00954-q05,B-train-00954,argmax,"Trong bảng 1 ở trang 2, Điểm đến nào có Khách quốc tế lớn nhất?",Điểm đến,Khách quốc tế,Đà Lạt,p02_b00041,1,5,0,False,3,Đà Lạt,p02_b00041,1,5,0,False,3,6.371,6371.0,2,14,True
B-train-00954-q07,B-train-00954,argmin,"Trong bảng 1 ở trang 1, Đơn vị nào có Kỳ này nhỏ nhất?",Đơn vị,Kỳ này,THPT Chu Văn An,p01_b00092,1,12,0,False,1,THPT Chu Văn An,p01_b00092,1,12,0,False,1,513,513.0,9,13,True
B-train-00954-q10,B-train-00954,argmin,"Trong bảng 1 ở trang 2, Điểm đến nào có Doanh thu nhỏ nhất?",Điểm đến,Doanh thu,Phú Quốc,p02_b00067,1,7,0,False,1,Phú Quốc,p02_b00067,1,7,0,False,1,21.546,21546.0,4,14,True
B-train-00955-q01,B-train-00955,argmax,"Trong bảng 1 ở trang 1, Chi nhánh nào có Nợ quá hạn lớn nhất?",Chi nhánh,Nợ quá hạn,Khánh Hòa 03,p01_b00126,1,11,0,False,3,Khánh Hòa 03,p01_b00126,1,11,0,False,3,560,560.0,8,17,True
B-train-00955-q04,B-train-00955,argmax,"Trong bảng 1 ở trang 2, Chi nhánh nào có Lũy kế lớn nhất?",Chi nhánh,Lũy kế,Cần Thơ 02,p02_b00114,1,10,0,False,4,Cần Thơ 02,p02_b00114,1,10,0,False,4,9.774,9774.0,7,18,True
B-train-00955-q07,B-train-00955,argmin,"Trong bảng 1 ở trang 2, Chi nhánh nào có Kỳ này nhỏ nhất?",Chi nhánh,Kỳ này,Khánh Hòa 03,p02_b00238,1,19,0,False,4,Khánh Hòa 03,p02_b00238,1,19,0,False,4,1.486,1486.0,16,18,True
B-train-00955-q08,B-train-00955,argmin,"Trong bảng 1 ở trang 2, Chi nhánh nào có Huy động nhỏ nhất?",Chi nhánh,Huy động,Hà Nội 01,p02_b00127,1,11,0,False,2,Hà Nội 01,p02_b00127,1,11,0,False,2,2.750,2750.0,8,18,True
B-train-00956-q01,B-train-00956,argmax,"Trong bảng 2 ở trang 1, Nghiệp vụ nào có Kỳ trước lớn nhất?",Nghiệp vụ,Kỳ trước,Sức khỏe,p01_b00282,2,8,0,False,2,Sức khỏe,p01_b00282,2,8,0,False,2,9.649,9649.0,5,15,True
B-train-00956-q03,B-train-00956,argmin,"Trong bảng 2 ở trang 1, Nghiệp vụ nào có Phí bảo hiểm nhỏ nhất?",Nghiệp vụ,Phí bảo hiểm,Hàng hóa,p01_b00390,2,16,0,False,2,Hàng hóa,p01_b00390,2,16,0,False,2,530,530.0,13,15,True
B-train-00956-q08,B-train-00956,argmin,"Trong bảng 1 ở trang 1, Kho/điểm nào có Kế hoạch năm nhỏ nhất?",Kho/điểm,Kế hoạch năm,Kho trung chuyển,p01_b00063,1,7,0,False,2,Kho trung chuyển,p01_b00063,1,7,0,False,2,284,284.0,4,15,True
B-train-00957-q04,B-train-00957,argmax,"Trong bảng 1 ở trang 1, Mã hàng nào có Kế hoạch năm lớn nhất?",Mã hàng,Kế hoạch năm,VT283,p01_b00221,1,22,0,False,1,VT283,p01_b00221,1,22,0,False,1,9.608,9608.0,19,21,True
B-train-00957-q06,B-train-00957,argmax,"Trong bảng 1 ở trang 2, Mã hàng nào có Xuất lớn nhất?",Mã hàng,Xuất,VT698,p02_b00144,1,15,0,False,1,VT698,p02_b00144,1,15,0,False,1,191,191.0,12,21,True
B-train-00957-q07,B-train-00957,argmin,"Trong bảng 1 ở trang 1, Mã hàng nào có Kế hoạch năm nhỏ nhất?",Mã hàng,Kế hoạch năm,VT593,p01_b00155,1,16,0,False,1,VT593,p01_b00155,1,16,0,False,1,562,562.0,13,21,True
B-train-00957-q09,B-train-00957,argmin,"Trong bảng 1 ở trang 2, Mã hàng nào có Lũy kế nhỏ nhất?",Mã hàng,Lũy kế,VT958,p02_b00228,1,23,0,False,1,VT958,p02_b00228,1,23,0,False,1,600,600.0,20,21,True
B-train-00958-q01,B-train-00958,argmax,"Trong bảng 1 ở trang 1, Đơn vị nào có Tỷ lệ đạt lớn nhất?",Đơn vị,Tỷ lệ đạt,THPT Trần Phú,p01_b00137,1,15,0,False,3,Hà Nội,p01_b00057,1,7,0,False,1,"100,0%",100.0,5,15,False
B-train-00958-q05,B-train-00958,argmin,"Trong bảng 1 ở trang 1, Đơn vị nào có Kỳ trước nhỏ nhất?",Đơn vị,Kỳ trước,Hà Nội,p01_b00057,1,7,0,False,1,Hà Nội,p01_b00057,1,7,0,False,1,323,323.0,4,15,True
B-train-00958-q06,B-train-00958,argmax,"Trong bảng 2 ở trang 1, Điểm đến nào có Khách quốc tế lớn nhất?",Điểm đến,Khách quốc tế,Lâm Đồng,p01_b00219,2,6,0,False,1,Lâm Đồng,p01_b00219,2,6,0,False,1,6.003,6003.0,3,11,True
B-train-00958-q08,B-train-00958,argmin,"Trong bảng 2 ở trang 1, Điểm đến nào có Kỳ trước nhỏ nhất?",Điểm đến,Kỳ trước,Lâm Đồng,p01_b00219,2,6,0,False,1,Lâm Đồng,p01_b00219,2,6,0,False,1,756,756.0,3,11,True
B-train-00959-q04,B-train-00959,argmin,"Trong bảng 1 ở trang 2, Điểm bán nào có Hoàn trả nhỏ nhất?",Điểm bán,Hoàn trả,Siêu thị trung tâm,p02_b00093,1,9,0,False,3,Siêu thị trung tâm,p02_b00093,1,9,0,False,3,"0,3%",0.3,6,21,True
B-train-00959-q07,B-train-00959,argmin,"Trong bảng 1 ở trang 2, Điểm bán nào có Giá trị bán nhỏ nhất?",Điểm bán,Giá trị bán,Điểm bán phía Bắc,p02_b00042,1,5,0,False,4,Điểm bán phía Bắc,p02_b00042,1,5,0,False,4,31.688,31688.0,2,21,True
B-train-00960-q01,B-train-00960,argmax,"Trong bảng 1 ở trang 1, Khoa nào có Lũy kế lớn nhất?",Khoa,Lũy kế,Nhi,p01_b00033,1,5,0,False,2,Nhi,p01_b00033,1,5,0,False,2,9.347,9347.0,2,12,True
B-train-00960-q02,B-train-00960,argmin,"Trong bảng 1 ở trang 1, Khoa nào có Lũy kế nhỏ nhất?",Khoa,Lũy kế,Nhi,p01_b00092,1,11,0,False,2,Nhi,p01_b00092,1,11,0,False,2,1.154,1154.0,8,12,True
B-train-00961-q04,B-train-00961,argmin,"Trong bảng 1 ở trang 1, Chi nhánh nào có Nợ quá hạn nhỏ nhất?",Chi nhánh,Nợ quá hạn,Khánh Hòa 03,p01_b00093,1,11,0,False,1,Hà Nội 01,p01_b00114,1,13,0,False,3,0,0.0,10,11,False
B-train-00961-q05,B-train-00961,argmin,"Trong bảng 2 ở trang 1, Chi nhánh nào có Nợ quá hạn nhỏ nhất?",Chi nhánh,Nợ quá hạn,Cần Thơ 02,p01_b00228,2,12,0,False,1,Cần Thơ 02,p01_b00228,2,12,0,False,1,0,0.0,9,14,True
B-train-00961-q07,B-train-00961,argmax,"Trong bảng 2 ở trang 1, Chi nhánh nào có Kế hoạch năm lớn nhất?",Chi nhánh,Kế hoạch năm,Đà Nẵng 01,p01_b00206,2,10,0,False,2,Đà Nẵng 01,p01_b00206,2,10,0,False,2,8.182,8182.0,7,14,True
B-train-00961-q09,B-train-00961,argmax,"Trong bảng 1 ở trang 1, Chi nhánh nào có Tăng trưởng lớn nhất?",Chi nhánh,Tăng trưởng,Khánh Hòa 03,p01_b00046,1,6,0,False,2,Khánh Hòa 03,p01_b00046,1,6,0,False,2,"17,9%",17.9,3,11,True
B-train-00962-q03,B-train-00962,argmax,"Trong bảng 1 ở trang 2, Đơn vị nào có Lũy kế lớn nhất?",Đơn vị,Lũy kế,THPT Trần Phú,p02_b00154,1,16,0,False,4,THPT Trần Phú,p02_b00154,1,16,0,False,4,10.046,10046.0,13,19,True
B-train-00962-q04,B-train-00962,argmax,"Trong bảng 1 ở trang 2, Đơn vị nào có Kỳ này lớn nhất?",Đơn vị,Kỳ này,THPT Nguyễn Trãi,p02_b00080,1,9,0,False,4,THPT Nguyễn Trãi,p02_b00080,1,9,0,False,4,10.156,10156.0,6,19,True
B-train-00962-q09,B-train-00962,argmin,"Trong bảng 1 ở trang 1, Đơn vị nào có Kế hoạch năm nhỏ nhất?",Đơn vị,Kế hoạch năm,THPT Lê Quý Đôn,p01_b00025,1,4,0,False,4,THPT Lê Quý Đôn,p01_b00025,1,4,0,False,4,165,165.0,1,19,True
B-train-00963-q02,B-train-00963,argmin,"Trong bảng 2 ở trang 1, Dự án nào có Kỳ này nhỏ nhất?",Dự án,Kỳ này,Khu tái định cư,p01_b00279,2,12,0,False,2,Khu tái định cư,p01_b00279,2,12,0,False,2,968,968.0,9,16,True
B-train-00963-q05,B-train-00963,argmax,"Trong bảng 1 ở trang 2, Khu vực nào có Tỷ trọng (%) lớn nhất?",Khu vực,Tỷ trọng (%),Miền Bắc,p02_b00104,1,13,0,False,2,Miền Bắc,p02_b00104,1,13,0,False,2,"34,6%",34.6,10,12,True
B-train-00963-q06,B-train-00963,argmax,"Trong bảng 1 ở trang 2, Khu vực nào có Lũy kế lớn nhất?",Khu vực,Lũy kế,Đồng bằng sông Cửu Long,p02_b00094,1,12,0,False,1,Đồng bằng sông Cửu Long,p02_b00094,1,12,0,False,1,6.366,6366.0,9,12,True
B-train-00964-q06,B-train-00964,argmax,"Trong bảng 1 ở trang 1, Nhóm chế độ nào có Trễ hạn lớn nhất?",Nhóm chế độ,Trễ hạn,Thai sản,p01_b00086,1,11,0,False,2,Thai sản,p01_b00086,1,11,0,False,2,78,78.0,8,16,True
B-train-00964-q08,B-train-00964,argmin,"Trong bảng 1 ở trang 1, Nhóm chế độ nào có Chi trả nhỏ nhất?",Nhóm chế độ,Chi trả,Thất nghiệp,p01_b00066,1,9,0,False,3,Thai sản,p01_b00133,1,16,0,True,1,1.615,1615.0,13,16,False
B-train-00965-q02,B-train-00965,argmax,"Trong bảng 1 ở trang 1, Điểm bán nào có Kỳ này lớn nhất?",Điểm bán,Kỳ này,Điểm bán phía Bắc,p01_b00134,1,16,0,False,3,Điểm bán phía Bắc,p01_b00134,1,16,0,False,3,9.322,9322.0,13,16,True
B-train-00965-q06,B-train-00965,argmin,"Trong bảng 2 ở trang 1, Trạm nào có Công suất đỉnh nhỏ nhất?",Trạm,Công suất đỉnh,Lâm Đồng,p01_b00277,2,12,0,False,1,Lâm Đồng,p01_b00277,2,12,0,False,1,219,219.0,9,14,True
B-train-00965-q07,B-train-00965,argmax,"Trong bảng 2 ở trang 1, Trạm nào có Tổn thất lớn nhất?",Trạm,Tổn thất,Trạm 220kV Trung,p01_b00188,2,4,0,False,3,Trạm 220kV Trung,p01_b00188,2,4,0,False,3,"8,3%",8.3,1,14,True
B-train-00965-q08,B-train-00965,argmin,"Trong bảng 1 ở trang 1, Điểm bán nào có Số đơn nhỏ nhất?",Điểm bán,Số đơn,Điểm bán phía Nam,p01_b00051,1,7,0,False,3,Điểm bán phía Nam,p01_b00051,1,7,0,False,3,421,421.0,4,16,True
B-train-00966-q01,B-train-00966,argmin,"Trong bảng 1 ở trang 1, Điểm đến nào có Công suất phòng nhỏ nhất?",Điểm đến,Công suất phòng,Vịnh Hạ Long,p01_b00015,1,3,0,False,3,Vịnh Hạ Long,p01_b00015,1,3,0,False,3,"58,0%",58.0,0,15,True
B-train-00966-q02,B-train-00966,argmin,"Trong bảng 2 ở trang 1, Nghiệp vụ nào có Kỳ trước nhỏ nhất?",Nghiệp vụ,Kỳ trước,Tài sản,p01_b00216,2,5,0,False,1,Tài sản,p01_b00216,2,5,0,False,1,303,303.0,2,16,True
B-train-00966-q06,B-train-00966,argmax,"Trong bảng 1 ở trang 1, Điểm đến nào có Lũy kế lớn nhất?",Điểm đến,Lũy kế,Đà Lạt,p01_b00037,1,5,0,False,1,Đà Lạt,p01_b00037,1,5,0,False,1,8.891,8891.0,2,15,True
B-train-00967-q01,B-train-00967,argmax,"Trong bảng 1 ở trang 2, Gói thầu nào có Kế hoạch năm lớn nhất?",Gói thầu,Kế hoạch năm,Lâm Đồng,p02_b00074,1,9,0,False,1,Lâm Đồng,p02_b00074,1,9,0,False,1,9.886,9886.0,6,10,True
B-train-00967-q07,B-train-00967,argmin,"Trong bảng 2 ở trang 1, Chi nhánh nào có Kỳ này nhỏ nhất?",Chi nhánh,Kỳ này,Khánh Hòa 03,p01_b00388,2,16,0,False,3,Khánh Hòa 03,p01_b00388,2,16,0,False,3,330,330.0,13,15,True
B-train-00967-q09,B-train-00967,argmax,"Trong bảng 1 ở trang 1, Dự án nào có Kế hoạch năm lớn nhất?",Dự án,Kế hoạch năm,Khu tái định cư,p01_b00136,1,12,0,False,3,Khu tái định cư,p01_b00136,1,12,0,False,3,9.400,9400.0,9,15,True
B-train-00968-q06,B-train-00968,argmax,"Trong bảng 1 ở trang 1, Khu vực nào có Tỷ lệ lớn nhất?",Khu vực,Tỷ lệ,Đồng bằng sông Cửu Long,p01_b00063,1,7,0,False,3,Đồng bằng sông Cửu Long,p01_b00063,1,7,0,False,3,"131,1%",131.1,4,16,True
B-train-00968-q07,B-train-00968,argmin,"Trong bảng 1 ở trang 1, Khu vực nào có Kế hoạch năm nhỏ nhất?",Khu vực,Kế hoạch năm,Miền Bắc,p01_b00199,1,18,0,False,4,Miền Bắc,p01_b00199,1,18,0,False,4,813,813.0,15,16,True
B-train-00968-q08,B-train-00968,argmax,"Trong bảng 1 ở trang 1, Khu vực nào có Chênh lệch lớn nhất?",Khu vực,Chênh lệch,Hải Phòng,p01_b00164,1,15,0,False,1,Hải Phòng,p01_b00164,1,15,0,False,1,890,890.0,12,16,True
B-train-00968-q10,B-train-00968,argmin,"Trong bảng 1 ở trang 1, Khu vực nào có Thực hiện nhỏ nhất?",Khu vực,Thực hiện,Đồng bằng sông Cửu Long,p01_b00126,1,12,0,False,2,Đồng bằng sông Cửu Long,p01_b00126,1,12,0,False,2,1.260,1260.0,9,16,True
B-train-00969-q03,B-train-00969,argmax,"Trong bảng 1 ở trang 2, Trạm nào có Kỳ trước lớn nhất?",Trạm,Kỳ trước,Trạm Tây Đô,p02_b00198,1,22,0,False,4,Trạm Tây Đô,p02_b00198,1,22,0,False,4,9.800,9800.0,19,20,True
B-train-00969-q04,B-train-00969,argmin,"Trong bảng 1 ở trang 1, Trạm nào có Kỳ trước nhỏ nhất?",Trạm,Kỳ trước,Trạm Cao Nguyên,p01_b00151,1,17,0,False,3,Trạm Cao Nguyên,p01_b00151,1,17,0,False,3,219,219.0,14,19,True
B-train-00969-q05,B-train-00969,argmax,"Trong bảng 1 ở trang 2, Trạm nào có Tỷ trọng (%) lớn nhất?",Trạm,Tỷ trọng (%),Trạm Tây Đô,p02_b00101,1,12,0,False,3,Trạm Tây Đô,p02_b00101,1,12,0,False,3,"34,1%",34.1,9,20,True
B-train-00969-q09,B-train-00969,argmin,"Trong bảng 1 ở trang 1, Trạm nào có Công suất đỉnh nhỏ nhất?",Trạm,Công suất đỉnh,Trạm Nam Sông,p01_b00132,1,15,0,False,4,Trạm Nam Sông,p01_b00132,1,15,0,False,4,134,134.0,12,19,True
B-train-00970-q04,B-train-00970,argmin,"Trong bảng 1 ở trang 1, Tuyến nào có Lũy kế nhỏ nhất?",Tuyến,Lũy kế,Hà Nội – Hải Phòng,p01_b00013,1,3,0,False,5,Hà Nội – Hải Phòng,p01_b00013,1,3,0,False,5,415,415.0,0,18,True
B-train-00970-q07,B-train-00970,argmax,"Trong bảng 1 ở trang 1, Tuyến nào có Lũy kế lớn nhất?",Tuyến,Lũy kế,Hà Nội – Hải Phòng,p01_b00168,1,19,0,False,5,Hà Nội – Hải Phòng,p01_b00168,1,19,0,False,5,9.086,9086.0,16,18,True
B-train-00970-q10,B-train-00970,argmax,"Trong bảng 1 ở trang 1, Tuyến nào có Doanh thu lớn nhất?",Tuyến,Doanh thu,TP.HCM – Cần Thơ,p01_b00148,1,17,0,False,4,Đà Nẵng – Huế,p01_b00140,1,16,0,False,5,283.680,283680.0,13,18,False
B-train-00971-q01,B-train-00971,argmax,"Trong bảng 2 ở trang 1, Phòng ban nào có Tỷ trọng (%) lớn nhất?",Phòng ban,Tỷ trọng (%),Kế toán,p01_b00174,2,4,0,False,2,Kế toán,p01_b00174,2,4,0,False,2,"36,2%",36.2,1,10,True
B-train-00971-q02,B-train-00971,argmin,"Trong bảng 2 ở trang 1, Phòng ban nào có Tỷ trọng (%) nhỏ nhất?",Phòng ban,Tỷ trọng (%),Vận hành,p01_b00249,2,11,0,False,1,Vận hành,p01_b00249,2,11,0,False,1,"4,7%",4.7,8,10,True
B-train-00971-q05,B-train-00971,argmin,"Trong bảng 2 ở trang 1, Phòng ban nào có Lũy kế nhỏ nhất?",Phòng ban,Lũy kế,Kinh doanh,p01_b00226,2,9,0,False,2,Kinh doanh,p01_b00226,2,9,0,False,2,189,189.0,6,10,True
B-train-00971-q08,B-train-00971,argmax,"Trong bảng 2 ở trang 1, Phòng ban nào có Kỳ trước lớn nhất?",Phòng ban,Kỳ trước,Kinh doanh,p01_b00162,2,3,0,True,2,Kinh doanh,p01_b00162,2,3,0,True,2,8.852,8852.0,0,10,True
B-train-00972-q03,B-train-00972,argmin,"Trong bảng 1 ở trang 1, Điểm quan trắc nào có COD nhỏ nhất?",Điểm quan trắc,COD,Sông Hồng,p01_b00067,1,8,0,False,2,Sông Hồng,p01_b00067,1,8,0,False,2,11,11.0,5,15,True
B-train-00972-q06,B-train-00972,argmax,"Trong bảng 2 ở trang 1, Địa bàn nào có Kỳ này lớn nhất?",Địa bàn,Kỳ này,Đồng Nai,p01_b00291,2,14,0,False,2,Đồng Nai,p01_b00291,2,14,0,False,2,9.485,9485.0,11,14,True
B-train-00972-q07,B-train-00972,argmin,"Trong bảng 2 ở trang 1, Địa bàn nào có Diện tích (ha) nhỏ nhất?",Địa bàn,Diện tích (ha),Khánh Hòa,p01_b00280,2,13,0,False,2,Hà Nội Đã đối chiếu,p01_b00181,2,3,0,False,1,100,100.0,0,14,False
B-train-00972-q10,B-train-00972,argmax,"Trong bảng 1 ở trang 1, Điểm quan trắc nào có Lũy kế lớn nhất?",Điểm quan trắc,Lũy kế,KCN Long Thành,p01_b00148,1,16,0,False,2,KCN Long Thành,p01_b00148,1,16,0,False,2,9.846,9846.0,13,15,True
B-train-00973-q01,B-train-00973,argmax,"Trong bảng 1 ở trang 1, Điểm quan trắc nào có Kỳ này lớn nhất?",Điểm quan trắc,Kỳ này,KCN Long Thành,p01_b00100,1,11,0,False,1,KCN Long Thành,p01_b00100,1,11,0,False,1,8.333,8333.0,8,11,True
B-train-00973-q06,B-train-00973,argmin,"Trong bảng 1 ở trang 2, Dự án nào có Lũy kế nhỏ nhất?",Dự án,Lũy kế,Cầu Đông Thành,p02_b00215,1,18,0,False,2,Hà Nội,p02_b00150,1,13,0,False,1,1.140,1140.0,11,16,False
B-train-00973-q10,B-train-00973,argmax,"Trong bảng 1 ở trang 1, Điểm quan trắc nào có Lũy kế lớn nhất?",Điểm quan trắc,Lũy kế,Sông Hồng,p01_b00015,1,3,0,False,3,Đồng Nai,p01_b00048,1,6,0,False,1,8.717,8717.0,4,11,False
B-train-00974-q01,B-train-00974,argmin,"Trong bảng 1 ở trang 1, Khu vực nào có Lưu lượng nhỏ nhất?",Khu vực,Lưu lượng,Khu vực đô thị,p01_b00047,1,6,0,False,4,Khu vực đô thị,p01_b00047,1,6,0,False,4,2.464,2464.0,3,23,True
B-train-00974-q04,B-train-00974,argmin,"Trong bảng 1 ở trang 1, Khu vực nào có Kỳ trước nhỏ nhất?",Khu vực,Kỳ trước,Khu vực đô thị,p01_b00153,1,16,0,False,4,Khu vực đô thị,p01_b00153,1,16,0,False,4,375,375.0,13,23,True
B-train-00974-q05,B-train-00974,argmax,"Trong bảng 1 ở trang 1, Khu vực nào có Kỳ này lớn nhất?",Khu vực,Kỳ này,Khu vực miền núi,p01_b00164,1,17,0,True,3,Khu vực miền núi,p01_b00164,1,17,0,True,3,9.470,9470.0,14,23,True
B-train-00975-q01,B-train-00975,argmin,"Trong bảng 1 ở trang 1, Nhóm chế độ nào có Kỳ này nhỏ nhất?",Nhóm chế độ,Kỳ này,Ốm đau,p01_b00033,1,5,0,False,2,Ốm đau,p01_b00033,1,5,0,False,2,629,629.0,2,11,True
B-train-00975-q04,B-train-00975,argmax,"Trong bảng 1 ở trang 1, Nhóm chế độ nào có Hồ sơ nhận lớn nhất?",Nhóm chế độ,Hồ sơ nhận,Mức A | ưu tiên,p01_b00113,1,13,0,False,1,Tây Nguyên,p01_b00062,1,8,0,False,1,2088,2088.0,6,11,False
B-train-00975-q06,B-train-00975,argmin,"Trong bảng 1 ở trang 2, Mã hàng nào có Xuất nhỏ nhất?",Mã hàng,Xuất,VT777,p02_b00130,1,13,0,False,1,VT777,p02_b00130,1,13,0,False,1,1,1.0,10,16,True
B-train-00976-q01,B-train-00976,argmax,"Trong bảng 1 ở trang 2, Tuyến nào có Kế hoạch năm lớn nhất?",Tuyến,Kế hoạch năm,TP.HCM – Cần Thơ,p02_b00187,1,19,0,False,5,TP.HCM – Cần Thơ,p02_b00187,1,19,0,False,5,9.886,9886.0,16,19,True
B-train-00976-q03,B-train-00976,argmin,"Trong bảng 1 ở trang 1, Tuyến nào có Doanh thu nhỏ nhất?",Tuyến,Doanh thu,Đà Nẵng – Huế,p01_b00154,1,16,0,False,4,Đà Nẵng – Huế,p01_b00154,1,16,0,False,4,18.216,18216.0,13,18,True
B-train-00976-q09,B-train-00976,argmax,"Trong bảng 1 ở trang 2, Tuyến nào có Tỷ trọng (%) lớn nhất?",Tuyến,Tỷ trọng (%),TP.HCM – Cần Thơ,p02_b00057,1,7,0,False,4,TP.HCM – Cần Thơ,p02_b00057,1,7,0,False,4,"37,6%",37.6,4,19,True
B-train-00977-q05,B-train-00977,argmin,"Trong bảng 1 ở trang 1, Tuyến nào có Hành khách nhỏ nhất?",Tuyến,Hành khách,TP.HCM – Cần Thơ,p01_b00072,1,9,0,False,4,TP.HCM – Cần Thơ,p01_b00072,1,9,0,False,4,363,363.0,6,21,True
B-train-00977-q07,B-train-00977,argmax,"Trong bảng 1 ở trang 1, Tuyến nào có Doanh thu lớn nhất?",Tuyến,Doanh thu,Hà Nội – Hải Phòng,p01_b00013,1,3,0,False,6,Hà Nội – Hải Phòng,p01_b00013,1,3,0,False,6,286.595,286595.0,0,21,True
B-train-00977-q09,B-train-00977,argmax,"Trong bảng 1 ở trang 1, Tuyến nào có Kế hoạch năm lớn nhất?",Tuyến,Kế hoạch năm,Nha Trang – Đà Lạt,p01_b00120,1,14,0,False,5,Nha Trang – Đà Lạt,p01_b00120,1,14,0,False,5,9.674,9674.0,11,21,True
B-train-00977-q10,B-train-00977,argmin,"Trong bảng 1 ở trang 1, Tuyến nào có Kế hoạch năm nhỏ nhất?",Tuyến,Kế hoạch năm,TP.HCM – Cần Thơ,p01_b00032,1,5,0,False,5,TP.HCM – Cần Thơ,p01_b00032,1,5,0,False,5,1.127,1127.0,2,21,True
B-train-00978-q04,B-train-00978,argmin,"Trong bảng 2 ở trang 1, Điểm quan trắc nào có Kế hoạch năm nhỏ nhất?",Điểm quan trắc,Kế hoạch năm,Khánh Hòa,p01_b00238,2,6,0,False,1,Khánh Hòa,p01_b00238,2,6,0,False,1,1.977,1977.0,3,10,True
B-train-00978-q05,B-train-00978,argmax,"Trong bảng 1 ở trang 1, Khu vực nào có Lũy kế lớn nhất?",Khu vực,Lũy kế,Khu vực miền núi,p01_b00066,1,7,0,False,2,Khu vực miền núi,p01_b00066,1,7,0,False,2,9.018,9018.0,4,15,True
B-train-00978-q09,B-train-00978,argmax,"Trong bảng 2 ở trang 1, Điểm quan trắc nào có Kế hoạch năm lớn nhất?",Điểm quan trắc,Kế hoạch năm,Hồ Xuân Hương,p01_b00229,2,5,0,False,1,Hồ Xuân Hương,p01_b00229,2,5,0,False,1,8.820,8820.0,2,10,True
B-train-00979-q01,B-train-00979,argmax,"Trong bảng 1 ở trang 1, Địa bàn nào có Tỷ trọng (%) lớn nhất?",Địa bàn,Tỷ trọng (%),Lâm Đồng,p01_b00081,1,9,0,False,1,Lâm Đồng,p01_b00081,1,9,0,False,1,"33,1%",33.1,6,12,True
B-train-00979-q05,B-train-00979,argmin,"Trong bảng 2 ở trang 1, Đơn vị nào có Kế hoạch năm nhỏ nhất?",Đơn vị,Kế hoạch năm,THPT Lê Quý Đôn,p01_b00307,2,14,0,False,1,THPT Lê Quý Đôn,p01_b00307,2,14,0,False,1,148,148.0,11,15,True
B-train-00979-q07,B-train-00979,argmax,"Trong bảng 2 ở trang 1, Đơn vị nào có Kỳ này lớn nhất?",Đơn vị,Kỳ này,THPT Trần Phú,p01_b00321,2,15,0,False,2,THPT Trần Phú,p01_b00321,2,15,0,False,2,9.265,9265.0,12,15,True
B-train-00980-q03,B-train-00980,argmin,"Trong bảng 1 ở trang 1, Dự án nào có Kỳ này nhỏ nhất?",Dự án,Kỳ này,Cầu Đông Thành,p01_b00149,1,13,0,False,1,Cầu Đông Thành,p01_b00149,1,13,0,False,1,1.929,1929.0,10,14,True
B-train-00980-q08,B-train-00980,argmin,"Trong bảng 1 ở trang 1, Dự án nào có Tiến độ nhỏ nhất?",Dự án,Tiến độ,Khu tái định cư,p01_b00072,1,7,0,False,2,Khu tái định cư,p01_b00072,1,7,0,False,2,"11,4%",11.4,4,14,True
B-train-00980-q09,B-train-00980,argmax,"Trong bảng 1 ở trang 1, Dự án nào có Tiến độ lớn nhất?",Dự án,Tiến độ,Hà Nội,p01_b00085,1,8,0,False,1,Hà Nội,p01_b00085,1,8,0,False,1,"89,0%",89.0,5,14,True
B-train-00980-q10,B-train-00980,argmax,"Trong bảng 1 ở trang 1, Dự án nào có Giải ngân lớn nhất?",Dự án,Giải ngân,Hà Nội,p01_b00085,1,8,0,False,1,Hà Nội,p01_b00085,1,8,0,False,1,24.510,24510.0,5,14,True
B-train-00981-q06,B-train-00981,argmax,"Trong bảng 1 ở trang 1, Nghiệp vụ nào có Kỳ trước lớn nhất?",Nghiệp vụ,Kỳ trước,Sức khỏe,p01_b00209,1,23,0,False,5,Sức khỏe,p01_b00209,1,23,0,False,5,9.373,9373.0,20,22,True
B-train-00981-q07,B-train-00981,argmin,"Trong bảng 1 ở trang 2, Nghiệp vụ nào có Tỷ lệ nhỏ nhất?",Nghiệp vụ,Tỷ lệ,Tài sản,p02_b00062,1,8,0,False,5,Tài sản,p02_b00062,1,8,0,False,5,"0,6%",0.6,5,22,True
B-train-00981-q09,B-train-00981,argmax,"Trong bảng 1 ở trang 2, Nghiệp vụ nào có Bồi thường lớn nhất?",Nghiệp vụ,Bồi thường,Tai nạn con người,p02_b00131,1,15,0,True,4,Tai nạn con người,p02_b00131,1,15,0,True,4,4.592,4592.0,12,22,True
B-train-00981-q10,B-train-00981,argmin,"Trong bảng 1 ở trang 2, Nghiệp vụ nào có Kỳ này nhỏ nhất?",Nghiệp vụ,Kỳ này,Tai nạn con người,p02_b00032,1,5,0,False,4,Tai nạn con người,p02_b00032,1,5,0,False,4,559,559.0,2,22,True
B-train-00982-q04,B-train-00982,argmin,"Trong bảng 1 ở trang 1, Khoa nào có Lũy kế nhỏ nhất?",Khoa,Lũy kế,Nhi,p01_b00041,1,5,0,False,2,Nhi,p01_b00041,1,5,0,False,2,873,873.0,2,13,True
B-train-00982-q06,B-train-00982,argmax,"Trong bảng 1 ở trang 1, Khoa nào có Lũy kế lớn nhất?",Khoa,Lũy kế,Tai Mũi Họng,p01_b00078,1,8,0,False,2,Tai Mũi Họng,p01_b00078,1,8,0,False,2,8.966,8966.0,5,13,True
B-train-00982-q09,B-train-00982,argmin,"Trong bảng 1 ở trang 1, Khoa nào có Kỳ trước nhỏ nhất?",Khoa,Kỳ trước,Sản,p01_b00054,1,6,0,False,2,Sản,p01_b00054,1,6,0,False,2,1.821,1821.0,3,13,True
B-train-00983-q03,B-train-00983,argmin,"Trong bảng 1 ở trang 2, Kho/điểm nào có Tỷ trọng (%) nhỏ nhất?",Kho/điểm,Tỷ trọng (%),Kho trung chuyển,p02_b00042,1,5,0,False,5,Kho trung chuyển,p02_b00042,1,5,0,False,5,"1,2%",1.2,2,23,True
B-train-00983-q05,B-train-00983,argmin,"Trong bảng 1 ở trang 1, Kho/điểm nào có Lũy kế nhỏ nhất?",Kho/điểm,Lũy kế,Kho trung chuyển,p01_b00133,1,12,0,False,4,Kho trung chuyển,p01_b00133,1,12,0,False,4,567,567.0,9,22,True
B-train-00983-q07,B-train-00983,argmax,"Trong bảng 1 ở trang 2, Kho/điểm nào có Tỷ trọng (%) lớn nhất?",Kho/điểm,Tỷ trọng (%),Kho Bình Dương,p02_b00205,1,18,0,False,5,Kho Bình Dương,p02_b00205,1,18,0,False,5,"32,1%",32.1,15,23,True
B-train-00983-q10,B-train-00983,argmax,"Trong bảng 1 ở trang 2, Kho/điểm nào có Chi phí lớn nhất?",Kho/điểm,Chi phí,Kho Đà Nẵng,p02_b00068,1,7,0,False,3,Kho Đà Nẵng,p02_b00068,1,7,0,False,3,338.670,338670.0,4,23,True
B-train-00984-q02,B-train-00984,argmax,"Trong bảng 1 ở trang 1, Điểm đến nào có Kế hoạch năm lớn nhất?",Điểm đến,Kế hoạch năm,Phố cổ Hội An,p01_b00140,1,14,0,False,2,Phố cổ Hội An,p01_b00140,1,14,0,False,2,9.584,9584.0,11,16,True
B-train-00984-q03,B-train-00984,argmax,"Trong bảng 1 ở trang 1, Điểm đến nào có Công suất phòng lớn nhất?",Điểm đến,Công suất phòng,Đà Lạt,p01_b00152,1,15,0,False,2,Đà Lạt,p01_b00152,1,15,0,False,2,"93,4%",93.4,12,16,True
B-train-00984-q09,B-train-00984,argmin,"Trong bảng 2 ở trang 1, Địa bàn nào có Kỳ trước nhỏ nhất?",Địa bàn,Kỳ trước,Hà Nội,p01_b00293,2,10,0,False,2,Hà Nội,p01_b00293,2,10,0,False,2,813,813.0,7,10,True
B-train-00984-q10,B-train-00984,argmin,"Trong bảng 1 ở trang 1, Điểm đến nào có Doanh thu nhỏ nhất?",Điểm đến,Doanh thu,Phú Quốc,p01_b00173,1,17,0,False,3,Phú Quốc,p01_b00119,1,12,0,False,3,12.202,12202.0,9,16,True
B-train-00985-q02,B-train-00985,argmax,"Trong bảng 2 ở trang 1, Điểm bán nào có Lũy kế lớn nhất?",Điểm bán,Lũy kế,Tây Nguyên,p01_b00211,2,6,0,False,1,Tây Nguyên,p01_b00211,2,6,0,False,1,9.550,9550.0,4,13,True
B-train-00985-q03,B-train-00985,argmin,"Trong bảng 2 ở trang 1, Điểm bán nào có Kế hoạch năm nhỏ nhất?",Điểm bán,Kế hoạch năm,Siêu thị trung tâm,p01_b00200,2,5,0,False,3,Siêu thị trung tâm,p01_b00200,2,5,0,False,3,152,152.0,2,13,True
B-train-00985-q08,B-train-00985,argmax,"Trong bảng 2 ở trang 1, Điểm bán nào có Giá trị bán lớn nhất?",Điểm bán,Giá trị bán,Cửa hàng 01,p01_b00234,2,8,0,True,3,Cửa hàng 01,p01_b00234,2,8,0,True,3,2.554.110,2554110.0,5,13,True
B-train-00985-q09,B-train-00985,argmin,"Trong bảng 1 ở trang 1, Chi nhánh nào có Tỷ trọng (%) nhỏ nhất?",Chi nhánh,Tỷ trọng (%),Cần Thơ 02,p01_b00097,1,12,0,False,3,Cần Thơ 02,p01_b00097,1,12,0,False,3,"0,5%",0.5,9,16,True
B-train-00986-q01,B-train-00986,argmin,"Trong bảng 2 ở trang 1, Điểm bán nào có Kế hoạch năm nhỏ nhất?",Điểm bán,Kế hoạch năm,Điểm bán phía Bắc,p01_b00183,2,6,0,False,3,Điểm bán phía Bắc,p01_b00183,2,6,0,False,3,534,534.0,3,15,True
B-train-00986-q04,B-train-00986,argmax,"Trong bảng 1 ở trang 1, Kho/điểm nào có Lũy kế lớn nhất?",Kho/điểm,Lũy kế,Kho Cần Thơ,p01_b00085,1,11,0,True,2,Kho Cần Thơ,p01_b00085,1,11,0,True,2,8.411,8411.0,8,14,True
B-train-00986-q05,B-train-00986,argmax,"Trong bảng 2 ở trang 1, Điểm bán nào có Lũy kế lớn nhất?",Điểm bán,Lũy kế,Điểm bán phía Nam,p01_b00283,2,17,0,False,2,Điểm bán phía Nam,p01_b00283,2,17,0,False,2,9.003,9003.0,14,15,True
B-train-00986-q08,B-train-00986,argmin,"Trong bảng 2 ở trang 1, Điểm bán nào có Số đơn nhỏ nhất?",Điểm bán,Số đơn,Điểm bán phía Bắc,p01_b00273,2,16,0,False,3,Điểm bán phía Bắc,p01_b00273,2,16,0,False,3,390,390.0,13,15,True
B-train-00987-q06,B-train-00987,argmax,"Trong bảng 1 ở trang 1, Kho/điểm nào có Chi phí lớn nhất?",Kho/điểm,Chi phí,Kho Bình Dương,p01_b00162,1,15,0,False,3,Kho Bình Dương,p01_b00162,1,15,0,False,3,235.508,235508.0,12,14,True
B-train-00987-q07,B-train-00987,argmin,"Trong bảng 1 ở trang 2, Mã hàng nào có Tồn đầu nhỏ nhất?",Mã hàng,Tồn đầu,Đà Nẵng,p02_b00139,1,14,0,False,1,Đà Nẵng,p02_b00139,1,14,0,False,1,16,16.0,11,16,True
B-train-00987-q09,B-train-00987,argmin,"Trong bảng 1 ở trang 1, Kho/điểm nào có Kỳ này nhỏ nhất?",Kho/điểm,Kỳ này,Kho Cần Thơ,p01_b00174,1,16,0,False,2,Kho Cần Thơ,p01_b00174,1,16,0,False,2,529,529.0,13,14,True
B-train-00988-q08,B-train-00988,argmax,"Trong bảng 1 ở trang 2, Chi nhánh nào có Nợ quá hạn lớn nhất?",Chi nhánh,Nợ quá hạn,Cần Thơ 02,p02_b00264,1,21,0,False,4,Cần Thơ 02,p02_b00264,1,21,0,False,4,660,660.0,18,22,True
B-train-00988-q10,B-train-00988,argmin,"Trong bảng 1 ở trang 1, Chi nhánh nào có Lũy kế nhỏ nhất?",Chi nhánh,Lũy kế,Hải Phòng 02,p01_b00031,1,4,0,False,4,Hải Phòng 02,p01_b00031,1,4,0,False,4,522,522.0,1,21,True
B-train-00989-q01,B-train-00989,argmax,"Trong bảng 1 ở trang 1, Phòng ban nào có Tuyển mới lớn nhất?",Phòng ban,Tuyển mới,Chăm sóc khách hàng,p01_b00062,1,8,0,False,2,Chăm sóc khách hàng,p01_b00062,1,8,0,False,2,8,8.0,5,23,True
B-train-00989-q04,B-train-00989,argmax,"Trong bảng 1 ở trang 2, Phòng ban nào có Tuyển mới lớn nhất?",Phòng ban,Tuyển mới,Chăm sóc khách hàng,p02_b00013,1,3,0,False,3,Chăm sóc khách hàng,p02_b00013,1,3,0,False,3,7,7.0,0,23,True
B-train-00989-q06,B-train-00989,argmin,"Trong bảng 1 ở trang 1, Phòng ban nào có Tỷ trọng (%) nhỏ nhất?",Phòng ban,Tỷ trọng (%),Vận hành,p01_b00092,1,11,0,False,4,Vận hành,p01_b00092,1,11,0,False,4,"0,8%",0.8,8,23,True
B-train-00989-q08,B-train-00989,argmin,"Trong bảng 1 ở trang 2, Phòng ban nào có Hiện có nhỏ nhất?",Phòng ban,Hiện có,Vận hành,p02_b00222,1,24,0,False,4,Vận hành,p02_b00222,1,24,0,False,4,4,4.0,21,23,True
B-train-00990-q02,B-train-00990,argmax,"Trong bảng 1 ở trang 1, Chi nhánh nào có Huy động lớn nhất?",Chi nhánh,Huy động,Hà Nội 01,p01_b00159,1,18,0,False,4,Hà Nội 01,p01_b00159,1,18,0,False,4,9.980,9980.0,15,17,True
B-train-00990-q07,B-train-00990,argmax,"Trong bảng 1 ở trang 2, Chi nhánh nào có Tỷ trọng (%) lớn nhất?",Chi nhánh,Tỷ trọng (%),Khánh Hòa 03,p02_b00169,1,19,0,False,4,Khánh Hòa 03,p02_b00169,1,19,0,False,4,"37,6%",37.6,16,17,True
B-train-00990-q09,B-train-00990,argmin,"Trong bảng 1 ở trang 1, Chi nhánh nào có Tăng trưởng nhỏ nhất?",Chi nhánh,Tăng trưởng,Khánh Hòa 03,p01_b00042,1,6,0,False,3,Khánh Hòa 03,p01_b00042,1,6,0,False,3,"-2,4%",-2.4,3,17,True
B-train-00991-q01,B-train-00991,argmax,"Trong bảng 1 ở trang 1, Khoa nào có Kỳ này lớn nhất?",Khoa,Kỳ này,Nội tổng hợp,p01_b00090,1,9,0,False,3,Nội tổng hợp,p01_b00090,1,9,0,False,3,8.993,8993.0,6,16,True
B-train-00991-q03,B-train-00991,argmin,"Trong bảng 1 ở trang 2, Điểm bán nào có Hoàn trả nhỏ nhất?",Điểm bán,Hoàn trả,Điểm bán phía Bắc,p02_b00039,1,6,0,False,2,Điểm bán phía Bắc,p02_b00039,1,6,0,False,2,"0,1%",0.1,3,11,True
B-train-00991-q09,B-train-00991,argmin,"Trong bảng 1 ở trang 1, Khoa nào có Kỳ trước nhỏ nhất?",Khoa,Kỳ trước,Nội tổng hợp,p01_b00016,1,3,0,False,3,Lâm Đồng,p01_b00174,1,16,0,False,1,1.366,1366.0,14,16,False
B-train-00991-q10,B-train-00991,argmax,"Trong bảng 1 ở trang 1, Khoa nào có Kỳ trước lớn nhất?",Khoa,Kỳ trước,Ngoại,p01_b00101,1,10,0,False,2,Ngoại,p01_b00101,1,10,0,False,2,9.803,9803.0,7,16,True
B-train-00992-q02,B-train-00992,argmin,"Trong bảng 1 ở trang 1, Nhóm chế độ nào có Trễ hạn nhỏ nhất?",Nhóm chế độ,Trễ hạn,Thai sản,p01_b00154,1,16,0,True,4,Thai sản,p01_b00154,1,16,0,True,4,0,0.0,13,20,True
B-train-00993-q01,B-train-00993,argmax,"Trong bảng 1 ở trang 1, Dự án nào có Kỳ này lớn nhất?",Dự án,Kỳ này,Trường liên cấp,p01_b00232,1,20,0,False,4,Trường liên cấp,p01_b00232,1,20,0,False,4,9.166,9166.0,17,20,True
B-train-00993-q02,B-train-00993,argmin,"Trong bảng 1 ở trang 2, Dự án nào có Kỳ này nhỏ nhất?",Dự án,Kỳ này,Nhà máy nước,p02_b00118,1,11,0,False,4,Nhà máy nước,p02_b00118,1,11,0,False,4,384,384.0,8,20,True
B-train-00993-q06,B-train-00993,argmax,"Trong bảng 1 ở trang 1, Dự án nào có Kỳ trước lớn nhất?",Dự án,Kỳ trước,Khu tái định cư,p01_b00258,1,22,0,False,4,Khu tái định cư,p01_b00258,1,22,0,False,4,9.039,9039.0,19,20,True
B-train-00993-q09,B-train-00993,argmin,"Trong bảng 1 ở trang 1, Dự án nào có Kỳ này nhỏ nhất?",Dự án,Kỳ này,Cầu Đông Thành,p01_b00079,1,8,0,False,4,Cầu Đông Thành,p01_b00079,1,8,0,False,4,104,104.0,5,20,True
B-train-00994-q01,B-train-00994,argmin,"Trong bảng 1 ở trang 2, Mã hàng nào có Tồn cuối nhỏ nhất?",Mã hàng,Tồn cuối,VT076,p02_b00122,1,12,0,False,2,VT076,p02_b00122,1,12,0,False,2,2,2.0,9,18,True
B-train-00994-q05,B-train-00994,argmax,"Trong bảng 1 ở trang 2, Mã hàng nào có Tồn đầu lớn nhất?",Mã hàng,Tồn đầu,VT076,p02_b00122,1,12,0,False,2,VT076,p02_b00122,1,12,0,False,2,167,167.0,9,18,True
B-train-00994-q08,B-train-00994,argmax,"Trong bảng 1 ở trang 2, Mã hàng nào có Xuất lớn nhất?",Mã hàng,Xuất,VT535,p02_b00027,1,4,0,False,2,VT535,p02_b00027,1,4,0,False,2,173,173.0,1,18,True
B-train-00994-q09,B-train-00994,argmin,"Trong bảng 1 ở trang 1, Mã hàng nào có Tồn đầu nhỏ nhất?",Mã hàng,Tồn đầu,VT410,p01_b00144,1,14,0,False,1,VT410,p01_b00144,1,14,0,False,1,13,13.0,11,17,True
B-train-00995-q06,B-train-00995,argmax,"Trong bảng 2 ở trang 1, Chi nhánh nào có Lũy kế lớn nhất?",Chi nhánh,Lũy kế,Lâm Đồng,p01_b00185,2,3,0,False,1,Lâm Đồng,p01_b00185,2,3,0,False,1,9.379,9379.0,0,10,True
B-train-00995-q07,B-train-00995,argmax,"Trong bảng 2 ở trang 1, Chi nhánh nào có Huy động lớn nhất?",Chi nhánh,Huy động,Hải Phòng 02,p01_b00244,2,9,0,False,1,Lâm Đồng,p01_b00185,2,3,0,False,1,9.300,9300.0,1,10,False
B-train-00996-q01,B-train-00996,argmin,"Trong bảng 1 ở trang 1, Gói thầu nào có Lũy kế nhỏ nhất?",Gói thầu,Lũy kế,GT88,p01_b00055,1,6,0,False,1,GT88,p01_b00055,1,6,0,False,1,1.379,1379.0,3,22,True
B-train-00996-q04,B-train-00996,argmax,"Trong bảng 1 ở trang 2, Gói thầu nào có Lũy kế lớn nhất?",Gói thầu,Lũy kế,GT60,p02_b00182,1,16,0,False,1,GT60,p02_b00182,1,16,0,False,1,8.643,8643.0,13,23,True
B-train-00996-q05,B-train-00996,argmin,"Trong bảng 1 ở trang 2, Gói thầu nào có Lũy kế nhỏ nhất?",Gói thầu,Lũy kế,GT87,p02_b00245,1,21,0,False,2,GT87,p02_b00245,1,21,0,False,2,344,344.0,18,23,True
B-train-00997-q01,B-train-00997,argmin,"Trong bảng 2 ở trang 1, Tuyến nào có Doanh thu nhỏ nhất?",Tuyến,Doanh thu,Hà Nội – Hải Phòng,p01_b00196,2,7,0,False,3,Hà Nội – Hải Phòng,p01_b00196,2,7,0,False,3,33.768,33768.0,4,10,True
B-train-00997-q04,B-train-00997,argmin,"Trong bảng 1 ở trang 1, Khu vực nào có Tỷ trọng (%) nhỏ nhất?",Khu vực,Tỷ trọng (%),Khu vực ven biển,p01_b00079,1,10,0,False,2,Khu vực ven biển,p01_b00079,1,10,0,False,2,"2,8%",2.8,7,14,True
B-train-00997-q07,B-train-00997,argmax,"Trong bảng 1 ở trang 1, Khu vực nào có Phản ánh lớn nhất?",Khu vực,Phản ánh,Khu vực ven biển,p01_b00125,1,15,0,False,2,Khu vực ven biển,p01_b00125,1,15,0,False,2,89,89.0,12,14,True
B-train-00997-q08,B-train-00997,argmax,"Trong bảng 1 ở trang 1, Khu vực nào có Tỷ lệ rớt cuộc lớn nhất?",Khu vực,Tỷ lệ rớt cuộc,Khu vực đô thị,p01_b00087,1,11,0,False,1,Khu vực đô thị,p01_b00087,1,11,0,False,1,"3,4%",3.4,8,14,True
B-train-00998-q07,B-train-00998,argmax,"Trong bảng 1 ở trang 2, Đơn vị nào có Lũy kế lớn nhất?",Đơn vị,Lũy kế,THPT Phan Bội Châu,p02_b00184,1,15,0,False,4,THPT Phan Bội Châu,p02_b00184,1,15,0,False,4,10.248,10248.0,12,21,True
B-train-00998-q10,B-train-00998,argmin,"Trong bảng 1 ở trang 2, Đơn vị nào có Kỳ trước nhỏ nhất?",Đơn vị,Kỳ trước,THPT Chu Văn An,p02_b00198,1,16,0,False,4,THPT Chu Văn An,p02_b00198,1,16,0,False,4,939,939.0,13,21,True
B-train-00999-q02,B-train-00999,argmin,"Trong bảng 1 ở trang 1, Khoa nào có Kỳ này nhỏ nhất?",Khoa,Kỳ này,Mắt,p01_b00073,1,7,0,False,2,Mắt,p01_b00073,1,7,0,False,2,794,794.0,4,16,True
B-train-00999-q07,B-train-00999,argmax,"Trong bảng 2 ở trang 1, Khu vực nào có Kế hoạch năm lớn nhất?",Khu vực,Kế hoạch năm,Khu vực đô thị,p01_b00313,2,11,0,False,2,Khu vực ven biển Đã đối chiếu,p01_b00303,2,10,0,False,1,9.732,9732.0,7,10,False
B-train-00999-q08,B-train-00999,argmax,"Trong bảng 2 ở trang 1, Khu vực nào có Lưu lượng lớn nhất?",Khu vực,Lưu lượng,Khu vực đô thị,p01_b00269,2,6,0,False,1,Khu vực đô thị,p01_b00269,2,6,0,False,1,80.737,80737.0,3,10,True
B-train-00999-q09,B-train-00999,argmin,"Trong bảng 2 ở trang 1, Khu vực nào có Phản ánh nhỏ nhất?",Khu vực,Phản ánh,Khu vực đô thị,p01_b00269,2,6,0,False,2,Khu vực đô thị,p01_b00269,2,6,0,False,2,0,0.0,3,10,True
B-train-01000-q01,B-train-01000,argmax,"Trong bảng 1 ở trang 1, Điểm đến nào có Doanh thu lớn nhất?",Điểm đến,Doanh thu,Đà Lạt,p01_b00015,1,3,0,False,1,Đà Lạt,p01_b00015,1,3,0,False,1,175.304,175304.0,2,5,True
B-train-01000-q04,B-train-01000,argmin,"Trong bảng 1 ở trang 1, Điểm đến nào có Doanh thu nhỏ nhất?",Điểm đến,Doanh thu,Nha Trang,p01_b00020,1,4,0,False,1,Nha Trang,p01_b00020,1,4,0,False,1,26.082,26082.0,3,5,True
B-train-01000-q05,B-train-01000,argmax,"Trong bảng 1 ở trang 1, Điểm đến nào có Khách quốc tế lớn nhất?",Điểm đến,Khách quốc tế,Đà Lạt,p01_b00015,1,3,0,False,1,Đà Lạt,p01_b00015,1,3,0,False,1,6.072,6072.0,2,5,True
B-train-01000-q06,B-train-01000,argmin,"Trong bảng 1 ở trang 1, Điểm đến nào có Khách nội địa nhỏ nhất?",Điểm đến,Khách nội địa,Vịnh Hạ Long,p01_b00005,1,1,0,False,1,Vịnh Hạ Long,p01_b00005,1,1,0,False,1,6.263,6263.0,0,5,True
B-train-01001-q04,B-train-01001,argmax,"Trong bảng 1 ở trang 1, Khu vực nào có Thực hiện lớn nhất?",Khu vực,Thực hiện,Đồng bằng sông Cửu Long,p01_b00025,1,5,0,False,1,Đồng bằng sông Cửu Long,p01_b00025,1,5,0,False,1,4.040,4040.0,4,6,True
B-train-01001-q05,B-train-01001,argmin,"Trong bảng 1 ở trang 1, Khu vực nào có Thực hiện nhỏ nhất?",Khu vực,Thực hiện,Miền Trung,p01_b00010,1,2,0,True,1,Miền Trung,p01_b00010,1,2,0,True,1,1.360,1360.0,1,6,True
B-train-01001-q07,B-train-01001,argmax,"Trong bảng 1 ở trang 1, Khu vực nào có Kế hoạch lớn nhất?",Khu vực,Kế hoạch,Đồng bằng sông Cửu Long,p01_b00025,1,5,0,False,1,Đồng bằng sông Cửu Long,p01_b00025,1,5,0,False,1,4.080,4080.0,4,6,True
B-train-01001-q10,B-train-01001,argmin,"Trong bảng 1 ở trang 1, Khu vực nào có Kế hoạch nhỏ nhất?",Khu vực,Kế hoạch,Miền Trung,p01_b00010,1,2,0,True,1,Miền Trung,p01_b00010,1,2,0,True,1,1.040,1040.0,1,6,True
B-train-01002-q01,B-train-01002,argmin,"Trong bảng 1 ở trang 1, Nhóm chế độ nào có Đã giải quyết nhỏ nhất?",Nhóm chế độ,Đã giải quyết,Thai sản,p01_b00020,1,4,0,False,1,Thai sản,p01_b00020,1,4,0,False,1,41,41.0,3,6,True
B-train-01002-q02,B-train-01002,argmax,"Trong bảng 1 ở trang 1, Nhóm chế độ nào có Đã giải quyết lớn nhất?",Nhóm chế độ,Đã giải quyết,Hưu trí,p01_b00030,1,6,0,False,2,Hưu trí,p01_b00030,1,6,0,False,2,1145,1145.0,5,6,True
B-train-01002-q07,B-train-01002,argmin,"Trong bảng 1 ở trang 1, Nhóm chế độ nào có Hồ sơ nhận nhỏ nhất?",Nhóm chế độ,Hồ sơ nhận,Thai sản,p01_b00020,1,4,0,False,1,Thai sản,p01_b00020,1,4,0,False,1,98,98.0,3,6,True
B-train-01003-q06,B-train-01003,argmin,"Trong bảng 1 ở trang 1, Gói thầu nào có Giá dự toán nhỏ nhất?",Gói thầu,Giá dự toán,GT58,p01_b00025,1,5,0,True,2,GT58,p01_b00025,1,5,0,True,2,380,380.0,4,8,True
B-train-01003-q08,B-train-01003,argmin,"Trong bảng 1 ở trang 1, Gói thầu nào có Giá trúng nhỏ nhất?",Gói thầu,Giá trúng,GT33,p01_b00020,1,4,0,False,1,GT33,p01_b00020,1,4,0,False,1,340,340.0,3,8,True
B-train-01003-q10,B-train-01003,argmax,"Trong bảng 1 ở trang 1, Gói thầu nào có Giá trúng lớn nhất?",Gói thầu,Giá trúng,GT80,p01_b00035,1,7,0,False,1,GT80,p01_b00035,1,7,0,False,1,2.220,2220.0,6,8,True
B-train-01004-q03,B-train-01004,argmax,"Trong bảng 1 ở trang 1, Khu vực nào có Phản ánh lớn nhất?",Khu vực,Phản ánh,Cụm BTS-01,p01_b00030,1,6,0,False,2,Cụm BTS-01,p01_b00030,1,6,0,False,2,88,88.0,5,7,True
B-train-01004-q06,B-train-01004,argmin,"Trong bảng 1 ở trang 1, Khu vực nào có Lưu lượng nhỏ nhất?",Khu vực,Lưu lượng,Khu vực miền núi,p01_b00025,1,5,0,False,1,Khu vực miền núi,p01_b00025,1,5,0,False,1,11.359,11359.0,4,7,True
B-train-01004-q07,B-train-01004,argmax,"Trong bảng 1 ở trang 1, Khu vực nào có Lưu lượng lớn nhất?",Khu vực,Lưu lượng,Cụm BTS-02,p01_b00035,1,7,0,False,2,Cụm BTS-02,p01_b00035,1,7,0,False,2,93.780,93780.0,6,7,True
B-train-01005-q01,B-train-01005,argmax,"Trong bảng 1 ở trang 1, Điểm bán nào có Giá trị bán lớn nhất?",Điểm bán,Giá trị bán,Cửa hàng 02,p01_b00035,1,7,0,False,2,Cửa hàng 02,p01_b00035,1,7,0,False,2,2.806.870,2806870.0,6,8,True
B-train-01005-q02,B-train-01005,argmin,"Trong bảng 1 ở trang 1, Điểm bán nào có Giá trị bán nhỏ nhất?",Điểm bán,Giá trị bán,Điểm bán phía Nam,p01_b00025,1,5,0,False,1,Điểm bán phía Nam,p01_b00025,1,5,0,False,1,362.208,362208.0,4,8,True
B-train-01005-q05,B-train-01005,argmin,"Trong bảng 1 ở trang 1, Điểm bán nào có Số đơn nhỏ nhất?",Điểm bán,Số đơn,Cửa hàng 02,p01_b00010,1,2,0,False,2,Cửa hàng 02,p01_b00010,1,2,0,False,2,1432,1432.0,1,8,True
B-train-01005-q07,B-train-01005,argmax,"Trong bảng 1 ở trang 1, Điểm bán nào có Số đơn lớn nhất?",Điểm bán,Số đơn,Siêu thị trung tâm,p01_b00040,1,8,0,False,2,Siêu thị trung tâm,p01_b00040,1,8,0,False,2,3079,3079.0,7,8,True
B-train-01006-q01,B-train-01006,argmin,"Trong bảng 1 ở trang 1, Trạm nào có Công suất đỉnh nhỏ nhất?",Trạm,Công suất đỉnh,Trạm Nam Sông,p01_b00015,1,3,0,False,2,Trạm Nam Sông,p01_b00015,1,3,0,False,2,127,127.0,2,8,True
B-train-01006-q02,B-train-01006,argmax,"Trong bảng 1 ở trang 1, Trạm nào có Công suất đỉnh lớn nhất?",Trạm,Công suất đỉnh,Trạm 220kV Trung,p01_b00035,1,7,0,False,2,Trạm 220kV Trung,p01_b00035,1,7,0,False,2,790,790.0,6,8,True
B-train-01006-q04,B-train-01006,argmin,"Trong bảng 1 ở trang 1, Trạm nào có Sự cố nhỏ nhất?",Trạm,Sự cố,Trạm 110kV Bắc,p01_b00005,1,1,0,False,2,Trạm 110kV Bắc,p01_b00005,1,1,0,False,2,1,1.0,0,8,True
B-train-01006-q06,B-train-01006,argmax,"Trong bảng 1 ở trang 1, Trạm nào có Sự cố lớn nhất?",Trạm,Sự cố,Trạm Tây Đô,p01_b00020,1,4,0,False,1,Trạm Tây Đô,p01_b00020,1,4,0,False,1,7,7.0,3,8,True
B-train-01007-q01,B-train-01007,argmax,"Trong bảng 1 ở trang 1, Nghiệp vụ nào có Tỷ lệ lớn nhất?",Nghiệp vụ,Tỷ lệ,Xe cơ giới,p01_b00010,1,2,0,False,1,Xe cơ giới,p01_b00010,1,2,0,False,1,"63,2%",63.2,1,6,True
B-train-01007-q02,B-train-01007,argmin,"Trong bảng 1 ở trang 1, Nghiệp vụ nào có Tỷ lệ nhỏ nhất?",Nghiệp vụ,Tỷ lệ,Tai nạn con người,p01_b00025,1,5,0,True,1,Tai nạn con người,p01_b00025,1,5,0,True,1,"8,0%",8.0,4,6,True
B-train-01007-q03,B-train-01007,argmin,"Trong bảng 1 ở trang 1, Nghiệp vụ nào có Hợp đồng nhỏ nhất?",Nghiệp vụ,Hợp đồng,Xe cơ giới,p01_b00010,1,2,0,False,1,Xe cơ giới,p01_b00010,1,2,0,False,1,78,78.0,1,6,True
B-train-01007-q08,B-train-01007,argmax,"Trong bảng 1 ở trang 1, Nghiệp vụ nào có Phí bảo hiểm lớn nhất?",Nghiệp vụ,Phí bảo hiểm,Sức khỏe,p01_b00030,1,6,0,False,2,Sức khỏe,p01_b00030,1,6,0,False,2,4.543,4543.0,5,6,True
B-train-01008-q01,B-train-01008,argmax,"Trong bảng 1 ở trang 1, Khoa nào có Nhập viện lớn nhất?",Khoa,Nhập viện,Ngoại,p01_b00040,1,8,0,False,2,Ngoại,p01_b00040,1,8,0,False,2,53,53.0,7,8,True
B-train-01008-q05,B-train-01008,argmax,"Trong bảng 1 ở trang 1, Khoa nào có Chuyển tuyến lớn nhất?",Khoa,Chuyển tuyến,Nhi,p01_b00015,1,3,0,False,1,Nhi,p01_b00015,1,3,0,False,1,11,11.0,2,8,True
B-train-01008-q07,B-train-01008,argmin,"Trong bảng 1 ở trang 1, Khoa nào có Lượt khám nhỏ nhất?",Khoa,Lượt khám,Sản,p01_b00020,1,4,0,False,1,Sản,p01_b00020,1,4,0,False,1,125,125.0,3,8,True
B-train-01008-q10,B-train-01008,argmin,"Trong bảng 1 ở trang 1, Khoa nào có Nhập viện nhỏ nhất?",Khoa,Nhập viện,Ngoại,p01_b00010,1,2,0,True,2,Ngoại,p01_b00010,1,2,0,True,2,12,12.0,1,8,True
B-train-01009-q01,B-train-01009,argmax,"Trong bảng 1 ở trang 1, Nghiệp vụ nào có Bồi thường lớn nhất?",Nghiệp vụ,Bồi thường,Sức khỏe,p01_b00030,1,6,0,False,2,Sức khỏe,p01_b00030,1,6,0,False,2,6.801,6801.0,5,7,True
B-train-01009-q02,B-train-01009,argmin,"Trong bảng 1 ở trang 1, Nghiệp vụ nào có Hợp đồng nhỏ nhất?",Nghiệp vụ,Hợp đồng,Tài sản,p01_b00015,1,3,0,False,1,Tài sản,p01_b00015,1,3,0,False,1,159,159.0,2,7,True
B-train-01009-q06,B-train-01009,argmin,"Trong bảng 1 ở trang 1, Nghiệp vụ nào có Phí bảo hiểm nhỏ nhất?",Nghiệp vụ,Phí bảo hiểm,Tài sản,p01_b00015,1,3,0,False,1,Tài sản,p01_b00015,1,3,0,False,1,477,477.0,2,7,True
B-train-01009-q10,B-train-01009,argmax,"Trong bảng 1 ở trang 1, Nghiệp vụ nào có Tỷ lệ lớn nhất?",Nghiệp vụ,Tỷ lệ,Sức khỏe,p01_b00030,1,6,0,False,2,Sức khỏe,p01_b00030,1,6,0,False,2,"69,6%",69.6,5,7,True
B-train-01010-q02,B-train-01010,argmin,"Trong bảng 1 ở trang 2, Đơn vị nào có Tỷ lệ đạt nhỏ nhất?",Đơn vị,Tỷ lệ đạt,THPT Phan Bội Châu,p02_b00100,1,16,0,False,2,THPT Phan Bội Châu,p02_b00100,1,16,0,False,2,"58,6%",58.6,13,15,True
B-train-01010-q04,B-train-01010,argmin,"Trong bảng 1 ở trang 1, Đơn vị nào có Tỷ lệ đạt nhỏ nhất?",Đơn vị,Tỷ lệ đạt,THPT Lê Quý Đôn,p01_b00051,1,9,0,False,3,THPT Lê Quý Đôn,p01_b00051,1,9,0,False,3,"66,7%",66.7,6,15,True
B-train-01011-q02,B-train-01011,argmin,"Trong bảng 1 ở trang 1, Chi nhánh nào có Tăng trưởng nhỏ nhất?",Chi nhánh,Tăng trưởng,Khánh Hòa 03,p01_b00030,1,6,0,False,2,Khánh Hòa 03,p01_b00030,1,6,0,False,2,"-1,1%",-1.1,3,13,True
B-train-01011-q04,B-train-01011,argmin,"Trong bảng 1 ở trang 1, Chi nhánh nào có Kỳ này nhỏ nhất?",Chi nhánh,Kỳ này,Khánh Hòa 03,p01_b00030,1,6,0,False,2,Khánh Hòa 03,p01_b00030,1,6,0,False,2,1.535,1535.0,3,13,True
B-train-01011-q05,B-train-01011,argmax,"Trong bảng 1 ở trang 1, Chi nhánh nào có Nợ quá hạn lớn nhất?",Chi nhánh,Nợ quá hạn,Đà Nẵng 01,p01_b00058,1,10,0,True,3,Đà Nẵng 01,p01_b00058,1,10,0,True,3,440,440.0,7,13,True
B-train-01011-q07,B-train-01011,argmax,"Trong bảng 1 ở trang 1, Chi nhánh nào có Kỳ này lớn nhất?",Chi nhánh,Kỳ này,Khánh Hòa 03,p01_b00065,1,11,0,False,2,Khánh Hòa 03,p01_b00065,1,11,0,False,2,9.809,9809.0,8,13,True
B-train-01012-q01,B-train-01012,argmin,"Trong bảng 1 ở trang 1, Điểm quan trắc nào có COD nhỏ nhất?",Điểm quan trắc,COD,Cửa biển Đà Nẵng,p01_b00082,1,12,0,False,3,Cửa biển Đà Nẵng,p01_b00082,1,12,0,False,3,8,8.0,9,15,True
B-train-01012-q03,B-train-01012,argmax,"Trong bảng 1 ở trang 1, Điểm quan trắc nào có BOD5 lớn nhất?",Điểm quan trắc,BOD5,KCN Long Thành,p01_b00035,1,6,0,False,2,KCN Long Thành,p01_b00035,1,6,0,False,2,46,46.0,3,15,True
B-train-01012-q07,B-train-01012,argmax,"Trong bảng 1 ở trang 1, Điểm quan trắc nào có Tỷ trọng (%) lớn nhất?",Điểm quan trắc,Tỷ trọng (%),Sông Hồng,p01_b00090,1,13,0,True,3,Sông Hồng,p01_b00090,1,13,0,True,3,"37,7%",37.7,10,15,True
B-train-01013-q04,B-train-01013,argmax,"Trong bảng 1 ở trang 1, Địa bàn nào có Sản lượng (tấn) lớn nhất?",Địa bàn,Sản lượng (tấn),Hà Nội,p01_b00120,1,17,0,False,3,Hà Nội,p01_b00120,1,17,0,False,3,6.296,6296.0,14,15,True
B-train-01013-q08,B-train-01013,argmin,"Trong bảng 1 ở trang 1, Địa bàn nào có Diện tích (ha) nhỏ nhất?",Địa bàn,Diện tích (ha),Hà Nội,p01_b00066,1,10,0,False,3,Hà Nội,p01_b00066,1,10,0,False,3,78,78.0,7,15,True
B-train-01014-q02,B-train-01014,argmin,"Trong bảng 2 ở trang 1, Nghiệp vụ nào có Tỷ lệ nhỏ nhất?",Nghiệp vụ,Tỷ lệ,Tài sản,p01_b00157,2,10,0,False,2,Tài sản,p01_b00157,2,10,0,False,2,"2,9%",2.9,7,10,True
B-train-01014-q03,B-train-01014,argmin,"Trong bảng 1 ở trang 1, Điểm quan trắc nào có COD nhỏ nhất?",Điểm quan trắc,COD,Hồ Xuân Hương,p01_b00056,1,10,0,False,2,Hồ Xuân Hương,p01_b00056,1,10,0,False,2,13,13.0,7,11,True
B-train-01015-q02,B-train-01015,argmax,"Trong bảng 1 ở trang 1, Tuyến nào có Đúng giờ lớn nhất?",Tuyến,Đúng giờ,Đà Nẵng – Huế,p01_b00019,1,4,0,False,2,Đà Nẵng – Huế,p01_b00019,1,4,0,False,2,"97,7%",97.7,1,13,True
B-train-01015-q03,B-train-01015,argmax,"Trong bảng 1 ở trang 1, Tuyến nào có Lũy kế lớn nhất?",Tuyến,Lũy kế,Nha Trang – Đà Lạt,p01_b00034,1,6,0,False,3,Nha Trang – Đà Lạt,p01_b00034,1,6,0,False,3,9.630,9630.0,3,13,True
B-train-01015-q05,B-train-01015,argmin,"Trong bảng 1 ở trang 1, Tuyến nào có Lũy kế nhỏ nhất?",Tuyến,Lũy kế,Hà Nội – Hải Phòng,p01_b00073,1,11,0,False,4,Hà Nội – Hải Phòng,p01_b00105,1,15,0,False,4,2.147,2147.0,12,13,True
B-train-01015-q07,B-train-01015,argmin,"Trong bảng 1 ở trang 1, Tuyến nào có Doanh thu nhỏ nhất?",Tuyến,Doanh thu,Nha Trang – Đà Lạt,p01_b00097,1,14,0,False,3,Hà Nội – Hải Phòng,p01_b00105,1,15,0,False,4,30.888,30888.0,12,13,False
B-train-01016-q05,B-train-01016,argmax,"Trong bảng 2 ở trang 1, Chi nhánh nào có Dư nợ lớn nhất?",Chi nhánh,Dư nợ,Tây Nguyên,p01_b00152,2,9,0,True,1,Hà Nội 01,p01_b00143,2,8,0,False,2,7.740,7740.0,5,8,False
B-train-01016-q10,B-train-01016,argmax,"Trong bảng 2 ở trang 1, Chi nhánh nào có Huy động lớn nhất?",Chi nhánh,Huy động,Hà Nội 01,p01_b00143,2,8,0,False,2,Hà Nội 01,p01_b00143,2,8,0,False,2,9.130,9130.0,5,8,True
B-train-01017-q01,B-train-01017,argmin,"Trong bảng 1 ở trang 1, Nhóm chế độ nào có Chi trả nhỏ nhất?",Nhóm chế độ,Chi trả,Đà Nẵng,p01_b00057,1,8,0,False,1,Đà Nẵng,p01_b00057,1,8,0,False,1,1.380,1380.0,5,15,True
B-train-01017-q05,B-train-01017,argmin,"Trong bảng 1 ở trang 1, Nhóm chế độ nào có Kỳ trước nhỏ nhất?",Nhóm chế độ,Kỳ trước,Thai sản,p01_b00039,1,6,0,False,3,Đà Nẵng,p01_b00057,1,8,0,False,1,902,902.0,6,15,False
B-train-01017-q06,B-train-01017,argmax,"Trong bảng 1 ở trang 1, Nhóm chế độ nào có Đã giải quyết lớn nhất?",Nhóm chế độ,Đã giải quyết,Tai nạn lao động,p01_b00135,1,17,0,False,3,Tai nạn lao động,p01_b00135,1,17,0,False,3,2337,2337.0,14,15,True
B-train-01017-q08,B-train-01017,argmax,"Trong bảng 1 ở trang 1, Nhóm chế độ nào có Kế hoạch năm lớn nhất?",Nhóm chế độ,Kế hoạch năm,Ốm đau,p01_b00072,1,10,0,False,3,Ốm đau,p01_b00072,1,10,0,False,3,9.789,9789.0,7,15,True
B-train-01018-q03,B-train-01018,argmin,"Trong bảng 1 ở trang 1, Nghiệp vụ nào có Bồi thường nhỏ nhất?",Nghiệp vụ,Bồi thường,Tài sản,p01_b00075,1,10,0,False,2,Tài sản,p01_b00075,1,10,0,False,2,3,3.0,7,12,True
B-train-01018-q06,B-train-01018,argmax,"Trong bảng 1 ở trang 1, Nghiệp vụ nào có Bồi thường lớn nhất?",Nghiệp vụ,Bồi thường,Xe cơ giới,p01_b00066,1,9,0,False,3,Xe cơ giới,p01_b00066,1,9,0,False,3,4.917,4917.0,6,12,True
B-train-01018-q07,B-train-01018,argmax,"Trong bảng 1 ở trang 1, Nghiệp vụ nào có Hợp đồng lớn nhất?",Nghiệp vụ,Hợp đồng,Tai nạn con người,p01_b00048,1,7,0,False,1,Tai nạn con người,p01_b00048,1,7,0,False,1,724,724.0,4,12,True
B-train-01019-q02,B-train-01019,argmin,"Trong bảng 1 ở trang 1, Đơn vị nào có Kỳ này nhỏ nhất?",Đơn vị,Kỳ này,THPT Nguyễn Trãi,p01_b00099,1,13,0,False,4,THPT Nguyễn Trãi,p01_b00099,1,13,0,False,4,999,999.0,10,16,True
B-train-01019-q03,B-train-01019,argmax,"Trong bảng 1 ở trang 1, Đơn vị nào có Kỳ này lớn nhất?",Đơn vị,Kỳ này,THPT Nguyễn Trãi,p01_b00056,1,8,0,False,4,THPT Nguyễn Trãi,p01_b00056,1,8,0,False,4,7.954,7954.0,5,16,True
B-train-01019-q04,B-train-01019,argmax,"Trong bảng 1 ở trang 1, Đơn vị nào có Tỷ lệ đạt lớn nhất?",Đơn vị,Tỷ lệ đạt,THPT Nguyễn Trãi,p01_b00099,1,13,0,False,4,THPT Trần Phú,p01_b00074,1,10,0,False,2,"97,3%",97.3,7,16,False
B-train-01019-q10,B-train-01019,argmin,"Trong bảng 1 ở trang 1, Đơn vị nào có Đạt nhỏ nhất?",Đơn vị,Đạt,THPT Phan Bội Châu,p01_b00126,1,16,0,True,2,THPT Phan Bội Châu,p01_b00126,1,16,0,True,2,14,14.0,13,16,True
B-train-01020-q02,B-train-01020,argmax,"Trong bảng 1 ở trang 1, Nhóm chế độ nào có Đã giải quyết lớn nhất?",Nhóm chế độ,Đã giải quyết,Thất nghiệp,p01_b00119,1,19,0,False,3,Thất nghiệp,p01_b00119,1,19,0,False,3,2275,2275.0,16,18,True
B-train-01020-q03,B-train-01020,argmin,"Trong bảng 1 ở trang 1, Nhóm chế độ nào có Kỳ trước nhỏ nhất?",Nhóm chế độ,Kỳ trước,Hưu trí,p01_b00010,1,3,0,True,4,Hưu trí,p01_b00010,1,3,0,True,4,1.542,1542.0,0,18,True
B-train-01020-q08,B-train-01020,argmin,"Trong bảng 1 ở trang 1, Nhóm chế độ nào có Chi trả nhỏ nhất?",Nhóm chế độ,Chi trả,Hưu trí,p01_b00112,1,18,0,False,4,Hưu trí,p01_b00112,1,18,0,False,4,847,847.0,15,18,True
B-train-01021-q01,B-train-01021,argmin,"Trong bảng 1 ở trang 1, Gói thầu nào có Tỷ trọng (%) nhỏ nhất?",Gói thầu,Tỷ trọng (%),GT15,p01_b00057,1,9,0,False,1,GT15,p01_b00057,1,9,0,False,1,"9,3%",9.3,6,9,True
B-train-01021-q04,B-train-01021,argmin,"Trong bảng 1 ở trang 1, Gói thầu nào có Giá dự toán nhỏ nhất?",Gói thầu,Giá dự toán,GT88,p01_b00027,1,5,0,False,1,GT88,p01_b00027,1,5,0,False,1,300,300.0,2,9,True
B-train-01021-q07,B-train-01021,argmax,"Trong bảng 2 ở trang 1, Trạm nào có Tổn thất lớn nhất?",Trạm,Tổn thất,Trạm 110kV Bắc,p01_b00168,2,13,0,False,2,Trạm 110kV Bắc,p01_b00168,2,13,0,False,2,"8,5%",8.5,10,12,True
B-train-01021-q10,B-train-01021,argmax,"Trong bảng 1 ở trang 1, Gói thầu nào có Giá trúng lớn nhất?",Gói thầu,Giá trúng,GT83,p01_b00011,1,3,0,False,1,GT83,p01_b00011,1,3,0,False,1,2.250,2250.0,0,9,True
B-train-01022-q03,B-train-01022,argmin,"Trong bảng 1 ở trang 1, Chi nhánh nào có Kế hoạch năm nhỏ nhất?",Chi nhánh,Kế hoạch năm,Hà Nội 01,p01_b00010,1,3,0,False,2,Hà Nội 01,p01_b00010,1,3,0,False,2,2.053,2053.0,0,12,True
B-train-01022-q06,B-train-01022,argmin,"Trong bảng 1 ở trang 1, Chi nhánh nào có Huy động nhỏ nhất?",Chi nhánh,Huy động,Khánh Hòa 03,p01_b00031,1,6,0,False,1,Khánh Hòa 03,p01_b00031,1,6,0,False,1,910,910.0,3,12,True
B-train-01022-q08,B-train-01022,argmax,"Trong bảng 1 ở trang 1, Chi nhánh nào có Nợ quá hạn lớn nhất?",Chi nhánh,Nợ quá hạn,Hà Nội 01,p01_b00010,1,3,0,False,2,Hà Nội 01,p01_b00010,1,3,0,False,2,400,400.0,0,12,True
B-train-01022-q10,B-train-01022,argmax,"Trong bảng 1 ở trang 1, Chi nhánh nào có Huy động lớn nhất?",Chi nhánh,Huy động,Hải Phòng 02,p01_b00017,1,4,0,False,3,Đà Nẵng 01,p01_b00058,1,10,0,False,2,10.290,10290.0,7,12,False
B-train-01023-q05,B-train-01023,argmin,"Trong bảng 1 ở trang 1, Địa bàn nào có Lũy kế nhỏ nhất?",Địa bàn,Lũy kế,Đà Nẵng,p01_b00024,1,5,0,False,2,Đà Nẵng,p01_b00024,1,5,0,False,2,73,73.0,2,12,True
B-train-01023-q06,B-train-01023,argmax,"Trong bảng 1 ở trang 1, Địa bàn nào có Lũy kế lớn nhất?",Địa bàn,Lũy kế,Đà Nẵng,p01_b00071,1,12,0,True,2,Đà Nẵng,p01_b00071,1,12,0,True,2,9.417,9417.0,9,12,True
B-train-01023-q10,B-train-01023,argmax,"Trong bảng 1 ở trang 1, Địa bàn nào có Sản lượng (tấn) lớn nhất?",Địa bàn,Sản lượng (tấn),Cần Thơ,p01_b00059,1,10,0,False,2,Cần Thơ,p01_b00059,1,10,0,False,2,5.509,5509.0,7,12,True
B-train-01024-q01,B-train-01024,argmax,"Trong bảng 1 ở trang 1, Phòng ban nào có Tỷ trọng (%) lớn nhất?",Phòng ban,Tỷ trọng (%),Chăm sóc khách hàng,p01_b00049,1,8,0,False,2,Chăm sóc khách hàng,p01_b00049,1,8,0,False,2,"35,7%",35.7,5,14,True
B-train-01024-q02,B-train-01024,argmin,"Trong bảng 1 ở trang 1, Phòng ban nào có Tỷ trọng (%) nhỏ nhất?",Phòng ban,Tỷ trọng (%),Kế toán,p01_b00112,1,16,0,False,2,Kế toán,p01_b00112,1,16,0,False,2,"3,0%",3.0,13,14,True
B-train-01024-q05,B-train-01024,argmin,"Trong bảng 1 ở trang 1, Phòng ban nào có Thiếu/thừa nhỏ nhất?",Phòng ban,Thiếu/thừa,Hải Phòng,p01_b00019,1,4,0,False,1,Hải Phòng,p01_b00019,1,4,0,False,1,-8,-8.0,1,14,True
B-train-01025-q01,B-train-01025,argmin,"Trong bảng 1 ở trang 1, Khoa nào có Nhập viện nhỏ nhất?",Khoa,Nhập viện,Đồng Nai,p01_b00089,1,13,0,False,1,Đồng Nai,p01_b00089,1,13,0,False,1,7,7.0,10,13,True
B-train-01025-q03,B-train-01025,argmax,"Trong bảng 1 ở trang 1, Khoa nào có Lượt khám lớn nhất?",Khoa,Lượt khám,Tai Mũi Họng,p01_b00051,1,8,0,False,1,Tai Mũi Họng,p01_b00051,1,8,0,False,1,431,431.0,5,13,True
B-train-01025-q04,B-train-01025,argmax,"Trong bảng 1 ở trang 1, Khoa nào có Chuyển tuyến lớn nhất?",Khoa,Chuyển tuyến,Nhi,p01_b00074,1,11,0,False,2,Nhi,p01_b00074,1,11,0,False,2,12,12.0,8,13,True
B-train-01025-q09,B-train-01025,argmin,"Trong bảng 1 ở trang 1, Khoa nào có Tỷ trọng (%) nhỏ nhất?",Khoa,Tỷ trọng (%),Sản,p01_b00035,1,6,0,False,2,Sản,p01_b00035,1,6,0,False,2,"2,2%",2.2,3,13,True
B-train-01026-q01,B-train-01026,argmin,"Trong bảng 1 ở trang 1, Nhóm chế độ nào có Tỷ trọng (%) nhỏ nhất?",Nhóm chế độ,Tỷ trọng (%),Thất nghiệp,p01_b00021,1,4,0,False,3,Thất nghiệp,p01_b00021,1,4,0,False,3,"0,5%",0.5,1,17,True
B-train-01026-q04,B-train-01026,argmin,"Trong bảng 1 ở trang 1, Nhóm chế độ nào có Kế hoạch năm nhỏ nhất?",Nhóm chế độ,Kế hoạch năm,Tây Nguyên,p01_b00145,1,18,0,True,1,Tây Nguyên,p01_b00145,1,18,0,True,1,309,309.0,15,17,True
B-train-01026-q06,B-train-01026,argmax,"Trong bảng 1 ở trang 1, Nhóm chế độ nào có Đã giải quyết lớn nhất?",Nhóm chế độ,Đã giải quyết,Tai nạn lao động,p01_b00048,1,7,0,False,3,Tai nạn lao động,p01_b00048,1,7,0,False,3,2094,2094.0,4,17,True
B-train-01027-q01,B-train-01027,argmax,"Trong bảng 2 ở trang 1, Khu vực nào có Tỷ lệ lớn nhất?",Khu vực,Tỷ lệ,Cần Thơ,p01_b00117,2,5,0,False,1,Cần Thơ,p01_b00117,2,5,0,False,1,"159,6%",159.6,2,10,True
B-train-01027-q03,B-train-01027,argmax,"Trong bảng 1 ở trang 1, Dự án nào có Giá trị hợp đồng lớn nhất?",Dự án,Giá trị hợp đồng,Khu tái định cư,p01_b00080,1,12,0,False,1,Đường vành đai,p01_b00018,1,4,0,False,2,28.980,28980.0,1,10,False
B-train-01027-q04,B-train-01027,argmin,"Trong bảng 2 ở trang 1, Khu vực nào có Kế hoạch năm nhỏ nhất?",Khu vực,Kế hoạch năm,Đồng bằng sông Cửu Long,p01_b00178,2,12,0,False,2,Đồng bằng sông Cửu Long,p01_b00178,2,12,0,False,2,787,787.0,9,10,True
B-train-01027-q05,B-train-01027,argmin,"Trong bảng 2 ở trang 1, Khu vực nào có Kế hoạch nhỏ nhất?",Khu vực,Kế hoạch,Cần Thơ,p01_b00117,2,5,0,False,1,Cần Thơ,p01_b00117,2,5,0,False,1,1.360,1360.0,2,10,True
B-train-01028-q01,B-train-01028,argmax,"Trong bảng 2 ở trang 1, Địa bàn nào có Diện tích (ha) lớn nhất?",Địa bàn,Diện tích (ha),Đà Nẵng,p01_b00134,2,12,0,False,2,Đà Nẵng,p01_b00134,2,12,0,False,2,681,681.0,9,11,True
B-train-01028-q02,B-train-01028,argmin,"Trong bảng 1 ở trang 1, Khu vực nào có Kế hoạch năm nhỏ nhất?",Khu vực,Kế hoạch năm,Cụm BTS-02,p01_b00017,1,4,0,True,1,Cụm BTS-02,p01_b00017,1,4,0,True,1,1.622,1622.0,1,8,True
B-train-01028-q04,B-train-01028,argmin,"Trong bảng 1 ở trang 1, Khu vực nào có Tỷ lệ rớt cuộc nhỏ nhất?",Khu vực,Tỷ lệ rớt cuộc,Miền Trung,p01_b00051,1,9,0,False,1,Miền Trung,p01_b00051,1,9,0,False,1,"1,1%",1.1,6,8,True
B-train-01028-q08,B-train-01028,argmax,"Trong bảng 1 ở trang 1, Khu vực nào có Kế hoạch năm lớn nhất?",Khu vực,Kế hoạch năm,Cụm BTS-01,p01_b00010,1,3,0,False,2,Cụm BTS-01,p01_b00010,1,3,0,False,2,8.255,8255.0,0,8,True
B-train-01029-q02,B-train-01029,argmin,"Trong bảng 1 ở trang 1, Nghiệp vụ nào có Bồi thường nhỏ nhất?",Nghiệp vụ,Bồi thường,Tài sản,p01_b00066,1,10,0,False,3,Tài sản,p01_b00066,1,10,0,False,3,200,200.0,7,16,True
B-train-01029-q06,B-train-01029,argmax,"Trong bảng 1 ở trang 1, Nghiệp vụ nào có Phí bảo hiểm lớn nhất?",Nghiệp vụ,Phí bảo hiểm,Sức khỏe,p01_b00128,1,18,0,False,3,Sức khỏe,p01_b00128,1,18,0,False,3,10.170,10170.0,15,16,True
B-train-01029-q09,B-train-01029,argmax,"Trong bảng 1 ở trang 1, Nghiệp vụ nào có Bồi thường lớn nhất?",Nghiệp vụ,Bồi thường,Sức khỏe,p01_b00128,1,18,0,False,3,Sức khỏe,p01_b00128,1,18,0,False,3,5.650,5650.0,15,16,True
B-train-01029-q10,B-train-01029,argmin,"Trong bảng 1 ở trang 1, Nghiệp vụ nào có Phí bảo hiểm nhỏ nhất?",Nghiệp vụ,Phí bảo hiểm,Tài sản,p01_b00066,1,10,0,False,3,Tài sản,p01_b00066,1,10,0,False,3,1.324,1324.0,7,16,True
B-train-01030-q05,B-train-01030,argmin,"Trong bảng 2 ở trang 1, Khoa nào có Kỳ trước nhỏ nhất?",Khoa,Kỳ trước,Mắt,p01_b00144,2,7,0,False,1,Mắt,p01_b00144,2,7,0,False,1,1.141,1141.0,4,8,True
B-train-01030-q07,B-train-01030,argmax,"Trong bảng 1 ở trang 1, Điểm bán nào có Giá trị bán lớn nhất?",Điểm bán,Giá trị bán,Miền Bắc,p01_b00028,1,5,0,False,1,Miền Bắc,p01_b00028,1,5,0,False,1,3.429.640,3429640.0,2,11,True
B-train-01030-q10,B-train-01030,argmin,"Trong bảng 1 ở trang 1, Điểm bán nào có Số đơn nhỏ nhất?",Điểm bán,Số đơn,Điểm bán phía Nam,p01_b00045,1,7,0,False,2,Điểm bán phía Nam,p01_b00045,1,7,0,False,2,769,769.0,4,11,True
B-train-01031-q01,B-train-01031,argmin,"Trong bảng 1 ở trang 1, Phòng ban nào có Định biên nhỏ nhất?",Phòng ban,Định biên,Miền Nam,p01_b00042,1,7,0,False,1,Kế toán,p01_b00019,1,4,0,False,3,10,10.0,1,14,False
B-train-01031-q02,B-train-01031,argmax,"Trong bảng 1 ở trang 1, Phòng ban nào có Kế hoạch năm lớn nhất?",Phòng ban,Kế hoạch năm,Kinh doanh,p01_b00057,1,9,0,False,3,Kinh doanh,p01_b00057,1,9,0,False,3,9.675,9675.0,6,14,True
B-train-01031-q04,B-train-01031,argmin,"Trong bảng 1 ở trang 1, Phòng ban nào có Hiện có nhỏ nhất?",Phòng ban,Hiện có,Công nghệ,p01_b00034,1,6,0,False,2,Công nghệ,p01_b00034,1,6,0,False,2,7,7.0,3,14,True
B-train-01031-q05,B-train-01031,argmax,"Trong bảng 1 ở trang 1, Phòng ban nào có Thiếu/thừa lớn nhất?",Phòng ban,Thiếu/thừa,Kế toán,p01_b00019,1,4,0,False,3,Kế toán,p01_b00019,1,4,0,False,3,+3,3.0,1,14,True
B-train-01032-q01,B-train-01032,argmin,"Trong bảng 1 ở trang 1, Tuyến nào có Doanh thu nhỏ nhất?",Tuyến,Doanh thu,Đà Nẵng – Huế,p01_b00051,1,8,0,False,3,Đà Nẵng – Huế,p01_b00051,1,8,0,False,3,47.940,47940.0,5,12,True
B-train-01032-q09,B-train-01032,argmax,"Trong bảng 1 ở trang 2, Tuyến nào có Đúng giờ lớn nhất?",Tuyến,Đúng giờ,Hà Nội – Hải Phòng,p02_b00074,1,11,0,False,3,Hà Nội – Hải Phòng,p02_b00074,1,11,0,False,3,"97,0%",97.0,8,12,True
B-train-01032-q10,B-train-01032,argmin,"Trong bảng 1 ở trang 2, Tuyến nào có Kế hoạch năm nhỏ nhất?",Tuyến,Kế hoạch năm,Hà Nội – Hải Phòng,p02_b00042,1,7,0,False,3,Hà Nội – Hải Phòng,p02_b00042,1,7,0,False,3,882,882.0,4,12,True
B-train-01033-q04,B-train-01033,argmax,"Trong bảng 1 ở trang 1, Mã hàng nào có Nhập lớn nhất?",Mã hàng,Nhập,VT413,p01_b00017,1,4,0,False,1,VT413,p01_b00017,1,4,0,False,1,117,117.0,1,14,True
B-train-01033-q07,B-train-01033,argmin,"Trong bảng 1 ở trang 1, Mã hàng nào có Nhập nhỏ nhất?",Mã hàng,Nhập,Cần Thơ,p01_b00024,1,5,0,False,1,Cần Thơ,p01_b00024,1,5,0,False,1,18,18.0,2,14,True
B-train-01033-q08,B-train-01033,argmin,"Trong bảng 1 ở trang 1, Mã hàng nào có Tồn cuối nhỏ nhất?",Mã hàng,Tồn cuối,VT817,p01_b00098,1,16,0,False,1,VT817,p01_b00098,1,16,0,False,1,6,6.0,13,14,True
B-train-01033-q10,B-train-01033,argmax,"Trong bảng 1 ở trang 1, Mã hàng nào có Tồn đầu lớn nhất?",Mã hàng,Tồn đầu,VT144,p01_b00071,1,12,0,False,1,VT144,p01_b00071,1,12,0,False,1,170,170.0,9,14,True
B-train-01034-q01,B-train-01034,argmin,"Trong bảng 1 ở trang 1, Điểm quan trắc nào có Kế hoạch năm nhỏ nhất?",Điểm quan trắc,Kế hoạch năm,Sông Hương,p01_b00019,1,4,0,False,2,Sông Hương,p01_b00019,1,4,0,False,2,322,322.0,1,16,True
B-train-01034-q06,B-train-01034,argmax,"Trong bảng 1 ở trang 1, Điểm quan trắc nào có Lũy kế lớn nhất?",Điểm quan trắc,Lũy kế,Cửa biển Đà Nẵng,p01_b00120,1,17,0,False,3,Cửa biển Đà Nẵng,p01_b00120,1,17,0,False,3,9.655,9655.0,14,16,True
B-train-01034-q08,B-train-01034,argmin,"Trong bảng 1 ở trang 1, Điểm quan trắc nào có BOD5 nhỏ nhất?",Điểm quan trắc,BOD5,Sông Hồng,p01_b00050,1,8,0,False,4,Sông Hồng,p01_b00050,1,8,0,False,4,7,7.0,5,16,True
B-train-01035-q02,B-train-01035,argmax,"Trong bảng 1 ở trang 1, Gói thầu nào có Kỳ trước lớn nhất?",Gói thầu,Kỳ trước,GT62,p01_b00035,1,6,0,False,1,GT62,p01_b00035,1,6,0,False,1,9.679,9679.0,3,12,True
B-train-01035-q03,B-train-01035,argmax,"Trong bảng 2 ở trang 1, Khoa nào có Lượt khám lớn nhất?",Khoa,Lượt khám,Miền Bắc,p01_b00134,2,5,0,True,1,Ngoại,p01_b00178,2,10,0,False,2,463,463.0,7,11,False
B-train-01035-q05,B-train-01035,argmin,"Trong bảng 1 ở trang 1, Gói thầu nào có Giá dự toán nhỏ nhất?",Gói thầu,Giá dự toán,GT15,p01_b00067,1,10,0,False,1,GT15,p01_b00067,1,10,0,False,1,230,230.0,7,12,True
B-train-01035-q08,B-train-01035,argmin,"Trong bảng 2 ở trang 1, Khoa nào có Kế hoạch năm nhỏ nhất?",Khoa,Kế hoạch năm,Tai Mũi Họng,p01_b00160,2,8,0,False,1,Tai Mũi Họng,p01_b00160,2,8,0,False,1,3.017,3017.0,5,11,True
B-train-01036-q02,B-train-01036,argmax,"Trong bảng 2 ở trang 1, Nghiệp vụ nào có Kế hoạch năm lớn nhất?",Nghiệp vụ,Kế hoạch năm,Hàng hóa,p01_b00129,2,6,0,False,1,Hàng hóa,p01_b00129,2,6,0,False,1,8.035,8035.0,3,8,True
B-train-01036-q05,B-train-01036,argmin,"Trong bảng 1 ở trang 1, Địa bàn nào có Kỳ này nhỏ nhất?",Địa bàn,Kỳ này,Khánh Hòa,p01_b00038,1,6,0,True,1,Khánh Hòa,p01_b00038,1,6,0,True,1,2.052,2052.0,3,10,True
B-train-01036-q07,B-train-01036,argmin,"Trong bảng 2 ở trang 1, Nghiệp vụ nào có Phí bảo hiểm nhỏ nhất?",Nghiệp vụ,Phí bảo hiểm,Xe cơ giới,p01_b00116,2,4,0,False,1,Xe cơ giới,p01_b00116,2,4,0,False,1,376,376.0,1,8,True
B-train-01036-q09,B-train-01036,argmax,"Trong bảng 2 ở trang 1, Nghiệp vụ nào có Bồi thường lớn nhất?",Nghiệp vụ,Bồi thường,Đồng Nai,p01_b00142,2,8,0,False,1,Đồng Nai,p01_b00142,2,8,0,False,1,2.104,2104.0,5,8,True
B-train-01037-q01,B-train-01037,argmax,"Trong bảng 1 ở trang 1, Dự án nào có Kỳ trước lớn nhất?",Dự án,Kỳ trước,Cầu Đông Thành,p01_b00099,1,13,0,False,2,Cầu Đông Thành,p01_b00099,1,13,0,False,2,9.805,9805.0,10,14,True
B-train-01037-q03,B-train-01037,argmin,"Trong bảng 1 ở trang 1, Dự án nào có Tiến độ nhỏ nhất?",Dự án,Tiến độ,Cầu Đông Thành,p01_b00055,1,8,0,False,3,Cầu Đông Thành,p01_b00055,1,8,0,False,3,"10,1%",10.1,5,14,True
B-train-01037-q04,B-train-01037,argmin,"Trong bảng 1 ở trang 1, Dự án nào có Lũy kế nhỏ nhất?",Dự án,Lũy kế,Cầu Đông Thành,p01_b00099,1,13,0,False,3,Cầu Đông Thành,p01_b00099,1,13,0,False,3,599,599.0,10,14,True
B-train-01037-q06,B-train-01037,argmax,"Trong bảng 1 ở trang 1, Dự án nào có Kế hoạch năm lớn nhất?",Dự án,Kế hoạch năm,Cầu Đông Thành,p01_b00012,1,3,0,True,3,Cầu Đông Thành,p01_b00012,1,3,0,True,3,8.949,8949.0,0,14,True
B-train-01038-q02,B-train-01038,argmax,"Trong bảng 1 ở trang 1, Khu vực nào có Lũy kế lớn nhất?",Khu vực,Lũy kế,Cụm BTS-01,p01_b00128,1,18,0,False,4,Cụm BTS-01,p01_b00128,1,18,0,False,4,9.787,9787.0,15,16,True
B-train-01038-q04,B-train-01038,argmin,"Trong bảng 1 ở trang 1, Khu vực nào có Tỷ trọng (%) nhỏ nhất?",Khu vực,Tỷ trọng (%),Cụm BTS-01,p01_b00128,1,18,0,False,4,Cụm BTS-01,p01_b00128,1,18,0,False,4,"4,8%",4.8,15,16,True
B-train-01038-q06,B-train-01038,argmax,"Trong bảng 1 ở trang 1, Khu vực nào có Phản ánh lớn nhất?",Khu vực,Phản ánh,Khu vực đô thị,p01_b00112,1,16,0,False,3,Khu vực đô thị,p01_b00112,1,16,0,False,3,94,94.0,13,16,True
B-train-01039-q01,B-train-01039,argmin,"Trong bảng 2 ở trang 1, Tuyến nào có Đúng giờ nhỏ nhất?",Tuyến,Đúng giờ,Hà Nội,p01_b00136,2,8,0,False,1,Hà Nội,p01_b00136,2,8,0,False,1,"82,0%",82.0,5,11,True
B-train-01039-q03,B-train-01039,argmin,"Trong bảng 2 ở trang 1, Tuyến nào có Doanh thu nhỏ nhất?",Tuyến,Doanh thu,Hà Nội – Hải Phòng,p01_b00127,2,7,0,True,2,Hà Nội – Hải Phòng,p01_b00127,2,7,0,True,2,69.440,69440.0,4,11,True
B-train-01039-q05,B-train-01039,argmax,"Trong bảng 2 ở trang 1, Tuyến nào có Hành khách lớn nhất?",Tuyến,Hành khách,TP.HCM – Cần Thơ,p01_b00179,2,13,0,False,2,TP.HCM – Cần Thơ,p01_b00179,2,13,0,False,2,1.476,1476.0,10,11,True
B-train-01039-q08,B-train-01039,argmax,"Trong bảng 1 ở trang 1, Phòng ban nào có Kế hoạch năm lớn nhất?",Phòng ban,Kế hoạch năm,Hành chính,p01_b00042,1,7,0,False,1,Hành chính,p01_b00042,1,7,0,False,1,9.608,9608.0,4,9,True
B-train-01040-q02,B-train-01040,argmax,"Trong bảng 1 ở trang 1, Nhóm chế độ nào có Kỳ này lớn nhất?",Nhóm chế độ,Kỳ này,Ốm đau,p01_b00091,1,15,0,False,2,Ốm đau,p01_b00091,1,15,0,False,2,8.934,8934.0,12,13,True
B-train-01040-q03,B-train-01040,argmax,"Trong bảng 1 ở trang 1, Nhóm chế độ nào có Trễ hạn lớn nhất?",Nhóm chế độ,Trễ hạn,Thai sản,p01_b00064,1,11,0,False,2,Thai sản,p01_b00064,1,11,0,False,2,87,87.0,8,13,True
B-train-01040-q05,B-train-01040,argmin,"Trong bảng 1 ở trang 1, Nhóm chế độ nào có Kỳ này nhỏ nhất?",Nhóm chế độ,Kỳ này,Thất nghiệp,p01_b00017,1,4,0,False,2,Thất nghiệp,p01_b00017,1,4,0,False,2,1.184,1184.0,1,13,True
B-train-01041-q04,B-train-01041,argmin,"Trong bảng 1 ở trang 1, Nhóm chế độ nào có Đã giải quyết nhỏ nhất?",Nhóm chế độ,Đã giải quyết,Thai sản,p01_b00038,1,6,0,False,3,Hải Phòng,p01_b00021,1,4,0,False,1,246,246.0,2,18,False
B-train-01041-q08,B-train-01041,argmin,"Trong bảng 1 ở trang 1, Nhóm chế độ nào có Chi trả nhỏ nhất?",Nhóm chế độ,Chi trả,Thai sản,p01_b00038,1,6,0,False,3,Thai sản,p01_b00038,1,6,0,False,3,592,592.0,3,18,True
B-train-01041-q10,B-train-01041,argmax,"Trong bảng 1 ở trang 1, Nhóm chế độ nào có Đã giải quyết lớn nhất?",Nhóm chế độ,Đã giải quyết,Tai nạn lao động,p01_b00135,1,17,0,False,3,Tai nạn lao động,p01_b00135,1,17,0,False,3,2330,2330.0,14,18,True
B-train-01042-q07,B-train-01042,argmin,"Trong bảng 1 ở trang 1, Địa bàn nào có Diện tích (ha) nhỏ nhất?",Địa bàn,Diện tích (ha),Đồng Nai,p01_b00086,1,14,0,False,2,Đồng Nai,p01_b00086,1,14,0,False,2,44,44.0,11,15,True
B-train-01042-q08,B-train-01042,argmin,"Trong bảng 1 ở trang 2, Địa bàn nào có Diện tích (ha) nhỏ nhất?",Địa bàn,Diện tích (ha),Lâm Đồng,p02_b00045,1,8,0,False,2,Lâm Đồng,p02_b00045,1,8,0,False,2,44,44.0,5,15,True
B-train-01042-q09,B-train-01042,argmax,"Trong bảng 1 ở trang 2, Địa bàn nào có Diện tích (ha) lớn nhất?",Địa bàn,Diện tích (ha),Đồng Nai,p02_b00031,1,6,0,False,1,Đồng Nai,p02_b00031,1,6,0,False,1,847,847.0,3,15,True
B-train-01043-q03,B-train-01043,argmin,"Trong bảng 1 ở trang 1, Khu vực nào có Tỷ lệ nhỏ nhất?",Khu vực,Tỷ lệ,Đồng bằng sông Cửu Long,p01_b00041,1,7,0,False,3,Đồng bằng sông Cửu Long,p01_b00041,1,7,0,False,3,"62,7%",62.7,4,15,True
B-train-01043-q08,B-train-01043,argmax,"Trong bảng 1 ở trang 1, Khu vực nào có Thực hiện lớn nhất?",Khu vực,Thực hiện,Miền Trung,p01_b00097,1,14,0,False,2,Miền Trung,p01_b00097,1,14,0,False,2,5.230,5230.0,11,15,True
B-train-01043-q10,B-train-01043,argmax,"Trong bảng 1 ở trang 1, Khu vực nào có Chênh lệch lớn nhất?",Khu vực,Chênh lệch,Tây Nguyên,p01_b00073,1,11,0,False,3,Tây Nguyên,p01_b00073,1,11,0,False,3,850,850.0,8,15,True
B-train-01044-q03,B-train-01044,argmin,"Trong bảng 1 ở trang 2, Nghiệp vụ nào có Phí bảo hiểm nhỏ nhất?",Nghiệp vụ,Phí bảo hiểm,Tài sản,p02_b00065,1,9,0,False,2,Tài sản,p02_b00065,1,9,0,False,2,288,288.0,6,11,True
B-train-01044-q05,B-train-01044,argmax,"Trong bảng 1 ở trang 1, Nghiệp vụ nào có Phí bảo hiểm lớn nhất?",Nghiệp vụ,Phí bảo hiểm,Xe cơ giới,p01_b00021,1,4,0,False,2,Xe cơ giới,p01_b00021,1,4,0,False,2,9.252,9252.0,1,11,True
B-train-01044-q09,B-train-01044,argmax,"Trong bảng 1 ở trang 2, Nghiệp vụ nào có Tỷ trọng (%) lớn nhất?",Nghiệp vụ,Tỷ trọng (%),Tai nạn con người,p02_b00083,1,11,0,False,2,Tai nạn con người,p02_b00083,1,11,0,False,2,"35,4%",35.4,8,11,True
B-train-01044-q10,B-train-01044,argmin,"Trong bảng 1 ở trang 2, Nghiệp vụ nào có Bồi thường nhỏ nhất?",Nghiệp vụ,Bồi thường,Tài sản,p02_b00065,1,9,0,False,2,Tài sản,p02_b00065,1,9,0,False,2,68,68.0,6,11,True
B-train-01045-q03,B-train-01045,argmin,"Trong bảng 1 ở trang 2, Địa bàn nào có Sản lượng (tấn) nhỏ nhất?",Địa bàn,Sản lượng (tấn),Cần Thơ,p02_b00045,1,8,0,False,2,Cần Thơ,p02_b00045,1,8,0,False,2,130,130.0,5,15,True
B-train-01045-q04,B-train-01045,argmax,"Trong bảng 1 ở trang 1, Địa bàn nào có Sản lượng (tấn) lớn nhất?",Địa bàn,Sản lượng (tấn),Hà Nội,p01_b00059,1,10,0,False,2,Hà Nội,p01_b00059,1,10,0,False,2,7.000,7000.0,7,14,True
B-train-01045-q06,B-train-01045,argmax,"Trong bảng 1 ở trang 2, Địa bàn nào có Sản lượng (tấn) lớn nhất?",Địa bàn,Sản lượng (tấn),Hà Nội,p02_b00010,1,3,0,False,2,Hà Nội,p02_b00010,1,3,0,False,2,7.794,7794.0,0,15,True
B-train-01045-q09,B-train-01045,argmin,"Trong bảng 1 ở trang 1, Địa bàn nào có Kế hoạch năm nhỏ nhất?",Địa bàn,Kế hoạch năm,Hải Phòng,p01_b00066,1,11,0,False,2,Hải Phòng,p01_b00066,1,11,0,False,2,1.951,1951.0,8,14,True
B-train-01046-q08,B-train-01046,argmin,"Trong bảng 1 ở trang 1, Dự án nào có Tiến độ nhỏ nhất?",Dự án,Tiến độ,Khu tái định cư,p01_b00135,1,17,0,False,3,Khu tái định cư,p01_b00135,1,17,0,False,3,"11,9%",11.9,14,15,True
B-train-01046-q09,B-train-01046,argmin,"Trong bảng 1 ở trang 1, Dự án nào có Giải ngân nhỏ nhất?",Dự án,Giải ngân,Đường vành đai,p01_b00021,1,4,0,False,2,Đường vành đai,p01_b00021,1,4,0,False,2,361,361.0,1,15,True
B-train-01047-q03,B-train-01047,argmax,"Trong bảng 1 ở trang 1, Địa bàn nào có Diện tích (ha) lớn nhất?",Địa bàn,Diện tích (ha),Hà Nội,p01_b00121,1,17,0,False,3,Hà Nội,p01_b00121,1,17,0,False,3,778,778.0,14,16,True
B-train-01047-q04,B-train-01047,argmin,"Trong bảng 1 ở trang 1, Địa bàn nào có Kỳ này nhỏ nhất?",Địa bàn,Kỳ này,Hải Phòng,p01_b00019,1,4,0,False,3,Hải Phòng,p01_b00019,1,4,0,False,3,360,360.0,1,16,True
B-train-01047-q05,B-train-01047,argmax,"Trong bảng 1 ở trang 1, Địa bàn nào có Kỳ này lớn nhất?",Địa bàn,Kỳ này,Hà Nội,p01_b00066,1,10,0,False,3,Hà Nội,p01_b00066,1,10,0,False,3,9.622,9622.0,7,16,True
B-train-01047-q07,B-train-01047,argmin,"Trong bảng 1 ở trang 1, Địa bàn nào có Tỷ trọng (%) nhỏ nhất?",Địa bàn,Tỷ trọng (%),Khánh Hòa,p01_b00035,1,6,0,False,2,Khánh Hòa,p01_b00035,1,6,0,False,2,"0,6%",0.6,3,16,True
B-train-01048-q02,B-train-01048,argmin,"Trong bảng 2 ở trang 1, Dự án nào có Giá trị hợp đồng nhỏ nhất?",Dự án,Giá trị hợp đồng,Nhà máy nước,p01_b00140,2,11,0,False,1,Trường liên cấp,p01_b00101,2,5,0,False,2,1.000,1000.0,2,11,False
B-train-01048-q03,B-train-01048,argmax,"Trong bảng 2 ở trang 1, Dự án nào có Lũy kế lớn nhất?",Dự án,Lũy kế,Cầu Đông Thành,p01_b00120,2,8,0,True,3,Cầu Đông Thành,p01_b00120,2,8,0,True,3,9.500,9500.0,5,11,True
B-train-01048-q09,B-train-01048,argmax,"Trong bảng 1 ở trang 1, Trạm nào có Sản lượng lớn nhất?",Trạm,Sản lượng,Miền Bắc,p01_b00010,1,3,0,False,1,Miền Bắc,p01_b00010,1,3,0,False,1,14.845,14845.0,1,10,True
B-train-01048-q10,B-train-01048,argmin,"Trong bảng 1 ở trang 1, Trạm nào có Sản lượng nhỏ nhất?",Trạm,Sản lượng,Trạm 110kV Bắc,p01_b00043,1,8,0,False,1,Trạm 110kV Bắc,p01_b00043,1,8,0,False,1,4.690,4690.0,5,10,True
B-train-01049-q01,B-train-01049,argmin,"Trong bảng 1 ở trang 1, Khoa nào có Tỷ trọng (%) nhỏ nhất?",Khoa,Tỷ trọng (%),Nội tổng hợp,p01_b00012,1,3,0,False,2,Tai Mũi Họng Đã đối chiếu,p01_b00054,1,8,0,False,1,"8,9%",8.9,5,8,False
B-train-01049-q04,B-train-01049,argmin,"Trong bảng 2 ở trang 1, Điểm đến nào có Công suất phòng nhỏ nhất?",Điểm đến,Công suất phòng,Vịnh Hạ Long,p01_b00093,2,3,0,False,1,Vịnh Hạ Long,p01_b00093,2,3,0,False,1,"61,3%",61.3,0,9,True
B-train-01049-q05,B-train-01049,argmax,"Trong bảng 2 ở trang 1, Điểm đến nào có Kế hoạch năm lớn nhất?",Điểm đến,Kế hoạch năm,Nha Trang,p01_b00163,2,11,0,False,2,Nha Trang,p01_b00163,2,11,0,False,2,9.253,9253.0,8,9,True
B-train-01049-q10,B-train-01049,argmax,"Trong bảng 2 ở trang 1, Điểm đến nào có Công suất phòng lớn nhất?",Điểm đến,Công suất phòng,Phố cổ Hội An,p01_b00102,2,4,0,False,2,Phố cổ Hội An,p01_b00102,2,4,0,False,2,"94,2%",94.2,1,9,True
B-train-01050-q04,B-train-01050,argmax,"Trong bảng 1 ở trang 2, Chi nhánh nào có Nợ quá hạn lớn nhất?",Chi nhánh,Nợ quá hạn,Hà Nội 01,p02_b00180,1,17,0,False,4,Hà Nội 01,p02_b00180,1,17,0,False,4,550,550.0,14,21,True
B-train-01050-q05,B-train-01050,argmax,"Trong bảng 1 ở trang 2, Chi nhánh nào có Huy động lớn nhất?",Chi nhánh,Huy động,Hải Phòng 02,p02_b00075,1,8,0,False,5,Hà Nội 01,p02_b00240,1,22,0,False,4,8.390,8390.0,19,21,False
B-train-01050-q07,B-train-01050,argmin,"Trong bảng 1 ở trang 2, Chi nhánh nào có Lũy kế nhỏ nhất?",Chi nhánh,Lũy kế,Hải Phòng 02,p02_b00075,1,8,0,False,5,Hải Phòng 02,p02_b00075,1,8,0,False,5,488,488.0,5,21,True
B-train-01050-q09,B-train-01050,argmin,"Trong bảng 1 ở trang 1, Chi nhánh nào có Huy động nhỏ nhất?",Chi nhánh,Huy động,Khánh Hòa 03,p01_b00051,1,6,0,False,4,Khánh Hòa 03,p01_b00051,1,6,0,False,4,780,780.0,3,21,True
B-train-01051-q01,B-train-01051,argmin,"Trong bảng 1 ở trang 2, Trạm nào có Tổn thất nhỏ nhất?",Trạm,Tổn thất,Trạm 110kV Bắc,p02_b00177,1,18,0,False,5,Trạm 110kV Bắc,p02_b00177,1,18,0,False,5,"1,3%",1.3,15,21,True
B-train-01051-q02,B-train-01051,argmax,"Trong bảng 1 ở trang 1, Trạm nào có Kế hoạch năm lớn nhất?",Trạm,Kế hoạch năm,Trạm Tây Đô,p01_b00156,1,16,0,False,4,Trạm Tây Đô,p01_b00156,1,16,0,False,4,9.824,9824.0,13,20,True
B-train-01051-q09,B-train-01051,argmax,"Trong bảng 1 ở trang 1, Trạm nào có Sự cố lớn nhất?",Trạm,Sự cố,Trạm Tây Đô,p01_b00156,1,16,0,False,4,Trạm Tây Đô,p01_b00156,1,16,0,False,4,7,7.0,13,20,True
B-train-01051-q10,B-train-01051,argmin,"Trong bảng 1 ở trang 1, Trạm nào có Tỷ trọng (%) nhỏ nhất?",Trạm,Tỷ trọng (%),Trạm 110kV Bắc,p01_b00069,1,8,0,False,4,Trạm 110kV Bắc,p01_b00069,1,8,0,False,4,"4,2%",4.2,5,20,True
B-train-01052-q04,B-train-01052,argmin,"Trong bảng 2 ở trang 1, Nghiệp vụ nào có Bồi thường nhỏ nhất?",Nghiệp vụ,Bồi thường,Tài sản,p01_b00205,2,10,0,False,2,Tài sản,p01_b00205,2,10,0,False,2,45,45.0,7,10,True
B-train-01052-q05,B-train-01052,argmax,"Trong bảng 1 ở trang 1, Kho/điểm nào có Tỷ trọng (%) lớn nhất?",Kho/điểm,Tỷ trọng (%),Kho Cần Thơ,p01_b00094,1,11,0,False,2,Kho Cần Thơ,p01_b00094,1,11,0,False,2,"37,9%",37.9,8,12,True
B-train-01052-q07,B-train-01052,argmax,"Trong bảng 1 ở trang 1, Kho/điểm nào có Chi phí lớn nhất?",Kho/điểm,Chi phí,Kho trung chuyển,p01_b00105,1,12,0,False,1,Kho Hà Nội,p01_b00116,1,13,0,False,2,367.865,367865.0,10,12,False
B-train-01052-q08,B-train-01052,argmin,"Trong bảng 1 ở trang 1, Kho/điểm nào có Đúng hạn nhỏ nhất?",Kho/điểm,Đúng hạn,Kho Cần Thơ,p01_b00094,1,11,0,False,2,Đồng bằng sông Cửu Long,p01_b00055,1,7,0,False,1,"78,8%",78.8,5,12,False
B-train-01053-q01,B-train-01053,argmax,"Trong bảng 1 ở trang 1, Trạm nào có Kế hoạch năm lớn nhất?",Trạm,Kế hoạch năm,Trạm Nam Sông,p01_b00088,1,10,0,True,2,Trạm Nam Sông,p01_b00088,1,10,0,True,2,8.647,8647.0,7,13,True
B-train-01053-q04,B-train-01053,argmax,"Trong bảng 1 ở trang 1, Trạm nào có Công suất đỉnh lớn nhất?",Trạm,Công suất đỉnh,Trạm 110kV Bắc,p01_b00014,1,3,0,False,2,Trạm 110kV Bắc,p01_b00014,1,3,0,False,2,856,856.0,0,13,True
B-train-01053-q08,B-train-01053,argmin,"Trong bảng 2 ở trang 1, Điểm bán nào có Hoàn trả nhỏ nhất?",Điểm bán,Hoàn trả,Điểm bán phía Bắc,p01_b00193,2,6,0,False,2,Điểm bán phía Bắc,p01_b00193,2,6,0,False,2,"0,1%",0.1,3,12,True
B-train-01053-q10,B-train-01053,argmin,"Trong bảng 1 ở trang 1, Trạm nào có Kế hoạch năm nhỏ nhất?",Trạm,Kế hoạch năm,Trạm 220kV Trung,p01_b00130,1,14,0,False,2,Trạm 220kV Trung,p01_b00130,1,14,0,False,2,1.584,1584.0,11,13,True
B-train-01054-q02,B-train-01054,argmin,"Trong bảng 1 ở trang 2, Tuyến nào có Hành khách nhỏ nhất?",Tuyến,Hành khách,TP.HCM – Cần Thơ,p02_b00015,1,3,0,False,5,TP.HCM – Cần Thơ,p02_b00015,1,3,0,False,5,240,240.0,0,18,True
B-train-01055-q04,B-train-01055,argmin,"Trong bảng 1 ở trang 1, Trạm nào có Tổn thất nhỏ nhất?",Trạm,Tổn thất,Trạm 220kV Trung,p01_b00020,1,4,0,False,2,Trạm Tây Đô,p01_b00078,1,11,0,False,2,"1,5%",1.5,8,12,False
B-train-01055-q05,B-train-01055,argmin,"Trong bảng 2 ở trang 1, Dự án nào có Kỳ trước nhỏ nhất?",Dự án,Kỳ trước,Cầu Đông Thành,p01_b00124,2,3,0,False,2,Cầu Đông Thành,p01_b00124,2,3,0,False,2,948,948.0,0,9,True
B-train-01055-q10,B-train-01055,argmax,"Trong bảng 2 ở trang 1, Dự án nào có Kế hoạch năm lớn nhất?",Dự án,Kế hoạch năm,Cầu Đông Thành,p01_b00169,2,8,0,False,2,Cầu Đông Thành,p01_b00169,2,8,0,False,2,8.382,8382.0,5,9,True
B-train-01056-q03,B-train-01056,argmax,"Trong bảng 2 ở trang 1, Gói thầu nào có Kế hoạch năm lớn nhất?",Gói thầu,Kế hoạch năm,GT82,p01_b00198,2,10,0,False,1,GT82,p01_b00198,2,10,0,False,1,8.114,8114.0,7,10,True
B-train-01056-q07,B-train-01056,argmin,"Trong bảng 2 ở trang 1, Gói thầu nào có Giá dự toán nhỏ nhất?",Gói thầu,Giá dự toán,Miền Trung,p01_b00159,2,6,0,False,1,Miền Trung,p01_b00159,2,6,0,False,1,150,150.0,3,10,True
B-train-01056-q08,B-train-01056,argmin,"Trong bảng 2 ở trang 1, Gói thầu nào có Giá trúng nhỏ nhất?",Gói thầu,Giá trúng,Miền Trung,p01_b00159,2,6,0,False,1,Miền Trung,p01_b00159,2,6,0,False,1,100,100.0,3,10,True
B-train-01056-q10,B-train-01056,argmax,"Trong bảng 2 ở trang 1, Gói thầu nào có Giá dự toán lớn nhất?",Gói thầu,Giá dự toán,GT86,p01_b00149,2,5,0,False,1,GT86,p01_b00149,2,5,0,False,1,2.470,2470.0,2,10,True
B-train-01057-q02,B-train-01057,argmax,"Trong bảng 1 ở trang 2, Tuyến nào có Đúng giờ lớn nhất?",Tuyến,Đúng giờ,TP.HCM – Cần Thơ,p02_b00102,1,11,0,False,4,TP.HCM – Cần Thơ,p02_b00102,1,11,0,False,4,"97,7%",97.7,8,18,True
B-train-01057-q03,B-train-01057,argmin,"Trong bảng 1 ở trang 2, Tuyến nào có Kỳ này nhỏ nhất?",Tuyến,Kỳ này,TP.HCM – Cần Thơ,p02_b00102,1,11,0,False,4,TP.HCM – Cần Thơ,p02_b00102,1,11,0,False,4,759,759.0,8,18,True
B-train-01057-q05,B-train-01057,argmin,"Trong bảng 1 ở trang 2, Tuyến nào có Kế hoạch năm nhỏ nhất?",Tuyến,Kế hoạch năm,TP.HCM – Cần Thơ,p02_b00014,1,3,0,False,5,TP.HCM – Cần Thơ,p02_b00014,1,3,0,False,5,361,361.0,0,18,True
B-train-01057-q09,B-train-01057,argmax,"Trong bảng 1 ở trang 1, Tuyến nào có Hành khách lớn nhất?",Tuyến,Hành khách,Nha Trang – Đà Lạt,p01_b00178,1,18,0,False,4,Đà Nẵng – Huế,p01_b00200,1,20,0,False,4,1.848,1848.0,17,18,False
B-train-01058-q05,B-train-01058,argmin,"Trong bảng 1 ở trang 1, Địa bàn nào có Sản lượng (tấn) nhỏ nhất?",Địa bàn,Sản lượng (tấn),Hải Phòng,p01_b00102,1,11,0,True,1,Hải Phòng,p01_b00102,1,11,0,True,1,297,297.0,8,9,True
B-train-01058-q08,B-train-01058,argmax,"Trong bảng 2 ở trang 1, Mã hàng nào có Xuất lớn nhất?",Mã hàng,Xuất,VT656,p01_b00153,2,5,0,False,1,VT656,p01_b00153,2,5,0,False,1,166,166.0,2,13,True
B-train-01058-q09,B-train-01058,argmin,"Trong bảng 2 ở trang 1, Mã hàng nào có Tồn cuối nhỏ nhất?",Mã hàng,Tồn cuối,VT015,p01_b00141,2,4,0,False,1,VT015,p01_b00141,2,4,0,False,1,2,2.0,1,13,True
B-train-01059-q01,B-train-01059,argmin,"Trong bảng 1 ở trang 2, Điểm đến nào có Kế hoạch năm nhỏ nhất?",Điểm đến,Kế hoạch năm,Vịnh Hạ Long,p02_b00015,1,3,0,False,1,Vịnh Hạ Long,p02_b00015,1,3,0,False,1,1.191,1191.0,0,9,True
B-train-01059-q05,B-train-01059,argmin,"Trong bảng 1 ở trang 2, Điểm đến nào có Kỳ trước nhỏ nhất?",Điểm đến,Kỳ trước,Khánh Hòa,p02_b00081,1,9,0,True,1,Khánh Hòa,p02_b00081,1,9,0,True,1,145,145.0,6,9,True
B-train-01059-q09,B-train-01059,argmax,"Trong bảng 1 ở trang 1, Điểm quan trắc nào có BOD5 lớn nhất?",Điểm quan trắc,BOD5,Hồ Xuân Hương,p01_b00036,1,5,0,False,2,Hồ Xuân Hương,p01_b00036,1,5,0,False,2,39,39.0,2,11,True
B-train-01059-q10,B-train-01059,argmax,"Trong bảng 1 ở trang 2, Điểm đến nào có Tỷ trọng (%) lớn nhất?",Điểm đến,Tỷ trọng (%),Phú Quốc,p02_b00059,1,7,0,False,1,Khánh Hòa,p02_b00081,1,9,0,True,1,"36,3%",36.3,7,9,False
B-train-01060-q08,B-train-01060,argmin,"Trong bảng 1 ở trang 1, Khu vực nào có Chênh lệch nhỏ nhất?",Khu vực,Chênh lệch,Đồng Nai,p01_b00050,1,7,0,False,1,Đồng Nai,p01_b00050,1,7,0,False,1,-410,-410.0,4,9,True
B-train-01060-q10,B-train-01060,argmax,"Trong bảng 1 ở trang 1, Khu vực nào có Lũy kế lớn nhất?",Khu vực,Lũy kế,Miền Bắc,p01_b00013,1,3,0,False,1,Miền Bắc,p01_b00013,1,3,0,False,1,8.583,8583.0,0,9,True
B-train-01061-q01,B-train-01061,argmin,"Trong bảng 2 ở trang 1, Điểm quan trắc nào có Tỷ trọng (%) nhỏ nhất?",Điểm quan trắc,Tỷ trọng (%),Hồ Xuân Hương,p01_b00244,2,15,0,False,2,Lâm Đồng,p01_b00177,2,9,0,False,1,"4,1%",4.1,7,13,False
B-train-01061-q03,B-train-01061,argmin,"Trong bảng 1 ở trang 1, Đơn vị nào có Kỳ này nhỏ nhất?",Đơn vị,Kỳ này,THPT Lê Quý Đôn,p01_b00023,1,4,0,False,2,THPT Lê Quý Đôn,p01_b00023,1,4,0,False,2,327,327.0,1,9,True
B-train-01061-q07,B-train-01061,argmax,"Trong bảng 1 ở trang 1, Đơn vị nào có Kế hoạch năm lớn nhất?",Đơn vị,Kế hoạch năm,THPT Nguyễn Trãi,p01_b00057,1,8,0,False,2,THPT Nguyễn Trãi,p01_b00057,1,8,0,False,2,8.923,8923.0,5,9,True
B-train-01061-q08,B-train-01061,argmax,"Trong bảng 2 ở trang 1, Điểm quan trắc nào có BOD5 lớn nhất?",Điểm quan trắc,BOD5,Sông Hồng,p01_b00109,2,3,0,False,2,Sông Hồng,p01_b00109,2,3,0,False,2,43,43.0,0,13,True
B-train-01062-q02,B-train-01062,argmin,"Trong bảng 1 ở trang 2, Phòng ban nào có Hiện có nhỏ nhất?",Phòng ban,Hiện có,Hành chính,p02_b00050,1,6,0,False,3,Hành chính,p02_b00050,1,6,0,False,3,5,5.0,3,19,True
B-train-01062-q09,B-train-01062,argmin,"Trong bảng 1 ở trang 1, Phòng ban nào có Kỳ này nhỏ nhất?",Phòng ban,Kỳ này,Hành chính,p01_b00063,1,7,0,True,3,Hành chính,p01_b00063,1,7,0,True,3,2.698,2698.0,4,19,True
B-train-01062-q10,B-train-01062,argmax,"Trong bảng 1 ở trang 2, Phòng ban nào có Tuyển mới lớn nhất?",Phòng ban,Tuyển mới,Vận hành,p02_b00098,1,10,0,False,3,Vận hành,p02_b00098,1,10,0,False,3,6,6.0,7,19,True
B-train-01063-q02,B-train-01063,argmin,"Trong bảng 1 ở trang 1, Trạm nào có Sự cố nhỏ nhất?",Trạm,Sự cố,Trạm Nam Sông,p01_b00094,1,10,0,True,2,Trạm Nam Sông,p01_b00094,1,10,0,True,2,0,0.0,7,11,True
B-train-01063-q05,B-train-01063,argmax,"Trong bảng 2 ở trang 1, Gói thầu nào có Kế hoạch năm lớn nhất?",Gói thầu,Kế hoạch năm,Hải Phòng,p01_b00198,2,8,0,False,1,Hải Phòng,p01_b00198,2,8,0,False,1,6.399,6399.0,6,14,True
B-train-01064-q03,B-train-01064,argmin,"Trong bảng 1 ở trang 1, Nghiệp vụ nào có Tỷ lệ nhỏ nhất?",Nghiệp vụ,Tỷ lệ,Tai nạn con người,p01_b00057,1,7,0,False,1,Tai nạn con người,p01_b00057,1,7,0,False,1,"10,7%",10.7,4,14,True
B-train-01064-q06,B-train-01064,argmax,"Trong bảng 1 ở trang 1, Nghiệp vụ nào có Kỳ trước lớn nhất?",Nghiệp vụ,Kỳ trước,Miền Bắc,p01_b00107,1,12,0,False,1,Miền Bắc,p01_b00107,1,12,0,False,1,9.620,9620.0,9,14,True
B-train-01064-q07,B-train-01064,argmax,"Trong bảng 2 ở trang 1, Nghiệp vụ nào có Kỳ trước lớn nhất?",Nghiệp vụ,Kỳ trước,Xe cơ giới,p01_b00240,2,9,0,False,3,Xe cơ giới,p01_b00240,2,9,0,False,3,7.308,7308.0,6,13,True
B-train-01064-q09,B-train-01064,argmin,"Trong bảng 1 ở trang 1, Nghiệp vụ nào có Phí bảo hiểm nhỏ nhất?",Nghiệp vụ,Phí bảo hiểm,Tài sản,p01_b00088,1,10,0,False,3,Miền Bắc,p01_b00107,1,12,0,False,1,525,525.0,10,14,False
B-train-01065-q09,B-train-01065,argmin,"Trong bảng 1 ở trang 1, Phòng ban nào có Kế hoạch năm nhỏ nhất?",Phòng ban,Kế hoạch năm,Kế toán,p01_b00026,1,4,0,True,1,Kế toán,p01_b00026,1,4,0,True,1,104,104.0,1,11,True
B-train-01065-q10,B-train-01065,argmin,"Trong bảng 2 ở trang 1, Mã hàng nào có Tồn cuối nhỏ nhất?",Mã hàng,Tồn cuối,VT269,p01_b00152,2,3,0,False,1,VT269,p01_b00152,2,3,0,False,1,13,13.0,0,11,True
B-train-01066-q01,B-train-01066,argmin,"Trong bảng 1 ở trang 2, Chi nhánh nào có Lũy kế nhỏ nhất?",Chi nhánh,Lũy kế,Cần Thơ 02,p02_b00036,1,5,0,False,4,Cần Thơ 02,p02_b00036,1,5,0,False,4,778,778.0,2,18,True
B-train-01066-q03,B-train-01066,argmin,"Trong bảng 1 ở trang 2, Chi nhánh nào có Tỷ trọng (%) nhỏ nhất?",Chi nhánh,Tỷ trọng (%),Khánh Hòa 03,p02_b00078,1,9,0,False,4,Khánh Hòa 03,p02_b00078,1,9,0,False,4,"2,8%",2.8,6,18,True
B-train-01066-q05,B-train-01066,argmax,"Trong bảng 1 ở trang 1, Chi nhánh nào có Huy động lớn nhất?",Chi nhánh,Huy động,Cần Thơ 02,p01_b00058,1,7,0,False,3,Cần Thơ 02,p01_b00058,1,7,0,False,3,10.200,10200.0,4,17,True
B-train-01066-q09,B-train-01066,argmax,"Trong bảng 1 ở trang 1, Chi nhánh nào có Tỷ trọng (%) lớn nhất?",Chi nhánh,Tỷ trọng (%),Hải Phòng 02,p01_b00079,1,9,0,False,4,Hải Phòng 02,p01_b00079,1,9,0,False,4,"34,8%",34.8,6,17,True
B-train-01067-q03,B-train-01067,argmin,"Trong bảng 1 ở trang 1, Chi nhánh nào có Tăng trưởng nhỏ nhất?",Chi nhánh,Tăng trưởng,Khánh Hòa 03,p01_b00041,1,6,0,False,3,Khánh Hòa 03,p01_b00041,1,6,0,False,3,"-2,3%",-2.3,3,14,True
B-train-01067-q07,B-train-01067,argmax,"Trong bảng 1 ở trang 1, Chi nhánh nào có Tăng trưởng lớn nhất?",Chi nhánh,Tăng trưởng,Hải Phòng 02,p01_b00116,1,14,0,False,2,Hải Phòng 02,p01_b00116,1,14,0,False,2,"14,6%",14.6,11,14,True
B-train-01067-q08,B-train-01067,argmax,"Trong bảng 2 ở trang 1, Khu vực nào có Chênh lệch lớn nhất?",Khu vực,Chênh lệch,Miền Nam,p01_b00202,2,8,0,False,3,Miền Nam,p01_b00202,2,8,0,False,3,650,650.0,5,13,True
B-train-01067-q09,B-train-01067,argmin,"Trong bảng 1 ở trang 1, Chi nhánh nào có Lũy kế nhỏ nhất?",Chi nhánh,Lũy kế,Hà Nội 01,p01_b00061,1,8,0,False,2,Hà Nội 01,p01_b00061,1,8,0,False,2,1.460,1460.0,5,14,True
B-train-01068-q03,B-train-01068,argmin,"Trong bảng 1 ở trang 1, Điểm đến nào có Kỳ này nhỏ nhất?",Điểm đến,Kỳ này,Phố cổ Hội An,p01_b00078,1,9,0,False,4,Phố cổ Hội An,p01_b00078,1,9,0,False,4,1.188,1188.0,6,18,True
B-train-01068-q04,B-train-01068,argmin,"Trong bảng 1 ở trang 1, Điểm đến nào có Doanh thu nhỏ nhất?",Điểm đến,Doanh thu,Nha Trang,p01_b00154,1,16,0,False,3,Nha Trang,p01_b00154,1,16,0,False,3,43.116,43116.0,13,18,True
B-train-01068-q09,B-train-01068,argmax,"Trong bảng 1 ở trang 2, Điểm đến nào có Tỷ trọng (%) lớn nhất?",Điểm đến,Tỷ trọng (%),Nha Trang,p02_b00123,1,13,0,False,4,Nha Trang,p02_b00123,1,13,0,False,4,"35,8%",35.8,10,19,True
B-train-01069-q02,B-train-01069,argmax,"Trong bảng 1 ở trang 1, Điểm đến nào có Tỷ trọng (%) lớn nhất?",Điểm đến,Tỷ trọng (%),Đà Lạt,p01_b00124,1,15,0,False,3,Lâm Đồng,p01_b00059,1,8,0,False,1,"36,4%",36.4,6,13,False
B-train-01069-q03,B-train-01069,argmax,"Trong bảng 2 ở trang 1, Chi nhánh nào có Kỳ này lớn nhất?",Chi nhánh,Kỳ này,Đà Nẵng 01,p01_b00166,2,5,0,False,2,Lâm Đồng,p01_b00185,2,7,0,False,1,8.923,8923.0,5,10,False
B-train-01069-q09,B-train-01069,argmin,"Trong bảng 1 ở trang 1, Điểm đến nào có Doanh thu nhỏ nhất?",Điểm đến,Doanh thu,Phú Quốc,p01_b00097,1,12,0,True,2,Phú Quốc,p01_b00097,1,12,0,True,2,15.698,15698.0,9,13,True
B-train-01069-q10,B-train-01069,argmin,"Trong bảng 1 ở trang 1, Điểm đến nào có Kỳ này nhỏ nhất?",Điểm đến,Kỳ này,Đà Lạt,p01_b00124,1,15,0,False,2,Đà Lạt,p01_b00124,1,15,0,False,2,918,918.0,12,13,True
B-train-01070-q01,B-train-01070,argmax,"Trong bảng 1 ở trang 2, Phòng ban nào có Lũy kế lớn nhất?",Phòng ban,Lũy kế,Chăm sóc khách hàng,p02_b00069,1,8,0,True,3,Chăm sóc khách hàng,p02_b00069,1,8,0,True,3,9.937,9937.0,5,19,True
B-train-01070-q02,B-train-01070,argmin,"Trong bảng 1 ở trang 1, Phòng ban nào có Thiếu/thừa nhỏ nhất?",Phòng ban,Thiếu/thừa,Kinh doanh,p01_b00014,1,3,0,False,3,Kinh doanh,p01_b00014,1,3,0,False,3,-8,-8.0,0,18,True
B-train-01070-q03,B-train-01070,argmax,"Trong bảng 1 ở trang 2, Phòng ban nào có Hiện có lớn nhất?",Phòng ban,Hiện có,Kinh doanh,p02_b00144,1,15,0,False,4,Kinh doanh,p02_b00144,1,15,0,False,4,43,43.0,12,19,True
B-train-01071-q04,B-train-01071,argmin,"Trong bảng 1 ở trang 2, Địa bàn nào có Kế hoạch năm nhỏ nhất?",Địa bàn,Kế hoạch năm,Hà Nội,p02_b00087,1,10,0,False,2,Hà Nội,p02_b00087,1,10,0,False,2,2.723,2723.0,7,11,True
B-train-01071-q05,B-train-01071,argmax,"Trong bảng 1 ở trang 2, Địa bàn nào có Lũy kế lớn nhất?",Địa bàn,Lũy kế,Cần Thơ,p02_b00066,1,8,0,False,1,Cần Thơ,p02_b00066,1,8,0,False,1,9.441,9441.0,5,11,True
B-train-01071-q08,B-train-01071,argmin,"Trong bảng 1 ở trang 2, Địa bàn nào có Sản lượng (tấn) nhỏ nhất?",Địa bàn,Sản lượng (tấn),Cần Thơ,p02_b00066,1,8,0,False,1,Hải Phòng,p02_b00025,1,4,0,False,3,696,696.0,1,11,False
B-train-01072-q02,B-train-01072,argmin,"Trong bảng 2 ở trang 1, Kho/điểm nào có Kế hoạch năm nhỏ nhất?",Kho/điểm,Kế hoạch năm,Kho Đà Nẵng,p01_b00164,2,4,0,False,2,Kho Đà Nẵng,p01_b00164,2,4,0,False,2,698,698.0,1,14,True
B-train-01072-q04,B-train-01072,argmax,"Trong bảng 1 ở trang 2, Phòng ban nào có Tỷ trọng (%) lớn nhất?",Phòng ban,Tỷ trọng (%),Kinh doanh,p02_b00013,1,3,0,False,3,Kinh doanh,p02_b00013,1,3,0,False,3,"33,8%",33.8,0,13,True
B-train-01072-q06,B-train-01072,argmax,"Trong bảng 1 ở trang 2, Phòng ban nào có Định biên lớn nhất?",Phòng ban,Định biên,Vận hành,p02_b00033,1,5,0,True,1,Vận hành,p02_b00033,1,5,0,True,1,44,44.0,2,13,True
B-train-01073-q04,B-train-01073,argmin,"Trong bảng 2 ở trang 1, Đơn vị nào có Thí sinh nhỏ nhất?",Đơn vị,Thí sinh,Tây Nguyên,p01_b00211,2,6,0,False,1,THPT Nguyễn Trãi,p01_b00228,2,8,0,False,2,27,27.0,5,12,False
B-train-01073-q05,B-train-01073,argmax,"Trong bảng 1 ở trang 2, Khoa nào có Kế hoạch năm lớn nhất?",Khoa,Kế hoạch năm,Nhi,p02_b00034,1,5,0,True,2,Nhi,p02_b00034,1,5,0,True,2,9.681,9681.0,2,11,True
B-train-01073-q06,B-train-01073,argmin,"Trong bảng 1 ở trang 1, Địa bàn nào có Lũy kế nhỏ nhất?",Địa bàn,Lũy kế,Lâm Đồng,p01_b00162,1,16,0,False,2,Lâm Đồng,p01_b00162,1,16,0,False,2,191,191.0,13,14,True
B-train-01073-q10,B-train-01073,argmax,"Trong bảng 1 ở trang 1, Địa bàn nào có Sản lượng (tấn) lớn nhất?",Địa bàn,Sản lượng (tấn),Lâm Đồng,p01_b00162,1,16,0,False,2,Lâm Đồng,p01_b00162,1,16,0,False,2,6.507,6507.0,13,14,True
B-train-01074-q01,B-train-01074,argmax,"Trong bảng 1 ở trang 1, Nghiệp vụ nào có Hợp đồng lớn nhất?",Nghiệp vụ,Hợp đồng,Miền Nam,p01_b00058,1,7,0,False,1,Miền Nam,p01_b00058,1,7,0,False,1,701,701.0,4,10,True
B-train-01074-q02,B-train-01074,argmin,"Trong bảng 1 ở trang 1, Nghiệp vụ nào có Phí bảo hiểm nhỏ nhất?",Nghiệp vụ,Phí bảo hiểm,Hàng hóa,p01_b00102,1,11,0,False,2,Hàng hóa,p01_b00102,1,11,0,False,2,172,172.0,8,10,True
B-train-01074-q06,B-train-01074,argmax,"Trong bảng 1 ở trang 1, Nghiệp vụ nào có Phí bảo hiểm lớn nhất?",Nghiệp vụ,Phí bảo hiểm,Sức khỏe,p01_b00015,1,3,0,False,1,Sức khỏe,p01_b00015,1,3,0,False,1,8.437,8437.0,0,10,True
B-train-01075-q06,B-train-01075,argmax,"Trong bảng 1 ở trang 1, Phòng ban nào có Tỷ trọng (%) lớn nhất?",Phòng ban,Tỷ trọng (%),Hành chính,p01_b00055,1,7,0,False,2,Hành chính,p01_b00055,1,7,0,False,2,"37,7%",37.7,4,12,True
B-train-01075-q09,B-train-01075,argmin,"Trong bảng 1 ở trang 1, Phòng ban nào có Lũy kế nhỏ nhất?",Phòng ban,Lũy kế,Kế toán,p01_b00083,1,10,0,False,1,Hành chính,p01_b00116,1,13,0,True,2,781,781.0,10,12,False
B-train-01075-q10,B-train-01075,argmin,"Trong bảng 2 ở trang 1, Gói thầu nào có Kế hoạch năm nhỏ nhất?",Gói thầu,Kế hoạch năm,GT53,p01_b00151,2,3,0,False,1,GT53,p01_b00151,2,3,0,False,1,2.942,2942.0,0,9,True
B-train-01076-q02,B-train-01076,argmax,"Trong bảng 2 ở trang 1, Mã hàng nào có Xuất lớn nhất?",Mã hàng,Xuất,VT250,p01_b00201,2,8,0,False,1,VT250,p01_b00201,2,8,0,False,1,48,48.0,5,9,True
B-train-01076-q07,B-train-01076,argmax,"Trong bảng 1 ở trang 1, Trạm nào có Kỳ trước lớn nhất?",Trạm,Kỳ trước,Trạm 110kV Bắc,p01_b00063,1,8,0,False,3,Trạm 110kV Bắc,p01_b00063,1,8,0,False,3,8.040,8040.0,5,12,True
B-train-01077-q03,B-train-01077,argmax,"Trong bảng 1 ở trang 1, Khu vực nào có Kỳ trước lớn nhất?",Khu vực,Kỳ trước,Miền Nam,p01_b00066,1,10,0,False,1,Miền Nam,p01_b00066,1,10,0,False,1,6.563,6563.0,7,9,True
B-train-01077-q05,B-train-01077,argmax,"Trong bảng 1 ở trang 1, Khu vực nào có Thực hiện lớn nhất?",Khu vực,Thực hiện,Tây Nguyên,p01_b00075,1,11,0,True,3,Tây Nguyên,p01_b00075,1,11,0,True,3,4.480,4480.0,8,9,True
B-train-01077-q06,B-train-01077,argmin,"Trong bảng 1 ở trang 1, Khu vực nào có Chênh lệch nhỏ nhất?",Khu vực,Chênh lệch,Miền Nam,p01_b00026,1,5,0,False,2,Miền Nam,p01_b00026,1,5,0,False,2,-540,-540.0,2,9,True
B-train-01077-q09,B-train-01077,argmin,"Trong bảng 2 ở trang 1, Chi nhánh nào có Kỳ trước nhỏ nhất?",Chi nhánh,Kỳ trước,Khánh Hòa 03,p01_b00162,2,11,0,False,2,Khánh Hòa 03,p01_b00162,2,11,0,False,2,899,899.0,8,11,True
B-train-01078-q02,B-train-01078,argmin,"Trong bảng 2 ở trang 1, Điểm đến nào có Tỷ trọng (%) nhỏ nhất?",Điểm đến,Tỷ trọng (%),Nha Trang,p01_b00222,2,11,0,False,2,Lâm Đồng,p01_b00203,2,9,0,False,1,"4,7%",4.7,7,11,False
B-train-01078-q07,B-train-01078,argmax,"Trong bảng 1 ở trang 1, Tuyến nào có Đúng giờ lớn nhất?",Tuyến,Đúng giờ,Nha Trang – Đà Lạt,p01_b00072,1,10,0,False,3,Nha Trang – Đà Lạt,p01_b00072,1,10,0,False,3,"99,0%",99.0,7,14,True
B-train-01078-q09,B-train-01078,argmin,"Trong bảng 2 ở trang 1, Điểm đến nào có Công suất phòng nhỏ nhất?",Điểm đến,Công suất phòng,Phú Quốc,p01_b00233,2,12,0,False,1,Phú Quốc,p01_b00233,2,12,0,False,1,"53,7%",53.7,9,11,True
B-train-01079-q04,B-train-01079,argmax,"Trong bảng 1 ở trang 1, Điểm quan trắc nào có COD lớn nhất?",Điểm quan trắc,COD,Sông Hương,p01_b00066,1,9,0,True,1,Sông Hương,p01_b00066,1,9,0,True,1,92,92.0,6,9,True
B-train-01079-q05,B-train-01079,argmin,"Trong bảng 1 ở trang 1, Điểm quan trắc nào có Kỳ này nhỏ nhất?",Điểm quan trắc,Kỳ này,Sông Hồng,p01_b00013,1,3,0,False,1,Sông Hồng,p01_b00013,1,3,0,False,1,2.644,2644.0,0,9,True
B-train-01079-q06,B-train-01079,argmax,"Trong bảng 1 ở trang 1, Điểm quan trắc nào có pH lớn nhất?",Điểm quan trắc,pH,KCN Long Thành,p01_b00085,1,11,0,False,1,KCN Long Thành,p01_b00085,1,11,0,False,1,"7,32",7.32,8,9,True
B-train-01080-q01,B-train-01080,argmin,"Trong bảng 1 ở trang 2, Địa bàn nào có Kỳ này nhỏ nhất?",Địa bàn,Kỳ này,Khánh Hòa,p02_b00115,1,13,0,False,2,Khánh Hòa,p02_b00115,1,13,0,False,2,1.373,1373.0,10,11,True
B-train-01080-q05,B-train-01080,argmin,"Trong bảng 1 ở trang 2, Địa bàn nào có Sản lượng (tấn) nhỏ nhất?",Địa bàn,Sản lượng (tấn),Cần Thơ,p02_b00067,1,8,0,False,1,Cần Thơ,p02_b00067,1,8,0,False,1,240,240.0,5,11,True
B-train-01080-q06,B-train-01080,argmax,"Trong bảng 1 ở trang 2, Địa bàn nào có Kỳ này lớn nhất?",Địa bàn,Kỳ này,Hải Phòng,p02_b00025,1,4,0,False,1,Hải Phòng,p02_b00025,1,4,0,False,1,9.592,9592.0,1,11,True
B-train-01080-q09,B-train-01080,argmax,"Trong bảng 2 ở trang 1, Khoa nào có Kế hoạch năm lớn nhất?",Khoa,Kế hoạch năm,Mắt,p01_b00182,2,7,0,False,1,Mắt,p01_b00182,2,7,0,False,1,8.556,8556.0,4,14,True
B-train-01081-q01,B-train-01081,argmin,"Trong bảng 1 ở trang 2, Khu vực nào có Thực hiện nhỏ nhất?",Khu vực,Thực hiện,Miền Nam,p02_b00015,1,3,0,False,4,Miền Nam,p02_b00015,1,3,0,False,4,700,700.0,0,18,True
B-train-01081-q02,B-train-01081,argmin,"Trong bảng 1 ở trang 1, Khu vực nào có Thực hiện nhỏ nhất?",Khu vực,Thực hiện,Miền Trung,p01_b00087,1,9,0,False,2,Miền Trung,p01_b00087,1,9,0,False,2,960,960.0,6,17,True
B-train-01081-q05,B-train-01081,argmax,"Trong bảng 1 ở trang 1, Khu vực nào có Lũy kế lớn nhất?",Khu vực,Lũy kế,Miền Trung,p01_b00087,1,9,0,False,3,Miền Trung,p01_b00087,1,9,0,False,3,9.734,9734.0,6,17,True
B-train-01081-q10,B-train-01081,argmax,"Trong bảng 1 ở trang 1, Khu vực nào có Chênh lệch lớn nhất?",Khu vực,Chênh lệch,Đồng bằng sông Cửu Long,p01_b00179,1,17,0,False,3,Đồng bằng sông Cửu Long,p01_b00179,1,17,0,False,3,880,880.0,14,17,True
B-train-01082-q05,B-train-01082,argmax,"Trong bảng 1 ở trang 1, Mã hàng nào có Nhập lớn nhất?",Mã hàng,Nhập,VT926,p01_b00047,1,6,0,False,2,VT926,p01_b00047,1,6,0,False,2,99,99.0,3,18,True
B-train-01082-q07,B-train-01082,argmin,"Trong bảng 1 ở trang 2, Mã hàng nào có Kỳ trước nhỏ nhất?",Mã hàng,Kỳ trước,VT495,p02_b00046,1,6,0,False,1,VT495,p02_b00046,1,6,0,False,1,277,277.0,3,18,True
B-train-01082-q08,B-train-01082,argmin,"Trong bảng 1 ở trang 2, Mã hàng nào có Lũy kế nhỏ nhất?",Mã hàng,Lũy kế,VT588,p02_b00133,1,14,0,False,1,VT588,p02_b00133,1,14,0,False,1,676,676.0,11,18,True
B-train-01083-q05,B-train-01083,argmin,"Trong bảng 1 ở trang 2, Khoa nào có Tỷ trọng (%) nhỏ nhất?",Khoa,Tỷ trọng (%),Tai Mũi Họng,p02_b00191,1,23,0,False,3,Tai Mũi Họng,p02_b00191,1,23,0,False,3,"2,8%",2.8,20,21,True
B-train-01083-q07,B-train-01083,argmax,"Trong bảng 1 ở trang 2, Khoa nào có Kỳ trước lớn nhất?",Khoa,Kỳ trước,Sản,p02_b00119,1,15,0,False,4,Sản,p02_b00119,1,15,0,False,4,9.609,9609.0,12,21,True
B-train-01083-q08,B-train-01083,argmax,"Trong bảng 1 ở trang 1, Khoa nào có Tỷ trọng (%) lớn nhất?",Khoa,Tỷ trọng (%),Mắt,p01_b00047,1,7,0,False,3,Mắt,p01_b00047,1,7,0,False,3,"34,5%",34.5,4,21,True
B-train-01083-q09,B-train-01083,argmin,"Trong bảng 1 ở trang 2, Khoa nào có Kỳ trước nhỏ nhất?",Khoa,Kỳ trước,Tai Mũi Họng,p02_b00137,1,17,0,False,3,Mắt,p02_b00021,1,4,0,False,4,1.152,1152.0,1,21,False
B-train-01084-q01,B-train-01084,argmin,"Trong bảng 1 ở trang 1, Chi nhánh nào có Kỳ này nhỏ nhất?",Chi nhánh,Kỳ này,Hà Nội 01,p01_b00069,1,8,0,False,3,Hà Nội 01,p01_b00069,1,8,0,False,3,794,794.0,5,15,True
B-train-01084-q10,B-train-01084,argmin,"Trong bảng 1 ở trang 2, Chi nhánh nào có Tăng trưởng nhỏ nhất?",Chi nhánh,Tăng trưởng,Khánh Hòa 03,p02_b00101,1,11,0,False,3,Khánh Hòa 03,p02_b00101,1,11,0,False,3,"-2,3%",-2.3,8,16,True
B-train-01085-q04,B-train-01085,argmin,"Trong bảng 2 ở trang 1, Đơn vị nào có Đạt nhỏ nhất?",Đơn vị,Đạt,THPT Phan Bội Châu,p01_b00234,2,11,0,False,2,THPT Phan Bội Châu,p01_b00234,2,11,0,False,2,15,15.0,8,11,True
B-train-01085-q06,B-train-01085,argmax,"Trong bảng 2 ở trang 1, Đơn vị nào có Lũy kế lớn nhất?",Đơn vị,Lũy kế,THPT Phan Bội Châu,p01_b00185,2,6,0,True,1,THPT Phan Bội Châu,p01_b00185,2,6,0,True,1,9.315,9315.0,3,11,True
B-train-01085-q07,B-train-01085,argmin,"Trong bảng 1 ở trang 1, Điểm quan trắc nào có Kỳ này nhỏ nhất?",Điểm quan trắc,Kỳ này,Cửa biển Đà Nẵng,p01_b00052,1,7,0,False,1,Cửa biển Đà Nẵng,p01_b00052,1,7,0,False,1,159,159.0,4,14,True
B-train-01085-q08,B-train-01085,argmax,"Trong bảng 1 ở trang 1, Điểm quan trắc nào có Kỳ này lớn nhất?",Điểm quan trắc,Kỳ này,Sông Hương,p01_b00071,1,9,0,False,1,Sông Hương,p01_b00071,1,9,0,False,1,8.888,8888.0,6,14,True
B-train-01086-q02,B-train-01086,argmin,"Trong bảng 1 ở trang 2, Khu vực nào có Lũy kế nhỏ nhất?",Khu vực,Lũy kế,Miền Nam,p02_b00092,1,11,0,False,4,Miền Nam,p02_b00092,1,11,0,False,4,466,466.0,8,19,True
B-train-01086-q03,B-train-01086,argmax,"Trong bảng 1 ở trang 1, Khu vực nào có Kỳ này lớn nhất?",Khu vực,Kỳ này,Đồng bằng sông Cửu Long,p01_b00052,1,7,0,False,3,Đồng bằng sông Cửu Long,p01_b00052,1,7,0,False,3,9.311,9311.0,4,19,True
B-train-01086-q06,B-train-01086,argmin,"Trong bảng 1 ở trang 1, Khu vực nào có Lũy kế nhỏ nhất?",Khu vực,Lũy kế,Đồng bằng sông Cửu Long,p01_b00149,1,17,0,False,3,Đồng bằng sông Cửu Long,p01_b00149,1,17,0,False,3,445,445.0,14,19,True
B-train-01087-q02,B-train-01087,argmax,"Trong bảng 2 ở trang 1, Điểm đến nào có Kỳ trước lớn nhất?",Điểm đến,Kỳ trước,Phú Quốc,p01_b00341,2,17,0,False,3,Phú Quốc,p01_b00341,2,17,0,False,3,9.358,9358.0,14,16,True
B-train-01087-q04,B-train-01087,argmax,"Trong bảng 2 ở trang 1, Điểm đến nào có Kỳ này lớn nhất?",Điểm đến,Kỳ này,Đà Lạt,p01_b00266,2,10,0,False,1,Đà Lạt,p01_b00266,2,10,0,False,1,9.443,9443.0,7,16,True
B-train-01087-q06,B-train-01087,argmin,"Trong bảng 1 ở trang 1, Trạm nào có Kế hoạch năm nhỏ nhất?",Trạm,Kế hoạch năm,Trạm Tây Đô,p01_b00102,1,11,0,False,3,Trạm Tây Đô,p01_b00102,1,11,0,False,3,480,480.0,8,15,True
B-train-01087-q09,B-train-01087,argmin,"Trong bảng 2 ở trang 1, Điểm đến nào có Kỳ này nhỏ nhất?",Điểm đến,Kỳ này,Phố cổ Hội An,p01_b00309,2,14,0,False,3,Phố cổ Hội An,p01_b00309,2,14,0,False,3,800,800.0,11,16,True
B-train-01088-q01,B-train-01088,argmin,"Trong bảng 2 ở trang 1, Địa bàn nào có Lũy kế nhỏ nhất?",Địa bàn,Lũy kế,Đà Nẵng,p01_b00204,2,5,0,False,1,Đà Nẵng,p01_b00204,2,5,0,False,1,1.837,1837.0,2,11,True
B-train-01088-q09,B-train-01088,argmin,"Trong bảng 1 ở trang 1, Tuyến nào có Kỳ trước nhỏ nhất?",Tuyến,Kỳ trước,Đà Nẵng – Huế,p01_b00070,1,8,0,False,3,Đà Nẵng – Huế,p01_b00070,1,8,0,False,3,120,120.0,5,13,True
B-train-01088-q10,B-train-01088,argmax,"Trong bảng 1 ở trang 1, Tuyến nào có Kỳ trước lớn nhất?",Tuyến,Kỳ trước,Nha Trang – Đà Lạt,p01_b00048,1,6,0,False,1,Nha Trang – Đà Lạt,p01_b00048,1,6,0,False,1,8.564,8564.0,3,13,True
B-train-01089-q02,B-train-01089,argmax,"Trong bảng 1 ở trang 2, Tuyến nào có Hành khách lớn nhất?",Tuyến,Hành khách,Lâm Đồng,p02_b00047,1,6,0,False,1,TP.HCM – Cần Thơ,p02_b00079,1,9,0,False,3,1.760,1760.0,6,13,False
B-train-01089-q08,B-train-01089,argmax,"Trong bảng 1 ở trang 2, Tuyến nào có Tỷ trọng (%) lớn nhất?",Tuyến,Tỷ trọng (%),TP.HCM – Cần Thơ,p02_b00036,1,5,0,False,3,TP.HCM – Cần Thơ,p02_b00036,1,5,0,False,3,"32,6%",32.6,2,13,True
B-train-01089-q10,B-train-01089,argmin,"Trong bảng 1 ở trang 1, Khu vực nào có Tỷ trọng (%) nhỏ nhất?",Khu vực,Tỷ trọng (%),Khu vực ven biển,p01_b00108,1,10,0,False,3,Khu vực ven biển,p01_b00108,1,10,0,False,3,"1,9%",1.9,7,15,True
B-train-01090-q04,B-train-01090,argmin,"Trong bảng 2 ở trang 1, Địa bàn nào có Lũy kế nhỏ nhất?",Địa bàn,Lũy kế,Đà Nẵng,p01_b00252,2,12,0,False,1,Đà Nẵng,p01_b00252,2,12,0,False,1,196,196.0,9,16,True
B-train-01090-q07,B-train-01090,argmax,"Trong bảng 2 ở trang 1, Địa bàn nào có Kỳ trước lớn nhất?",Địa bàn,Kỳ trước,Cần Thơ,p01_b00287,2,15,0,False,3,Cần Thơ,p01_b00287,2,15,0,False,3,7.802,7802.0,12,16,True
B-train-01090-q10,B-train-01090,argmin,"Trong bảng 2 ở trang 1, Địa bàn nào có Sản lượng (tấn) nhỏ nhất?",Địa bàn,Sản lượng (tấn),Lâm Đồng,p01_b00217,2,9,0,False,2,Lâm Đồng,p01_b00217,2,9,0,False,2,116,116.0,6,16,True
B-train-01091-q03,B-train-01091,argmax,"Trong bảng 1 ở trang 2, Khoa nào có Tỷ trọng (%) lớn nhất?",Khoa,Tỷ trọng (%),Mắt,p02_b00147,1,13,0,False,2,Mắt,p02_b00147,1,13,0,False,2,"37,0%",37.0,10,15,True
B-train-01091-q05,B-train-01091,argmax,"Trong bảng 1 ở trang 1, Khoa nào có Lũy kế lớn nhất?",Khoa,Lũy kế,Mắt,p01_b00052,1,7,0,False,1,Mắt,p01_b00052,1,7,0,False,1,8.041,8041.0,4,10,True
B-train-01092-q03,B-train-01092,argmax,"Trong bảng 1 ở trang 2, Khu vực nào có Phản ánh lớn nhất?",Khu vực,Phản ánh,Khu vực miền núi,p02_b00101,1,12,0,False,1,Khu vực miền núi,p02_b00101,1,12,0,False,1,86,86.0,9,10,True
B-train-01092-q07,B-train-01092,argmax,"Trong bảng 2 ở trang 1, Khoa nào có Lũy kế lớn nhất?",Khoa,Lũy kế,Mắt,p01_b00221,2,7,0,False,1,Mắt,p01_b00221,2,7,0,False,1,9.716,9716.0,4,14,True
B-train-01092-q09,B-train-01092,argmin,"Trong bảng 1 ở trang 1, Gói thầu nào có Tỷ trọng (%) nhỏ nhất?",Gói thầu,Tỷ trọng (%),GT77,p01_b00149,1,15,0,False,1,Đà Nẵng,p01_b00068,1,8,0,False,1,"1,1%",1.1,6,13,False
B-train-01093-q01,B-train-01093,argmax,"Trong bảng 1 ở trang 2, Điểm bán nào có Lũy kế lớn nhất?",Điểm bán,Lũy kế,Điểm bán phía Nam,p02_b00173,1,19,0,False,5,Điểm bán phía Nam,p02_b00173,1,19,0,False,5,10.225,10225.0,16,23,True
B-train-01093-q02,B-train-01093,argmin,"Trong bảng 1 ở trang 2, Điểm bán nào có Số đơn nhỏ nhất?",Điểm bán,Số đơn,Điểm bán phía Bắc,p02_b00013,1,3,0,False,5,Điểm bán phía Bắc,p02_b00013,1,3,0,False,5,70,70.0,0,23,True
B-train-01093-q05,B-train-01093,argmin,"Trong bảng 1 ở trang 1, Điểm bán nào có Giá trị bán nhỏ nhất?",Điểm bán,Giá trị bán,Cửa hàng 02,p01_b00217,1,24,0,False,4,Cửa hàng 02,p01_b00217,1,24,0,False,4,112.000,112000.0,21,23,True
B-train-01094-q04,B-train-01094,argmin,"Trong bảng 1 ở trang 1, Địa bàn nào có Kế hoạch năm nhỏ nhất?",Địa bàn,Kế hoạch năm,Lâm Đồng,p01_b00170,1,16,0,False,3,Lâm Đồng,p01_b00170,1,16,0,False,3,144,144.0,13,21,True
B-train-01094-q05,B-train-01094,argmin,"Trong bảng 1 ở trang 2, Địa bàn nào có Kỳ trước nhỏ nhất?",Địa bàn,Kỳ trước,Lâm Đồng,p02_b00249,1,23,0,False,3,Cần Thơ,p02_b00238,1,22,0,False,3,2.202,2202.0,19,22,False
B-train-01094-q09,B-train-01094,argmax,"Trong bảng 1 ở trang 1, Địa bàn nào có Kỳ này lớn nhất?",Địa bàn,Kỳ này,Cần Thơ,p01_b00158,1,15,0,False,3,Cần Thơ,p01_b00158,1,15,0,False,3,9.867,9867.0,12,21,True
B-train-01095-q03,B-train-01095,argmax,"Trong bảng 1 ở trang 1, Phòng ban nào có Hiện có lớn nhất?",Phòng ban,Hiện có,Kinh doanh,p01_b00248,1,21,0,False,4,Kinh doanh,p01_b00248,1,21,0,False,4,43,43.0,18,22,True
B-train-01095-q04,B-train-01095,argmin,"Trong bảng 1 ở trang 1, Phòng ban nào có Kế hoạch năm nhỏ nhất?",Phòng ban,Kế hoạch năm,Kinh doanh,p01_b00171,1,15,0,False,4,Kinh doanh,p01_b00171,1,15,0,False,4,704,704.0,12,22,True
B-train-01095-q05,B-train-01095,argmax,"Trong bảng 1 ở trang 1, Phòng ban nào có Kế hoạch năm lớn nhất?",Phòng ban,Kế hoạch năm,Vận hành,p01_b00196,1,17,0,False,4,Vận hành,p01_b00196,1,17,0,False,4,9.643,9643.0,14,22,True
B-train-01095-q10,B-train-01095,argmin,"Trong bảng 1 ở trang 2, Phòng ban nào có Lũy kế nhỏ nhất?",Phòng ban,Lũy kế,Kinh doanh,p02_b00042,1,5,0,False,4,Kinh doanh,p02_b00042,1,5,0,False,4,1.478,1478.0,2,22,True
B-train-01096-q03,B-train-01096,argmin,"Trong bảng 1 ở trang 2, Chi nhánh nào có Kế hoạch năm nhỏ nhất?",Chi nhánh,Kế hoạch năm,Đà Nẵng 01,p02_b00100,1,9,0,False,5,Đà Nẵng 01,p02_b00100,1,9,0,False,5,302,302.0,6,22,True
B-train-01096-q07,B-train-01096,argmax,"Trong bảng 1 ở trang 2, Chi nhánh nào có Kế hoạch năm lớn nhất?",Chi nhánh,Kế hoạch năm,Khánh Hòa 03,p02_b00045,1,5,0,False,4,Khánh Hòa 03,p02_b00045,1,5,0,False,4,9.930,9930.0,2,22,True
B-train-01096-q09,B-train-01096,argmin,"Trong bảng 1 ở trang 1, Chi nhánh nào có Huy động nhỏ nhất?",Chi nhánh,Huy động,Hà Nội 01,p01_b00155,1,13,0,False,4,Hà Nội 01,p01_b00155,1,13,0,False,4,1.470,1470.0,10,21,True
B-train-01096-q10,B-train-01096,argmax,"Trong bảng 1 ở trang 1, Chi nhánh nào có Tỷ trọng (%) lớn nhất?",Chi nhánh,Tỷ trọng (%),Cần Thơ 02,p01_b00209,1,17,0,False,4,Cần Thơ 02,p01_b00209,1,17,0,False,4,"34,7%",34.7,14,21,True
B-train-01097-q02,B-train-01097,argmin,"Trong bảng 1 ở trang 1, Khu vực nào có Tỷ lệ nhỏ nhất?",Khu vực,Tỷ lệ,Miền Bắc,p01_b00017,1,3,0,False,4,Miền Bắc,p01_b00017,1,3,0,False,4,"78,0%",78.0,0,17,True
B-train-01097-q05,B-train-01097,argmax,"Trong bảng 1 ở trang 2, Khu vực nào có Tỷ trọng (%) lớn nhất?",Khu vực,Tỷ trọng (%),Đồng bằng sông Cửu Long,p02_b00113,1,10,0,False,3,Đồng bằng sông Cửu Long,p02_b00113,1,10,0,False,3,"37,8%",37.8,7,17,True
B-train-01097-q08,B-train-01097,argmax,"Trong bảng 1 ở trang 1, Khu vực nào có Kế hoạch năm lớn nhất?",Khu vực,Kế hoạch năm,Tây Nguyên,p01_b00059,1,6,0,False,3,Tây Nguyên,p01_b00059,1,6,0,False,3,9.721,9721.0,3,17,True
B-train-01097-q10,B-train-01097,argmin,"Trong bảng 1 ở trang 2, Khu vực nào có Kế hoạch năm nhỏ nhất?",Khu vực,Kế hoạch năm,Miền Trung,p02_b00210,1,17,0,False,3,Miền Trung,p02_b00210,1,17,0,False,3,976,976.0,14,17,True
B-train-01098-q01,B-train-01098,argmax,"Trong bảng 2 ở trang 1, Địa bàn nào có Kế hoạch năm lớn nhất?",Địa bàn,Kế hoạch năm,Hà Nội,p01_b00287,2,10,0,False,2,Lâm Đồng,p01_b00240,2,6,0,False,3,9.611,9611.0,4,15,False
B-train-01098-q04,B-train-01098,argmax,"Trong bảng 2 ở trang 1, Địa bàn nào có Tỷ trọng (%) lớn nhất?",Địa bàn,Tỷ trọng (%),Hà Nội,p01_b00287,2,10,0,False,2,Hà Nội,p01_b00287,2,10,0,False,2,"34,6%",34.6,7,15,True
B-train-01098-q06,B-train-01098,argmin,"Trong bảng 2 ở trang 1, Địa bàn nào có Diện tích (ha) nhỏ nhất?",Địa bàn,Diện tích (ha),Cần Thơ,p01_b00263,2,8,0,False,2,Cần Thơ,p01_b00263,2,8,0,False,2,93,93.0,5,15,True
B-train-01099-q02,B-train-01099,argmax,"Trong bảng 1 ở trang 1, Đơn vị nào có Tỷ trọng (%) lớn nhất?",Đơn vị,Tỷ trọng (%),THPT Phan Bội Châu,p01_b00047,1,6,0,False,3,THPT Phan Bội Châu,p01_b00047,1,6,0,False,3,"34,7%",34.7,3,23,True
B-train-01099-q10,B-train-01099,argmin,"Trong bảng 1 ở trang 1, Đơn vị nào có Tỷ lệ đạt nhỏ nhất?",Đơn vị,Tỷ lệ đạt,THPT Trần Phú,p01_b00252,1,25,0,False,4,THPT Trần Phú,p01_b00252,1,25,0,False,4,"57,7%",57.7,22,23,True
