document_id,page,table,reasoning_type,value_column,return_column,question_id,expected_answer,expected_row,solver_answer,solver_row,is_correct,table_expected_rows,table_solver_rows,table_expected_row_count,table_solver_row_count
B-train-00000,1,1,argmax,Tuyển mới,Phòng ban,B-train-00000-q04,Kế toán,2,Kế toán,2,True,2|3|4|5,2|3|4|5,4,4
B-train-00000,1,1,argmin,Hiện có,Phòng ban,B-train-00000-q07,Hành chính,5,Hành chính,5,True,2|3|4|5,2|3|4|5,4,4
B-train-00000,1,1,argmin,Định biên,Phòng ban,B-train-00000-q09,Công nghệ,4,Công nghệ,4,True,2|3|4|5,2|3|4|5,4,4
B-train-00000,1,1,argmax,Định biên,Phòng ban,B-train-00000-q10,Vận hành,3,Vận hành,3,True,2|3|4|5,2|3|4|5,4,4
B-train-00001,1,1,argmin,Diện tích (ha),Địa bàn,B-train-00001-q02,Hà Nội,1,Hà Nội,1,True,1|5,1|5,2,2
B-train-00001,1,1,argmin,Sản lượng (tấn),Địa bàn,B-train-00001-q04,Hà Nội,1,Hà Nội,1,True,1|5,1|5,2,2
B-train-00001,1,1,argmax,Diện tích (ha),Địa bàn,B-train-00001-q06,Đồng Nai,5,Đồng Nai,5,True,1|5,1|5,2,2
B-train-00002,1,1,argmin,Tổn thất,Trạm,B-train-00002-q02,Trạm 110kV Bắc,1,Trạm 110kV Bắc,1,True,1|3,1|3,2,2
B-train-00002,1,1,argmin,Công suất đỉnh,Trạm,B-train-00002-q06,Trạm Nam Sông,3,Trạm Nam Sông,3,True,1|3,1|3,2,2
B-train-00002,1,1,argmax,Tổn thất,Trạm,B-train-00002-q09,Trạm Nam Sông,3,Trạm Nam Sông,3,True,1|3,1|3,2,2
B-train-00002,1,1,argmax,Sự cố,Trạm,B-train-00002-q10,Trạm 110kV Bắc,1,Trạm 110kV Bắc,1,True,1|3,1|3,2,2
B-train-00003,1,1,argmax,Kế hoạch,Khu vực,B-train-00003-q01,Đồng bằng sông Cửu Long,5,Đồng bằng sông Cửu Long,5,True,2|5|6,5|6,3,2
B-train-00003,1,1,argmax,Tỷ lệ,Khu vực,B-train-00003-q04,Miền Bắc,6,Miền Bắc,6,True,2|5|6,5|6,3,2
B-train-00003,1,1,argmin,Chênh lệch,Khu vực,B-train-00003-q07,Đồng bằng sông Cửu Long,5,Đồng bằng sông Cửu Long,5,True,2|5|6,5|6,3,2
B-train-00003,1,1,argmin,Kế hoạch,Khu vực,B-train-00003-q10,Miền Trung,2,Miền Bắc,6,False,2|5|6,5|6,3,2
B-train-00004,1,1,argmin,Giá trúng,Gói thầu,B-train-00004-q02,GT97,4,GT97,4,True,4|5,4|5,2,2
B-train-00004,1,1,argmax,Giá trúng,Gói thầu,B-train-00004-q06,GT40,5,GT40,5,True,4|5,4|5,2,2
B-train-00004,1,1,argmax,Giá dự toán,Gói thầu,B-train-00004-q09,GT40,5,GT40,5,True,4|5,4|5,2,2
B-train-00005,1,1,argmin,Chi phí,Kho/điểm,B-train-00005-q03,Kho Hà Nội,6,Kho Hà Nội,6,True,6|7|8,6|7|8,3,3
B-train-00005,1,1,argmax,Chi phí,Kho/điểm,B-train-00005-q07,Kho Bình Dương,8,Kho Bình Dương,8,True,6|7|8,6|7|8,3,3
B-train-00005,1,1,argmax,Tồn cuối,Kho/điểm,B-train-00005-q09,Kho Đà Nẵng,7,Kho Đà Nẵng,7,True,6|7|8,6|7|8,3,3
B-train-00005,1,1,argmin,Đúng hạn,Kho/điểm,B-train-00005-q10,Kho Đà Nẵng,7,Kho Đà Nẵng,7,True,6|7|8,6|7|8,3,3
B-train-00006,1,1,argmin,Doanh thu,Điểm đến,B-train-00006-q03,Vịnh Hạ Long,1,Vịnh Hạ Long,1,True,1|3|4|5,1|3|4|5,4,4
B-train-00006,1,1,argmax,Khách nội địa,Điểm đến,B-train-00006-q04,Phú Quốc,5,Phú Quốc,5,True,1|3|4|5,1|3|4|5,4,4
B-train-00006,1,1,argmin,Công suất phòng,Điểm đến,B-train-00006-q06,Nha Trang,4,Nha Trang,4,True,1|3|4|5,1|3|4|5,4,4
B-train-00006,1,1,argmax,Khách quốc tế,Điểm đến,B-train-00006-q07,Đà Lạt,3,Đà Lạt,3,True,1|3|4|5,1|3|4|5,4,4
B-train-00007,1,1,argmax,Hoàn trả,Điểm bán,B-train-00007-q02,Điểm bán phía Nam,5,Điểm bán phía Nam,5,True,2|4|5,2|4|5,3,3
B-train-00007,1,1,argmin,Lượt khách,Điểm bán,B-train-00007-q03,Cửa hàng 02,2,Cửa hàng 02,2,True,2|4|5,2|4|5,3,3
B-train-00007,1,1,argmax,Giá trị bán,Điểm bán,B-train-00007-q07,Cửa hàng 02,2,Cửa hàng 02,2,True,2|4|5,2|4|5,3,3
B-train-00007,1,1,argmin,Số đơn,Điểm bán,B-train-00007-q10,Điểm bán phía Bắc,4,Điểm bán phía Bắc,4,True,2|4|5,2|4|5,3,3
B-train-00008,1,1,argmax,Giá trúng,Gói thầu,B-train-00008-q01,GT75,5,GT75,5,True,2|5,2|5,2,2
B-train-00008,1,1,argmax,Giá dự toán,Gói thầu,B-train-00008-q05,GT75,5,GT75,5,True,2|5,2|5,2,2
B-train-00008,1,1,argmin,Giá trúng,Gói thầu,B-train-00008-q07,GT13,2,GT13,2,True,2|5,2|5,2,2
B-train-00008,1,1,argmin,Giá dự toán,Gói thầu,B-train-00008-q10,GT13,2,GT13,2,True,2|5,2|5,2,2
B-train-00009,1,1,argmax,Tiến độ,Dự án,B-train-00009-q08,Cầu Đông Thành,1,Cầu Đông Thành,1,True,1|2|7,1|2|7,3,3
B-train-00009,1,1,argmin,Tiến độ,Dự án,B-train-00009-q09,Đường vành đai,7,Đường vành đai,7,True,1|2|7,1|2|7,3,3
B-train-00009,1,1,argmax,Giải ngân,Dự án,B-train-00009-q10,Đường vành đai,2,Đường vành đai,2,True,1|2|7,1|2|7,3,3
B-train-00010,1,1,argmax,Xuất,Mã hàng,B-train-00010-q04,VT620,5,VT620,5,True,4|5,4|5,2,2
B-train-00010,1,1,argmin,Tồn đầu,Mã hàng,B-train-00010-q06,VT620,5,VT620,5,True,4|5,4|5,2,2
B-train-00010,1,1,argmax,Tồn đầu,Mã hàng,B-train-00010-q08,VT159,4,VT159,4,True,4|5,4|5,2,2
B-train-00011,1,1,argmax,Giá trị bán,Điểm bán,B-train-00011-q02,Điểm bán phía Bắc,4,Điểm bán phía Bắc,4,True,1|4|5,1|4|5,3,3
B-train-00011,1,1,argmax,Lượt khách,Điểm bán,B-train-00011-q05,Điểm bán phía Nam,5,Điểm bán phía Nam,5,True,1|4|5,1|4|5,3,3
B-train-00011,1,1,argmin,Lượt khách,Điểm bán,B-train-00011-q06,Cửa hàng 01,1,Cửa hàng 01,1,True,1|4|5,1|4|5,3,3
B-train-00011,1,1,argmin,Số đơn,Điểm bán,B-train-00011-q09,Cửa hàng 01,1,Cửa hàng 01,1,True,1|4|5,1|4|5,3,3
B-train-00012,1,1,argmin,Kế hoạch,Khu vực,B-train-00012-q02,Tây Nguyên,4,Tây Nguyên,4,True,2|3|4|5,2|3|4|5,4,4
B-train-00012,1,1,argmax,Chênh lệch,Khu vực,B-train-00012-q04,Miền Nam,3,Miền Nam,3,True,2|3|4|5,2|3|4|5,4,4
B-train-00012,1,1,argmax,Thực hiện,Khu vực,B-train-00012-q09,Đồng bằng sông Cửu Long,5,Đồng bằng sông Cửu Long,5,True,2|3|4|5,2|3|4|5,4,4
B-train-00012,1,1,argmin,Tỷ lệ,Khu vực,B-train-00012-q10,Miền Trung,2,Miền Trung,2,True,2|3|4|5,2|3|4|5,4,4
B-train-00013,1,1,argmax,Tỷ lệ rớt cuộc,Khu vực,B-train-00013-q02,Cụm BTS-02,2,Cụm BTS-02,2,True,2|3|6|7,2|3|6|7,4,4
B-train-00013,1,1,argmax,Phản ánh,Khu vực,B-train-00013-q06,Cụm BTS-02,7,Cụm BTS-02,7,True,2|3|6|7,2|3|6|7,4,4
B-train-00013,1,1,argmin,Lưu lượng,Khu vực,B-train-00013-q08,Khu vực ven biển,3,Khu vực ven biển,3,True,2|3|6|7,2|3|6|7,4,4
B-train-00013,1,1,argmin,Phản ánh,Khu vực,B-train-00013-q10,Cụm BTS-01,6,Cụm BTS-01,6,True,2|3|6|7,2|3|6|7,4,4
B-train-00014,1,1,argmin,Khách nội địa,Điểm đến,B-train-00014-q04,Phố cổ Hội An,2,Phố cổ Hội An,2,True,2|6,2|6,2,2
B-train-00014,1,1,argmin,Doanh thu,Điểm đến,B-train-00014-q05,Vịnh Hạ Long,6,Vịnh Hạ Long,6,True,2|6,2|6,2,2
B-train-00014,1,1,argmax,Khách quốc tế,Điểm đến,B-train-00014-q07,Vịnh Hạ Long,6,Vịnh Hạ Long,6,True,2|6,2|6,2,2
B-train-00015,1,1,argmin,Dư nợ,Chi nhánh,B-train-00015-q01,Cần Thơ 02,5,Hà Nội 01,6,False,1|5|6,1|6,3,2
B-train-00015,1,1,argmin,Tăng trưởng,Chi nhánh,B-train-00015-q06,Hà Nội 01,6,Hà Nội 01,6,True,1|5|6,1|6,3,2
B-train-00015,1,1,argmax,Huy động,Chi nhánh,B-train-00015-q07,Hà Nội 01,1,Hà Nội 01,1,True,1|5|6,1|6,3,2
B-train-00015,1,1,argmax,Tăng trưởng,Chi nhánh,B-train-00015-q09,Hà Nội 01,1,Hà Nội 01,1,True,1|5|6,1|6,3,2
B-train-00016,1,1,argmax,Doanh thu,Tuyến,B-train-00016-q01,Nha Trang – Đà Lạt,4,Nha Trang – Đà Lạt,4,True,4|5,4|5,2,2
B-train-00016,1,1,argmin,Doanh thu,Tuyến,B-train-00016-q04,Hà Nội – Hải Phòng,5,Hà Nội – Hải Phòng,5,True,4|5,4|5,2,2
B-train-00016,1,1,argmax,Hành khách,Tuyến,B-train-00016-q07,Nha Trang – Đà Lạt,4,Nha Trang – Đà Lạt,4,True,4|5,4|5,2,2
B-train-00016,1,1,argmin,Đúng giờ,Tuyến,B-train-00016-q10,Hà Nội – Hải Phòng,5,Hà Nội – Hải Phòng,5,True,4|5,4|5,2,2
B-train-00017,1,1,argmin,Doanh thu,Điểm đến,B-train-00017-q02,Vịnh Hạ Long,6,Vịnh Hạ Long,6,True,3|5|6,3|5|6,3,3
B-train-00017,1,1,argmax,Khách quốc tế,Điểm đến,B-train-00017-q04,Phú Quốc,5,Phú Quốc,5,True,3|5|6,3|5|6,3,3
B-train-00017,1,1,argmax,Công suất phòng,Điểm đến,B-train-00017-q09,Vịnh Hạ Long,6,Vịnh Hạ Long,6,True,3|5|6,3|5|6,3,3
B-train-00017,1,1,argmin,Khách quốc tế,Điểm đến,B-train-00017-q10,Đà Lạt,3,Đà Lạt,3,True,3|5|6,3|5|6,3,3
B-train-00018,1,1,argmin,COD,Điểm quan trắc,B-train-00018-q05,Hồ Xuân Hương,3,Hồ Xuân Hương,3,True,3|6,3|6,2,2
B-train-00018,1,1,argmax,BOD5,Điểm quan trắc,B-train-00018-q08,Sông Hồng,6,Sông Hồng,6,True,3|6,3|6,2,2
B-train-00019,1,1,argmin,Lượt khám,Khoa,B-train-00019-q05,Nhi,3,Nội tổng hợp,1,False,2|3,1|3|7,2,3
B-train-00019,1,1,argmin,Nhập viện,Khoa,B-train-00019-q06,Nhi,3,Nhi,3,True,2|3,1|3|7,2,3
B-train-00019,1,1,argmax,Lượt khám,Khoa,B-train-00019-q08,Ngoại,2,Nội tổng hợp,7,False,2|3,1|3|7,2,3
B-train-00020,1,1,argmax,Doanh thu,Điểm đến,B-train-00020-q01,Đà Lạt,3,Đà Lạt,3,True,2|3|4|7,2|3|4|7,4,4
B-train-00020,1,1,argmin,Khách quốc tế,Điểm đến,B-train-00020-q03,Phố cổ Hội An,2,Phố cổ Hội An,2,True,2|3|4|7,2|3|4|7,4,4
B-train-00020,1,1,argmax,Công suất phòng,Điểm đến,B-train-00020-q06,Nha Trang,4,Nha Trang,4,True,2|3|4|7,2|3|4|7,4,4
B-train-00020,1,1,argmin,Công suất phòng,Điểm đến,B-train-00020-q09,Phố cổ Hội An,7,Phố cổ Hội An,7,True,2|3|4|7,2|3|4|7,4,4
B-train-00021,1,1,argmin,Giá dự toán,Gói thầu,B-train-00021-q03,GT48,5,GT48,5,True,3|5,3|5,2,2
B-train-00021,1,1,argmax,Giá trúng,Gói thầu,B-train-00021-q04,GT37,3,GT37,3,True,3|5,3|5,2,2
B-train-00021,1,1,argmin,Giá trúng,Gói thầu,B-train-00021-q09,GT48,5,GT48,5,True,3|5,3|5,2,2
B-train-00022,1,1,argmin,Kế hoạch,Khu vực,B-train-00022-q05,Miền Trung,2,Miền Trung,2,True,2|3|4,2|3|4,3,3
B-train-00022,1,1,argmin,Thực hiện,Khu vực,B-train-00022-q06,Tây Nguyên,4,Tây Nguyên,4,True,2|3|4,2|3|4,3,3
B-train-00022,1,1,argmax,Thực hiện,Khu vực,B-train-00022-q09,Miền Nam,3,Miền Nam,3,True,2|3|4,2|3|4,3,3
B-train-00022,1,1,argmax,Tỷ lệ,Khu vực,B-train-00022-q10,Miền Trung,2,Miền Trung,2,True,2|3|4,2|3|4,3,3
B-train-00023,1,1,argmin,Thực hiện,Khu vực,B-train-00023-q01,Miền Trung,2,Miền Trung,2,True,1|2|5,1|2|5,3,3
B-train-00023,1,1,argmin,Tỷ lệ,Khu vực,B-train-00023-q05,Miền Trung,2,Miền Trung,2,True,1|2|5,1|2|5,3,3
B-train-00023,1,1,argmax,Thực hiện,Khu vực,B-train-00023-q06,Miền Bắc,1,Miền Bắc,1,True,1|2|5,1|2|5,3,3
B-train-00023,1,1,argmax,Chênh lệch,Khu vực,B-train-00023-q08,Đồng bằng sông Cửu Long,5,Đồng bằng sông Cửu Long,5,True,1|2|5,1|2|5,3,3
B-train-00024,1,1,argmax,Chi trả,Nhóm chế độ,B-train-00024-q04,Thất nghiệp,2,Thất nghiệp,2,True,1|2|3|5,1|2|3|7,4,4
B-train-00024,1,1,argmax,Đã giải quyết,Nhóm chế độ,B-train-00024-q05,Ốm đau,3,Ốm đau,3,True,1|2|3|5,1|2|3|7,4,4
B-train-00024,1,1,argmin,Trễ hạn,Nhóm chế độ,B-train-00024-q07,Hưu trí,1,Hưu trí,1,True,1|2|3|5,1|2|3|7,4,4
B-train-00024,1,1,argmin,Hồ sơ nhận,Nhóm chế độ,B-train-00024-q10,Tai nạn lao động,5,Thất nghiệp,7,False,1|2|3|5,1|2|3|7,4,4
B-train-00025,1,1,argmin,Trễ hạn,Nhóm chế độ,B-train-00025-q01,Thai sản,4,Thai sản,4,True,1|2|3|4,1|2|3|4,4,4
B-train-00025,1,1,argmin,Chi trả,Nhóm chế độ,B-train-00025-q03,Ốm đau,3,Ốm đau,3,True,1|2|3|4,1|2|3|4,4,4
B-train-00025,1,1,argmax,Chi trả,Nhóm chế độ,B-train-00025-q08,Thất nghiệp,2,Thất nghiệp,2,True,1|2|3|4,1|2|3|4,4,4
B-train-00025,1,1,argmax,Hồ sơ nhận,Nhóm chế độ,B-train-00025-q10,Hưu trí,1,Hưu trí,1,True,1|2|3|4,1|2|3|4,4,4
B-train-00026,1,1,argmax,Chuyển tuyến,Khoa,B-train-00026-q04,Sản,4,Sản,4,True,4|5,4|5,2,2
B-train-00026,1,1,argmin,Lượt khám,Khoa,B-train-00026-q08,Mắt,5,Mắt,5,True,4|5,4|5,2,2
B-train-00026,1,1,argmax,Lượt khám,Khoa,B-train-00026-q10,Sản,4,Sản,4,True,4|5,4|5,2,2
B-train-00027,1,1,argmax,Hiện có,Phòng ban,B-train-00027-q05,Kinh doanh,1,Kinh doanh,1,True,1|5,1|5,2,2
B-train-00027,1,1,argmin,Tuyển mới,Phòng ban,B-train-00027-q06,Kinh doanh,1,Kinh doanh,1,True,1|5,1|5,2,2
B-train-00027,1,1,argmin,Định biên,Phòng ban,B-train-00027-q07,Hành chính,5,Hành chính,5,True,1|5,1|5,2,2
B-train-00027,1,1,argmax,Thiếu/thừa,Phòng ban,B-train-00027-q10,Kinh doanh,1,Kinh doanh,1,True,1|5,1|5,2,2
B-train-00028,1,1,argmin,Giá trị bán,Điểm bán,B-train-00028-q01,Cửa hàng 01,6,Cửa hàng 01,6,True,2|6|7,2|6|7,3,3
B-train-00028,1,1,argmax,Số đơn,Điểm bán,B-train-00028-q04,Cửa hàng 02,2,Cửa hàng 02,2,True,2|6|7,2|6|7,3,3
B-train-00028,1,1,argmin,Hoàn trả,Điểm bán,B-train-00028-q08,Cửa hàng 02,7,Cửa hàng 02,7,True,2|6|7,2|6|7,3,3
B-train-00029,1,1,argmax,Đạt,Đơn vị,B-train-00029-q02,THPT Nguyễn Trãi,6,THPT Nguyễn Trãi,6,True,1|3|6,1|3|6,3,3
B-train-00029,1,1,argmax,Tỷ lệ đạt,Đơn vị,B-train-00029-q04,THPT Nguyễn Trãi,1,THPT Nguyễn Trãi,1,True,1|3|6,1|3|6,3,3
B-train-00029,1,1,argmin,Thí sinh,Đơn vị,B-train-00029-q10,THPT Trần Phú,3,THPT Trần Phú,3,True,1|3|6,1|3|6,3,3
B-train-00030,1,1,argmin,Lượt khám,Khoa,B-train-00030-q04,Mắt,5,Mắt,5,True,4|5|6,2|4|5,3,3
B-train-00030,1,1,argmax,Lượt khám,Khoa,B-train-00030-q07,Tai Mũi Họng,6,Ngoại,2,False,4|5|6,2|4|5,3,3
B-train-00030,1,1,argmin,Chuyển tuyến,Khoa,B-train-00030-q09,Sản,4,Sản,4,True,4|5|6,2|4|5,3,3
B-train-00031,1,1,argmax,Tỷ lệ rớt cuộc,Khu vực,B-train-00031-q03,Khu vực ven biển,3,Khu vực ven biển,3,True,3|4|5,3|4|5,3,3
B-train-00031,1,1,argmax,Thuê bao,Khu vực,B-train-00031-q06,Khu vực đô thị,4,Khu vực đô thị,4,True,3|4|5,3|4|5,3,3
B-train-00031,1,1,argmin,Lưu lượng,Khu vực,B-train-00031-q07,Khu vực đô thị,4,Khu vực đô thị,4,True,3|4|5,3|4|5,3,3
B-train-00031,1,1,argmin,Thuê bao,Khu vực,B-train-00031-q08,Khu vực miền núi,5,Khu vực miền núi,5,True,3|4|5,3|4|5,3,3
B-train-00032,1,1,argmax,Khách nội địa,Điểm đến,B-train-00032-q04,Đà Lạt,3,Vịnh Hạ Long,6,False,1|3|4,1|4|6,3,3
B-train-00032,1,1,argmin,Doanh thu,Điểm đến,B-train-00032-q05,Nha Trang,4,Nha Trang,4,True,1|3|4,1|4|6,3,3
B-train-00032,1,1,argmin,Khách quốc tế,Điểm đến,B-train-00032-q08,Nha Trang,4,Nha Trang,4,True,1|3|4,1|4|6,3,3
B-train-00032,1,1,argmax,Doanh thu,Điểm đến,B-train-00032-q10,Vịnh Hạ Long,1,Vịnh Hạ Long,1,True,1|3|4,1|4|6,3,3
B-train-00033,1,1,argmin,Hiện có,Phòng ban,B-train-00033-q01,Công nghệ,4,Công nghệ,4,True,1|4|6|7,1|4|6|7,4,4
B-train-00033,1,1,argmax,Thiếu/thừa,Phòng ban,B-train-00033-q04,Kinh doanh,1,Kinh doanh,1,True,1|4|6|7,1|4|6|7,4,4
B-train-00033,1,1,argmin,Định biên,Phòng ban,B-train-00033-q07,Chăm sóc khách hàng,6,Chăm sóc khách hàng,6,True,1|4|6|7,1|4|6|7,4,4
B-train-00033,1,1,argmax,Hiện có,Phòng ban,B-train-00033-q10,Kinh doanh,7,Kinh doanh,7,True,1|4|6|7,1|4|6|7,4,4
B-train-00034,1,1,argmax,pH,Điểm quan trắc,B-train-00034-q01,Sông Hương,2,Sông Hương,2,True,1|2|4|6,1|2|4|6,4,4
B-train-00034,1,1,argmin,pH,Điểm quan trắc,B-train-00034-q02,KCN Long Thành,4,KCN Long Thành,4,True,1|2|4|6,1|2|4|6,4,4
B-train-00034,1,1,argmax,COD,Điểm quan trắc,B-train-00034-q05,Sông Hồng,1,Sông Hồng,1,True,1|2|4|6,1|2|4|6,4,4
B-train-00034,1,1,argmin,COD,Điểm quan trắc,B-train-00034-q06,Sông Hồng,6,Sông Hồng,6,True,1|2|4|6,1|2|4|6,4,4
B-train-00035,1,1,argmin,Chi phí,Kho/điểm,B-train-00035-q02,Kho Hà Nội,1,Kho Hà Nội,1,True,1|3|4,1|3|4,3,3
B-train-00035,1,1,argmin,Đúng hạn,Kho/điểm,B-train-00035-q04,Kho Hà Nội,1,Kho Hà Nội,1,True,1|3|4,1|3|4,3,3
B-train-00035,1,1,argmax,Đơn xử lý,Kho/điểm,B-train-00035-q05,Kho Cần Thơ,4,Kho Cần Thơ,4,True,1|3|4,1|3|4,3,3
B-train-00035,1,1,argmax,Đúng hạn,Kho/điểm,B-train-00035-q09,Kho Bình Dương,3,Kho Bình Dương,3,True,1|3|4,1|3|4,3,3
B-train-00036,1,1,argmin,Thực hiện,Khu vực,B-train-00036-q02,Miền Bắc,6,Miền Bắc,6,True,3|5|6,5|6,3,2
B-train-00036,1,1,argmax,Chênh lệch,Khu vực,B-train-00036-q03,Đồng bằng sông Cửu Long,5,Đồng bằng sông Cửu Long,5,True,3|5|6,5|6,3,2
B-train-00036,1,1,argmin,Kế hoạch,Khu vực,B-train-00036-q09,Miền Nam,3,Miền Bắc,6,False,3|5|6,5|6,3,2
B-train-00037,1,1,argmax,Chuyển tuyến,Khoa,B-train-00037-q01,Sản,4,Sản,4,True,4|5|6,4|5|6,3,3
B-train-00037,1,1,argmin,Nhập viện,Khoa,B-train-00037-q03,Tai Mũi Họng,6,Tai Mũi Họng,6,True,4|5|6,4|5|6,3,3
B-train-00037,1,1,argmin,Lượt khám,Khoa,B-train-00037-q07,Tai Mũi Họng,6,Tai Mũi Họng,6,True,4|5|6,4|5|6,3,3
B-train-00037,1,1,argmax,Nhập viện,Khoa,B-train-00037-q10,Mắt,5,Mắt,5,True,4|5|6,4|5|6,3,3
B-train-00038,1,1,argmax,Giá dự toán,Gói thầu,B-train-00038-q02,GT64,5,GT64,5,True,5|6,5|6,2,2
B-train-00038,1,1,argmin,Giá dự toán,Gói thầu,B-train-00038-q09,GT63,6,GT63,6,True,5|6,5|6,2,2
B-train-00039,1,1,argmin,Hiện có,Phòng ban,B-train-00039-q01,Hành chính,5,Hành chính,5,True,2|5,2|5,2,2
B-train-00039,1,1,argmax,Định biên,Phòng ban,B-train-00039-q02,Kế toán,2,Kế toán,2,True,2|5,2|5,2,2
B-train-00039,1,1,argmin,Định biên,Phòng ban,B-train-00039-q05,Hành chính,5,Hành chính,5,True,2|5,2|5,2,2
B-train-00039,1,1,argmax,Tuyển mới,Phòng ban,B-train-00039-q08,Hành chính,5,Hành chính,5,True,2|5,2|5,2,2
B-train-00040,1,1,argmax,Lượt khám,Khoa,B-train-00040-q01,Nội tổng hợp,1,Nội tổng hợp,1,True,1|2|3,1|2|3,3,3
B-train-00040,1,1,argmax,Chuyển tuyến,Khoa,B-train-00040-q04,Ngoại,2,Ngoại,2,True,1|2|3,1|2|3,3,3
B-train-00040,1,1,argmin,Nhập viện,Khoa,B-train-00040-q05,Nhi,3,Nhi,3,True,1|2|3,1|2|3,3,3
B-train-00040,1,1,argmin,Lượt khám,Khoa,B-train-00040-q09,Ngoại,2,Ngoại,2,True,1|2|3,1|2|3,3,3
B-train-00041,1,1,argmin,Huy động,Chi nhánh,B-train-00041-q02,Hà Nội 01,6,Hà Nội 01,6,True,1|5|6|8,1|5|6|8,4,4
B-train-00041,1,1,argmax,Huy động,Chi nhánh,B-train-00041-q04,Đà Nẵng 01,8,Đà Nẵng 01,8,True,1|5|6|8,1|5|6|8,4,4
B-train-00041,1,1,argmin,Nợ quá hạn,Chi nhánh,B-train-00041-q06,Cần Thơ 02,5,Cần Thơ 02,5,True,1|5|6|8,1|5|6|8,4,4
B-train-00041,1,1,argmax,Nợ quá hạn,Chi nhánh,B-train-00041-q07,Hà Nội 01,1,Hà Nội 01,1,True,1|5|6|8,1|5|6|8,4,4
B-train-00042,1,1,argmin,Doanh thu,Tuyến,B-train-00042-q04,Đà Nẵng – Huế,6,Đà Nẵng – Huế,6,True,2|4|6,2|4|6,3,3
B-train-00042,1,1,argmax,Đúng giờ,Tuyến,B-train-00042-q05,Đà Nẵng – Huế,6,Đà Nẵng – Huế,6,True,2|4|6,2|4|6,3,3
B-train-00042,1,1,argmax,Hành khách,Tuyến,B-train-00042-q09,Nha Trang – Đà Lạt,4,Nha Trang – Đà Lạt,4,True,2|4|6,2|4|6,3,3
B-train-00042,1,1,argmin,Đúng giờ,Tuyến,B-train-00042-q10,Đà Nẵng – Huế,2,Đà Nẵng – Huế,2,True,2|4|6,2|4|6,3,3
B-train-00043,1,1,argmin,Doanh thu,Tuyến,B-train-00043-q01,Nha Trang – Đà Lạt,4,Nha Trang – Đà Lạt,4,True,1|2|3|4,1|2|3|4,4,4
B-train-00043,1,1,argmax,Đúng giờ,Tuyến,B-train-00043-q03,TP.HCM – Cần Thơ,3,TP.HCM – Cần Thơ,3,True,1|2|3|4,1|2|3|4,4,4
B-train-00043,1,1,argmax,Doanh thu,Tuyến,B-train-00043-q07,Hà Nội – Hải Phòng,1,Hà Nội – Hải Phòng,1,True,1|2|3|4,1|2|3|4,4,4
B-train-00043,1,1,argmin,Đúng giờ,Tuyến,B-train-00043-q08,Đà Nẵng – Huế,2,Đà Nẵng – Huế,2,True,1|2|3|4,1|2|3|4,4,4
B-train-00044,1,1,argmin,Tiến độ,Dự án,B-train-00044-q03,Cầu Đông Thành,1,Cầu Đông Thành,1,True,1|3|4,1|3|4,3,3
B-train-00044,1,1,argmax,Giá trị hợp đồng,Dự án,B-train-00044-q05,Nhà máy nước,4,Nhà máy nước,4,True,1|3|4,1|3|4,3,3
B-train-00044,1,1,argmin,Giá trị hợp đồng,Dự án,B-train-00044-q08,Cầu Đông Thành,1,Cầu Đông Thành,1,True,1|3|4,1|3|4,3,3
B-train-00044,1,1,argmax,Tiến độ,Dự án,B-train-00044-q09,Trường liên cấp,3,Trường liên cấp,3,True,1|3|4,1|3|4,3,3
B-train-00045,1,1,argmax,Lưu lượng,Khu vực,B-train-00045-q03,Khu vực ven biển,8,Khu vực ven biển,8,True,2|4|6|8,2|4|6|8,4,4
B-train-00045,1,1,argmin,Phản ánh,Khu vực,B-train-00045-q04,Khu vực đô thị,4,Khu vực đô thị,4,True,2|4|6|8,2|4|6|8,4,4
B-train-00045,1,1,argmin,Lưu lượng,Khu vực,B-train-00045-q07,Cụm BTS-01,6,Cụm BTS-01,6,True,2|4|6|8,2|4|6|8,4,4
B-train-00045,1,1,argmax,Tỷ lệ rớt cuộc,Khu vực,B-train-00045-q08,Cụm BTS-02,2,Cụm BTS-02,2,True,2|4|6|8,2|4|6|8,4,4
B-train-00046,1,1,argmin,Nợ quá hạn,Chi nhánh,B-train-00046-q01,Hải Phòng 02,2,Hải Phòng 02,2,True,1|2|3,1|2|3,3,3
B-train-00046,1,1,argmin,Dư nợ,Chi nhánh,B-train-00046-q06,Đà Nẵng 01,3,Đà Nẵng 01,3,True,1|2|3,1|2|3,3,3
B-train-00046,1,1,argmax,Nợ quá hạn,Chi nhánh,B-train-00046-q07,Hà Nội 01,1,Hà Nội 01,1,True,1|2|3,1|2|3,3,3
B-train-00046,1,1,argmax,Tăng trưởng,Chi nhánh,B-train-00046-q10,Đà Nẵng 01,3,Đà Nẵng 01,3,True,1|2|3,1|2|3,3,3
B-train-00047,1,1,argmin,Sản lượng,Trạm,B-train-00047-q03,Trạm Cao Nguyên,5,Trạm 220kV Trung,2,False,2|3|5,1|2|5,3,3
B-train-00047,1,1,argmax,Tổn thất,Trạm,B-train-00047-q06,Trạm Cao Nguyên,5,Trạm Cao Nguyên,5,True,2|3|5,1|2|5,3,3
B-train-00047,1,1,argmax,Sản lượng,Trạm,B-train-00047-q07,Trạm Nam Sông,3,Trạm 110kV Bắc,1,False,2|3|5,1|2|5,3,3
B-train-00047,1,1,argmin,Sự cố,Trạm,B-train-00047-q10,Trạm 220kV Trung,2,Trạm 220kV Trung,2,True,2|3|5,1|2|5,3,3
B-train-00048,1,1,argmin,Nợ quá hạn,Chi nhánh,B-train-00048-q01,Đà Nẵng 01,3,Đà Nẵng 01,3,True,1|3,1|3,2,2
B-train-00048,1,1,argmin,Dư nợ,Chi nhánh,B-train-00048-q07,Đà Nẵng 01,3,Đà Nẵng 01,3,True,1|3,1|3,2,2
B-train-00048,1,1,argmax,Tăng trưởng,Chi nhánh,B-train-00048-q09,Hà Nội 01,1,Hà Nội 01,1,True,1|3,1|3,2,2
B-train-00049,1,1,argmin,Lượt khám,Khoa,B-train-00049-q03,Sản,4,Sản,4,True,1|3|4|7,1|4|7|8,4,4
B-train-00049,1,1,argmax,Nhập viện,Khoa,B-train-00049-q04,Nội tổng hợp,7,Nội tổng hợp,7,True,1|3|4|7,1|4|7|8,4,4
B-train-00049,1,1,argmax,Lượt khám,Khoa,B-train-00049-q08,Nhi,3,Ngoại,8,False,1|3|4|7,1|4|7|8,4,4
B-train-00049,1,1,argmin,Nhập viện,Khoa,B-train-00049-q10,Nội tổng hợp,1,Nội tổng hợp,1,True,1|3|4|7,1|4|7|8,4,4
B-train-00050,1,1,argmax,Lượt khám,Khoa,B-train-00050-q01,Sản,4,Sản,4,True,2|4,2|4,2,2
B-train-00050,1,1,argmin,Lượt khám,Khoa,B-train-00050-q06,Ngoại,2,Ngoại,2,True,2|4,2|4,2,2
B-train-00050,1,1,argmax,Chuyển tuyến,Khoa,B-train-00050-q07,Ngoại,2,Ngoại,2,True,2|4,2|4,2,2
B-train-00050,1,1,argmin,Chuyển tuyến,Khoa,B-train-00050-q09,Sản,4,Sản,4,True,2|4,2|4,2,2
B-train-00051,1,1,argmin,Huy động,Chi nhánh,B-train-00051-q02,Cần Thơ 02,5,Cần Thơ 02,5,True,3|5|6,3|5|6,3,3
B-train-00051,1,1,argmin,Nợ quá hạn,Chi nhánh,B-train-00051-q04,Cần Thơ 02,5,Cần Thơ 02,5,True,3|5|6,3|5|6,3,3
B-train-00051,1,1,argmax,Tăng trưởng,Chi nhánh,B-train-00051-q05,Đà Nẵng 01,3,Đà Nẵng 01,3,True,3|5|6,3|5|6,3,3
B-train-00051,1,1,argmax,Huy động,Chi nhánh,B-train-00051-q06,Hà Nội 01,6,Hà Nội 01,6,True,3|5|6,3|5|6,3,3
B-train-00052,1,1,argmax,Sản lượng,Trạm,B-train-00052-q02,Trạm 220kV Trung,2,Trạm 220kV Trung,2,True,1|2|3,1|2|3,3,3
B-train-00052,1,1,argmin,Sự cố,Trạm,B-train-00052-q08,Trạm 110kV Bắc,1,Trạm 110kV Bắc,1,True,1|2|3,1|2|3,3,3
B-train-00052,1,1,argmin,Công suất đỉnh,Trạm,B-train-00052-q09,Trạm 110kV Bắc,1,Trạm 110kV Bắc,1,True,1|2|3,1|2|3,3,3
B-train-00052,1,1,argmax,Công suất đỉnh,Trạm,B-train-00052-q10,Trạm Nam Sông,3,Trạm Nam Sông,3,True,1|2|3,1|2|3,3,3
B-train-00053,1,1,argmax,Định biên,Phòng ban,B-train-00053-q01,Kinh doanh,1,Kinh doanh,1,True,1|2|5,1|2|5,3,3
B-train-00053,1,1,argmax,Tuyển mới,Phòng ban,B-train-00053-q05,Kế toán,2,Kế toán,2,True,1|2|5,1|2|5,3,3
B-train-00053,1,1,argmin,Tuyển mới,Phòng ban,B-train-00053-q07,Hành chính,5,Hành chính,5,True,1|2|5,1|2|5,3,3
B-train-00053,1,1,argmin,Hiện có,Phòng ban,B-train-00053-q10,Hành chính,5,Hành chính,5,True,1|2|5,1|2|5,3,3
B-train-00054,1,1,argmax,Giá dự toán,Gói thầu,B-train-00054-q03,GT77,2,GT77,2,True,2|5,2|5,2,2
B-train-00054,1,1,argmax,Giá trúng,Gói thầu,B-train-00054-q09,GT41,5,GT41,5,True,2|5,2|5,2,2
B-train-00055,1,1,argmax,Tiến độ,Dự án,B-train-00055-q05,Khu tái định cư,5,Khu tái định cư,5,True,3|4|5,3|4|5,3,3
B-train-00055,1,1,argmin,Giải ngân,Dự án,B-train-00055-q06,Trường liên cấp,3,Trường liên cấp,3,True,3|4|5,3|4|5,3,3
B-train-00055,1,1,argmax,Giá trị hợp đồng,Dự án,B-train-00055-q07,Khu tái định cư,5,Khu tái định cư,5,True,3|4|5,3|4|5,3,3
B-train-00055,1,1,argmin,Tiến độ,Dự án,B-train-00055-q09,Nhà máy nước,4,Nhà máy nước,4,True,3|4|5,3|4|5,3,3
B-train-00056,1,1,argmax,Bồi thường,Nghiệp vụ,B-train-00056-q01,Tài sản,3,Tài sản,3,True,3|4,3|4,2,2
B-train-00056,1,1,argmin,Bồi thường,Nghiệp vụ,B-train-00056-q03,Hàng hóa,4,Hàng hóa,4,True,3|4,3|4,2,2
B-train-00056,1,1,argmin,Tỷ lệ,Nghiệp vụ,B-train-00056-q04,Hàng hóa,4,Hàng hóa,4,True,3|4,3|4,2,2
B-train-00056,1,1,argmax,Tỷ lệ,Nghiệp vụ,B-train-00056-q07,Tài sản,3,Tài sản,3,True,3|4,3|4,2,2
B-train-00057,1,1,argmin,Huy động,Chi nhánh,B-train-00057-q03,Hà Nội 01,6,Hà Nội 01,6,True,2|3|6|8,2|3|6|8,4,4
B-train-00057,1,1,argmax,Tăng trưởng,Chi nhánh,B-train-00057-q04,Hải Phòng 02,2,Hải Phòng 02,2,True,2|3|6|8,2|3|6|8,4,4
B-train-00057,1,1,argmax,Nợ quá hạn,Chi nhánh,B-train-00057-q06,Đà Nẵng 01,8,Đà Nẵng 01,8,True,2|3|6|8,2|3|6|8,4,4
B-train-00057,1,1,argmin,Nợ quá hạn,Chi nhánh,B-train-00057-q10,Đà Nẵng 01,3,Đà Nẵng 01,3,True,2|3|6|8,2|3|6|8,4,4
B-train-00058,1,1,argmin,Tổn thất,Trạm,B-train-00058-q02,Trạm 220kV Trung,2,Trạm 220kV Trung,2,True,2|5|6,2|5|6,3,3
B-train-00058,1,1,argmin,Công suất đỉnh,Trạm,B-train-00058-q05,Trạm 110kV Bắc,6,Trạm 110kV Bắc,6,True,2|5|6,2|5|6,3,3
B-train-00058,1,1,argmax,Tổn thất,Trạm,B-train-00058-q08,Trạm Cao Nguyên,5,Trạm Cao Nguyên,5,True,2|5|6,2|5|6,3,3
B-train-00058,1,1,argmax,Sản lượng,Trạm,B-train-00058-q09,Trạm Cao Nguyên,5,Trạm Cao Nguyên,5,True,2|5|6,2|5|6,3,3
B-train-00059,1,1,argmax,Nợ quá hạn,Chi nhánh,B-train-00059-q01,Hải Phòng 02,7,Hải Phòng 02,7,True,1|3|6|7,1|3|6|7,4,4
B-train-00059,1,1,argmin,Huy động,Chi nhánh,B-train-00059-q02,Hà Nội 01,6,Hà Nội 01,6,True,1|3|6|7,1|3|6|7,4,4
B-train-00059,1,1,argmax,Tăng trưởng,Chi nhánh,B-train-00059-q03,Đà Nẵng 01,3,Đà Nẵng 01,3,True,1|3|6|7,1|3|6|7,4,4
B-train-00059,1,1,argmin,Tăng trưởng,Chi nhánh,B-train-00059-q08,Hà Nội 01,1,Hà Nội 01,1,True,1|3|6|7,1|3|6|7,4,4
B-train-00060,1,1,argmin,Công suất phòng,Điểm đến,B-train-00060-q01,Phố cổ Hội An,7,Phố cổ Hội An,7,True,2|4|7,2|4|7,3,3
B-train-00060,1,1,argmin,Khách quốc tế,Điểm đến,B-train-00060-q04,Phố cổ Hội An,2,Phố cổ Hội An,2,True,2|4|7,2|4|7,3,3
B-train-00060,1,1,argmax,Công suất phòng,Điểm đến,B-train-00060-q06,Nha Trang,4,Nha Trang,4,True,2|4|7,2|4|7,3,3
B-train-00061,1,1,argmin,Giá trị hợp đồng,Dự án,B-train-00061-q01,Khu tái định cư,5,Khu tái định cư,5,True,3|4|5,3|4|5,3,3
B-train-00061,1,1,argmax,Tiến độ,Dự án,B-train-00061-q02,Khu tái định cư,5,Khu tái định cư,5,True,3|4|5,3|4|5,3,3
B-train-00061,1,1,argmin,Tiến độ,Dự án,B-train-00061-q03,Nhà máy nước,4,Nhà máy nước,4,True,3|4|5,3|4|5,3,3
B-train-00061,1,1,argmax,Giải ngân,Dự án,B-train-00061-q09,Trường liên cấp,3,Trường liên cấp,3,True,3|4|5,3|4|5,3,3
B-train-00062,1,1,argmin,Giá trúng,Gói thầu,B-train-00062-q05,GT82,3,GT82,3,True,3|5,3|5,2,2
B-train-00062,1,1,argmax,Giá trúng,Gói thầu,B-train-00062-q06,GT54,5,GT54,5,True,3|5,3|5,2,2
B-train-00062,1,1,argmin,Giá dự toán,Gói thầu,B-train-00062-q07,GT82,3,GT82,3,True,3|5,3|5,2,2
B-train-00062,1,1,argmax,Giá dự toán,Gói thầu,B-train-00062-q10,GT54,5,GT54,5,True,3|5,3|5,2,2
B-train-00063,1,1,argmin,Doanh thu,Điểm đến,B-train-00063-q02,Phố cổ Hội An,2,Phố cổ Hội An,2,True,1|2|3|6,1|2|3|6,4,4
B-train-00063,1,1,argmin,Công suất phòng,Điểm đến,B-train-00063-q04,Đà Lạt,3,Đà Lạt,3,True,1|2|3|6,1|2|3|6,4,4
B-train-00063,1,1,argmax,Công suất phòng,Điểm đến,B-train-00063-q07,Vịnh Hạ Long,1,Vịnh Hạ Long,1,True,1|2|3|6,1|2|3|6,4,4
B-train-00063,1,1,argmax,Khách quốc tế,Điểm đến,B-train-00063-q10,Vịnh Hạ Long,6,Vịnh Hạ Long,6,True,1|2|3|6,1|2|3|6,4,4
B-train-00064,1,1,argmin,Hiện có,Phòng ban,B-train-00064-q04,Kế toán,2,Kế toán,2,True,1|2|5,1|2|5,3,3
B-train-00064,1,1,argmin,Thiếu/thừa,Phòng ban,B-train-00064-q05,Kinh doanh,1,Kinh doanh,1,True,1|2|5,1|2|5,3,3
B-train-00064,1,1,argmax,Tuyển mới,Phòng ban,B-train-00064-q06,Kinh doanh,1,Kinh doanh,1,True,1|2|5,1|2|5,3,3
B-train-00064,1,1,argmax,Hiện có,Phòng ban,B-train-00064-q10,Hành chính,5,Hành chính,5,True,1|2|5,1|2|5,3,3
B-train-00065,1,1,argmax,Giải ngân,Dự án,B-train-00065-q02,Khu tái định cư,5,Khu tái định cư,5,True,2|4|5,2|4|5,3,3
B-train-00065,1,1,argmin,Tiến độ,Dự án,B-train-00065-q05,Nhà máy nước,4,Nhà máy nước,4,True,2|4|5,2|4|5,3,3
B-train-00065,1,1,argmin,Giải ngân,Dự án,B-train-00065-q09,Đường vành đai,2,Đường vành đai,2,True,2|4|5,2|4|5,3,3
B-train-00065,1,1,argmax,Giá trị hợp đồng,Dự án,B-train-00065-q10,Nhà máy nước,4,Nhà máy nước,4,True,2|4|5,2|4|5,3,3
B-train-00066,1,1,argmax,Chuyển tuyến,Khoa,B-train-00066-q01,Nhi,3,Nhi,3,True,1|2|3|4,1|2|3|4,4,4
B-train-00066,1,1,argmin,Lượt khám,Khoa,B-train-00066-q02,Nội tổng hợp,1,Nội tổng hợp,1,True,1|2|3|4,1|2|3|4,4,4
B-train-00066,1,1,argmin,Nhập viện,Khoa,B-train-00066-q03,Ngoại,2,Ngoại,2,True,1|2|3|4,1|2|3|4,4,4
B-train-00066,1,1,argmax,Lượt khám,Khoa,B-train-00066-q04,Sản,4,Sản,4,True,1|2|3|4,1|2|3|4,4,4
B-train-00067,1,1,argmax,Giá trúng,Gói thầu,B-train-00067-q07,GT50,6,GT50,6,True,2|6,2|6,2,2
B-train-00067,1,1,argmin,Giá dự toán,Gói thầu,B-train-00067-q08,GT80,2,GT80,2,True,2|6,2|6,2,2
B-train-00067,1,1,argmin,Giá trúng,Gói thầu,B-train-00067-q09,GT80,2,GT80,2,True,2|6,2|6,2,2
B-train-00068,1,1,argmin,Doanh thu,Tuyến,B-train-00068-q01,Đà Nẵng – Huế,2,Đà Nẵng – Huế,2,True,2|5|6,2|5|6,3,3
B-train-00068,1,1,argmin,Đúng giờ,Tuyến,B-train-00068-q05,Đà Nẵng – Huế,6,Đà Nẵng – Huế,6,True,2|5|6,2|5|6,3,3
B-train-00068,1,1,argmax,Hành khách,Tuyến,B-train-00068-q06,Hà Nội – Hải Phòng,5,Hà Nội – Hải Phòng,5,True,2|5|6,2|5|6,3,3
B-train-00069,1,1,argmax,Diện tích (ha),Địa bàn,B-train-00069-q04,Đồng Nai,5,Đồng Nai,5,True,4|5,4|5,2,2
B-train-00069,1,1,argmax,Sản lượng (tấn),Địa bàn,B-train-00069-q08,Đồng Nai,5,Đồng Nai,5,True,4|5,4|5,2,2
B-train-00069,1,1,argmin,Diện tích (ha),Địa bàn,B-train-00069-q10,Khánh Hòa,4,Khánh Hòa,4,True,4|5,4|5,2,2
B-train-00070,1,1,argmin,Lưu lượng,Khu vực,B-train-00070-q05,Khu vực miền núi,5,Khu vực miền núi,5,True,1|5,1|5,2,2
B-train-00070,1,1,argmax,Phản ánh,Khu vực,B-train-00070-q08,Cụm BTS-01,1,Cụm BTS-01,1,True,1|5,1|5,2,2
B-train-00070,1,1,argmax,Tỷ lệ rớt cuộc,Khu vực,B-train-00070-q10,Khu vực miền núi,5,Khu vực miền núi,5,True,1|5,1|5,2,2
B-train-00071,1,1,argmax,Đúng giờ,Tuyến,B-train-00071-q01,Nha Trang – Đà Lạt,4,Nha Trang – Đà Lạt,4,True,1|4|5|6,1|4|5|6,4,4
B-train-00071,1,1,argmin,Đúng giờ,Tuyến,B-train-00071-q05,Hà Nội – Hải Phòng,5,Hà Nội – Hải Phòng,5,True,1|4|5|6,1|4|5|6,4,4
B-train-00071,1,1,argmax,Hành khách,Tuyến,B-train-00071-q08,Đà Nẵng – Huế,6,Đà Nẵng – Huế,6,True,1|4|5|6,1|4|5|6,4,4
B-train-00071,1,1,argmin,Hành khách,Tuyến,B-train-00071-q10,Hà Nội – Hải Phòng,1,Hà Nội – Hải Phòng,1,True,1|4|5|6,1|4|5|6,4,4
B-train-00072,1,1,argmax,Hành khách,Tuyến,B-train-00072-q04,Hà Nội – Hải Phòng,5,Hà Nội – Hải Phòng,5,True,4|5,4|5,2,2
B-train-00072,1,1,argmax,Đúng giờ,Tuyến,B-train-00072-q08,Hà Nội – Hải Phòng,5,Hà Nội – Hải Phòng,5,True,4|5,4|5,2,2
B-train-00072,1,1,argmin,Doanh thu,Tuyến,B-train-00072-q10,Nha Trang – Đà Lạt,4,Nha Trang – Đà Lạt,4,True,4|5,4|5,2,2
B-train-00073,1,1,argmax,Tuyển mới,Phòng ban,B-train-00073-q01,Công nghệ,4,Công nghệ,4,True,2|4,2|4,2,2
B-train-00073,1,1,argmin,Hiện có,Phòng ban,B-train-00073-q07,Công nghệ,4,Công nghệ,4,True,2|4,2|4,2,2
B-train-00073,1,1,argmax,Thiếu/thừa,Phòng ban,B-train-00073-q08,Kế toán,2,Kế toán,2,True,2|4,2|4,2,2
B-train-00073,1,1,argmin,Định biên,Phòng ban,B-train-00073-q10,Công nghệ,4,Công nghệ,4,True,2|4,2|4,2,2
B-train-00074,1,1,argmin,Hồ sơ nhận,Nhóm chế độ,B-train-00074-q03,Hưu trí,1,Hưu trí,1,True,1|5,1|5,2,2
B-train-00074,1,1,argmax,Trễ hạn,Nhóm chế độ,B-train-00074-q08,Hưu trí,1,Hưu trí,1,True,1|5,1|5,2,2
B-train-00074,1,1,argmax,Hồ sơ nhận,Nhóm chế độ,B-train-00074-q09,Tai nạn lao động,5,Tai nạn lao động,5,True,1|5,1|5,2,2
B-train-00075,1,1,argmin,Giá trị bán,Điểm bán,B-train-00075-q01,Cửa hàng 01,1,Cửa hàng 01,1,True,1|5|6|8,1|5|6|8,4,4
B-train-00075,1,1,argmax,Hoàn trả,Điểm bán,B-train-00075-q06,Cửa hàng 01,6,Cửa hàng 01,6,True,1|5|6|8,1|5|6|8,4,4
B-train-00075,1,1,argmin,Số đơn,Điểm bán,B-train-00075-q09,Siêu thị trung tâm,8,Siêu thị trung tâm,8,True,1|5|6|8,1|5|6|8,4,4
B-train-00075,1,1,argmax,Giá trị bán,Điểm bán,B-train-00075-q10,Điểm bán phía Nam,5,Điểm bán phía Nam,5,True,1|5|6|8,1|5|6|8,4,4
B-train-00076,1,1,argmin,Đạt,Đơn vị,B-train-00076-q03,THPT Lê Quý Đôn,7,THPT Lê Quý Đôn,7,True,3|7,3|7,2,2
B-train-00076,1,1,argmin,Tỷ lệ đạt,Đơn vị,B-train-00076-q07,THPT Lê Quý Đôn,7,THPT Lê Quý Đôn,7,True,3|7,3|7,2,2
B-train-00076,1,1,argmax,Đạt,Đơn vị,B-train-00076-q09,THPT Trần Phú,3,THPT Trần Phú,3,True,3|7,3|7,2,2
B-train-00076,1,1,argmax,Thí sinh,Đơn vị,B-train-00076-q10,THPT Trần Phú,3,THPT Trần Phú,3,True,3|7,3|7,2,2
B-train-00077,1,1,argmin,Đơn xử lý,Kho/điểm,B-train-00077-q01,Kho Đà Nẵng,2,Kho Đà Nẵng,2,True,2|3|4|5,2|3|5|6,4,4
B-train-00077,1,1,argmin,Tồn cuối,Kho/điểm,B-train-00077-q05,Kho Bình Dương,3,Kho Bình Dương,3,True,2|3|4|5,2|3|5|6,4,4
B-train-00077,1,1,argmax,Đúng hạn,Kho/điểm,B-train-00077-q09,Kho trung chuyển,5,Kho trung chuyển,5,True,2|3|4|5,2|3|5|6,4,4
B-train-00077,1,1,argmax,Đơn xử lý,Kho/điểm,B-train-00077-q10,Kho Cần Thơ,4,Kho Hà Nội,6,False,2|3|4|5,2|3|5|6,4,4
B-train-00078,1,1,argmax,Đơn xử lý,Kho/điểm,B-train-00078-q01,Kho Bình Dương,3,Kho Hà Nội,6,False,2|3|5,1|2|6,3,3
B-train-00078,1,1,argmax,Tồn cuối,Kho/điểm,B-train-00078-q05,Kho Đà Nẵng,2,Kho Đà Nẵng,2,True,2|3|5,1|2|6,3,3
B-train-00078,1,1,argmin,Đơn xử lý,Kho/điểm,B-train-00078-q06,Kho trung chuyển,5,Kho Hà Nội,1,False,2|3|5,1|2|6,3,3
B-train-00079,1,1,argmax,Hồ sơ nhận,Nhóm chế độ,B-train-00079-q01,Thất nghiệp,2,Thất nghiệp,2,True,2|3|5,2|3|5,3,3
B-train-00079,1,1,argmin,Trễ hạn,Nhóm chế độ,B-train-00079-q03,Ốm đau,3,Ốm đau,3,True,2|3|5,2|3|5,3,3
B-train-00079,1,1,argmin,Hồ sơ nhận,Nhóm chế độ,B-train-00079-q05,Tai nạn lao động,5,Tai nạn lao động,5,True,2|3|5,2|3|5,3,3
B-train-00079,1,1,argmax,Chi trả,Nhóm chế độ,B-train-00079-q07,Thất nghiệp,2,Thất nghiệp,2,True,2|3|5,2|3|5,3,3
B-train-00080,1,1,argmin,Thí sinh,Đơn vị,B-train-00080-q04,THPT Lê Quý Đôn,2,THPT Lê Quý Đôn,2,True,2|3|4,2|3|4,3,3
B-train-00080,1,1,argmax,Tỷ lệ đạt,Đơn vị,B-train-00080-q05,THPT Lê Quý Đôn,2,THPT Lê Quý Đôn,2,True,2|3|4,2|3|4,3,3
B-train-00080,1,1,argmax,Đạt,Đơn vị,B-train-00080-q09,THPT Trần Phú,3,THPT Trần Phú,3,True,2|3|4,2|3|4,3,3
B-train-00080,1,1,argmin,Tỷ lệ đạt,Đơn vị,B-train-00080-q10,THPT Phan Bội Châu,4,THPT Phan Bội Châu,4,True,2|3|4,2|3|4,3,3
B-train-00081,1,1,argmin,Tỷ lệ đạt,Đơn vị,B-train-00081-q01,THPT Lê Quý Đôn,2,THPT Lê Quý Đôn,2,True,2|4|5,2|4|5,3,3
B-train-00081,1,1,argmax,Thí sinh,Đơn vị,B-train-00081-q03,THPT Phan Bội Châu,4,THPT Phan Bội Châu,4,True,2|4|5,2|4|5,3,3
B-train-00081,1,1,argmin,Thí sinh,Đơn vị,B-train-00081-q05,THPT Chu Văn An,5,THPT Chu Văn An,5,True,2|4|5,2|4|5,3,3
B-train-00081,1,1,argmax,Tỷ lệ đạt,Đơn vị,B-train-00081-q07,THPT Phan Bội Châu,4,THPT Phan Bội Châu,4,True,2|4|5,2|4|5,3,3
B-train-00082,1,1,argmin,Dư nợ,Chi nhánh,B-train-00082-q07,Cần Thơ 02,5,Hà Nội 01,6,False,5|6,5|6,2,2
B-train-00082,1,1,argmin,Tăng trưởng,Chi nhánh,B-train-00082-q08,Cần Thơ 02,5,Cần Thơ 02,5,True,5|6,5|6,2,2
B-train-00082,1,1,argmax,Tăng trưởng,Chi nhánh,B-train-00082-q09,Hà Nội 01,6,Hà Nội 01,6,True,5|6,5|6,2,2
B-train-00083,1,1,argmax,Tuyển mới,Phòng ban,B-train-00083-q03,Vận hành,3,Vận hành,3,True,1|3|4,1|3|4,3,3
B-train-00083,1,1,argmax,Thiếu/thừa,Phòng ban,B-train-00083-q05,Công nghệ,4,Công nghệ,4,True,1|3|4,1|3|4,3,3
B-train-00083,1,1,argmin,Thiếu/thừa,Phòng ban,B-train-00083-q07,Vận hành,3,Vận hành,3,True,1|3|4,1|3|4,3,3
B-train-00083,1,1,argmin,Định biên,Phòng ban,B-train-00083-q08,Kinh doanh,1,Kinh doanh,1,True,1|3|4,1|3|4,3,3
B-train-00084,1,1,argmax,Tồn cuối,Kho/điểm,B-train-00084-q06,Kho Cần Thơ,4,Kho Cần Thơ,4,True,2|4|5,2|4|5,3,3
B-train-00084,1,1,argmax,Đơn xử lý,Kho/điểm,B-train-00084-q08,Kho Đà Nẵng,2,Kho Đà Nẵng,2,True,2|4|5,2|4|5,3,3
B-train-00084,1,1,argmin,Đúng hạn,Kho/điểm,B-train-00084-q10,Kho trung chuyển,5,Kho trung chuyển,5,True,2|4|5,2|4|5,3,3
B-train-00085,1,1,argmax,Tiến độ,Dự án,B-train-00085-q01,Trường liên cấp,3,Trường liên cấp,3,True,1|2|3|5,1|2|3|5,4,4
B-train-00085,1,1,argmin,Giá trị hợp đồng,Dự án,B-train-00085-q06,Khu tái định cư,5,Khu tái định cư,5,True,1|2|3|5,1|2|3|5,4,4
B-train-00085,1,1,argmax,Giá trị hợp đồng,Dự án,B-train-00085-q08,Đường vành đai,2,Đường vành đai,2,True,1|2|3|5,1|2|3|5,4,4
B-train-00085,1,1,argmin,Tiến độ,Dự án,B-train-00085-q10,Cầu Đông Thành,1,Cầu Đông Thành,1,True,1|2|3|5,1|2|3|5,4,4
B-train-00086,1,1,argmin,Tỷ lệ đạt,Đơn vị,B-train-00086-q01,THPT Lê Quý Đôn,2,THPT Lê Quý Đôn,2,True,2|7|8,2|7|8,3,3
B-train-00086,1,1,argmin,Đạt,Đơn vị,B-train-00086-q03,THPT Lê Quý Đôn,7,THPT Lê Quý Đôn,7,True,2|7|8,2|7|8,3,3
B-train-00086,1,1,argmax,Đạt,Đơn vị,B-train-00086-q09,THPT Trần Phú,8,THPT Trần Phú,8,True,2|7|8,2|7|8,3,3
B-train-00087,1,1,argmin,Công suất phòng,Điểm đến,B-train-00087-q02,Nha Trang,4,Nha Trang,4,True,3|4,3|4,2,2
B-train-00087,1,1,argmax,Doanh thu,Điểm đến,B-train-00087-q04,Đà Lạt,3,Đà Lạt,3,True,3|4,3|4,2,2
B-train-00087,1,1,argmax,Khách quốc tế,Điểm đến,B-train-00087-q08,Nha Trang,4,Nha Trang,4,True,3|4,3|4,2,2
B-train-00087,1,1,argmin,Khách nội địa,Điểm đến,B-train-00087-q10,Nha Trang,4,Nha Trang,4,True,3|4,3|4,2,2
B-train-00088,1,1,argmin,Trễ hạn,Nhóm chế độ,B-train-00088-q01,Thất nghiệp,7,Thất nghiệp,7,True,1|5|7,1|5|7,3,3
B-train-00088,1,1,argmin,Đã giải quyết,Nhóm chế độ,B-train-00088-q02,Hưu trí,1,Hưu trí,1,True,1|5|7,1|5|7,3,3
B-train-00088,1,1,argmax,Đã giải quyết,Nhóm chế độ,B-train-00088-q06,Tai nạn lao động,5,Tai nạn lao động,5,True,1|5|7,1|5|7,3,3
B-train-00089,1,1,argmin,Hợp đồng,Nghiệp vụ,B-train-00089-q02,Xe cơ giới,2,Xe cơ giới,2,True,1|2|4,1|2|4,3,3
B-train-00089,1,1,argmax,Phí bảo hiểm,Nghiệp vụ,B-train-00089-q04,Hàng hóa,4,Hàng hóa,4,True,1|2|4,1|2|4,3,3
B-train-00089,1,1,argmin,Bồi thường,Nghiệp vụ,B-train-00089-q09,Xe cơ giới,2,Xe cơ giới,2,True,1|2|4,1|2|4,3,3
B-train-00089,1,1,argmax,Tỷ lệ,Nghiệp vụ,B-train-00089-q10,Sức khỏe,1,Sức khỏe,1,True,1|2|4,1|2|4,3,3
B-train-00090,1,1,argmax,Hiện có,Phòng ban,B-train-00090-q02,Vận hành,3,Vận hành,3,True,3|5,3|5,2,2
B-train-00090,1,1,argmax,Tuyển mới,Phòng ban,B-train-00090-q07,Hành chính,5,Hành chính,5,True,3|5,3|5,2,2
B-train-00090,1,1,argmin,Thiếu/thừa,Phòng ban,B-train-00090-q10,Hành chính,5,Hành chính,5,True,3|5,3|5,2,2
B-train-00091,1,1,argmin,Thí sinh,Đơn vị,B-train-00091-q01,THPT Phan Bội Châu,4,THPT Phan Bội Châu,4,True,1|3|4,1|3|4,3,3
B-train-00091,1,1,argmax,Thí sinh,Đơn vị,B-train-00091-q05,THPT Trần Phú,3,THPT Trần Phú,3,True,1|3|4,1|3|4,3,3
B-train-00091,1,1,argmax,Đạt,Đơn vị,B-train-00091-q07,THPT Nguyễn Trãi,1,THPT Nguyễn Trãi,1,True,1|3|4,1|3|4,3,3
B-train-00091,1,1,argmin,Tỷ lệ đạt,Đơn vị,B-train-00091-q09,THPT Trần Phú,3,THPT Trần Phú,3,True,1|3|4,1|3|4,3,3
B-train-00092,1,1,argmax,Thực hiện,Khu vực,B-train-00092-q02,Miền Nam,3,Miền Nam,3,True,2|3|4|5,2|3|4|5,4,4
B-train-00092,1,1,argmin,Chênh lệch,Khu vực,B-train-00092-q03,Miền Trung,2,Miền Trung,2,True,2|3|4|5,2|3|4|5,4,4
B-train-00092,1,1,argmax,Chênh lệch,Khu vực,B-train-00092-q05,Tây Nguyên,4,Tây Nguyên,4,True,2|3|4|5,2|3|4|5,4,4
B-train-00092,1,1,argmin,Thực hiện,Khu vực,B-train-00092-q07,Đồng bằng sông Cửu Long,5,Đồng bằng sông Cửu Long,5,True,2|3|4|5,2|3|4|5,4,4
B-train-00093,1,1,argmax,Khách quốc tế,Điểm đến,B-train-00093-q01,Phú Quốc,5,Phú Quốc,5,True,3|5|6,3|5|6,3,3
B-train-00093,1,1,argmin,Công suất phòng,Điểm đến,B-train-00093-q02,Vịnh Hạ Long,6,Vịnh Hạ Long,6,True,3|5|6,3|5|6,3,3
B-train-00093,1,1,argmax,Doanh thu,Điểm đến,B-train-00093-q09,Vịnh Hạ Long,6,Vịnh Hạ Long,6,True,3|5|6,3|5|6,3,3
B-train-00093,1,1,argmin,Khách quốc tế,Điểm đến,B-train-00093-q10,Đà Lạt,3,Đà Lạt,3,True,3|5|6,3|5|6,3,3
B-train-00094,1,1,argmin,Giá dự toán,Gói thầu,B-train-00094-q01,GT92,3,GT92,3,True,3|5,3|5,2,2
B-train-00094,1,1,argmax,Giá trúng,Gói thầu,B-train-00094-q02,GT33,5,GT33,5,True,3|5,3|5,2,2
B-train-00094,1,1,argmin,Giá trúng,Gói thầu,B-train-00094-q08,GT92,3,GT92,3,True,3|5,3|5,2,2
B-train-00095,1,1,argmin,Hành khách,Tuyến,B-train-00095-q04,Hà Nội – Hải Phòng,1,Hà Nội – Hải Phòng,1,True,1|2,1|2,2,2
B-train-00095,1,1,argmin,Đúng giờ,Tuyến,B-train-00095-q05,Đà Nẵng – Huế,2,Đà Nẵng – Huế,2,True,1|2,1|2,2,2
B-train-00095,1,1,argmax,Doanh thu,Tuyến,B-train-00095-q08,Đà Nẵng – Huế,2,Đà Nẵng – Huế,2,True,1|2,1|2,2,2
B-train-00095,1,1,argmax,Đúng giờ,Tuyến,B-train-00095-q10,Hà Nội – Hải Phòng,1,Hà Nội – Hải Phòng,1,True,1|2,1|2,2,2
B-train-00096,1,1,argmin,Nợ quá hạn,Chi nhánh,B-train-00096-q01,Hà Nội 01,6,Hà Nội 01,6,True,4|6,1|4|6,2,3
B-train-00096,1,1,argmin,Huy động,Chi nhánh,B-train-00096-q06,Khánh Hòa 03,4,Khánh Hòa 03,4,True,4|6,1|4|6,2,3
B-train-00096,1,1,argmax,Tăng trưởng,Chi nhánh,B-train-00096-q07,Hà Nội 01,6,Hà Nội 01,6,True,4|6,1|4|6,2,3
B-train-00096,1,1,argmax,Dư nợ,Chi nhánh,B-train-00096-q09,Khánh Hòa 03,4,Hà Nội 01,1,False,4|6,1|4|6,2,3
B-train-00097,1,1,argmax,Số chuyến,Tuyến,B-train-00097-q01,TP.HCM – Cần Thơ,3,TP.HCM – Cần Thơ,3,True,1|3|4,1|3|4,3,3
B-train-00097,1,1,argmax,Doanh thu,Tuyến,B-train-00097-q03,Hà Nội – Hải Phòng,1,Hà Nội – Hải Phòng,1,True,1|3|4,1|3|4,3,3
B-train-00097,1,1,argmin,Đúng giờ,Tuyến,B-train-00097-q04,Nha Trang – Đà Lạt,4,Nha Trang – Đà Lạt,4,True,1|3|4,1|3|4,3,3
B-train-00097,1,1,argmin,Hành khách,Tuyến,B-train-00097-q07,Nha Trang – Đà Lạt,4,Nha Trang – Đà Lạt,4,True,1|3|4,1|3|4,3,3
B-train-00098,1,1,argmin,Sự cố,Trạm,B-train-00098-q01,Trạm Tây Đô,4,Trạm Tây Đô,4,True,4|7,4|7,2,2
B-train-00098,1,1,argmax,Công suất đỉnh,Trạm,B-train-00098-q08,Trạm 220kV Trung,7,Trạm 220kV Trung,7,True,4|7,4|7,2,2
B-train-00098,1,1,argmin,Tổn thất,Trạm,B-train-00098-q09,Trạm 220kV Trung,7,Trạm 220kV Trung,7,True,4|7,4|7,2,2
B-train-00099,1,1,argmax,Giá trị bán,Điểm bán,B-train-00099-q02,Siêu thị trung tâm,3,Siêu thị trung tâm,3,True,2|3|4,2|3|4,3,3
B-train-00099,1,1,argmin,Số đơn,Điểm bán,B-train-00099-q05,Cửa hàng 02,2,Cửa hàng 02,2,True,2|3|4,2|3|4,3,3
B-train-00099,1,1,argmax,Số đơn,Điểm bán,B-train-00099-q08,Siêu thị trung tâm,3,Siêu thị trung tâm,3,True,2|3|4,2|3|4,3,3
B-train-00099,1,1,argmin,Lượt khách,Điểm bán,B-train-00099-q09,Điểm bán phía Bắc,4,Điểm bán phía Bắc,4,True,2|3|4,2|3|4,3,3
B-train-00100,1,1,argmax,Tồn cuối,Kho/điểm,B-train-00100-q03,Kho Hà Nội,3,Kho Hà Nội,3,True,3|8|13,3|8|13,3,3
B-train-00100,1,1,argmin,Chi phí,Kho/điểm,B-train-00100-q04,Kho Hà Nội,8,Kho Hà Nội,8,True,3|8|13,3|8|13,3,3
B-train-00100,1,1,argmin,Đúng hạn,Kho/điểm,B-train-00100-q07,Cần Thơ,13,Cần Thơ,13,True,3|8|13,3|8|13,3,3
B-train-00101,1,2,argmin,Đã giải quyết,Nhóm chế độ,B-train-00101-q01,Thất nghiệp,4,Thất nghiệp,4,True,4,4,1,1
B-train-00101,1,1,argmax,Tỷ lệ,Khu vực,B-train-00101-q03,Miền Nam,10,Miền Nam,10,True,9|10|11,6|10|11,3,3
B-train-00101,1,1,argmax,Kế hoạch,Khu vực,B-train-00101-q08,Miền Trung,9,Tây Nguyên,6,False,9|10|11,6|10|11,3,3
B-train-00101,1,1,argmin,Kỳ này,Khu vực,B-train-00101-q09,Tây Nguyên,11,Tây Nguyên,11,True,9|10|11,6|10|11,3,3
B-train-00102,1,1,argmax,Tỷ trọng (%),Khoa,B-train-00102-q01,Nhi,17,Nhi,17,True,7|17,7|17,2,2
B-train-00102,1,1,argmin,Nhập viện,Khoa,B-train-00102-q04,Mắt,7,Mắt,7,True,7|17,7|17,2,2
B-train-00103,2,1,argmax,Sản lượng (tấn),Địa bàn,B-train-00103-q02,Cần Thơ,4,Cần Thơ,4,True,3|4,3|4,2,2
B-train-00103,2,1,argmin,Sản lượng (tấn),Địa bàn,B-train-00103-q03,Đồng Nai,3,Đồng Nai,3,True,3|4,3|4,2,2
B-train-00103,2,1,argmin,Diện tích (ha),Địa bàn,B-train-00103-q04,Đồng Nai,3,Đồng Nai,3,True,3|4,3|4,2,2
B-train-00103,1,1,argmax,Diện tích (ha),Địa bàn,B-train-00103-q09,Hải Phòng,11,Hải Phòng,11,True,11,11,1,1
B-train-00104,1,1,argmin,Tỷ trọng (%),Khu vực,B-train-00104-q06,Cụm BTS-01,13,Cụm BTS-01,13,True,3|13|16,3|13|16,3,3
B-train-00104,1,1,argmax,Phản ánh,Khu vực,B-train-00104-q09,Khu vực đô thị,16,Khu vực đô thị,16,True,3|13|16,3|13|16,3,3
B-train-00104,1,1,argmax,Tỷ lệ rớt cuộc,Khu vực,B-train-00104-q10,Cụm BTS-01,3,Cụm BTS-01,3,True,3|13|16,3|13|16,3,3
B-train-00105,1,1,argmax,Tỷ lệ,Khu vực,B-train-00105-q03,Tây Nguyên,11,Tây Nguyên,11,True,6|11,3|11,2,2
B-train-00105,1,1,argmin,Tỷ lệ,Khu vực,B-train-00105-q04,Tây Nguyên,6,Miền Bắc Đã đối chiếu,3,False,6|11,3|11,2,2
B-train-00105,1,2,argmax,Khách quốc tế,Điểm đến,B-train-00105-q05,Phú Quốc,7,Phú Quốc,7,True,7,7,1,1
B-train-00105,1,1,argmin,Chênh lệch,Khu vực,B-train-00105-q10,Tây Nguyên,6,Miền Bắc Đã đối chiếu,3,False,6|11,3|11,2,2
B-train-00106,1,2,argmin,Tỷ trọng (%),Trạm,B-train-00106-q05,Trạm 110kV Bắc,8,Trạm Nam Sông,10,False,4|8|13,4|10|13,3,3
B-train-00106,1,2,argmax,Tổn thất,Trạm,B-train-00106-q07,Hải Phòng,13,Hải Phòng,13,True,4|8|13,4|10|13,3,3
B-train-00106,1,1,argmin,Đúng giờ,Tuyến,B-train-00106-q09,Đà Nẵng – Huế,8,Đà Nẵng – Huế,8,True,8,8,1,1
B-train-00106,1,2,argmax,Sự cố,Trạm,B-train-00106-q10,Trạm 220kV Trung,4,Trạm 220kV Trung,4,True,4|8|13,4|10|13,3,3
B-train-00107,1,1,argmax,Đúng hạn,Kho/điểm,B-train-00107-q03,Kho trung chuyển,7,Kho trung chuyển,7,True,7|10|11|16,7|10|11|16,4,4
B-train-00107,1,1,argmax,Chi phí,Kho/điểm,B-train-00107-q04,Kho Cần Thơ,11,Kho Cần Thơ,11,True,7|10|11|16,7|10|11|16,4,4
B-train-00107,1,1,argmin,Chi phí,Kho/điểm,B-train-00107-q06,Kho Cần Thơ,16,Kho Cần Thơ,16,True,7|10|11|16,7|10|11|16,4,4
B-train-00107,1,1,argmin,Tồn cuối,Kho/điểm,B-train-00107-q07,Kho Bình Dương,10,Kho Bình Dương,10,True,7|10|11|16,7|10|11|16,4,4
B-train-00108,1,1,argmax,Kỳ trước,Đơn vị,B-train-00108-q03,THPT Lê Quý Đôn,9,THPT Lê Quý Đôn,9,True,3|9|10|15,3|9|10|15,4,4
B-train-00108,1,1,argmin,Kỳ trước,Đơn vị,B-train-00108-q04,THPT Trần Phú,15,THPT Trần Phú,15,True,3|9|10|15,3|9|10|15,4,4
B-train-00108,1,1,argmax,Kỳ này,Đơn vị,B-train-00108-q08,THPT Nguyễn Trãi,3,THPT Nguyễn Trãi,3,True,3|9|10|15,3|9|10|15,4,4
B-train-00108,1,1,argmin,Tỷ lệ đạt,Đơn vị,B-train-00108-q10,Đồng Nai,10,Đồng Nai,10,True,3|9|10|15,3|9|10|15,4,4
B-train-00109,1,1,argmin,Lượt khám,Khoa,B-train-00109-q02,Sản,12,Mắt,7,False,11|12,7|11,2,2
B-train-00109,1,1,argmax,Lượt khám,Khoa,B-train-00109-q04,Nhi,11,Nhi,11,True,11|12,7|11,2,2
B-train-00109,1,1,argmin,Kế hoạch năm,Khoa,B-train-00109-q07,Nhi,11,Nhi,11,True,11|12,7|11,2,2
B-train-00109,1,1,argmax,Nhập viện,Khoa,B-train-00109-q10,Nhi,11,Nhi,11,True,11|12,7|11,2,2
B-train-00110,1,1,argmin,Tỷ lệ,Khu vực,B-train-00110-q02,Miền Trung,4,Miền Trung,4,True,4|6|18,4|6|18,3,3
B-train-00110,1,1,argmax,Thực hiện,Khu vực,B-train-00110-q07,Tây Nguyên,6,Tây Nguyên,6,True,4|6|18,4|6|18,3,3
B-train-00110,1,1,argmax,Lũy kế,Khu vực,B-train-00110-q08,Miền Bắc,18,Miền Bắc,18,True,4|6|18,4|6|18,3,3
B-train-00111,1,1,argmax,Kỳ này,Mã hàng,B-train-00111-q03,VT939,9,VT939,9,True,9|13,9|13,2,2
B-train-00111,1,1,argmin,Nhập,Mã hàng,B-train-00111-q08,VT939,9,VT939,9,True,9|13,9|13,2,2
B-train-00111,1,1,argmax,Nhập,Mã hàng,B-train-00111-q09,VT088,13,VT088,13,True,9|13,9|13,2,2
B-train-00111,1,1,argmin,Tồn đầu,Mã hàng,B-train-00111-q10,VT939,9,VT939,9,True,9|13,9|13,2,2
B-train-00112,2,1,argmin,Kế hoạch năm,Khoa,B-train-00112-q04,Sản,13,Sản,13,True,7|10|13,7|10|13,3,3
B-train-00112,2,1,argmax,Chuyển tuyến,Khoa,B-train-00112-q07,Nội tổng hợp,10,Nội tổng hợp,10,True,7|10|13,7|10|13,3,3
B-train-00112,2,1,argmin,Nhập viện,Khoa,B-train-00112-q09,Sản,7,Sản,7,True,7|10|13,7|10|13,3,3
B-train-00113,1,1,argmin,Hiện có,Phòng ban,B-train-00113-q03,Công nghệ,12,Công nghệ,12,True,10|12,10|12,2,2
B-train-00113,2,1,argmin,Thiếu/thừa,Phòng ban,B-train-00113-q04,Công nghệ,16,Công nghệ,16,True,11|16,11|16,2,2
B-train-00113,1,1,argmax,Thiếu/thừa,Phòng ban,B-train-00113-q05,Kế toán,10,Kế toán,10,True,10|12,10|12,2,2
B-train-00113,2,1,argmax,Kế hoạch năm,Phòng ban,B-train-00113-q08,Hành chính,11,Hành chính,11,True,11|16,11|16,2,2
B-train-00114,1,1,argmin,Lũy kế,Dự án,B-train-00114-q01,Hải Phòng,5,Hải Phòng,5,True,3|5|10|11,3|5|10|11,4,4
B-train-00114,1,1,argmax,Giải ngân,Dự án,B-train-00114-q06,Nhà máy nước,11,Nhà máy nước,11,True,3|5|10|11,3|5|10|11,4,4
B-train-00114,1,1,argmin,Giải ngân,Dự án,B-train-00114-q07,Trường liên cấp,10,Trường liên cấp,10,True,3|5|10|11,3|5|10|11,4,4
B-train-00114,1,1,argmax,Tiến độ,Dự án,B-train-00114-q09,Cầu Đông Thành,3,Cầu Đông Thành,3,True,3|5|10|11,3|5|10|11,4,4
B-train-00115,1,2,argmin,Kỳ này,Mã hàng,B-train-00115-q02,VT442,9,VT442,9,True,9,9,1,1
B-train-00115,1,2,argmin,Tồn đầu,Mã hàng,B-train-00115-q05,VT442,9,VT442,9,True,9,9,1,1
B-train-00115,1,1,argmax,Tồn cuối,Mã hàng,B-train-00115-q09,VT202,4,VT202,4,True,4,4,1,1
B-train-00115,1,1,argmax,Tồn đầu,Mã hàng,B-train-00115-q10,VT202,4,VT202,4,True,4,4,1,1
B-train-00116,1,2,argmax,Đúng hạn,Kho/điểm,B-train-00116-q02,Kho Cần Thơ,11,Kho Cần Thơ,11,True,9|11,9|11,2,2
B-train-00116,1,2,argmin,Kỳ trước,Kho/điểm,B-train-00116-q06,Kho Đà Nẵng,9,Kho Đà Nẵng,9,True,9|11,9|11,2,2
B-train-00116,1,1,argmax,BOD5,Điểm quan trắc,B-train-00116-q07,Cửa biển Đà Nẵng,12,Cửa biển Đà Nẵng,12,True,12,12,1,1
B-train-00116,1,2,argmin,Tồn cuối,Kho/điểm,B-train-00116-q10,Kho Đà Nẵng,9,Kho Đà Nẵng,9,True,9|11,9|11,2,2
B-train-00117,1,1,argmax,Nhập viện,Khoa,B-train-00117-q01,Mắt,13,Mắt,13,True,11|13,11|13,2,2
B-train-00117,1,1,argmin,Nhập viện,Khoa,B-train-00117-q09,Đà Nẵng,11,Đà Nẵng,11,True,11|13,11|13,2,2
B-train-00117,1,2,argmin,Sản lượng (tấn),Địa bàn,B-train-00117-q10,Khánh Hòa,6,Khánh Hòa,6,True,6,6,1,1
B-train-00118,1,2,argmax,Giá dự toán,Gói thầu,B-train-00118-q06,Miền Nam,8,Miền Nam,8,True,3|8,3|8,2,2
B-train-00118,1,2,argmax,Lũy kế,Gói thầu,B-train-00118-q08,GT45,3,GT45,3,True,3|8,3|8,2,2
B-train-00119,1,1,argmax,Công suất phòng,Điểm đến,B-train-00119-q03,Nha Trang,6,Nha Trang,6,True,5|6|9,5|6|9,3,3
B-train-00119,1,1,argmax,Doanh thu,Điểm đến,B-train-00119-q05,Đà Lạt,5,Đà Lạt,5,True,5|6|9,5|6|9,3,3
B-train-00119,1,1,argmin,Khách quốc tế,Điểm đến,B-train-00119-q06,Khánh Hòa,9,Khánh Hòa,9,True,5|6|9,5|6|9,3,3
B-train-00120,1,1,argmin,Giá trị bán,Điểm bán,B-train-00120-q02,Cửa hàng 02,14,Hải Phòng,15,False,6|14|15,6|15,3,2
B-train-00120,1,1,argmax,Số đơn,Điểm bán,B-train-00120-q05,Hải Phòng,15,Hải Phòng,15,True,6|14|15,6|15,3,2
B-train-00120,1,1,argmax,Lũy kế,Điểm bán,B-train-00120-q07,Điểm bán phía Bắc,6,Điểm bán phía Bắc,6,True,6|14|15,6|15,3,2
B-train-00121,1,1,argmin,Số đơn,Điểm bán,B-train-00121-q02,Miền Bắc,13,Miền Bắc,13,True,5|7|13,5|7|13,3,3
B-train-00121,1,1,argmax,Lũy kế,Điểm bán,B-train-00121-q06,Siêu thị trung tâm,5,Siêu thị trung tâm,5,True,5|7|13,5|7|13,3,3
B-train-00121,1,1,argmax,Giá trị bán,Điểm bán,B-train-00121-q08,Điểm bán phía Nam,7,Điểm bán phía Nam,7,True,5|7|13,5|7|13,3,3
B-train-00121,1,1,argmin,Giá trị bán,Điểm bán,B-train-00121-q09,Miền Bắc,13,Miền Bắc,13,True,5|7|13,5|7|13,3,3
B-train-00122,1,1,argmin,Tỷ lệ,Nghiệp vụ,B-train-00122-q01,Tài sản,5,Tài sản,5,True,5|6|15,5|6|15,3,3
B-train-00122,1,1,argmax,Bồi thường,Nghiệp vụ,B-train-00122-q02,Hàng hóa,6,Hàng hóa,6,True,5|6|15,5|6|15,3,3
B-train-00122,1,1,argmin,Phí bảo hiểm,Nghiệp vụ,B-train-00122-q05,Tài sản,15,Tài sản,15,True,5|6|15,5|6|15,3,3
B-train-00122,1,1,argmax,Phí bảo hiểm,Nghiệp vụ,B-train-00122-q09,Hàng hóa,6,Hàng hóa,6,True,5|6|15,5|6|15,3,3
B-train-00123,1,1,argmax,Kế hoạch năm,Địa bàn,B-train-00123-q03,Đồng Nai,14,Đồng Nai,14,True,4|10|14,4|14,3,2
B-train-00123,1,1,argmin,Kế hoạch năm,Địa bàn,B-train-00123-q09,Hà Nội,10,Hải Phòng,4,False,4|10|14,4|14,3,2
B-train-00123,1,1,argmax,Sản lượng (tấn),Địa bàn,B-train-00123-q10,Hải Phòng,4,Hải Phòng,4,True,4|10|14,4|14,3,2
B-train-00124,1,1,argmax,Tồn cuối,Kho/điểm,B-train-00124-q01,Kho Hà Nội,8,Hải Phòng,9,False,5|8,5|9,2,2
B-train-00124,1,1,argmax,Chi phí,Kho/điểm,B-train-00124-q03,Kho Bình Dương,5,Kho Bình Dương,5,True,5|8,5|9,2,2
B-train-00124,1,2,argmin,Lũy kế,Chi nhánh,B-train-00124-q08,Cần Thơ 02,7,Miền Bắc,8,False,7,8,1,1
B-train-00125,1,2,argmax,Doanh thu,Tuyến,B-train-00125-q01,Đà Nẵng – Huế,4,Đà Nẵng – Huế,4,True,4|5,4|8,2,2
B-train-00125,1,1,argmax,Giải ngân,Dự án,B-train-00125-q04,Cầu Đông Thành,8,Cầu Đông Thành,8,True,8,8,1,1
B-train-00125,1,2,argmin,Đúng giờ,Tuyến,B-train-00125-q06,Đà Nẵng – Huế,4,Đà Nẵng – Huế,4,True,4|5,4|8,2,2
B-train-00125,1,2,argmin,Số chuyến,Tuyến,B-train-00125-q09,Đà Nẵng,5,Đà Nẵng – Huế,8,False,4|5,4|8,2,2
B-train-00126,1,1,argmax,Huy động,Chi nhánh,B-train-00126-q02,Cần Thơ 02,7,Cần Thơ 02,7,True,7|9|17,7|9|17,3,3
B-train-00126,1,1,argmin,Huy động,Chi nhánh,B-train-00126-q04,Hải Phòng 02,9,Hải Phòng 02,9,True,7|9|17,7|9|17,3,3
B-train-00126,1,1,argmax,Nợ quá hạn,Chi nhánh,B-train-00126-q06,Cần Thơ 02,7,Cần Thơ 02,7,True,7|9|17,7|9|17,3,3
B-train-00126,1,1,argmin,Nợ quá hạn,Chi nhánh,B-train-00126-q08,Cần Thơ 02,17,Cần Thơ 02,17,True,7|9|17,7|9|17,3,3
B-train-00127,1,1,argmax,Giá dự toán,Gói thầu,B-train-00127-q02,GT95,8,Miền Trung,3,False,5|8,3|5|8,2,3
B-train-00127,1,1,argmin,Kỳ trước,Gói thầu,B-train-00127-q06,GT95,8,GT95,8,True,5|8,3|5|8,2,3
B-train-00127,1,1,argmin,Giá trúng,Gói thầu,B-train-00127-q09,GT41,5,GT41,5,True,5|8,3|5|8,2,3
B-train-00128,1,2,argmax,Sản lượng (tấn),Địa bàn,B-train-00128-q01,Đồng Nai,6,Đồng Nai,6,True,6,6,1,1
B-train-00128,1,1,argmax,Sản lượng,Trạm,B-train-00128-q06,Trạm Nam Sông,10,Trạm Nam Sông,10,True,6|7|10,6|7|10,3,3
B-train-00128,1,1,argmin,Tổn thất,Trạm,B-train-00128-q07,Trạm Tây Đô,6,Trạm Tây Đô,6,True,6|7|10,6|7|10,3,3
B-train-00128,1,1,argmin,Sản lượng,Trạm,B-train-00128-q10,Trạm Cao Nguyên,7,Trạm Cao Nguyên,7,True,6|7|10,6|7|10,3,3
B-train-00129,1,1,argmin,Tổn thất,Trạm,B-train-00129-q02,Trạm Tây Đô,6,Trạm Tây Đô,6,True,4|6|11,4|6|11,3,3
B-train-00129,1,1,argmax,Sự cố,Trạm,B-train-00129-q07,Trạm Tây Đô,6,Trạm Tây Đô,6,True,4|6|11,4|6|11,3,3
B-train-00129,1,1,argmin,Lũy kế,Trạm,B-train-00129-q08,Trạm 220kV Trung,4,Trạm 220kV Trung,4,True,4|6|11,4|6|11,3,3
B-train-00129,1,1,argmax,Lũy kế,Trạm,B-train-00129-q09,Trạm Tây Đô,11,Trạm Tây Đô,11,True,4|6|11,4|6|11,3,3
B-train-00130,1,1,argmax,Kỳ trước,Khu vực,B-train-00130-q01,Miền Nam,5,Miền Nam,5,True,3|5|9,3|5|9,3,3
B-train-00130,1,1,argmin,Kỳ trước,Khu vực,B-train-00130-q02,Khánh Hòa,3,Khánh Hòa,3,True,3|5|9,3|5|9,3,3
B-train-00130,1,1,argmax,Thực hiện,Khu vực,B-train-00130-q04,Miền Nam,5,Miền Nam,5,True,3|5|9,3|5|9,3,3
B-train-00130,1,1,argmin,Tỷ lệ,Khu vực,B-train-00130-q10,Miền Trung,9,Miền Trung,9,True,3|5|9,3|5|9,3,3
B-train-00131,1,2,argmin,Giá trị hợp đồng,Dự án,B-train-00131-q02,Trường liên cấp,10,Đường vành đai,4,False,5|9|10,4|5|9,3,3
B-train-00131,1,1,argmin,Hành khách,Tuyến,B-train-00131-q04,Đà Nẵng – Huế,12,Đà Nẵng – Huế,12,True,12,12,1,1
B-train-00131,1,2,argmax,Tỷ trọng (%),Dự án,B-train-00131-q06,Đường vành đai,9,Đường vành đai,9,True,5|9|10,4|5|9,3,3
B-train-00131,1,2,argmax,Giải ngân,Dự án,B-train-00131-q08,Miền Nam,5,Miền Nam,5,True,5|9|10,4|5|9,3,3
B-train-00132,1,1,argmax,Chi phí,Kho/điểm,B-train-00132-q01,Kho Hà Nội,13,Kho Hà Nội,13,True,6|10|13,3|6|13,3,3
B-train-00132,1,1,argmin,Đúng hạn,Kho/điểm,B-train-00132-q06,Kho Bình Dương,10,Kho Hà Nội Đã đối chiếu,3,False,6|10|13,3|6|13,3,3
B-train-00132,1,1,argmin,Tồn cuối,Kho/điểm,B-train-00132-q10,Kho Cần Thơ,6,Kho Cần Thơ,6,True,6|10|13,3|6|13,3,3
B-train-00133,1,1,argmin,Kỳ trước,Điểm quan trắc,B-train-00133-q01,KCN Long Thành,6,KCN Long Thành,6,True,3|6|13,3|6|13,3,3
B-train-00133,1,1,argmin,Kế hoạch năm,Điểm quan trắc,B-train-00133-q04,KCN Long Thành,6,KCN Long Thành,6,True,3|6|13,3|6|13,3,3
B-train-00133,1,1,argmax,COD,Điểm quan trắc,B-train-00133-q05,Sông Hồng,13,Sông Hồng,13,True,3|6|13,3|6|13,3,3
B-train-00133,1,1,argmax,BOD5,Điểm quan trắc,B-train-00133-q07,Sông Hồng,3,Sông Hồng,3,True,3|6|13,3|6|13,3,3
B-train-00134,1,1,argmin,Kế hoạch năm,Địa bàn,B-train-00134-q05,Khánh Hòa,6,Khánh Hòa,6,True,4|6|11,4|6|11,3,3
B-train-00134,1,1,argmax,Diện tích (ha),Địa bàn,B-train-00134-q08,Hải Phòng,11,Hải Phòng,11,True,4|6|11,4|6|11,3,3
B-train-00134,1,1,argmin,Diện tích (ha),Địa bàn,B-train-00134-q10,Hải Phòng,4,Hải Phòng,4,True,4|6|11,4|6|11,3,3
B-train-00135,1,2,argmin,Phí bảo hiểm,Nghiệp vụ,B-train-00135-q03,Tài sản,5,Tài sản,5,True,5|10,5|10,2,2
B-train-00135,1,2,argmax,Lũy kế,Nghiệp vụ,B-train-00135-q06,Tài sản,10,Tài sản,10,True,5|10,5|10,2,2
B-train-00135,1,1,argmax,Chi phí,Kho/điểm,B-train-00135-q08,Kho Cần Thơ,6,Kho Cần Thơ,6,True,4|6,4|6,2,2
B-train-00135,1,1,argmin,Kỳ trước,Kho/điểm,B-train-00135-q10,Kho Đà Nẵng,4,Kho Đà Nẵng,4,True,4|6,4|6,2,2
B-train-00136,1,1,argmax,Chênh lệch,Khu vực,B-train-00136-q04,Miền Bắc,3,Miền Bắc,3,True,3|4|7,3|4|7,3,3
B-train-00136,1,1,argmin,Kỳ trước,Khu vực,B-train-00136-q05,Miền Bắc,3,Miền Bắc,3,True,3|4|7,3|4|7,3,3
B-train-00136,1,1,argmin,Kế hoạch năm,Khu vực,B-train-00136-q07,Miền Trung,4,Miền Trung,4,True,3|4|7,3|4|7,3,3
B-train-00136,1,1,argmax,Kế hoạch năm,Khu vực,B-train-00136-q08,Đà Nẵng,7,Đà Nẵng,7,True,3|4|7,3|4|7,3,3
B-train-00137,1,1,argmax,Phản ánh,Khu vực,B-train-00137-q03,Miền Bắc,8,Miền Bắc,8,True,3|7|8,3|7|8,3,3
B-train-00137,1,1,argmin,Lũy kế,Khu vực,B-train-00137-q08,Cụm BTS-01,3,Cụm BTS-01,3,True,3|7|8,3|7|8,3,3
B-train-00137,1,1,argmin,Tỷ lệ rớt cuộc,Khu vực,B-train-00137-q09,Khu vực miền núi,7,Khu vực miền núi,7,True,3|7|8,3|7|8,3,3
B-train-00137,1,1,argmax,Kỳ này,Khu vực,B-train-00137-q10,Khu vực miền núi,7,Khu vực miền núi,7,True,3|7|8,3|7|8,3,3
B-train-00138,1,1,argmin,Huy động,Chi nhánh,B-train-00138-q01,Hà Nội 01,3,Hà Nội 01,3,True,3|5|8,3|7|8,3,3
B-train-00138,1,1,argmax,Nợ quá hạn,Chi nhánh,B-train-00138-q02,Hà Nội 01,8,Hà Nội 01,8,True,3|5|8,3|7|8,3,3
B-train-00138,1,1,argmax,Tăng trưởng,Chi nhánh,B-train-00138-q03,Hà Nội 01,8,Hà Nội 01,8,True,3|5|8,3|7|8,3,3
B-train-00138,1,1,argmin,Dư nợ,Chi nhánh,B-train-00138-q08,Đà Nẵng 01,5,Cần Thơ 02,7,False,3|5|8,3|7|8,3,3
B-train-00139,1,1,argmax,Chuyển tuyến,Khoa,B-train-00139-q04,Ngoại,4,Ngoại,4,True,4|8|10|14,4|10|11|14,4,4
B-train-00139,1,1,argmax,Tỷ trọng (%),Khoa,B-train-00139-q08,Ngoại,10,Ngoại,10,True,4|8|10|14,4|10|11|14,4,4
B-train-00139,1,1,argmin,Tỷ trọng (%),Khoa,B-train-00139-q09,Tai Mũi Họng,14,Tai Mũi Họng,14,True,4|8|10|14,4|10|11|14,4,4
B-train-00139,1,1,argmin,Lượt khám,Khoa,B-train-00139-q10,Miền Nam,8,Nhi,11,False,4|8|10|14,4|10|11|14,4,4
B-train-00140,1,1,argmin,BOD5,Điểm quan trắc,B-train-00140-q03,Sông Hương,9,Sông Hương,9,True,8|9,8|9,2,2
B-train-00140,1,1,argmax,COD,Điểm quan trắc,B-train-00140-q08,Sông Hồng,8,Sông Hồng,8,True,8|9,8|9,2,2
B-train-00140,1,2,argmin,Huy động,Chi nhánh,B-train-00140-q10,Hải Phòng 02,9,Hải Phòng 02,9,True,9,9,1,1
B-train-00141,1,2,argmax,Chuyển tuyến,Khoa,B-train-00141-q02,Nội tổng hợp,3,Nội tổng hợp,3,True,3,3,1,1
B-train-00141,1,1,argmin,Lũy kế,Khu vực,B-train-00141-q03,Miền Trung,9,Miền Trung,9,True,8|9|10,8|9|10,3,3
B-train-00141,1,1,argmin,Thực hiện,Khu vực,B-train-00141-q04,Miền Nam,10,Miền Nam,10,True,8|9|10,8|9|10,3,3
B-train-00141,1,1,argmax,Tỷ trọng (%),Khu vực,B-train-00141-q08,Miền Bắc,8,Miền Bắc,8,True,8|9|10,8|9|10,3,3
B-train-00142,1,2,argmin,Lũy kế,Nghiệp vụ,B-train-00142-q01,Sức khỏe,13,Đồng bằng sông Cửu Long,4,False,3|13,4|13,2,2
B-train-00142,1,2,argmax,Kỳ trước,Nghiệp vụ,B-train-00142-q03,Sức khỏe,3,Đồng bằng sông Cửu Long,4,False,3|13,4|13,2,2
B-train-00142,1,1,argmin,Tỷ lệ,Khu vực,B-train-00142-q05,Miền Bắc,3,Miền Nam,10,False,3,10,1,1
B-train-00142,1,2,argmax,Bồi thường,Nghiệp vụ,B-train-00142-q10,Sức khỏe,13,Sức khỏe,13,True,3|13,4|13,2,2
B-train-00143,1,2,argmin,Tỷ trọng (%),Điểm bán,B-train-00143-q03,Cửa hàng 01,13,Cần Thơ,9,False,9|11|13,9|11,3,2
B-train-00143,1,2,argmax,Số đơn,Điểm bán,B-train-00143-q04,Cần Thơ,9,Cần Thơ,9,True,9|11|13,9|11,3,2
B-train-00143,1,2,argmax,Hoàn trả,Điểm bán,B-train-00143-q08,Điểm bán phía Bắc,11,Điểm bán phía Bắc,11,True,9|11|13,9|11,3,2
B-train-00144,1,1,argmax,Tiến độ,Dự án,B-train-00144-q02,Đường vành đai,4,Đường vành đai,4,True,4|16|17,4|16|17,3,3
B-train-00144,1,1,argmin,Giải ngân,Dự án,B-train-00144-q04,Nhà máy nước,16,Nhà máy nước,16,True,4|16|17,4|16|17,3,3
B-train-00144,1,1,argmin,Lũy kế,Dự án,B-train-00144-q06,Khu tái định cư,17,Khu tái định cư,17,True,4|16|17,4|16|17,3,3
B-train-00145,1,2,argmax,Tỷ trọng (%),Nghiệp vụ,B-train-00145-q03,Hàng hóa,11,Hàng hóa,11,True,11,11,1,1
B-train-00145,1,1,argmin,Kỳ này,Đơn vị,B-train-00145-q04,THPT Nguyễn Trãi,8,THPT Nguyễn Trãi,8,True,8,8,1,1
B-train-00145,1,2,argmax,Tỷ lệ,Nghiệp vụ,B-train-00145-q10,Hàng hóa,11,Hàng hóa,11,True,11,11,1,1
B-train-00146,1,1,argmax,Huy động,Chi nhánh,B-train-00146-q05,Cần Thơ 02,17,Cần Thơ 02,17,True,3|15|17,3|15|17,3,3
B-train-00146,1,1,argmin,Huy động,Chi nhánh,B-train-00146-q07,Đà Nẵng 01,15,Đà Nẵng 01,15,True,3|15|17,3|15|17,3,3
B-train-00146,1,1,argmax,Lũy kế,Chi nhánh,B-train-00146-q10,Hà Nội 01,3,Hà Nội 01,3,True,3|15|17,3|15|17,3,3
B-train-00147,1,1,argmax,Trễ hạn,Nhóm chế độ,B-train-00147-q04,Cần Thơ,7,Cần Thơ,7,True,7,7,1,1
B-train-00147,1,2,argmin,Giải ngân,Dự án,B-train-00147-q08,Đường vành đai,9,Đường vành đai,9,True,9,9,1,1
B-train-00147,1,2,argmin,Tỷ trọng (%),Dự án,B-train-00147-q09,Đường vành đai,9,Đường vành đai,9,True,9,9,1,1
B-train-00148,1,1,argmax,Hoàn trả,Điểm bán,B-train-00148-q01,Cửa hàng 01,13,Cửa hàng 01,13,True,10|13|14,10|13|14,3,3
B-train-00148,1,1,argmax,Số đơn,Điểm bán,B-train-00148-q06,Siêu thị trung tâm,10,Siêu thị trung tâm,10,True,10|13|14,10|13|14,3,3
B-train-00148,1,1,argmin,Hoàn trả,Điểm bán,B-train-00148-q09,Cửa hàng 02,14,Cửa hàng 02,14,True,10|13|14,10|13|14,3,3
B-train-00149,1,1,argmax,Phản ánh,Khu vực,B-train-00149-q02,Khu vực ven biển,5,Khu vực ven biển,5,True,4|5|10|15,3|5|10|15,4,4
B-train-00149,1,1,argmax,Lưu lượng,Khu vực,B-train-00149-q03,Tây Nguyên,10,Tây Nguyên,10,True,4|5|10|15,3|5|10|15,4,4
B-train-00149,1,1,argmin,Lưu lượng,Khu vực,B-train-00149-q05,Cụm BTS-02,4,Cụm BTS-01,3,False,4|5|10|15,3|5|10|15,4,4
B-train-00149,1,1,argmin,Tỷ lệ rớt cuộc,Khu vực,B-train-00149-q07,Khu vực ven biển,15,Khu vực ven biển,15,True,4|5|10|15,3|5|10|15,4,4
B-train-00150,1,1,argmin,Kỳ trước,Khu vực,B-train-00150-q01,Cụm BTS-02,9,Cụm BTS-02,9,True,5|9|17,5|9|17,3,3
B-train-00150,1,1,argmax,Lũy kế,Khu vực,B-train-00150-q02,Cần Thơ,17,Cần Thơ,17,True,5|9|17,5|9|17,3,3
B-train-00150,1,1,argmin,Phản ánh,Khu vực,B-train-00150-q07,Cụm BTS-02,9,Cụm BTS-02,9,True,5|9|17,5|9|17,3,3
B-train-00150,1,1,argmax,Phản ánh,Khu vực,B-train-00150-q09,Khu vực ven biển,5,Khu vực ven biển,5,True,5|9|17,5|9|17,3,3
B-train-00151,1,1,argmax,Đạt,Đơn vị,B-train-00151-q03,THPT Chu Văn An,7,THPT Chu Văn An,7,True,7,7,1,1
B-train-00151,1,2,argmax,Kỳ này,Đơn vị,B-train-00151-q04,THPT Nguyễn Trãi,8,THPT Nguyễn Trãi,8,True,3|8|9,3|8|9,3,3
B-train-00151,1,2,argmin,Kỳ này,Đơn vị,B-train-00151-q08,Đà Nẵng,3,Đà Nẵng,3,True,3|8|9,3|8|9,3,3
B-train-00151,1,2,argmin,Đạt,Đơn vị,B-train-00151-q10,THPT Lê Quý Đôn,9,THPT Lê Quý Đôn,9,True,3|8|9,3|8|9,3,3
B-train-00152,1,2,argmin,Đúng giờ,Tuyến,B-train-00152-q02,Hà Nội – Hải Phòng,3,Hà Nội – Hải Phòng,3,True,3,3,1,1
B-train-00152,1,1,argmax,Tỷ lệ,Khu vực,B-train-00152-q05,Miền Bắc,8,Miền Bắc,8,True,8|9,8|9,2,2
B-train-00152,1,1,argmin,Tỷ trọng (%),Khu vực,B-train-00152-q08,Miền Trung,9,Miền Trung,9,True,8|9,8|9,2,2
B-train-00153,2,1,argmin,Lũy kế,Điểm đến,B-train-00153-q02,Vịnh Hạ Long,9,Vịnh Hạ Long,9,True,9|12|17,9|12|17,3,3
B-train-00153,2,1,argmax,Công suất phòng,Điểm đến,B-train-00153-q08,Nha Trang,17,Nha Trang,17,True,9|12|17,9|12|17,3,3
B-train-00153,1,1,argmin,Kỳ trước,Điểm đến,B-train-00153-q09,Vịnh Hạ Long,13,Vịnh Hạ Long,13,True,13,13,1,1
B-train-00153,2,1,argmax,Kỳ trước,Điểm đến,B-train-00153-q10,Nha Trang,12,Nha Trang,12,True,9|12|17,9|12|17,3,3
B-train-00154,1,2,argmax,Tăng trưởng,Chi nhánh,B-train-00154-q06,Đà Nẵng 01,5,Đà Nẵng 01,5,True,5,5,1,1
B-train-00154,1,1,argmax,Kế hoạch,Khu vực,B-train-00154-q08,Khánh Hòa,3,Khánh Hòa,3,True,3,3,1,1
B-train-00155,1,1,argmax,Kỳ trước,Điểm đến,B-train-00155-q04,Phố cổ Hội An,9,Phố cổ Hội An,9,True,3|7|9|11,3|7|9|11,4,4
B-train-00155,1,1,argmax,Công suất phòng,Điểm đến,B-train-00155-q05,Tây Nguyên,7,Tây Nguyên,7,True,3|7|9|11,3|7|9|11,4,4
B-train-00155,1,1,argmin,Công suất phòng,Điểm đến,B-train-00155-q06,Vịnh Hạ Long,3,Vịnh Hạ Long,3,True,3|7|9|11,3|7|9|11,4,4
B-train-00155,1,1,argmin,Tỷ trọng (%),Điểm đến,B-train-00155-q10,Nha Trang,11,Nha Trang,11,True,3|7|9|11,3|7|9|11,4,4
B-train-00156,1,1,argmax,Diện tích (ha),Địa bàn,B-train-00156-q02,Cần Thơ,8,Cần Thơ,8,True,5|6|8|13,5|6|8|13,4,4
B-train-00156,1,1,argmin,Sản lượng (tấn),Địa bàn,B-train-00156-q05,Khánh Hòa,6,Khánh Hòa,6,True,5|6|8|13,5|6|8|13,4,4
B-train-00156,1,1,argmin,Kỳ này,Địa bàn,B-train-00156-q09,Khánh Hòa,13,Khánh Hòa,13,True,5|6|8|13,5|6|8|13,4,4
B-train-00156,1,1,argmax,Kỳ này,Địa bàn,B-train-00156-q10,Đà Nẵng,5,Đà Nẵng,5,True,5|6|8|13,5|6|8|13,4,4
B-train-00157,1,2,argmin,Tiến độ,Dự án,B-train-00157-q01,Nhà máy nước,6,Nhà máy nước,6,True,6,6,1,1
B-train-00157,1,1,argmax,Đơn xử lý,Kho/điểm,B-train-00157-q03,Kho Bình Dương,10,Kho trung chuyển,12,False,7|10|13,7|12|13,3,3
B-train-00157,1,1,argmax,Đúng hạn,Kho/điểm,B-train-00157-q04,Kho trung chuyển,7,Kho trung chuyển,7,True,7|10|13,7|12|13,3,3
B-train-00157,1,1,argmin,Đúng hạn,Kho/điểm,B-train-00157-q06,Kho Hà Nội,13,Kho Hà Nội,13,True,7|10|13,7|12|13,3,3
B-train-00158,1,1,argmin,Số đơn,Điểm bán,B-train-00158-q06,Cửa hàng 01,8,Cửa hàng 01,8,True,6|7|8,3|7|8,3,3
B-train-00158,1,1,argmin,Hoàn trả,Điểm bán,B-train-00158-q07,Điểm bán phía Nam,7,Điểm bán phía Nam,7,True,6|7|8,3|7|8,3,3
B-train-00158,1,1,argmax,Hoàn trả,Điểm bán,B-train-00158-q08,Điểm bán phía Bắc,6,Miền Nam,3,False,6|7|8,3|7|8,3,3
B-train-00158,1,1,argmax,Số đơn,Điểm bán,B-train-00158-q09,Điểm bán phía Nam,7,Điểm bán phía Nam,7,True,6|7|8,3|7|8,3,3
B-train-00159,1,2,argmax,Tồn cuối,Kho/điểm,B-train-00159-q01,Kho Đà Nẵng,4,Kho Đà Nẵng,4,True,4|7|11,4|11|13,3,3
B-train-00159,1,2,argmax,Đơn xử lý,Kho/điểm,B-train-00159-q05,Kho trung chuyển,7,Kho Hà Nội,13,False,4|7|11,4|11|13,3,3
B-train-00159,1,2,argmin,Chi phí,Kho/điểm,B-train-00159-q06,Lâm Đồng,11,Lâm Đồng,11,True,4|7|11,4|11|13,3,3
B-train-00159,1,1,argmin,Kỳ này,Điểm quan trắc,B-train-00159-q07,Sông Hồng,3,Sông Hồng,3,True,3,3,1,1
B-train-00160,1,1,argmax,Tăng trưởng,Chi nhánh,B-train-00160-q01,Khánh Hòa 03,6,Khánh Hòa 03,6,True,6|9,4|6|9,2,3
B-train-00160,1,1,argmin,Tăng trưởng,Chi nhánh,B-train-00160-q05,Hải Phòng 02,9,Hải Phòng 02,9,True,6|9,4|6|9,2,3
B-train-00160,1,1,argmax,Huy động,Chi nhánh,B-train-00160-q06,Hải Phòng 02,9,Cần Thơ,4,False,6|9,4|6|9,2,3
B-train-00161,1,2,argmin,Kỳ này,Đơn vị,B-train-00161-q03,THPT Chu Văn An,7,THPT Chu Văn An,7,True,7|10,5|7,2,2
B-train-00161,1,1,argmax,Dư nợ,Chi nhánh,B-train-00161-q04,Đà Nẵng 01,10,Đà Nẵng 01,10,True,7|10,7|10,2,2
B-train-00161,1,2,argmax,Tỷ trọng (%),Đơn vị,B-train-00161-q06,THPT Trần Phú,10,THPT Trần Phú,5,True,7|10,5|7,2,2
B-train-00161,1,1,argmin,Tỷ trọng (%),Chi nhánh,B-train-00161-q09,Cần Thơ 02,7,Cần Thơ 02,7,True,7|10,7|10,2,2
B-train-00162,1,1,argmax,Kỳ trước,Địa bàn,B-train-00162-q01,Hải Phòng,11,Hải Phòng,11,True,8|9|11,8|9|11,3,3
B-train-00162,1,1,argmin,Sản lượng (tấn),Địa bàn,B-train-00162-q06,Cần Thơ,8,Cần Thơ,8,True,8|9|11,8|9|11,3,3
B-train-00162,1,1,argmin,Tỷ trọng (%),Địa bàn,B-train-00162-q08,Lâm Đồng,9,Lâm Đồng,9,True,8|9|11,8|9|11,3,3
B-train-00162,1,1,argmax,Kỳ này,Địa bàn,B-train-00162-q09,Hải Phòng,11,Hải Phòng,11,True,8|9|11,8|9|11,3,3
B-train-00163,1,1,argmin,Tỷ lệ đạt,Đơn vị,B-train-00163-q01,THPT Trần Phú,20,THPT Trần Phú,20,True,17|18|19|20,17|18|19|20,4,4
B-train-00163,1,1,argmax,Đạt,Đơn vị,B-train-00163-q03,THPT Nguyễn Trãi,18,THPT Nguyễn Trãi,18,True,17|18|19|20,17|18|19|20,4,4
B-train-00163,1,1,argmin,Kế hoạch năm,Đơn vị,B-train-00163-q05,THPT Chu Văn An,17,THPT Chu Văn An,17,True,17|18|19|20,17|18|19|20,4,4
B-train-00163,1,1,argmax,Kỳ trước,Đơn vị,B-train-00163-q10,THPT Lê Quý Đôn,19,THPT Lê Quý Đôn,19,True,17|18|19|20,17|18|19|20,4,4
B-train-00164,1,1,argmin,Tỷ lệ,Nghiệp vụ,B-train-00164-q01,Sức khỏe,3,Sức khỏe,3,True,3,3,1,1
B-train-00164,2,1,argmax,Tỷ lệ,Nghiệp vụ,B-train-00164-q03,Hàng hóa,4,Hàng hóa,4,True,4|6,4|6,2,2
B-train-00164,2,1,argmin,Phí bảo hiểm,Nghiệp vụ,B-train-00164-q04,Sức khỏe,6,Sức khỏe,6,True,4|6,4|6,2,2
B-train-00165,1,1,argmin,Kỳ này,Điểm đến,B-train-00165-q01,Vịnh Hạ Long,13,Vịnh Hạ Long,13,True,13|15,13|15,2,2
B-train-00165,1,1,argmin,Công suất phòng,Điểm đến,B-train-00165-q02,Vịnh Hạ Long,13,Vịnh Hạ Long,13,True,13|15,13|15,2,2
B-train-00165,1,1,argmax,Doanh thu,Điểm đến,B-train-00165-q08,Vịnh Hạ Long,13,Vịnh Hạ Long,13,True,13|15,13|15,2,2
B-train-00165,1,1,argmax,Lũy kế,Điểm đến,B-train-00165-q10,Đà Lạt,15,Đà Lạt,15,True,13|15,13|15,2,2
B-train-00166,1,2,argmax,Lũy kế,Phòng ban,B-train-00166-q04,Công nghệ,6,Hành chính,7,False,4|5|6,5|7|8,3,3
B-train-00166,1,1,argmin,Kỳ này,Điểm đến,B-train-00166-q05,Phố cổ Hội An,9,Phố cổ Hội An,9,True,9,9,1,1
B-train-00166,1,2,argmin,Thiếu/thừa,Phòng ban,B-train-00166-q06,Kế toán,4,Đồng bằng sông Cửu Long,8,False,4|5|6,5|7|8,3,3
B-train-00166,1,2,argmax,Thiếu/thừa,Phòng ban,B-train-00166-q08,Vận hành,5,Vận hành,5,True,4|5|6,5|7|8,3,3
B-train-00167,1,1,argmin,Giá trúng,Gói thầu,B-train-00167-q04,GT75,6,GT75,6,True,6|17,6|15,2,2
B-train-00167,1,1,argmax,Giá trúng,Gói thầu,B-train-00167-q05,GT07,17,Miền Nam,15,False,6|17,6|15,2,2
B-train-00167,1,1,argmin,Giá dự toán,Gói thầu,B-train-00167-q08,GT75,6,GT75,6,True,6|17,6|15,2,2
B-train-00167,1,1,argmax,Giá dự toán,Gói thầu,B-train-00167-q09,GT07,17,Miền Nam,15,False,6|17,6|15,2,2
B-train-00168,1,1,argmax,Tỷ lệ,Khu vực,B-train-00168-q01,Miền Nam,10,Miền Bắc,3,False,10|14|15,3|14|15,3,3
B-train-00168,1,1,argmax,Kỳ trước,Khu vực,B-train-00168-q07,Miền Nam,15,Miền Nam,15,True,10|14|15,3|14|15,3,3
B-train-00168,1,1,argmin,Lũy kế,Khu vực,B-train-00168-q09,Miền Trung,14,Miền Trung,14,True,10|14|15,3|14|15,3,3
B-train-00169,1,1,argmin,Chênh lệch,Khu vực,B-train-00169-q02,Miền Trung,4,Miền Trung,4,True,4|9|13,4|7|9|13,3,4
B-train-00169,1,1,argmax,Thực hiện,Khu vực,B-train-00169-q03,Miền Bắc,13,Miền Bắc,13,True,4|9|13,4|7|9|13,3,4
B-train-00169,1,1,argmin,Tỷ lệ,Khu vực,B-train-00169-q08,Miền Trung,4,Tây Nguyên,7,False,4|9|13,4|7|9|13,3,4
B-train-00169,1,1,argmax,Tỷ lệ,Khu vực,B-train-00169-q09,Miền Trung,9,Miền Trung,9,True,4|9|13,4|7|9|13,3,4
B-train-00170,1,1,argmax,Kỳ này,Khu vực,B-train-00170-q04,Khu vực ven biển,5,Khu vực ven biển,5,True,5|9,5|9,2,2
B-train-00170,1,1,argmin,Phản ánh,Khu vực,B-train-00170-q07,Miền Trung,9,Miền Trung,9,True,5|9,5|9,2,2
B-train-00171,1,1,argmin,Chênh lệch,Khu vực,B-train-00171-q01,Đồng bằng sông Cửu Long,12,Đồng bằng sông Cửu Long,12,True,7|10|12,7|10|12,3,3
B-train-00171,1,1,argmin,Tỷ lệ,Khu vực,B-train-00171-q02,Miền Nam,10,Miền Nam,10,True,7|10|12,7|10|12,3,3
B-train-00171,1,1,argmax,Chênh lệch,Khu vực,B-train-00171-q08,Đồng bằng sông Cửu Long,7,Đồng bằng sông Cửu Long,7,True,7|10|12,7|10|12,3,3
B-train-00171,2,1,argmax,Tỷ lệ,Khu vực,B-train-00171-q10,Miền Bắc,12,Miền Bắc,12,True,12,12,1,1
B-train-00172,1,1,argmin,Số đơn,Điểm bán,B-train-00172-q01,Điểm bán phía Bắc,6,Điểm bán phía Bắc,6,True,6|13,6|8,2,2
B-train-00172,1,2,argmax,Tỷ trọng (%),Điểm quan trắc,B-train-00172-q07,Sông Hồng,8,Sông Hồng,8,True,8,8,1,1
B-train-00172,1,1,argmin,Lũy kế,Điểm bán,B-train-00172-q10,Cửa hàng 01,13,Lâm Đồng,8,False,6|13,6|8,2,2
B-train-00173,1,2,argmax,Chênh lệch,Khu vực,B-train-00173-q02,Đồng bằng sông Cửu Long,7,Đồng bằng sông Cửu Long,7,True,7,7,1,1
B-train-00173,1,1,argmin,Lưu lượng,Khu vực,B-train-00173-q03,Cụm BTS-01,8,Cụm BTS-01,8,True,8|10,3|8,2,2
B-train-00173,1,2,argmin,Kỳ này,Khu vực,B-train-00173-q04,Đồng bằng sông Cửu Long,7,Đồng bằng sông Cửu Long,7,True,7,7,1,1
B-train-00173,1,1,argmax,Thuê bao,Khu vực,B-train-00173-q08,Khu vực ven biển,10,Cụm BTS-01,3,False,8|10,3|8,2,2
B-train-00174,1,1,argmax,Đã giải quyết,Nhóm chế độ,B-train-00174-q04,Ốm đau,10,Ốm đau,10,True,6|10,6|10,2,2
B-train-00174,1,2,argmax,Công suất phòng,Điểm đến,B-train-00174-q06,Đà Lạt,10,Đà Lạt,10,True,8|10,8|10,2,2
B-train-00174,1,1,argmin,Lũy kế,Nhóm chế độ,B-train-00174-q07,Thai sản,6,Thai sản,6,True,6|10,6|10,2,2
B-train-00174,1,2,argmin,Kế hoạch năm,Điểm đến,B-train-00174-q08,Vịnh Hạ Long,8,Vịnh Hạ Long,8,True,8|10,8|10,2,2
B-train-00175,1,1,argmin,Tỷ trọng (%),Điểm bán,B-train-00175-q02,Điểm bán phía Nam,7,Điểm bán phía Nam,7,True,7|9|13|15,7|9|13|15,4,4
B-train-00175,1,1,argmax,Kỳ trước,Điểm bán,B-train-00175-q03,Cửa hàng 01,13,Cửa hàng 01,13,True,7|9|13|15,7|9|13|15,4,4
B-train-00175,1,1,argmin,Số đơn,Điểm bán,B-train-00175-q06,Siêu thị trung tâm,15,Siêu thị trung tâm,15,True,7|9|13|15,7|9|13|15,4,4
B-train-00175,1,1,argmax,Số đơn,Điểm bán,B-train-00175-q10,Cửa hàng 02,9,Cửa hàng 02,9,True,7|9|13|15,7|9|13|15,4,4
B-train-00176,1,1,argmax,Tỷ trọng (%),Khu vực,B-train-00176-q01,Tây Nguyên,6,Tây Nguyên,6,True,3|4|6|16,3|4|6|16,4,4
B-train-00176,1,1,argmin,Tỷ trọng (%),Khu vực,B-train-00176-q02,Miền Bắc,3,Miền Bắc,3,True,3|4|6|16,3|4|6|16,4,4
B-train-00176,1,1,argmax,Chênh lệch,Khu vực,B-train-00176-q03,Miền Trung,4,Miền Trung,4,True,3|4|6|16,3|4|6|16,4,4
B-train-00176,1,1,argmin,Chênh lệch,Khu vực,B-train-00176-q10,Khánh Hòa,16,Khánh Hòa,16,True,3|4|6|16,3|4|6|16,4,4
B-train-00177,1,1,argmax,BOD5,Điểm quan trắc,B-train-00177-q03,Sông Hồng,8,Sông Hồng,8,True,5|8|10,5|8|10,3,3
B-train-00177,1,1,argmax,COD,Điểm quan trắc,B-train-00177-q05,Hồ Xuân Hương,10,Hồ Xuân Hương,10,True,5|8|10,5|8|10,3,3
B-train-00177,1,1,argmin,BOD5,Điểm quan trắc,B-train-00177-q08,Hồ Xuân Hương,5,Hồ Xuân Hương,5,True,5|8|10,5|8|10,3,3
B-train-00177,1,2,argmin,Sản lượng (tấn),Địa bàn,B-train-00177-q09,Đồng Nai,7,Đồng Nai,7,True,7,7,1,1
B-train-00178,1,1,argmin,Tỷ lệ,Khu vực,B-train-00178-q04,Đồng bằng sông Cửu Long,12,Đồng bằng sông Cửu Long,12,True,12|18,12|18,2,2
B-train-00178,1,1,argmin,Thực hiện,Khu vực,B-train-00178-q07,Miền Bắc,18,Miền Bắc,18,True,12|18,12|18,2,2
B-train-00179,1,1,argmin,Doanh thu,Điểm đến,B-train-00179-q04,Phố cổ Hội An,4,Phố cổ Hội An,4,True,4|8|10|14,4|5|10|14,4,4
B-train-00179,1,1,argmax,Công suất phòng,Điểm đến,B-train-00179-q07,Đà Lạt,10,Đà Lạt,10,True,4|8|10|14,4|5|10|14,4,4
B-train-00179,1,1,argmax,Lũy kế,Điểm đến,B-train-00179-q08,Vịnh Hạ Long,8,Hà Nội,5,False,4|8|10|14,4|5|10|14,4,4
B-train-00179,1,1,argmin,Khách quốc tế,Điểm đến,B-train-00179-q10,Phố cổ Hội An,14,Phố cổ Hội An,14,True,4|8|10|14,4|5|10|14,4,4
B-train-00180,1,1,argmin,Kỳ này,Gói thầu,B-train-00180-q02,GT71,4,GT71,4,True,4|12|14|15,4|12|14|15,4,4
B-train-00180,1,1,argmin,Giá dự toán,Gói thầu,B-train-00180-q06,GT88,15,GT88,15,True,4|12|14|15,4|12|14|15,4,4
B-train-00180,1,1,argmax,Giá trúng,Gói thầu,B-train-00180-q07,GT86,14,GT86,14,True,4|12|14|15,4|12|14|15,4,4
B-train-00180,1,1,argmax,Kỳ này,Gói thầu,B-train-00180-q09,GT26,12,GT26,12,True,4|12|14|15,4|12|14|15,4,4
B-train-00181,1,1,argmin,Số đơn,Điểm bán,B-train-00181-q04,Cửa hàng 02,14,Cửa hàng 02,14,True,6|12|14,6|8|12|14,3,4
B-train-00181,1,1,argmin,Kỳ trước,Điểm bán,B-train-00181-q07,Điểm bán phía Bắc,6,Điểm bán phía Bắc,6,True,6|12|14,6|8|12|14,3,4
B-train-00181,1,1,argmax,Giá trị bán,Điểm bán,B-train-00181-q08,Điểm bán phía Bắc,6,Miền Nam,8,False,6|12|14,6|8|12|14,3,4
B-train-00181,1,1,argmax,Kỳ trước,Điểm bán,B-train-00181-q09,Điểm bán phía Nam,12,Điểm bán phía Nam,12,True,6|12|14,6|8|12|14,3,4
B-train-00182,1,1,argmax,Đúng giờ,Tuyến,B-train-00182-q01,TP.HCM – Cần Thơ,9,TP.HCM – Cần Thơ,9,True,9|11|14,9|11|14,3,3
B-train-00182,1,1,argmax,Doanh thu,Tuyến,B-train-00182-q02,Nha Trang – Đà Lạt,14,Nha Trang – Đà Lạt,14,True,9|11|14,9|11|14,3,3
B-train-00182,1,1,argmin,Hành khách,Tuyến,B-train-00182-q05,Hà Nội – Hải Phòng,11,Hà Nội – Hải Phòng,11,True,9|11|14,9|11|14,3,3
B-train-00182,1,1,argmin,Doanh thu,Tuyến,B-train-00182-q08,Hà Nội – Hải Phòng,11,Hà Nội – Hải Phòng,11,True,9|11|14,9|11|14,3,3
B-train-00183,1,1,argmin,Số đơn,Điểm bán,B-train-00183-q01,Cửa hàng 01,3,Cửa hàng 01,3,True,3|4,3|4,2,2
B-train-00183,1,2,argmin,Giá trị bán,Điểm bán,B-train-00183-q03,Miền Trung,8,Miền Trung,8,True,8|13,8|13,2,2
B-train-00183,1,1,argmax,Số đơn,Điểm bán,B-train-00183-q06,Cửa hàng 02,4,Cửa hàng 02,4,True,3|4,3|4,2,2
B-train-00183,1,2,argmax,Giá trị bán,Điểm bán,B-train-00183-q09,Cửa hàng 01,13,Cửa hàng 01,13,True,8|13,8|13,2,2
B-train-00184,1,1,argmax,Kỳ này,Địa bàn,B-train-00184-q01,Cần Thơ,8,Cần Thơ,8,True,8|14,8|14,2,2
B-train-00184,1,1,argmin,Diện tích (ha),Địa bàn,B-train-00184-q06,Đồng Nai,14,Đồng Nai,14,True,8|14,8|14,2,2
B-train-00184,1,1,argmin,Sản lượng (tấn),Địa bàn,B-train-00184-q08,Đồng Nai,14,Đồng Nai,14,True,8|14,8|14,2,2
B-train-00185,1,1,argmax,Chi trả,Nhóm chế độ,B-train-00185-q03,Hưu trí,8,Hưu trí,8,True,3|6|8|15,3|6|8|15,4,4
B-train-00185,1,1,argmin,Đã giải quyết,Nhóm chế độ,B-train-00185-q04,Miền Bắc,15,Miền Bắc,15,True,3|6|8|15,3|6|8|15,4,4
B-train-00185,1,1,argmin,Trễ hạn,Nhóm chế độ,B-train-00185-q07,Thai sản,6,Thai sản,6,True,3|6|8|15,3|6|8|15,4,4
B-train-00185,1,1,argmax,Kỳ trước,Nhóm chế độ,B-train-00185-q08,Hưu trí,3,Hưu trí,3,True,3|6|8|15,3|6|8|15,4,4
B-train-00186,1,1,argmin,Phí bảo hiểm,Nghiệp vụ,B-train-00186-q01,Tai nạn con người,7,Tai nạn con người,7,True,7|17|20,7|17|20,3,3
B-train-00186,1,1,argmax,Lũy kế,Nghiệp vụ,B-train-00186-q02,Tai nạn con người,17,Tai nạn con người,17,True,7|17|20,7|17|20,3,3
B-train-00186,1,1,argmax,Phí bảo hiểm,Nghiệp vụ,B-train-00186-q06,Tai nạn con người,17,Tai nạn con người,17,True,7|17|20,7|17|20,3,3
B-train-00186,1,1,argmin,Bồi thường,Nghiệp vụ,B-train-00186-q07,Tài sản,20,Tài sản,20,True,7|17|20,7|17|20,3,3
B-train-00187,1,1,argmax,Sản lượng (tấn),Địa bàn,B-train-00187-q01,Hà Nội,10,Hà Nội,10,True,7|10|18,7|10|18,3,3
B-train-00187,1,1,argmin,Sản lượng (tấn),Địa bàn,B-train-00187-q03,Hải Phòng,18,Hải Phòng,18,True,7|10|18,7|10|18,3,3
B-train-00187,1,1,argmax,Diện tích (ha),Địa bàn,B-train-00187-q04,Tây Nguyên,7,Tây Nguyên,7,True,7|10|18,7|10|18,3,3
B-train-00187,1,1,argmin,Diện tích (ha),Địa bàn,B-train-00187-q05,Hải Phòng,18,Hải Phòng,18,True,7|10|18,7|10|18,3,3
B-train-00188,1,1,argmax,Tăng trưởng,Chi nhánh,B-train-00188-q01,Hà Nội 01,3,Hà Nội 01,3,True,3|15,3|7,2,2
B-train-00188,1,1,argmin,Huy động,Chi nhánh,B-train-00188-q05,Đà Nẵng 01,15,Miền Trung,7,False,3|15,3|7,2,2
B-train-00188,1,1,argmax,Lũy kế,Chi nhánh,B-train-00188-q10,Hà Nội 01,3,Hà Nội 01,3,True,3|15,3|7,2,2
B-train-00189,2,1,argmin,Kỳ này,Điểm quan trắc,B-train-00189-q03,Sông Hương,5,Sông Hương,5,True,3|5|10,3|5|10,3,3
B-train-00189,2,1,argmax,BOD5,Điểm quan trắc,B-train-00189-q07,Sông Hương,10,Sông Hương,10,True,3|5|10,3|5|10,3,3
B-train-00189,2,1,argmax,COD,Điểm quan trắc,B-train-00189-q10,Cửa biển Đà Nẵng,3,Cửa biển Đà Nẵng,3,True,3|5|10,3|5|10,3,3
B-train-00190,1,1,argmin,Kỳ này,Điểm quan trắc,B-train-00190-q06,Miền Nam,10,Miền Nam,10,True,10,10,1,1
B-train-00190,1,2,argmax,Sản lượng (tấn),Địa bàn,B-train-00190-q07,Khánh Hòa,6,Khánh Hòa,6,True,6,6,1,1
B-train-00191,1,1,argmax,Kỳ này,Trạm,B-train-00191-q01,Đồng Nai,11,Đồng Nai,11,True,6|9|11,6|11,3,2
B-train-00191,1,1,argmax,Tổn thất,Trạm,B-train-00191-q02,Trạm 220kV Trung,9,Đồng Nai,11,False,6|9|11,6|11,3,2
B-train-00191,1,1,argmin,Tổn thất,Trạm,B-train-00191-q08,Trạm Tây Đô,6,Trạm Tây Đô,6,True,6|9|11,6|11,3,2
B-train-00192,1,1,argmin,Tỷ lệ rớt cuộc,Khu vực,B-train-00192-q01,Khu vực miền núi,7,Khu vực miền núi,7,True,3|7,3|7,2,2
B-train-00192,2,1,argmax,Tỷ lệ rớt cuộc,Khu vực,B-train-00192-q06,Cụm BTS-01,6,Cụm BTS-01,6,True,6,6,1,1
B-train-00192,1,1,argmax,Lưu lượng,Khu vực,B-train-00192-q07,Cụm BTS-01,3,Cụm BTS-01,3,True,3|7,3|7,2,2
B-train-00193,1,1,argmax,Công suất đỉnh,Trạm,B-train-00193-q02,Trạm Nam Sông,5,Trạm Nam Sông,5,True,5|9|11|14,5|9|11|14,4,4
B-train-00193,1,1,argmax,Tỷ trọng (%),Trạm,B-train-00193-q03,Trạm Tây Đô,11,Trạm Tây Đô,11,True,5|9|11|14,5|9|11|14,4,4
B-train-00193,1,1,argmin,Công suất đỉnh,Trạm,B-train-00193-q06,Trạm 220kV Trung,9,Trạm 220kV Trung,9,True,5|9|11|14,5|9|11|14,4,4
B-train-00193,1,1,argmin,Lũy kế,Trạm,B-train-00193-q07,Trạm 220kV Trung,14,Trạm 220kV Trung,14,True,5|9|11|14,5|9|11|14,4,4
B-train-00194,1,1,argmax,Lũy kế,Khu vực,B-train-00194-q03,Tây Nguyên,16,Tây Nguyên,16,True,14|16|17,14|16|17,3,3
B-train-00194,1,1,argmin,Tỷ lệ,Khu vực,B-train-00194-q07,Miền Trung,14,Miền Trung,14,True,14|16|17,14|16|17,3,3
B-train-00194,1,1,argmin,Lũy kế,Khu vực,B-train-00194-q08,Đồng bằng sông Cửu Long,17,Đồng bằng sông Cửu Long,17,True,14|16|17,14|16|17,3,3
B-train-00195,1,1,argmax,Doanh thu,Tuyến,B-train-00195-q01,Đà Nẵng – Huế,12,Đà Nẵng – Huế,12,True,3|12,3|12,2,2
B-train-00195,1,2,argmin,Tồn cuối,Mã hàng,B-train-00195-q02,VT756,12,VT756,12,True,10|12,10|12,2,2
B-train-00195,1,2,argmax,Tồn cuối,Mã hàng,B-train-00195-q03,VT349,10,VT349,10,True,10|12,10|12,2,2
B-train-00195,1,1,argmin,Đúng giờ,Tuyến,B-train-00195-q06,Lâm Đồng,3,Lâm Đồng,3,True,3|12,3|12,2,2
B-train-00196,1,1,argmin,Tỷ lệ đạt,Đơn vị,B-train-00196-q03,THPT Nguyễn Trãi,8,THPT Nguyễn Trãi,8,True,8,8,1,1
B-train-00196,1,2,argmax,Sản lượng (tấn),Địa bàn,B-train-00196-q10,Miền Nam,6,Hải Phòng,4,False,6,4,1,1
B-train-00197,1,1,argmin,Số đơn,Điểm bán,B-train-00197-q01,Điểm bán phía Bắc,11,Điểm bán phía Bắc,11,True,4|11,4|11,2,2
B-train-00197,2,1,argmax,Lũy kế,Điểm bán,B-train-00197-q02,Điểm bán phía Bắc,9,Điểm bán phía Bắc,9,True,4|9,6|9,2,2
B-train-00197,2,1,argmax,Số đơn,Điểm bán,B-train-00197-q03,Điểm bán phía Bắc,4,Cửa hàng 01,6,False,4|9,6|9,2,2
B-train-00197,1,1,argmin,Lũy kế,Điểm bán,B-train-00197-q10,Cửa hàng 02,4,Cửa hàng 02,4,True,4|11,4|11,2,2
B-train-00198,1,1,argmax,Giải ngân,Dự án,B-train-00198-q01,Đường vành đai,14,Đường vành đai,14,True,3|5|8|14,3|5|8|14,4,4
B-train-00198,1,1,argmin,Giải ngân,Dự án,B-train-00198-q05,Cầu Đông Thành,3,Cầu Đông Thành,3,True,3|5|8|14,3|5|8|14,4,4
B-train-00198,1,1,argmax,Kỳ trước,Dự án,B-train-00198-q06,Trường liên cấp,5,Trường liên cấp,5,True,3|5|8|14,3|5|8|14,4,4
B-train-00198,1,1,argmin,Kỳ này,Dự án,B-train-00198-q07,Cầu Đông Thành,8,Cầu Đông Thành,8,True,3|5|8|14,3|5|8|14,4,4
B-train-00199,1,1,argmin,Tỷ trọng (%),Dự án,B-train-00199-q02,Khu tái định cư,7,Khu tái định cư,7,True,7|10|11|15,7|10|11|15,4,4
B-train-00199,1,1,argmin,Tiến độ,Dự án,B-train-00199-q03,Trường liên cấp,15,Trường liên cấp,15,True,7|10|11|15,7|10|11|15,4,4
B-train-00199,1,1,argmax,Tiến độ,Dự án,B-train-00199-q06,Trường liên cấp,10,Trường liên cấp,10,True,7|10|11|15,7|10|11|15,4,4
B-train-00199,1,1,argmax,Tỷ trọng (%),Dự án,B-train-00199-q08,Nhà máy nước,11,Nhà máy nước,11,True,7|10|11|15,7|10|11|15,4,4
B-train-00200,1,1,argmax,Giá trúng,Gói thầu,B-train-00200-q07,GT03,7,GT03,7,True,6|7,6|7,2,2
B-train-00200,1,1,argmin,Giá trúng,Gói thầu,B-train-00200-q08,GT74,6,GT74,6,True,6|7,6|7,2,2
B-train-00200,1,1,argmin,Giá dự toán,Gói thầu,B-train-00200-q09,GT74,6,GT74,6,True,6|7,6|7,2,2
B-train-00201,1,2,argmin,Phản ánh,Khu vực,B-train-00201-q01,Khu vực miền núi,7,Khu vực miền núi,7,True,7|9,5|7,2,2
B-train-00201,1,2,argmax,Phản ánh,Khu vực,B-train-00201-q04,Cụm BTS-02,9,Tây Nguyên,5,False,7|9,5|7,2,2
B-train-00201,1,1,argmin,Kế hoạch năm,Khu vực,B-train-00201-q06,Khu vực ven biển,10,Cụm BTS-02 Đã đối chiếu,9,False,10,9,1,1
B-train-00202,1,1,argmin,Tiến độ,Dự án,B-train-00202-q01,Khu tái định cư,12,Trường liên cấp Đã đối chiếu,10,False,12,10,1,1
B-train-00202,1,1,argmin,Giải ngân,Dự án,B-train-00202-q09,Khu tái định cư,12,Trường liên cấp Đã đối chiếu,10,False,12,10,1,1
B-train-00203,1,1,argmax,Sản lượng (tấn),Địa bàn,B-train-00203-q02,Hà Nội,10,Lâm Đồng,3,False,5|10|14|18,3|14,4,2
B-train-00203,1,1,argmin,Tỷ trọng (%),Địa bàn,B-train-00203-q06,Đồng Nai,14,Đồng Nai,14,True,5|10|14|18,3|14,4,2
B-train-00203,1,1,argmax,Diện tích (ha),Địa bàn,B-train-00203-q08,Đà Nẵng,5,Lâm Đồng,3,False,5|10|14|18,3|14,4,2
B-train-00203,1,1,argmin,Kỳ trước,Địa bàn,B-train-00203-q09,Hải Phòng,18,Lâm Đồng,3,False,5|10|14|18,3|14,4,2
B-train-00204,1,1,argmin,Giải ngân,Dự án,B-train-00204-q05,Cầu Đông Thành,8,Cầu Đông Thành,8,True,8|9|13,8|9|13,3,3
B-train-00204,1,1,argmax,Giải ngân,Dự án,B-train-00204-q08,Cầu Đông Thành,13,Cầu Đông Thành,13,True,8|9|13,8|9|13,3,3
B-train-00204,1,1,argmin,Tỷ trọng (%),Dự án,B-train-00204-q10,Đường vành đai,9,Đường vành đai,9,True,8|9|13,8|9|13,3,3
B-train-00205,1,1,argmin,Tồn đầu,Mã hàng,B-train-00205-q02,VT071,12,VT071,12,True,5|12|13|17,9|12|13|17,4,4
B-train-00205,1,1,argmax,Nhập,Mã hàng,B-train-00205-q03,VT573,5,Tây Nguyên,9,False,5|12|13|17,9|12|13|17,4,4
B-train-00205,1,1,argmax,Tồn cuối,Mã hàng,B-train-00205-q08,VT728,13,VT728,13,True,5|12|13|17,9|12|13|17,4,4
B-train-00205,1,1,argmin,Tồn cuối,Mã hàng,B-train-00205-q10,VT442,17,VT442,17,True,5|12|13|17,9|12|13|17,4,4
B-train-00206,1,1,argmax,Hành khách,Tuyến,B-train-00206-q04,TP.HCM – Cần Thơ,5,TP.HCM – Cần Thơ,5,True,5|8,5|8,2,2
B-train-00206,1,1,argmin,Hành khách,Tuyến,B-train-00206-q07,Đà Nẵng – Huế,8,Đà Nẵng – Huế,8,True,5|8,5|8,2,2
B-train-00206,1,1,argmin,Doanh thu,Tuyến,B-train-00206-q08,Đà Nẵng – Huế,8,Đà Nẵng – Huế,8,True,5|8,5|8,2,2
B-train-00207,1,1,argmin,Kế hoạch năm,Địa bàn,B-train-00207-q02,Hải Phòng,4,Hải Phòng,4,True,4|10|12,4|10|12,3,3
B-train-00207,1,1,argmax,Lũy kế,Địa bàn,B-train-00207-q03,Hà Nội,10,Hà Nội,10,True,4|10|12,4|10|12,3,3
B-train-00207,1,1,argmax,Diện tích (ha),Địa bàn,B-train-00207-q04,Đà Nẵng,12,Đà Nẵng,12,True,4|10|12,4|10|12,3,3
B-train-00208,1,1,argmax,Tỷ lệ rớt cuộc,Khu vực,B-train-00208-q04,Cụm BTS-02,4,Cụm BTS-02,4,True,4,4,1,1
B-train-00208,2,1,argmax,Lưu lượng,Khu vực,B-train-00208-q05,Khu vực ven biển,8,Khu vực ven biển,8,True,5|8,5|8,2,2
B-train-00208,2,1,argmin,Tỷ lệ rớt cuộc,Khu vực,B-train-00208-q09,Khu vực miền núi,5,Khu vực miền núi,5,True,5|8,5|8,2,2
B-train-00209,1,2,argmin,Đơn xử lý,Kho/điểm,B-train-00209-q03,Kho Cần Thơ,6,Đồng bằng sông Cửu Long,10,False,6|12,10|12,2,2
B-train-00209,1,1,argmax,Tỷ trọng (%),Trạm,B-train-00209-q04,Miền Bắc,4,Miền Bắc,4,True,3|4,3|4,2,2
B-train-00209,1,2,argmax,Đúng hạn,Kho/điểm,B-train-00209-q07,Kho trung chuyển,12,Kho trung chuyển,12,True,6|12,10|12,2,2
B-train-00209,1,1,argmin,Sản lượng,Trạm,B-train-00209-q09,Trạm 110kV Bắc,3,Trạm 110kV Bắc,3,True,3|4,3|4,2,2
B-train-00210,1,2,argmax,Đúng giờ,Tuyến,B-train-00210-q01,Nha Trang – Đà Lạt,6,Nha Trang – Đà Lạt,6,True,6,6,1,1
B-train-00210,1,1,argmax,Hoàn trả,Điểm bán,B-train-00210-q03,Cửa hàng 02,9,Cửa hàng 02,9,True,3|9,7|9|11,2,3
B-train-00210,1,1,argmin,Hoàn trả,Điểm bán,B-train-00210-q05,Cửa hàng 01,3,Đà Nẵng,7,False,3|9,7|9|11,2,3
B-train-00210,1,1,argmin,Giá trị bán,Điểm bán,B-train-00210-q06,Cửa hàng 01,3,Điểm bán phía Bắc,11,False,3|9,7|9|11,2,3
B-train-00211,1,1,argmax,Giá trị bán,Điểm bán,B-train-00211-q06,Điểm bán phía Nam,7,Điểm bán phía Nam,7,True,6|7|11|14,7|11|14,4,3
B-train-00211,1,1,argmin,Kế hoạch năm,Điểm bán,B-train-00211-q07,Lâm Đồng,11,Lâm Đồng,11,True,6|7|11|14,7|11|14,4,3
B-train-00211,1,1,argmin,Lượt khách,Điểm bán,B-train-00211-q09,Điểm bán phía Bắc,6,Lâm Đồng,11,False,6|7|11|14,7|11|14,4,3
B-train-00211,1,1,argmax,Hoàn trả,Điểm bán,B-train-00211-q10,Cửa hàng 02,14,Cửa hàng 02,14,True,6|7|11|14,7|11|14,4,3
B-train-00212,1,1,argmax,Tỷ trọng (%),Đơn vị,B-train-00212-q03,THPT Lê Quý Đôn,4,THPT Lê Quý Đôn,4,True,4|7,4|7,2,2
B-train-00212,1,1,argmin,Đạt,Đơn vị,B-train-00212-q08,THPT Lê Quý Đôn,4,THPT Lê Quý Đôn,4,True,4|7,4|7,2,2
B-train-00212,1,1,argmin,Tỷ trọng (%),Đơn vị,B-train-00212-q09,THPT Chu Văn An,7,THPT Chu Văn An,7,True,4|7,4|7,2,2
B-train-00212,1,1,argmax,Tỷ lệ đạt,Đơn vị,B-train-00212-q10,THPT Lê Quý Đôn,4,THPT Lê Quý Đôn,4,True,4|7,4|7,2,2
B-train-00213,1,1,argmin,Tồn cuối,Mã hàng,B-train-00213-q02,VT238,12,VT238,12,True,6|7|12,6|7|12,3,3
B-train-00213,1,1,argmin,Nhập,Mã hàng,B-train-00213-q06,VT665,7,VT665,7,True,6|7|12,6|7|12,3,3
B-train-00213,1,1,argmax,Tồn cuối,Mã hàng,B-train-00213-q10,VT854,6,VT854,6,True,6|7|12,6|7|12,3,3
B-train-00214,1,1,argmax,Lũy kế,Điểm bán,B-train-00214-q08,Điểm bán phía Bắc,11,Điểm bán phía Bắc,11,True,11|13,11|13,2,2
B-train-00214,2,1,argmax,Kỳ này,Điểm bán,B-train-00214-q09,Siêu thị trung tâm,4,Siêu thị trung tâm,4,True,4,4,1,1
B-train-00214,1,1,argmin,Số đơn,Điểm bán,B-train-00214-q10,Cửa hàng 01,13,Cửa hàng 01,13,True,11|13,11|13,2,2
B-train-00215,1,2,argmin,Hành khách,Tuyến,B-train-00215-q03,Nha Trang – Đà Lạt,10,Nha Trang – Đà Lạt,10,True,9|10,9|10,2,2
B-train-00215,1,2,argmax,Lũy kế,Tuyến,B-train-00215-q06,TP.HCM – Cần Thơ,9,TP.HCM – Cần Thơ,9,True,9|10,9|10,2,2
B-train-00215,1,1,argmax,Tổn thất,Trạm,B-train-00215-q07,Trạm Nam Sông,10,Trạm Nam Sông,10,True,10|12,10|12,2,2
B-train-00215,1,1,argmin,Công suất đỉnh,Trạm,B-train-00215-q10,Đồng Nai,12,Đồng Nai,12,True,10|12,10|12,2,2
B-train-00216,1,1,argmax,Tồn cuối,Mã hàng,B-train-00216-q01,VT267,5,VT267,5,True,5|6|8,5|6|9,3,3
B-train-00216,1,2,argmax,Lũy kế,Điểm quan trắc,B-train-00216-q02,Sông Hương,9,Sông Hương,9,True,9,9,1,1
B-train-00216,1,1,argmin,Tồn đầu,Mã hàng,B-train-00216-q03,VT924,6,VT924,6,True,5|6|8,5|6|9,3,3
B-train-00216,1,1,argmin,Nhập,Mã hàng,B-train-00216-q07,VT008,8,Hà Nội,9,False,5|6|8,5|6|9,3,3
B-train-00217,1,1,argmax,Tồn đầu,Mã hàng,B-train-00217-q03,VT105,4,VT105,4,True,3|4,3|4,2,2
B-train-00217,1,1,argmax,Tồn cuối,Mã hàng,B-train-00217-q09,VT974,3,VT974,3,True,3|4,3|4,2,2
B-train-00218,2,1,argmax,Lưu lượng,Khu vực,B-train-00218-q04,Cụm BTS-02,5,Cụm BTS-02,5,True,5,5,1,1
B-train-00218,1,1,argmin,Tỷ lệ rớt cuộc,Khu vực,B-train-00218-q08,Cụm BTS-02,9,Cụm BTS-02,9,True,9|15,9|15,2,2
B-train-00218,1,1,argmin,Lũy kế,Khu vực,B-train-00218-q10,Khu vực ven biển,15,Khu vực ven biển,15,True,9|15,9|15,2,2
B-train-00219,1,1,argmin,Kỳ này,Chi nhánh,B-train-00219-q03,Miền Nam,18,Miền Nam,18,True,4|6|18,4|6|18,3,3
B-train-00219,1,1,argmax,Tăng trưởng,Chi nhánh,B-train-00219-q05,Khánh Hòa 03,6,Khánh Hòa 03,6,True,4|6|18,4|6|18,3,3
B-train-00219,1,1,argmin,Tăng trưởng,Chi nhánh,B-train-00219-q07,Hải Phòng 02,4,Hải Phòng 02,4,True,4|6|18,4|6|18,3,3
B-train-00220,1,1,argmin,Kỳ trước,Phòng ban,B-train-00220-q01,Vận hành,11,Vận hành,11,True,10|11|16,10|11|16,3,3
B-train-00220,1,1,argmax,Tuyển mới,Phòng ban,B-train-00220-q05,Kế toán,10,Kế toán,10,True,10|11|16,10|11|16,3,3
B-train-00220,1,1,argmin,Hiện có,Phòng ban,B-train-00220-q10,Kế toán,16,Kế toán,16,True,10|11|16,10|11|16,3,3
B-train-00221,1,1,argmin,Lũy kế,Tuyến,B-train-00221-q02,Hà Nội – Hải Phòng,11,Hà Nội – Hải Phòng,11,True,11,11,1,1
B-train-00221,1,2,argmin,Phí bảo hiểm,Nghiệp vụ,B-train-00221-q03,Xe cơ giới,4,Xe cơ giới,4,True,4|6|7,4|6|7,3,3
B-train-00221,1,2,argmax,Bồi thường,Nghiệp vụ,B-train-00221-q07,Hàng hóa,6,Hàng hóa,6,True,4|6|7,4|6|7,3,3
B-train-00221,1,2,argmax,Phí bảo hiểm,Nghiệp vụ,B-train-00221-q08,Tai nạn con người,7,Tai nạn con người,7,True,4|6|7,4|6|7,3,3
B-train-00222,1,2,argmax,Đã giải quyết,Nhóm chế độ,B-train-00222-q01,Hưu trí,8,Hưu trí,8,True,5|8,5|8,2,2
B-train-00222,1,1,argmin,Huy động,Chi nhánh,B-train-00222-q02,Đà Nẵng 01,10,Đà Nẵng 01,5,True,10,5,1,1
B-train-00222,1,2,argmax,Kỳ này,Nhóm chế độ,B-train-00222-q08,Lâm Đồng,5,Lâm Đồng,5,True,5|8,5|8,2,2
B-train-00223,1,1,argmin,Tỷ lệ,Nghiệp vụ,B-train-00223-q01,Tai nạn con người,12,Tai nạn con người,12,True,6|11|12|14,6|11|12|14,4,4
B-train-00223,1,1,argmax,Tỷ lệ,Nghiệp vụ,B-train-00223-q05,Hàng hóa,6,Hàng hóa,6,True,6|11|12|14,6|11|12|14,4,4
B-train-00223,1,1,argmax,Phí bảo hiểm,Nghiệp vụ,B-train-00223-q06,Xe cơ giới,14,Xe cơ giới,14,True,6|11|12|14,6|11|12|14,4,4
B-train-00223,1,1,argmin,Lũy kế,Nghiệp vụ,B-train-00223-q10,Hàng hóa,11,Hàng hóa,11,True,6|11|12|14,6|11|12|14,4,4
B-train-00224,1,1,argmin,Kế hoạch năm,Tuyến,B-train-00224-q04,Đà Nẵng – Huế,4,Đà Nẵng – Huế,4,True,3|4|8,3|4|8,3,3
B-train-00224,1,1,argmin,Hành khách,Tuyến,B-train-00224-q05,Hà Nội – Hải Phòng,3,Hà Nội – Hải Phòng,3,True,3|4|8,3|4|8,3,3
B-train-00224,1,1,argmax,Hành khách,Tuyến,B-train-00224-q07,Đà Nẵng – Huế,8,Đà Nẵng – Huế,8,True,3|4|8,3|4|8,3,3
B-train-00225,1,1,argmin,Đơn xử lý,Kho/điểm,B-train-00225-q02,Cần Thơ,11,Kho Bình Dương,5,False,7|11|13,5|8|11|13,3,4
B-train-00225,1,1,argmax,Tồn cuối,Kho/điểm,B-train-00225-q04,Cần Thơ,11,Cần Thơ,11,True,7|11|13,5|8|11|13,3,4
B-train-00225,1,1,argmax,Đơn xử lý,Kho/điểm,B-train-00225-q05,Kho trung chuyển,7,Kho Hà Nội,8,False,7|11|13,5|8|11|13,3,4
B-train-00225,1,1,argmin,Tồn cuối,Kho/điểm,B-train-00225-q07,Kho Hà Nội,13,Kho Hà Nội,13,True,7|11|13,5|8|11|13,3,4
B-train-00226,1,1,argmin,Số đơn,Điểm bán,B-train-00226-q02,Cửa hàng 02,9,Hải Phòng,5,False,4|5|9,4|5,3,2
B-train-00226,1,1,argmax,Hoàn trả,Điểm bán,B-train-00226-q03,Cửa hàng 02,4,Cửa hàng 02,4,True,4|5|9,4|5,3,2
B-train-00226,1,1,argmin,Hoàn trả,Điểm bán,B-train-00226-q10,Hải Phòng,5,Hải Phòng,5,True,4|5|9,4|5,3,2
B-train-00227,1,1,argmin,Hồ sơ nhận,Nhóm chế độ,B-train-00227-q03,Hà Nội,10,Hà Nội,10,True,10|12,10|12,2,2
B-train-00227,1,2,argmax,BOD5,Điểm quan trắc,B-train-00227-q04,KCN Long Thành,6,KCN Long Thành,6,True,6|7,6|7,2,2
B-train-00227,1,1,argmax,Tỷ trọng (%),Nhóm chế độ,B-train-00227-q05,Tai nạn lao động,12,Tai nạn lao động,12,True,10|12,10|12,2,2
B-train-00227,1,2,argmin,BOD5,Điểm quan trắc,B-train-00227-q10,Cửa biển Đà Nẵng,7,Cửa biển Đà Nẵng,7,True,6|7,6|7,2,2
B-train-00228,1,1,argmin,Kỳ trước,Kho/điểm,B-train-00228-q03,Kho Hà Nội,3,Kho Hà Nội,3,True,3|7|9,3|7|9,3,3
B-train-00228,1,1,argmin,Tồn cuối,Kho/điểm,B-train-00228-q04,Kho trung chuyển,7,Kho trung chuyển,7,True,3|7|9,3|7|9,3,3
B-train-00228,1,2,argmax,Diện tích (ha),Địa bàn,B-train-00228-q06,Hải Phòng,11,Hải Phòng,11,True,11,11,1,1
B-train-00228,1,1,argmax,Kế hoạch năm,Kho/điểm,B-train-00228-q07,Hải Phòng,9,Hải Phòng,9,True,3|7|9,3|7|9,3,3
B-train-00229,1,1,argmin,Chi trả,Nhóm chế độ,B-train-00229-q01,Ốm đau,10,Ốm đau,10,True,5|10|15,5|10|15,3,3
B-train-00229,1,1,argmax,Kỳ trước,Nhóm chế độ,B-train-00229-q03,Ốm đau,15,Ốm đau,15,True,5|10|15,5|10|15,3,3
B-train-00229,1,1,argmax,Chi trả,Nhóm chế độ,B-train-00229-q09,Ốm đau,15,Ốm đau,15,True,5|10|15,5|10|15,3,3
B-train-00229,1,1,argmin,Đã giải quyết,Nhóm chế độ,B-train-00229-q10,Miền Bắc,5,Miền Bắc,5,True,5|10|15,5|10|15,3,3
B-train-00230,1,2,argmin,Hoàn trả,Điểm bán,B-train-00230-q02,Cửa hàng 01,13,Cửa hàng 01,13,True,13,13,1,1
B-train-00230,1,1,argmin,Chi phí,Kho/điểm,B-train-00230-q03,Kho trung chuyển,7,Kho trung chuyển,7,True,5|7,5|7,2,2
B-train-00230,1,1,argmax,Kỳ trước,Kho/điểm,B-train-00230-q04,Kho Bình Dương,5,Kho Bình Dương,5,True,5|7,5|7,2,2
B-train-00231,1,1,argmax,Tồn cuối,Mã hàng,B-train-00231-q02,VT941,7,VT941,7,True,7|8|16,7|8|16,3,3
B-train-00231,1,1,argmin,Xuất,Mã hàng,B-train-00231-q03,VT390,8,VT390,8,True,7|8|16,7|8|16,3,3
B-train-00231,1,1,argmax,Nhập,Mã hàng,B-train-00231-q07,VT941,7,VT941,7,True,7|8|16,7|8|16,3,3
B-train-00231,1,1,argmin,Tồn đầu,Mã hàng,B-train-00231-q09,Cần Thơ,16,Cần Thơ,16,True,7|8|16,7|8|16,3,3
B-train-00232,1,1,argmin,Kỳ này,Kho/điểm,B-train-00232-q04,Kho Hà Nội,8,Kho Hà Nội,8,True,8|9|11,8|9|11,3,3
B-train-00232,1,1,argmax,Kỳ này,Kho/điểm,B-train-00232-q07,Kho Đà Nẵng,9,Kho Đà Nẵng,9,True,8|9|11,8|9|11,3,3
B-train-00232,1,1,argmin,Kỳ trước,Kho/điểm,B-train-00232-q09,Kho Cần Thơ,11,Kho Cần Thơ,11,True,8|9|11,8|9|11,3,3
B-train-00233,1,1,argmax,Chi phí,Kho/điểm,B-train-00233-q01,Kho Đà Nẵng,9,Kho Đà Nẵng,9,True,4|5|9|13,4|5|9|13,4,4
B-train-00233,1,1,argmin,Chi phí,Kho/điểm,B-train-00233-q05,Kho Đà Nẵng,4,Kho Đà Nẵng,4,True,4|5|9|13,4|5|9|13,4,4
B-train-00233,1,1,argmax,Kế hoạch năm,Kho/điểm,B-train-00233-q06,Kho Bình Dương,5,Kho Bình Dương,5,True,4|5|9|13,4|5|9|13,4,4
B-train-00233,1,1,argmin,Kế hoạch năm,Kho/điểm,B-train-00233-q09,Kho Hà Nội,13,Kho Hà Nội,13,True,4|5|9|13,4|5|9|13,4,4
B-train-00234,1,1,argmax,Lũy kế,Điểm quan trắc,B-train-00234-q02,Sông Hồng,3,Sông Hồng,3,True,3|10,3|10,2,2
B-train-00234,1,2,argmin,Giá trúng,Gói thầu,B-train-00234-q06,GT07,7,GT07,7,True,7,7,1,1
B-train-00234,1,1,argmax,BOD5,Điểm quan trắc,B-train-00234-q07,Hồ Xuân Hương,10,Hồ Xuân Hương,10,True,3|10,3|10,2,2
B-train-00234,1,1,argmin,Lũy kế,Điểm quan trắc,B-train-00234-q09,Hồ Xuân Hương,10,Hồ Xuân Hương,10,True,3|10,3|10,2,2
B-train-00235,1,1,argmax,BOD5,Điểm quan trắc,B-train-00235-q02,Đà Nẵng,4,Đà Nẵng,4,True,4,4,1,1
B-train-00235,1,2,argmin,Sản lượng (tấn),Địa bàn,B-train-00235-q05,Đà Nẵng,12,Đà Nẵng,12,True,4|12,4|12,2,2
B-train-00235,1,2,argmax,Sản lượng (tấn),Địa bàn,B-train-00235-q08,Hải Phòng,4,Hải Phòng,4,True,4|12,4|12,2,2
B-train-00235,1,1,argmin,COD,Điểm quan trắc,B-train-00235-q10,Đà Nẵng,4,Đà Nẵng,4,True,4,4,1,1
B-train-00236,1,2,argmax,Thực hiện,Khu vực,B-train-00236-q04,Tây Nguyên,6,Tây Nguyên,6,True,5|6|10,5|6|10,3,3
B-train-00236,1,2,argmin,Kỳ này,Khu vực,B-train-00236-q05,Miền Nam,10,Miền Nam,10,True,5|6|10,5|6|10,3,3
B-train-00236,1,2,argmin,Thực hiện,Khu vực,B-train-00236-q09,Miền Nam,5,Miền Nam,5,True,5|6|10,5|6|10,3,3
B-train-00237,1,1,argmin,Công suất đỉnh,Trạm,B-train-00237-q01,Trạm Tây Đô,16,Trạm Tây Đô,16,True,10|13|14|16,10|13|14|16,4,4
B-train-00237,1,1,argmin,Kỳ trước,Trạm,B-train-00237-q03,Trạm 110kV Bắc,13,Trạm 110kV Bắc,13,True,10|13|14|16,10|13|14|16,4,4
B-train-00237,1,1,argmax,Tỷ trọng (%),Trạm,B-train-00237-q04,Trạm Nam Sông,10,Trạm Nam Sông,10,True,10|13|14|16,10|13|14|16,4,4
B-train-00237,1,1,argmax,Công suất đỉnh,Trạm,B-train-00237-q09,Trạm 220kV Trung,14,Trạm 220kV Trung,14,True,10|13|14|16,10|13|14|16,4,4
B-train-00238,1,2,argmin,Lưu lượng,Khu vực,B-train-00238-q04,Cụm BTS-02,4,Cần Thơ,9,False,4|11,9|11,2,2
B-train-00238,1,1,argmin,Kỳ trước,Tuyến,B-train-00238-q05,Đà Nẵng – Huế,4,Đà Nẵng – Huế,4,True,4|10,4|10,2,2
B-train-00238,1,1,argmax,Kế hoạch năm,Tuyến,B-train-00238-q07,Nha Trang – Đà Lạt,10,Nha Trang – Đà Lạt,10,True,4|10,4|10,2,2
B-train-00238,1,2,argmax,Lưu lượng,Khu vực,B-train-00238-q10,Khu vực đô thị,11,Khu vực đô thị,11,True,4|11,9|11,2,2
B-train-00239,1,1,argmax,BOD5,Điểm quan trắc,B-train-00239-q03,Miền Trung,15,Miền Trung,15,True,15|19|20,15|19|20,3,3
B-train-00239,1,1,argmax,COD,Điểm quan trắc,B-train-00239-q04,Hồ Xuân Hương,20,Hồ Xuân Hương,20,True,15|19|20,15|19|20,3,3
B-train-00239,1,1,argmin,BOD5,Điểm quan trắc,B-train-00239-q05,Hồ Xuân Hương,20,Hồ Xuân Hương,20,True,15|19|20,15|19|20,3,3
B-train-00239,1,1,argmin,COD,Điểm quan trắc,B-train-00239-q06,Sông Hương,19,Sông Hương,19,True,15|19|20,15|19|20,3,3
B-train-00240,1,1,argmax,Chuyển tuyến,Khoa,B-train-00240-q03,Mắt,7,Mắt,7,True,7|9|16,7|9|16,3,3
B-train-00240,1,1,argmax,Nhập viện,Khoa,B-train-00240-q04,Ngoại,16,Ngoại,16,True,7|9|16,7|9|16,3,3
B-train-00240,2,1,argmin,Kỳ này,Khoa,B-train-00240-q05,Tai Mũi Họng,12,Tai Mũi Họng,12,True,12,12,1,1
B-train-00240,1,1,argmin,Kỳ này,Khoa,B-train-00240-q07,Nội tổng hợp,9,Nội tổng hợp,9,True,7|9|16,7|9|16,3,3
B-train-00241,2,1,argmin,Đã giải quyết,Nhóm chế độ,B-train-00241-q01,Thai sản,12,Thai sản,12,True,12|13,12|13,2,2
B-train-00241,2,1,argmax,Trễ hạn,Nhóm chế độ,B-train-00241-q06,Tai nạn lao động,13,Tai nạn lao động,13,True,12|13,12|13,2,2
B-train-00241,1,1,argmin,Đã giải quyết,Nhóm chế độ,B-train-00241-q08,Hưu trí,13,Hưu trí,13,True,13,13,1,1
B-train-00242,1,2,argmax,Chênh lệch,Khu vực,B-train-00242-q03,Miền Trung,4,Miền Trung,4,True,4|8,4|5|8,2,3
B-train-00242,1,2,argmin,Kế hoạch năm,Khu vực,B-train-00242-q07,Đồng Nai,8,Đồng Nai,8,True,4|8,4|5|8,2,3
B-train-00242,1,2,argmax,Kế hoạch,Khu vực,B-train-00242-q08,Đồng Nai,8,Miền Nam,5,False,4|8,4|5|8,2,3
B-train-00242,1,1,argmin,Hành khách,Tuyến,B-train-00242-q09,Nha Trang – Đà Lạt,10,Nha Trang – Đà Lạt,10,True,10,10,1,1
B-train-00243,1,2,argmin,Doanh thu,Điểm đến,B-train-00243-q02,Phú Quốc,12,Đồng Nai,4,False,12,4,1,1
B-train-00243,1,1,argmin,Diện tích (ha),Địa bàn,B-train-00243-q06,Hà Nội,10,Hà Nội,10,True,10|13,10|13,2,2
B-train-00243,1,1,argmax,Diện tích (ha),Địa bàn,B-train-00243-q07,Khánh Hòa,13,Khánh Hòa,13,True,10|13,10|13,2,2
B-train-00244,1,1,argmin,Nhập,Mã hàng,B-train-00244-q01,Miền Nam,10,Miền Nam,10,True,5|10|15,5|10|15,3,3
B-train-00244,1,1,argmin,Tồn cuối,Mã hàng,B-train-00244-q04,VT739,5,VT739,5,True,5|10|15,5|10|15,3,3
B-train-00244,1,1,argmax,Nhập,Mã hàng,B-train-00244-q08,VT652,15,VT652,15,True,5|10|15,5|10|15,3,3
B-train-00245,1,1,argmax,Khách quốc tế,Điểm đến,B-train-00245-q02,Hải Phòng,3,Hải Phòng,3,True,3|6|8,3|6|8,3,3
B-train-00245,1,1,argmin,Lũy kế,Điểm đến,B-train-00245-q07,Vịnh Hạ Long,8,Vịnh Hạ Long,8,True,3|6|8,3|6|8,3,3
B-train-00245,1,2,argmin,Kỳ này,Khu vực,B-train-00245-q09,Khu vực đô thị,11,Khu vực đô thị,11,True,11,11,1,1
B-train-00245,1,1,argmax,Doanh thu,Điểm đến,B-train-00245-q10,Nha Trang,6,Nha Trang,6,True,3|6|8,3|6|8,3,3
B-train-00246,2,1,argmin,Tiến độ,Dự án,B-train-00246-q02,Khu tái định cư,4,Khu tái định cư,4,True,4,4,1,1
B-train-00246,1,1,argmin,Giải ngân,Dự án,B-train-00246-q08,Trường liên cấp,5,Trường liên cấp,5,True,5,5,1,1
B-train-00247,1,2,argmax,Huy động,Chi nhánh,B-train-00247-q02,Hà Nội 01,13,Hà Nội 01,13,True,10|12|13,10|12|13,3,3
B-train-00247,1,1,argmax,Huy động,Chi nhánh,B-train-00247-q03,Đà Nẵng 01,10,Đà Nẵng 01,10,True,10,10,1,1
B-train-00247,1,2,argmin,Kế hoạch năm,Chi nhánh,B-train-00247-q06,Đà Nẵng 01,10,Đà Nẵng 01,10,True,10|12|13,10|12|13,3,3
B-train-00247,1,2,argmin,Huy động,Chi nhánh,B-train-00247-q10,Cần Thơ 02,12,Cần Thơ 02,12,True,10|12|13,10|12|13,3,3
B-train-00248,2,1,argmin,Kế hoạch năm,Nghiệp vụ,B-train-00248-q01,Tai nạn con người,5,Tai nạn con người,5,True,5|6,5|6,2,2
B-train-00248,2,1,argmin,Tỷ lệ,Nghiệp vụ,B-train-00248-q10,Sức khỏe,6,Sức khỏe,6,True,5|6,5|6,2,2
B-train-00249,1,1,argmax,Chênh lệch,Khu vực,B-train-00249-q02,Tây Nguyên,6,Tây Nguyên,6,True,6|12|14|17,6|12|14|17,4,4
B-train-00249,1,1,argmax,Kế hoạch năm,Khu vực,B-train-00249-q03,Đồng bằng sông Cửu Long,17,Đồng bằng sông Cửu Long,17,True,6|12|14|17,6|12|14|17,4,4
B-train-00249,1,1,argmin,Kế hoạch năm,Khu vực,B-train-00249-q05,Miền Trung,14,Miền Trung,14,True,6|12|14|17,6|12|14|17,4,4
B-train-00249,1,1,argmin,Tỷ lệ,Khu vực,B-train-00249-q07,Đồng bằng sông Cửu Long,12,Đồng bằng sông Cửu Long,12,True,6|12|14|17,6|12|14|17,4,4
B-train-00250,1,1,argmax,Chuyển tuyến,Khoa,B-train-00250-q01,Ngoại,10,Ngoại,10,True,10|11,10|11,2,2
B-train-00250,1,1,argmax,Nhập viện,Khoa,B-train-00250-q08,Nhi,11,Nhi,11,True,10|11,10|11,2,2
B-train-00251,1,1,argmin,Chuyển tuyến,Khoa,B-train-00251-q04,Nhi,17,Nhi,17,True,3|5|17|18,3|5|17|18,4,4
B-train-00251,1,1,argmax,Chuyển tuyến,Khoa,B-train-00251-q06,Nội tổng hợp,3,Nội tổng hợp,3,True,3|5|17|18,3|5|17|18,4,4
B-train-00251,1,1,argmax,Nhập viện,Khoa,B-train-00251-q08,Nhi,5,Nhi,5,True,3|5|17|18,3|5|17|18,4,4
B-train-00251,1,1,argmin,Kỳ này,Khoa,B-train-00251-q10,Sản,18,Sản,18,True,3|5|17|18,3|5|17|18,4,4
B-train-00252,1,1,argmin,Tổn thất,Trạm,B-train-00252-q01,Trạm Nam Sông,10,Trạm Nam Sông,10,True,3|10,3|10,2,2
B-train-00252,1,2,argmax,Bồi thường,Nghiệp vụ,B-train-00252-q02,Xe cơ giới,14,Xe cơ giới,14,True,10|14,10|14,2,2
B-train-00252,1,1,argmax,Kế hoạch năm,Trạm,B-train-00252-q05,Trạm 110kV Bắc,3,Trạm 110kV Bắc,3,True,3|10,3|10,2,2
B-train-00252,1,2,argmin,Hợp đồng,Nghiệp vụ,B-train-00252-q09,Miền Trung,10,Miền Trung,10,True,10|14,10|14,2,2
B-train-00253,1,2,argmin,Sản lượng,Trạm,B-train-00253-q03,Trạm Tây Đô,6,Trạm Tây Đô,6,True,5|6|8,6|8,3,2
B-train-00253,1,2,argmin,Kế hoạch năm,Trạm,B-train-00253-q07,Trạm Nam Sông,5,Đồng Nai,8,False,5|6|8,6|8,3,2
B-train-00253,1,2,argmax,Sự cố,Trạm,B-train-00253-q09,Đồng Nai,8,Đồng Nai,8,True,5|6|8,6|8,3,2
B-train-00253,1,1,argmax,Tỷ lệ,Khu vực,B-train-00253-q10,Miền Nam,5,Miền Nam,5,True,5,5,1,1
B-train-00254,1,1,argmin,Lũy kế,Khu vực,B-train-00254-q01,Miền Bắc,13,Miền Bắc,13,True,13|15|19,13|15|19,3,3
B-train-00254,1,1,argmin,Kỳ này,Khu vực,B-train-00254-q08,Miền Trung,19,Miền Trung,19,True,13|15|19,13|15|19,3,3
B-train-00254,1,1,argmax,Lũy kế,Khu vực,B-train-00254-q09,Miền Nam,15,Miền Nam,15,True,13|15|19,13|15|19,3,3
B-train-00255,1,1,argmax,Hồ sơ nhận,Nhóm chế độ,B-train-00255-q04,Hưu trí,3,Khánh Hòa,7,False,3|4,4|7,2,2
B-train-00255,1,2,argmax,Giá trị hợp đồng,Dự án,B-train-00255-q07,Hà Nội,6,Đường vành đai,9,False,6|10,9|10,2,2
B-train-00255,1,2,argmin,Giá trị hợp đồng,Dự án,B-train-00255-q08,Trường liên cấp,10,Trường liên cấp,10,True,6|10,9|10,2,2
B-train-00255,1,1,argmin,Trễ hạn,Nhóm chế độ,B-train-00255-q09,Thất nghiệp,4,Thất nghiệp,4,True,3|4,4|7,2,2
B-train-00256,1,1,argmax,COD,Điểm quan trắc,B-train-00256-q01,Hồ Xuân Hương,10,Hồ Xuân Hương,10,True,10,10,1,1
B-train-00256,1,2,argmin,Thiếu/thừa,Phòng ban,B-train-00256-q08,Công nghệ,6,Đồng Nai,3,False,6,3,1,1
B-train-00257,2,1,argmin,Chi trả,Nhóm chế độ,B-train-00257-q03,Hưu trí,9,Hưu trí,9,True,9,9,1,1
B-train-00257,1,1,argmax,Chi trả,Nhóm chế độ,B-train-00257-q04,Ốm đau,10,Ốm đau,10,True,6|10|14,6|10|14,3,3
B-train-00257,1,1,argmax,Kế hoạch năm,Nhóm chế độ,B-train-00257-q06,Thai sản,6,Thai sản,6,True,6|10|14,6|10|14,3,3
B-train-00257,1,1,argmin,Trễ hạn,Nhóm chế độ,B-train-00257-q08,Thất nghiệp,14,Thất nghiệp,14,True,6|10|14,6|10|14,3,3
B-train-00258,1,1,argmax,Giá dự toán,Gói thầu,B-train-00258-q01,GT15,15,GT15,15,True,4|10|15,4|10|15,3,3
B-train-00258,1,1,argmin,Kỳ trước,Gói thầu,B-train-00258-q08,GT04,10,GT04,10,True,4|10|15,4|10|15,3,3
B-train-00258,1,1,argmax,Kỳ trước,Gói thầu,B-train-00258-q09,GT66,4,GT66,4,True,4|10|15,4|10|15,3,3
B-train-00259,2,1,argmax,Nhập viện,Khoa,B-train-00259-q02,Tai Mũi Họng,13,Tai Mũi Họng,13,True,13,13,1,1
B-train-00259,1,1,argmin,Nhập viện,Khoa,B-train-00259-q05,Nội tổng hợp,9,Nội tổng hợp,9,True,9,9,1,1
B-train-00259,1,1,argmin,Kỳ này,Khoa,B-train-00259-q06,Nội tổng hợp,9,Nội tổng hợp,9,True,9,9,1,1
B-train-00260,1,1,argmax,Đúng hạn,Kho/điểm,B-train-00260-q01,Kho Cần Thơ,6,Kho Cần Thơ,6,True,5|6|12,5|6|12,3,3
B-train-00260,1,1,argmin,Chi phí,Kho/điểm,B-train-00260-q02,Kho trung chuyển,12,Kho trung chuyển,12,True,5|6|12,5|6|12,3,3
B-train-00260,1,2,argmax,Hành khách,Tuyến,B-train-00260-q05,TP.HCM – Cần Thơ,13,TP.HCM – Cần Thơ,13,True,13,13,1,1
B-train-00260,1,1,argmin,Kỳ này,Kho/điểm,B-train-00260-q06,Kho Bình Dương,5,Kho Bình Dương,5,True,5|6|12,5|6|12,3,3
B-train-00261,1,1,argmax,Giá trị hợp đồng,Dự án,B-train-00261-q03,Đồng Nai,6,Trường liên cấp,10,False,3|6,3|6|10,2,3
B-train-00261,1,1,argmax,Giải ngân,Dự án,B-train-00261-q06,Cầu Đông Thành,3,Cầu Đông Thành,3,True,3|6,3|6|10,2,3
B-train-00261,1,2,argmin,Số chuyến,Tuyến,B-train-00261-q08,Đà Nẵng – Huế,4,Đà Nẵng – Huế,4,True,4,4,1,1
B-train-00261,1,1,argmin,Giải ngân,Dự án,B-train-00261-q09,Đồng Nai,6,Đồng Nai,6,True,3|6,3|6|10,2,3
B-train-00262,1,1,argmin,Tỷ lệ,Khu vực,B-train-00262-q01,Đồng bằng sông Cửu Long,12,Đồng bằng sông Cửu Long,12,True,3|6|7|12,3|7|12|15,4,4
B-train-00262,1,1,argmin,Kỳ trước,Khu vực,B-train-00262-q05,Tây Nguyên,6,Miền Nam,15,False,3|6|7|12,3|7|12|15,4,4
B-train-00262,1,1,argmax,Kỳ trước,Khu vực,B-train-00262-q06,Đồng bằng sông Cửu Long,7,Đồng bằng sông Cửu Long,7,True,3|6|7|12,3|7|12|15,4,4
B-train-00262,1,1,argmax,Thực hiện,Khu vực,B-train-00262-q09,Miền Bắc,3,Miền Bắc,3,True,3|6|7|12,3|7|12|15,4,4
B-train-00263,1,1,argmax,Kế hoạch năm,Địa bàn,B-train-00263-q02,Hà Nội,10,Miền Bắc,7,False,10|13,7|13,2,2
B-train-00263,1,1,argmax,Sản lượng (tấn),Địa bàn,B-train-00263-q08,Khánh Hòa,13,Khánh Hòa,13,True,10|13,7|13,2,2
B-train-00263,1,2,argmin,Tăng trưởng,Chi nhánh,B-train-00263-q09,Hải Phòng 02,4,Hải Phòng 02,4,True,4,4,1,1
B-train-00263,1,1,argmin,Lũy kế,Địa bàn,B-train-00263-q10,Khánh Hòa,13,Miền Bắc,7,False,10|13,7|13,2,2
B-train-00264,1,1,argmin,Kỳ trước,Nhóm chế độ,B-train-00264-q01,Hưu trí,13,Hưu trí,13,True,5|9|13|14,5|9|13|14,4,4
B-train-00264,1,1,argmax,Kỳ trước,Nhóm chế độ,B-train-00264-q04,Ốm đau,5,Ốm đau,5,True,5|9|13|14,5|9|13|14,4,4
B-train-00264,1,1,argmax,Chi trả,Nhóm chế độ,B-train-00264-q06,Thất nghiệp,9,Thất nghiệp,9,True,5|9|13|14,5|9|13|14,4,4
B-train-00264,1,1,argmin,Đã giải quyết,Nhóm chế độ,B-train-00264-q08,Thất nghiệp,14,Thất nghiệp,14,True,5|9|13|14,5|9|13|14,4,4
B-train-00265,1,1,argmin,Hiện có,Phòng ban,B-train-00265-q02,Miền Nam,12,Miền Nam,12,True,4|9|12,4|9|12,3,3
B-train-00265,1,1,argmax,Thiếu/thừa,Phòng ban,B-train-00265-q08,Kinh doanh,9,Kinh doanh,9,True,4|9|12,4|9|12,3,3
B-train-00265,1,1,argmax,Hiện có,Phòng ban,B-train-00265-q10,Kế toán,4,Kế toán,4,True,4|9|12,4|9|12,3,3
B-train-00266,1,1,argmax,Kế hoạch năm,Đơn vị,B-train-00266-q01,THPT Chu Văn An,12,THPT Chu Văn An,12,True,4|8|9|12,4|8|9|12,4,4
B-train-00266,1,1,argmin,Đạt,Đơn vị,B-train-00266-q04,THPT Nguyễn Trãi,8,THPT Nguyễn Trãi,8,True,4|8|9|12,4|8|9|12,4,4
B-train-00266,1,1,argmax,Tỷ trọng (%),Đơn vị,B-train-00266-q05,THPT Lê Quý Đôn,9,THPT Lê Quý Đôn,9,True,4|8|9|12,4|8|9|12,4,4
B-train-00266,1,1,argmin,Lũy kế,Đơn vị,B-train-00266-q08,THPT Lê Quý Đôn,4,THPT Lê Quý Đôn,4,True,4|8|9|12,4|8|9|12,4,4
B-train-00267,1,2,argmin,Kỳ trước,Kho/điểm,B-train-00267-q01,Kho Bình Dương,5,Kho Bình Dương,5,True,5,5|10,1,2
B-train-00267,1,1,argmin,Tỷ trọng (%),Khu vực,B-train-00267-q03,Miền Trung,4,Miền Trung,4,True,4,4,1,1
B-train-00267,1,2,argmax,Đúng hạn,Kho/điểm,B-train-00267-q06,Kho Bình Dương,5,Kho Bình Dương,5,True,5,5|10,1,2
B-train-00267,1,2,argmax,Tồn cuối,Kho/điểm,B-train-00267-q10,Kho Bình Dương,5,Khánh Hòa,10,False,5,5|10,1,2
B-train-00268,1,1,argmin,Tỷ lệ đạt,Đơn vị,B-train-00268-q01,Đồng Nai,5,Đồng Nai,5,True,5,5,1,1
B-train-00268,1,1,argmin,Đạt,Đơn vị,B-train-00268-q05,Đồng Nai,5,Đồng Nai,5,True,5,5,1,1
B-train-00268,1,2,argmax,Kế hoạch năm,Đơn vị,B-train-00268-q10,Hà Nội,3,Hà Nội,3,True,3,3,1,1
B-train-00269,1,2,argmax,Khách nội địa,Điểm đến,B-train-00269-q04,Đà Lạt,10,Đà Nẵng,5,False,7|10,5|7,2,2
B-train-00269,1,1,argmax,Tổn thất,Trạm,B-train-00269-q05,Trạm 220kV Trung,4,Trạm 220kV Trung,4,True,4,4,1,1
B-train-00269,1,2,argmin,Công suất phòng,Điểm đến,B-train-00269-q09,Phú Quốc,7,Phú Quốc,7,True,7|10,5|7,2,2
B-train-00270,1,1,argmin,COD,Điểm quan trắc,B-train-00270-q04,Hồ Xuân Hương,10,Hồ Xuân Hương,10,True,10|13,10|13,2,2
B-train-00270,1,1,argmax,Lũy kế,Điểm quan trắc,B-train-00270-q09,Hồ Xuân Hương,10,Hồ Xuân Hương,10,True,10|13,10|13,2,2
B-train-00270,1,1,argmax,BOD5,Điểm quan trắc,B-train-00270-q10,Sông Hồng,13,Sông Hồng,13,True,10|13,10|13,2,2
B-train-00271,1,1,argmax,Đạt,Đơn vị,B-train-00271-q01,THPT Lê Quý Đôn,4,THPT Lê Quý Đôn,4,True,4|9|11,4|9|11,3,3
B-train-00271,1,1,argmin,Tỷ trọng (%),Đơn vị,B-train-00271-q02,THPT Lê Quý Đôn,9,THPT Lê Quý Đôn,9,True,4|9|11,4|9|11,3,3
B-train-00271,1,1,argmin,Đạt,Đơn vị,B-train-00271-q09,Hải Phòng,11,Hải Phòng,11,True,4|9|11,4|9|11,3,3
B-train-00272,1,1,argmax,Dư nợ,Chi nhánh,B-train-00272-q02,Đồng bằng sông Cửu Long,6,Hải Phòng 02,9,False,4|6,4|9,2,2
B-train-00272,1,1,argmin,Nợ quá hạn,Chi nhánh,B-train-00272-q03,Hải Phòng 02,4,Hải Phòng 02,4,True,4|6,4|9,2,2
B-train-00272,1,2,argmin,Diện tích (ha),Địa bàn,B-train-00272-q06,Lâm Đồng,9,Lâm Đồng,9,True,9,9,1,1
B-train-00273,1,1,argmin,Thực hiện,Khu vực,B-train-00273-q02,Tây Nguyên,16,Tây Nguyên,16,True,7|9|15|16,7|9|11|16,4,4
B-train-00273,1,1,argmin,Lũy kế,Khu vực,B-train-00273-q07,Đồng bằng sông Cửu Long,7,Đồng bằng sông Cửu Long,7,True,7|9|15|16,7|9|11|16,4,4
B-train-00273,1,1,argmax,Chênh lệch,Khu vực,B-train-00273-q09,Miền Nam,15,Miền Trung,11,False,7|9|15|16,7|9|11|16,4,4
B-train-00273,1,1,argmax,Lũy kế,Khu vực,B-train-00273-q10,Miền Trung,9,Miền Trung,9,True,7|9|15|16,7|9|11|16,4,4
B-train-00274,1,1,argmin,Kỳ này,Trạm,B-train-00274-q06,Trạm Nam Sông,15,Trạm Nam Sông,15,True,9|13|15,9|13|15,3,3
B-train-00274,1,1,argmin,Tỷ trọng (%),Trạm,B-train-00274-q08,Trạm 110kV Bắc,13,Trạm 110kV Bắc,13,True,9|13|15,9|13|15,3,3
B-train-00274,1,1,argmax,Công suất đỉnh,Trạm,B-train-00274-q09,Trạm Nam Sông,15,Trạm Nam Sông,15,True,9|13|15,9|13|15,3,3
B-train-00274,1,1,argmax,Kỳ này,Trạm,B-train-00274-q10,Trạm 220kV Trung,9,Trạm 220kV Trung,9,True,9|13|15,9|13|15,3,3
B-train-00275,1,1,argmin,Nhập viện,Khoa,B-train-00275-q01,Nội tổng hợp,9,Nội tổng hợp,9,True,6|9,6|9,2,2
B-train-00275,1,1,argmax,Chuyển tuyến,Khoa,B-train-00275-q03,Sản,6,Sản,6,True,6|9,6|9,2,2
B-train-00275,1,2,argmax,Đúng giờ,Tuyến,B-train-00275-q10,Nha Trang – Đà Lạt,6,Nha Trang – Đà Lạt,6,True,6,6,1,1
B-train-00276,1,1,argmax,Doanh thu,Tuyến,B-train-00276-q01,Nha Trang – Đà Lạt,10,Nha Trang – Đà Lạt,10,True,10|13,10|13,2,2
B-train-00276,1,1,argmin,Kỳ trước,Tuyến,B-train-00276-q02,TP.HCM – Cần Thơ,13,TP.HCM – Cần Thơ,13,True,10|13,10|13,2,2
B-train-00276,1,1,argmax,Hành khách,Tuyến,B-train-00276-q08,Nha Trang – Đà Lạt,10,Nha Trang – Đà Lạt,10,True,10|13,10|13,2,2
B-train-00277,1,1,argmax,Kế hoạch năm,Kho/điểm,B-train-00277-q05,Kho Đà Nẵng,14,Kho Đà Nẵng,14,True,6|10|14,6|10|14,3,3
B-train-00277,1,1,argmax,Tồn cuối,Kho/điểm,B-train-00277-q08,Kho Bình Dương,10,Kho Bình Dương,10,True,6|10|14,6|10|14,3,3
B-train-00277,1,1,argmin,Tỷ trọng (%),Kho/điểm,B-train-00277-q10,Kho Cần Thơ,6,Kho Cần Thơ,6,True,6|10|14,6|10|14,3,3
B-train-00278,1,1,argmin,Thực hiện,Khu vực,B-train-00278-q01,Miền Trung,14,Miền Trung,14,True,4|7|14,4|7|14,3,3
B-train-00278,1,1,argmax,Tỷ lệ,Khu vực,B-train-00278-q03,Miền Trung,4,Miền Trung,4,True,4|7|14,4|7|14,3,3
B-train-00278,1,1,argmax,Kỳ trước,Khu vực,B-train-00278-q05,Đồng bằng sông Cửu Long,7,Đồng bằng sông Cửu Long,7,True,4|7|14,4|7|14,3,3
B-train-00278,2,1,argmin,Thực hiện,Khu vực,B-train-00278-q06,Đồng bằng sông Cửu Long,4,Đồng bằng sông Cửu Long,4,True,4,4,1,1
B-train-00279,1,1,argmin,Công suất đỉnh,Trạm,B-train-00279-q01,Trạm 110kV Bắc,13,Hải Phòng,17,False,7|9|13|15,7|9|15|17,4,4
B-train-00279,1,1,argmax,Tổn thất,Trạm,B-train-00279-q03,Trạm Nam Sông,15,Trạm Nam Sông,15,True,7|9|13|15,7|9|15|17,4,4
B-train-00279,1,1,argmin,Tổn thất,Trạm,B-train-00279-q08,Trạm 220kV Trung,9,Trạm 220kV Trung,9,True,7|9|13|15,7|9|15|17,4,4
B-train-00279,1,1,argmax,Công suất đỉnh,Trạm,B-train-00279-q09,Trạm Cao Nguyên,7,Trạm Cao Nguyên,7,True,7|9|13|15,7|9|15|17,4,4
B-train-00280,1,1,argmax,Tổn thất,Trạm,B-train-00280-q01,Trạm Cao Nguyên,7,Trạm Cao Nguyên,7,True,3|7,3|7,2,2
B-train-00280,1,1,argmin,Kỳ trước,Trạm,B-train-00280-q04,Trạm 110kV Bắc,3,Trạm 110kV Bắc,3,True,3|7,3|7,2,2
B-train-00280,1,2,argmax,Lượt khám,Khoa,B-train-00280-q05,Lâm Đồng,9,Lâm Đồng,9,True,7|9,7|9,2,2
B-train-00280,1,2,argmin,Nhập viện,Khoa,B-train-00280-q08,Mắt,7,Mắt,7,True,7|9,7|9,2,2
B-train-00281,1,1,argmin,Giá dự toán,Gói thầu,B-train-00281-q04,GT38,12,GT38,12,True,11|12,8|11|12,2,3
B-train-00281,1,1,argmax,Giá dự toán,Gói thầu,B-train-00281-q05,GT87,11,GT87,11,True,11|12,8|11|12,2,3
B-train-00281,1,1,argmin,Giá trúng,Gói thầu,B-train-00281-q09,GT38,12,GT38,12,True,11|12,8|11|12,2,3
B-train-00281,1,1,argmax,Giá trúng,Gói thầu,B-train-00281-q10,GT87,11,Đà Nẵng,8,False,11|12,8|11|12,2,3
B-train-00282,1,1,argmax,Bồi thường,Nghiệp vụ,B-train-00282-q02,Sức khỏe,13,Sức khỏe,13,True,4|11|13,4|11|13,3,3
B-train-00282,1,1,argmax,Kỳ trước,Nghiệp vụ,B-train-00282-q03,Miền Bắc,4,Miền Bắc,4,True,4|11|13,4|11|13,3,3
B-train-00282,1,1,argmin,Tỷ lệ,Nghiệp vụ,B-train-00282-q06,Hàng hóa,11,Hàng hóa,11,True,4|11|13,4|11|13,3,3
B-train-00283,1,1,argmin,Nhập viện,Khoa,B-train-00283-q01,Nhi,17,Nhi,17,True,7|8|17,7|13|17,3,3
B-train-00283,1,1,argmax,Lượt khám,Khoa,B-train-00283-q04,Tai Mũi Họng,8,Hải Phòng,13,False,7|8|17,7|13|17,3,3
B-train-00283,1,1,argmin,Tỷ trọng (%),Khoa,B-train-00283-q06,Mắt,7,Mắt,7,True,7|8|17,7|13|17,3,3
B-train-00284,1,1,argmax,Tỷ trọng (%),Mã hàng,B-train-00284-q02,VT965,14,VT965,14,True,3|9|10|14,3|9|10|14,4,4
B-train-00284,1,1,argmax,Tồn cuối,Mã hàng,B-train-00284-q04,VT742,10,VT742,10,True,3|9|10|14,3|9|10|14,4,4
B-train-00284,1,1,argmin,Tồn đầu,Mã hàng,B-train-00284-q06,Đà Nẵng,3,Đà Nẵng,3,True,3|9|10|14,3|9|10|14,4,4
B-train-00284,1,1,argmin,Nhập,Mã hàng,B-train-00284-q10,VT755,9,VT755,9,True,3|9|10|14,3|9|10|14,4,4
B-train-00285,1,1,argmin,Kế hoạch năm,Phòng ban,B-train-00285-q04,Công nghệ,6,Cần Thơ,4,False,3|6|9,3|4|9,3,3
B-train-00285,1,1,argmax,Tuyển mới,Phòng ban,B-train-00285-q06,Kinh doanh,3,Kinh doanh,3,True,3|6|9,3|4|9,3,3
B-train-00285,1,1,argmax,Tỷ trọng (%),Phòng ban,B-train-00285-q10,Kinh doanh,9,Kinh doanh,9,True,3|6|9,3|4|9,3,3
B-train-00286,2,1,argmax,Bồi thường,Nghiệp vụ,B-train-00286-q02,Xe cơ giới,3,Xe cơ giới,3,True,3|12,3|12,2,2
B-train-00286,1,1,argmax,Kế hoạch năm,Nghiệp vụ,B-train-00286-q04,Sức khỏe,3,Sức khỏe,3,True,3|9,3|9,2,2
B-train-00286,1,1,argmin,Tỷ lệ,Nghiệp vụ,B-train-00286-q05,Xe cơ giới,9,Xe cơ giới,9,True,3|9,3|9,2,2
B-train-00286,2,1,argmin,Tỷ trọng (%),Nghiệp vụ,B-train-00286-q07,Sức khỏe,12,Sức khỏe,12,True,3|12,3|12,2,2
B-train-00287,1,1,argmax,Tổn thất,Trạm,B-train-00287-q01,Trạm 110kV Bắc,13,Trạm 110kV Bắc,13,True,3|12|13|20,3|12|13|20,4,4
B-train-00287,1,1,argmax,Công suất đỉnh,Trạm,B-train-00287-q05,Trạm Cao Nguyên,12,Trạm Cao Nguyên,12,True,3|12|13|20,3|12|13|20,4,4
B-train-00287,1,1,argmin,Tổn thất,Trạm,B-train-00287-q06,Trạm 110kV Bắc,3,Trạm 110kV Bắc,3,True,3|12|13|20,3|12|13|20,4,4
B-train-00287,1,1,argmin,Kỳ trước,Trạm,B-train-00287-q09,Trạm Nam Sông,20,Trạm Nam Sông,20,True,3|12|13|20,3|12|13|20,4,4
B-train-00288,2,1,argmin,Kế hoạch năm,Chi nhánh,B-train-00288-q03,Cần Thơ 02,11,Cần Thơ 02,11,True,6|11,6|11,2,2
B-train-00288,1,1,argmax,Lũy kế,Chi nhánh,B-train-00288-q06,Hải Phòng 02,4,Hải Phòng 02,4,True,4,4,1,1
B-train-00288,2,1,argmin,Tăng trưởng,Chi nhánh,B-train-00288-q10,Cần Thơ 02,6,Cần Thơ 02,6,True,6|11,6|11,2,2
B-train-00289,1,2,argmax,Kỳ này,Khu vực,B-train-00289-q01,Lâm Đồng,5,Lâm Đồng,5,True,5|7,5|7,2,2
B-train-00289,1,2,argmin,Tỷ trọng (%),Khu vực,B-train-00289-q03,Khu vực miền núi,7,Khu vực miền núi,7,True,5|7,5|7,2,2
B-train-00289,1,1,argmin,Đúng giờ,Tuyến,B-train-00289-q07,Hà Nội – Hải Phòng,11,Hà Nội – Hải Phòng,11,True,5|11,5|11,2,2
B-train-00289,1,1,argmax,Đúng giờ,Tuyến,B-train-00289-q10,TP.HCM – Cần Thơ,5,TP.HCM – Cần Thơ,5,True,5|11,5|11,2,2
B-train-00290,1,2,argmax,Phản ánh,Khu vực,B-train-00290-q02,Cụm BTS-01,3,Cụm BTS-01,3,True,3|4|6,3|4|6,3,3
B-train-00290,1,2,argmin,Kỳ trước,Khu vực,B-train-00290-q03,Cụm BTS-02,4,Cụm BTS-02,4,True,3|4|6,3|4|6,3,3
B-train-00290,1,2,argmax,Kỳ này,Khu vực,B-train-00290-q08,Khu vực đô thị,6,Khu vực đô thị,6,True,3|4|6,3|4|6,3,3
B-train-00291,1,1,argmin,Lưu lượng,Khu vực,B-train-00291-q01,Miền Bắc,13,Miền Bắc,13,True,5|8|9|13,5|8|9|13,4,4
B-train-00291,1,1,argmax,Phản ánh,Khu vực,B-train-00291-q03,Cụm BTS-01,8,Cụm BTS-01,8,True,5|8|9|13,5|8|9|13,4,4
B-train-00291,1,1,argmin,Tỷ lệ rớt cuộc,Khu vực,B-train-00291-q04,Khu vực ven biển,5,Khu vực ven biển,5,True,5|8|9|13,5|8|9|13,4,4
B-train-00291,1,1,argmax,Tỷ trọng (%),Khu vực,B-train-00291-q09,Cụm BTS-02,9,Cụm BTS-02,9,True,5|8|9|13,5|8|9|13,4,4
B-train-00292,1,1,argmax,Kỳ trước,Dự án,B-train-00292-q04,Khu tái định cư,12,Khu tái định cư,12,True,9|12,9|12,2,2
B-train-00292,1,1,argmax,Lũy kế,Dự án,B-train-00292-q07,Đồng Nai,9,Đồng Nai,9,True,9|12,9|12,2,2
B-train-00293,1,1,argmin,Tỷ lệ,Nghiệp vụ,B-train-00293-q01,Sức khỏe,3,Sức khỏe,3,True,3|6|14,3|6|14,3,3
B-train-00293,1,1,argmin,Bồi thường,Nghiệp vụ,B-train-00293-q06,Sức khỏe,3,Sức khỏe,3,True,3|6|14,3|6|14,3,3
B-train-00293,1,1,argmax,Lũy kế,Nghiệp vụ,B-train-00293-q08,Hàng hóa,6,Hàng hóa,6,True,3|6|14,3|6|14,3,3
B-train-00293,1,1,argmax,Phí bảo hiểm,Nghiệp vụ,B-train-00293-q09,Xe cơ giới,14,Xe cơ giới,14,True,3|6|14,3|6|14,3,3
B-train-00294,1,1,argmax,Tỷ lệ đạt,Đơn vị,B-train-00294-q02,THPT Nguyễn Trãi,3,THPT Nguyễn Trãi,3,True,3,3,1,1
B-train-00294,1,2,argmin,Kế hoạch năm,Khu vực,B-train-00294-q08,Đồng bằng sông Cửu Long,7,Đồng bằng sông Cửu Long,7,True,6|7|10,6|7|10,3,3
B-train-00294,1,2,argmin,Kế hoạch,Khu vực,B-train-00294-q09,Tây Nguyên,6,Tây Nguyên,6,True,6|7|10,6|7|10,3,3
B-train-00294,1,2,argmax,Tỷ lệ,Khu vực,B-train-00294-q10,Miền Nam,10,Miền Nam,10,True,6|7|10,6|7|10,3,3
B-train-00295,1,1,argmax,Tiến độ,Dự án,B-train-00295-q01,Cầu Đông Thành,8,Cầu Đông Thành,8,True,8|11,8|11,2,2
B-train-00295,1,1,argmin,Tỷ trọng (%),Dự án,B-train-00295-q02,Nhà máy nước,11,Nhà máy nước,11,True,8|11,8|11,2,2
B-train-00295,1,2,argmax,Kỳ này,Trạm,B-train-00295-q06,Trạm 220kV Trung,14,Trạm 220kV Trung,14,True,14,14,1,1
B-train-00295,1,2,argmin,Tổn thất,Trạm,B-train-00295-q09,Trạm 220kV Trung,14,Trạm 220kV Trung,14,True,14,14,1,1
B-train-00296,1,1,argmin,Lũy kế,Điểm bán,B-train-00296-q03,Điểm bán phía Bắc,16,Điểm bán phía Bắc,16,True,9|16,9|16,2,2
B-train-00296,1,1,argmax,Hoàn trả,Điểm bán,B-train-00296-q08,Cửa hàng 02,9,Cửa hàng 02,9,True,9|16,9|16,2,2
B-train-00296,2,1,argmin,Lũy kế,Điểm bán,B-train-00296-q09,Điểm bán phía Nam,12,Điểm bán phía Nam,12,True,12,12,1,1
B-train-00297,1,2,argmin,Hiện có,Phòng ban,B-train-00297-q01,Hành chính,7,Khánh Hòa,3,False,6|7|8,3|8,3,2
B-train-00297,1,1,argmax,Diện tích (ha),Địa bàn,B-train-00297-q03,Đà Nẵng,5,Đà Nẵng,5,True,5,5,1,1
B-train-00297,1,2,argmin,Định biên,Phòng ban,B-train-00297-q05,Công nghệ,6,Khánh Hòa,3,False,6|7|8,3|8,3,2
B-train-00297,1,2,argmax,Thiếu/thừa,Phòng ban,B-train-00297-q07,Chăm sóc khách hàng,8,Chăm sóc khách hàng,8,True,6|7|8,3|8,3,2
B-train-00298,1,1,argmin,Đạt,Đơn vị,B-train-00298-q01,THPT Chu Văn An,17,THPT Chu Văn An,17,True,3|5|13|17,3|13|16|17,4,4
B-train-00298,1,1,argmax,Kỳ này,Đơn vị,B-train-00298-q02,THPT Trần Phú,5,THPT Phan Bội Châu,16,False,3|5|13|17,3|13|16|17,4,4
B-train-00298,1,1,argmin,Kỳ này,Đơn vị,B-train-00298-q07,THPT Nguyễn Trãi,13,THPT Nguyễn Trãi,13,True,3|5|13|17,3|13|16|17,4,4
B-train-00298,1,1,argmax,Đạt,Đơn vị,B-train-00298-q10,THPT Nguyễn Trãi,3,THPT Nguyễn Trãi,3,True,3|5|13|17,3|13|16|17,4,4
B-train-00299,1,1,argmax,Kỳ này,Điểm đến,B-train-00299-q02,Đà Lạt,20,Đà Lạt,20,True,9|14|18|20,9|14|18|20,4,4
B-train-00299,1,1,argmin,Kế hoạch năm,Điểm đến,B-train-00299-q05,Vịnh Hạ Long,18,Vịnh Hạ Long,18,True,9|14|18|20,9|14|18|20,4,4
B-train-00299,1,1,argmin,Công suất phòng,Điểm đến,B-train-00299-q07,Phố cổ Hội An,14,Phố cổ Hội An,14,True,9|14|18|20,9|14|18|20,4,4
B-train-00299,1,1,argmax,Khách quốc tế,Điểm đến,B-train-00299-q10,Phố cổ Hội An,9,Phố cổ Hội An,9,True,9|14|18|20,9|14|18|20,4,4
B-train-00300,1,1,argmax,Tỷ trọng (%),Tuyến,B-train-00300-q02,Hà Nội,4,Hà Nội,4,True,4|9,4|9,2,2
B-train-00300,1,1,argmax,Số chuyến,Tuyến,B-train-00300-q06,TP.HCM – Cần Thơ,9,TP.HCM – Cần Thơ,9,True,4|9,4|9,2,2
B-train-00301,1,1,argmin,Giá trị bán,Điểm bán,B-train-00301-q03,Điểm bán phía Nam,7,Điểm bán phía Nam,7,True,4|7|10,4|7|10,3,3
B-train-00301,1,1,argmin,Số đơn,Điểm bán,B-train-00301-q04,Điểm bán phía Nam,7,Điểm bán phía Nam,7,True,4|7|10,4|7|10,3,3
B-train-00301,1,1,argmax,Số đơn,Điểm bán,B-train-00301-q05,Cửa hàng 02,4,Cửa hàng 02,4,True,4|7|10,4|7|10,3,3
B-train-00301,1,1,argmax,Tỷ trọng (%),Điểm bán,B-train-00301-q09,Siêu thị trung tâm,10,Siêu thị trung tâm,10,True,4|7|10,4|7|10,3,3
B-train-00302,1,1,argmin,Giá trị hợp đồng,Dự án,B-train-00302-q01,Trường liên cấp,10,Đồng bằng sông Cửu Long,4,False,10|12,4|10|12,2,3
B-train-00302,1,1,argmax,Tiến độ,Dự án,B-train-00302-q02,Trường liên cấp,10,Trường liên cấp,10,True,10|12,4|10|12,2,3
B-train-00302,1,2,argmin,Chuyển tuyến,Khoa,B-train-00302-q03,Miền Nam,7,Miền Nam,7,True,7,7,1,1
B-train-00302,1,1,argmax,Kỳ trước,Dự án,B-train-00302-q08,Khu tái định cư,12,Khu tái định cư,12,True,10|12,4|10|12,2,3
B-train-00303,1,1,argmax,Phí bảo hiểm,Nghiệp vụ,B-train-00303-q01,Sức khỏe,3,Sức khỏe,3,True,3|4|7|10,3|4|6|7,4,4
B-train-00303,1,1,argmin,Bồi thường,Nghiệp vụ,B-train-00303-q03,Tai nạn con người,7,Tai nạn con người,7,True,3|4|7|10,3|4|6|7,4,4
B-train-00303,1,1,argmax,Bồi thường,Nghiệp vụ,B-train-00303-q04,Tài sản,10,Lâm Đồng,4,False,3|4|7|10,3|4|6|7,4,4
B-train-00303,1,1,argmin,Hợp đồng,Nghiệp vụ,B-train-00303-q05,Lâm Đồng,4,Hàng hóa,6,False,3|4|7|10,3|4|6|7,4,4
B-train-00304,1,1,argmax,Lũy kế,Điểm đến,B-train-00304-q03,Phú Quốc,7,Phú Quốc,7,True,7|11|12,7|11|12,3,3
B-train-00304,1,1,argmax,Công suất phòng,Điểm đến,B-train-00304-q04,Nha Trang,11,Nha Trang,11,True,7|11|12,7|11|12,3,3
B-train-00304,1,1,argmin,Lũy kế,Điểm đến,B-train-00304-q09,Phú Quốc,12,Phú Quốc,12,True,7|11|12,7|11|12,3,3
B-train-00305,1,1,argmax,Công suất phòng,Điểm đến,B-train-00305-q02,Vịnh Hạ Long,13,Vịnh Hạ Long,13,True,4|7|9|13,4|7|9|13,4,4
B-train-00305,1,1,argmin,Công suất phòng,Điểm đến,B-train-00305-q05,Phú Quốc,7,Phú Quốc,7,True,4|7|9|13,4|7|9|13,4,4
B-train-00305,1,1,argmin,Lũy kế,Điểm đến,B-train-00305-q06,Phố cổ Hội An,4,Phố cổ Hội An,4,True,4|7|9|13,4|7|9|13,4,4
B-train-00305,1,1,argmax,Doanh thu,Điểm đến,B-train-00305-q09,Phố cổ Hội An,9,Phố cổ Hội An,9,True,4|7|9|13,4|7|9|13,4,4
B-train-00306,1,2,argmax,Tăng trưởng,Chi nhánh,B-train-00306-q03,Hải Phòng 02,9,Hải Phòng 02,9,True,9,9,1,1
B-train-00306,1,1,argmin,Hiện có,Phòng ban,B-train-00306-q07,Vận hành,11,Vận hành,11,True,6|11,6|11,2,2
B-train-00306,1,1,argmax,Lũy kế,Phòng ban,B-train-00306-q08,Đà Nẵng,6,Đà Nẵng,6,True,6|11,6|11,2,2
B-train-00306,1,1,argmin,Thiếu/thừa,Phòng ban,B-train-00306-q10,Vận hành,11,Vận hành,11,True,6|11,6|11,2,2
B-train-00307,1,2,argmin,Kỳ trước,Gói thầu,B-train-00307-q03,GT64,10,GT64,10,True,10|11,10|11,2,2
B-train-00307,1,1,argmin,Đã giải quyết,Nhóm chế độ,B-train-00307-q05,Thất nghiệp,9,Thất nghiệp,9,True,3|9,3|9,2,2
B-train-00307,1,2,argmax,Kỳ trước,Gói thầu,B-train-00307-q06,GT53,11,GT53,11,True,10|11,10|11,2,2
B-train-00307,1,1,argmax,Chi trả,Nhóm chế độ,B-train-00307-q08,Cần Thơ,3,Cần Thơ,3,True,3|9,3|9,2,2
B-train-00308,1,1,argmax,Tỷ trọng (%),Khu vực,B-train-00308-q01,Cụm BTS-01,13,Cụm BTS-02,14,False,5|6|9|13,5|6|9|14,4,4
B-train-00308,1,1,argmax,Lưu lượng,Khu vực,B-train-00308-q02,Khu vực đô thị,6,Khu vực đô thị,6,True,5|6|9|13,5|6|9|14,4,4
B-train-00308,1,1,argmin,Tỷ trọng (%),Khu vực,B-train-00308-q05,Miền Nam,9,Miền Nam,9,True,5|6|9|13,5|6|9|14,4,4
B-train-00308,1,1,argmin,Lưu lượng,Khu vực,B-train-00308-q10,Khu vực ven biển,5,Khu vực ven biển,5,True,5|6|9|13,5|6|9|14,4,4
B-train-00309,1,1,argmax,Kỳ trước,Nghiệp vụ,B-train-00309-q03,Tài sản,15,Tài sản,15,True,4|9|15|16,4|9|15|16,4,4
B-train-00309,1,1,argmin,Bồi thường,Nghiệp vụ,B-train-00309-q05,Hàng hóa,16,Hàng hóa,16,True,4|9|15|16,4|9|15|16,4,4
B-train-00309,1,1,argmax,Phí bảo hiểm,Nghiệp vụ,B-train-00309-q06,Xe cơ giới,9,Xe cơ giới,9,True,4|9|15|16,4|9|15|16,4,4
B-train-00309,1,1,argmin,Tỷ trọng (%),Nghiệp vụ,B-train-00309-q09,Xe cơ giới,4,Xe cơ giới,4,True,4|9|15|16,4|9|15|16,4,4
B-train-00310,1,2,argmin,Lũy kế,Điểm đến,B-train-00310-q01,Phú Quốc,12,Phú Quốc,12,True,10|12|14,7|10|12,3,3
B-train-00310,1,1,argmin,Đạt,Đơn vị,B-train-00310-q03,THPT Nguyễn Trãi,13,THPT Nguyễn Trãi,13,True,13,13,1,1
B-train-00310,1,2,argmax,Khách nội địa,Điểm đến,B-train-00310-q06,Lâm Đồng,10,Phú Quốc,7,False,10|12|14,7|10|12,3,3
B-train-00310,1,2,argmax,Lũy kế,Điểm đến,B-train-00310-q10,Phố cổ Hội An,14,Lâm Đồng,10,False,10|12|14,7|10|12,3,3
B-train-00311,2,1,argmin,BOD5,Điểm quan trắc,B-train-00311-q02,Sông Hồng,14,Sông Hồng,14,True,14,14,1,1
B-train-00311,1,1,argmin,BOD5,Điểm quan trắc,B-train-00311-q06,Cửa biển Đà Nẵng,12,Cửa biển Đà Nẵng,12,True,12,12,1,1
B-train-00312,1,1,argmax,Phản ánh,Khu vực,B-train-00312-q02,Hà Nội,15,Hà Nội,15,True,4|15|19,4|15|19,3,3
B-train-00312,1,1,argmin,Tỷ trọng (%),Khu vực,B-train-00312-q08,Cụm BTS-02,4,Cụm BTS-02,4,True,4|15|19,4|15|19,3,3
B-train-00312,1,1,argmax,Lưu lượng,Khu vực,B-train-00312-q09,Cụm BTS-02,19,Cụm BTS-02,19,True,4|15|19,4|15|19,3,3
B-train-00313,1,1,argmax,Kỳ này,Địa bàn,B-train-00313-q01,Hà Nội,3,Hà Nội,3,True,3|4|12,3|4|10|12,3,4
B-train-00313,1,1,argmax,Kỳ trước,Địa bàn,B-train-00313-q02,Đà Nẵng,12,Đà Nẵng,12,True,3|4|12,3|4|10|12,3,4
B-train-00313,1,1,argmin,Kỳ này,Địa bàn,B-train-00313-q08,Hải Phòng,4,Hải Phòng,4,True,3|4|12,3|4|10|12,3,4
B-train-00313,1,1,argmin,Tỷ trọng (%),Địa bàn,B-train-00313-q10,Hà Nội,3,Miền Trung,10,False,3|4|12,3|4|10|12,3,4
B-train-00314,1,1,argmin,Kỳ trước,Khu vực,B-train-00314-q02,Miền Bắc,13,Miền Bắc,13,True,6|10|13,6|10|13,3,3
B-train-00314,1,1,argmax,Kế hoạch năm,Khu vực,B-train-00314-q03,Miền Nam,10,Miền Nam,10,True,6|10|13,6|10|13,3,3
B-train-00314,1,1,argmin,Thực hiện,Khu vực,B-train-00314-q07,Tây Nguyên,6,Tây Nguyên,6,True,6|10|13,6|10|13,3,3
B-train-00315,1,1,argmax,Chuyển tuyến,Khoa,B-train-00315-q02,Nhi,11,Nhi,11,True,5|8|11,5|8|11,3,3
B-train-00315,1,1,argmin,Chuyển tuyến,Khoa,B-train-00315-q04,Nhi,5,Nhi,5,True,5|8|11,5|8|11,3,3
B-train-00315,1,1,argmax,Kỳ trước,Khoa,B-train-00315-q05,Nhi,5,Nhi,5,True,5|8|11,5|8|11,3,3
B-train-00315,1,1,argmin,Kỳ trước,Khoa,B-train-00315-q09,Tai Mũi Họng,8,Tai Mũi Họng,8,True,5|8|11,5|8|11,3,3
B-train-00316,1,1,argmax,Kỳ trước,Chi nhánh,B-train-00316-q04,Khánh Hòa 03,6,Khánh Hòa 03,6,True,6|13|14,6|13|14,3,3
B-train-00316,1,1,argmin,Huy động,Chi nhánh,B-train-00316-q05,Hà Nội 01,13,Hà Nội 01,13,True,6|13|14,6|13|14,3,3
B-train-00316,1,1,argmax,Tăng trưởng,Chi nhánh,B-train-00316-q09,Hải Phòng 02,14,Hải Phòng 02,14,True,6|13|14,6|13|14,3,3
B-train-00317,1,1,argmin,Đã giải quyết,Nhóm chế độ,B-train-00317-q02,Thất nghiệp,14,Thất nghiệp,14,True,4|9|14|16,4|9|14|16,4,4
B-train-00317,1,1,argmax,Lũy kế,Nhóm chế độ,B-train-00317-q03,Thất nghiệp,4,Thất nghiệp,4,True,4|9|14|16,4|9|14|16,4,4
B-train-00317,1,1,argmax,Kế hoạch năm,Nhóm chế độ,B-train-00317-q05,Thai sản,16,Thai sản,16,True,4|9|14|16,4|9|14|16,4,4
B-train-00317,1,1,argmin,Kế hoạch năm,Nhóm chế độ,B-train-00317-q08,Thất nghiệp,9,Thất nghiệp,9,True,4|9|14|16,4|9|14|16,4,4
B-train-00318,1,2,argmin,Giá trúng,Gói thầu,B-train-00318-q03,Hải Phòng,4,Hải Phòng,4,True,4|7,4|7,2,2
B-train-00318,1,2,argmax,Giá dự toán,Gói thầu,B-train-00318-q08,GT24,7,GT24,7,True,4|7,4|7,2,2
B-train-00319,1,1,argmin,Thực hiện,Khu vực,B-train-00319-q02,Tây Nguyên,11,Tây Nguyên,11,True,3|11,3|11,2,2
B-train-00319,1,1,argmax,Tỷ trọng (%),Khu vực,B-train-00319-q07,Miền Bắc,3,Miền Bắc,3,True,3|11,3|11,2,2
B-train-00319,2,1,argmax,Thực hiện,Khu vực,B-train-00319-q10,Miền Bắc,10,Miền Bắc,10,True,10,10,1,1
B-train-00320,1,1,argmax,Sản lượng (tấn),Địa bàn,B-train-00320-q03,Cần Thơ,8,Cần Thơ,8,True,8|13,8|15,2,2
B-train-00320,1,1,argmax,Diện tích (ha),Địa bàn,B-train-00320-q05,Cần Thơ,8,Cần Thơ,8,True,8|13,8|15,2,2
B-train-00320,1,1,argmin,Sản lượng (tấn),Địa bàn,B-train-00320-q07,Khánh Hòa,13,Đồng bằng sông Cửu Long,15,False,8|13,8|15,2,2
B-train-00321,1,2,argmax,Thực hiện,Khu vực,B-train-00321-q04,Miền Trung,9,Miền Trung,9,True,9|11,9|12,2,2
B-train-00321,1,1,argmin,Lũy kế,Dự án,B-train-00321-q06,Đường vành đai,9,Đường vành đai,9,True,5|9,5|9,2,2
B-train-00321,1,1,argmin,Tiến độ,Dự án,B-train-00321-q07,Trường liên cấp,5,Trường liên cấp,5,True,5|9,5|9,2,2
B-train-00321,1,2,argmax,Chênh lệch,Khu vực,B-train-00321-q09,Tây Nguyên,11,Đồng Nai,12,False,9|11,9|12,2,2
B-train-00322,1,1,argmax,Kế hoạch năm,Khoa,B-train-00322-q03,Nhi,5,Nhi,5,True,5|12,5|12,2,2
B-train-00322,1,1,argmax,Nhập viện,Khoa,B-train-00322-q04,Sản,12,Sản,12,True,5|12,5|12,2,2
B-train-00323,1,1,argmax,Kỳ này,Khu vực,B-train-00323-q06,Khu vực đô thị,16,Khu vực đô thị,16,True,4|6|8|16,4|6|8|16,4,4
B-train-00323,1,1,argmin,Kỳ trước,Khu vực,B-train-00323-q07,Cụm BTS-02,4,Cụm BTS-02,4,True,4|6|8|16,4|6|8|16,4,4
B-train-00323,1,1,argmin,Lưu lượng,Khu vực,B-train-00323-q09,Khu vực đô thị,6,Khu vực đô thị,6,True,4|6|8|16,4|6|8|16,4,4
B-train-00323,1,1,argmax,Kỳ trước,Khu vực,B-train-00323-q10,Cụm BTS-01,8,Cụm BTS-01,8,True,4|6|8|16,4|6|8|16,4,4
B-train-00324,1,1,argmin,Giá trị bán,Điểm bán,B-train-00324-q02,Miền Bắc,13,Miền Bắc,13,True,6|11|13,6|11|13,3,3
B-train-00324,1,1,argmax,Số đơn,Điểm bán,B-train-00324-q03,Điểm bán phía Bắc,6,Điểm bán phía Bắc,6,True,6|11|13,6|11|13,3,3
B-train-00324,1,1,argmax,Hoàn trả,Điểm bán,B-train-00324-q04,Điểm bán phía Bắc,11,Điểm bán phía Bắc,11,True,6|11|13,6|11|13,3,3
B-train-00325,1,1,argmax,Lũy kế,Điểm quan trắc,B-train-00325-q03,Hồ Xuân Hương,5,Hồ Xuân Hương,5,True,3|5|12,3|5|12,3,3
B-train-00325,1,1,argmin,COD,Điểm quan trắc,B-train-00325-q09,Cửa biển Đà Nẵng,12,Cửa biển Đà Nẵng,12,True,3|5|12,3|5|12,3,3
B-train-00325,1,1,argmax,Kế hoạch năm,Điểm quan trắc,B-train-00325-q10,Sông Hồng,3,Sông Hồng,3,True,3|5|12,3|5|12,3,3
B-train-00326,1,1,argmax,Kỳ này,Gói thầu,B-train-00326-q02,GT39,14,GT39,14,True,14,14,1,1
B-train-00326,1,2,argmax,Lưu lượng,Khu vực,B-train-00326-q07,Cần Thơ,4,Cần Thơ,4,True,3|4,3|4,2,2
B-train-00326,1,2,argmin,Phản ánh,Khu vực,B-train-00326-q08,Cụm BTS-01,3,Cụm BTS-01,3,True,3|4,3|4,2,2
B-train-00327,1,2,argmax,Bồi thường,Nghiệp vụ,B-train-00327-q01,Hàng hóa,6,Hàng hóa,6,True,6|9,6|9,2,2
B-train-00327,1,1,argmax,Kỳ trước,Khu vực,B-train-00327-q02,Cụm BTS-01,3,Cụm BTS-01,3,True,3|7,3|8,2,2
B-train-00327,1,2,argmin,Phí bảo hiểm,Nghiệp vụ,B-train-00327-q03,Xe cơ giới,9,Xe cơ giới,9,True,6|9,6|9,2,2
B-train-00327,1,1,argmin,Kỳ trước,Khu vực,B-train-00327-q07,Khu vực miền núi,7,Miền Nam,8,False,3|7,3|8,2,2
B-train-00328,1,1,argmax,Số đơn,Điểm bán,B-train-00328-q01,Cửa hàng 01,13,Cửa hàng 01,13,True,9|10|13,9|10|13,3,3
B-train-00328,1,1,argmin,Giá trị bán,Điểm bán,B-train-00328-q02,Siêu thị trung tâm,10,Siêu thị trung tâm,10,True,9|10|13,9|10|13,3,3
B-train-00328,1,1,argmin,Số đơn,Điểm bán,B-train-00328-q03,Cửa hàng 02,9,Cửa hàng 02,9,True,9|10|13,9|10|13,3,3
B-train-00328,1,1,argmax,Giá trị bán,Điểm bán,B-train-00328-q04,Cửa hàng 01,13,Cửa hàng 01,13,True,9|10|13,9|10|13,3,3
B-train-00329,1,1,argmin,Kế hoạch năm,Điểm đến,B-train-00329-q02,Phố cổ Hội An,19,Phố cổ Hội An,19,True,4|8|19,4|8|19,3,3
B-train-00329,1,1,argmax,Kế hoạch năm,Điểm đến,B-train-00329-q04,Phố cổ Hội An,4,Phố cổ Hội An,4,True,4|8|19,4|8|19,3,3
B-train-00329,1,1,argmin,Kỳ trước,Điểm đến,B-train-00329-q10,Vịnh Hạ Long,8,Vịnh Hạ Long,8,True,4|8|19,4|8|19,3,3
B-train-00330,1,1,argmin,Tỷ trọng (%),Khu vực,B-train-00330-q02,Khu vực miền núi,17,Khu vực miền núi,17,True,3|10|14|17,4|10|14|17,4,4
B-train-00330,1,1,argmax,Kỳ này,Khu vực,B-train-00330-q04,Cụm BTS-01,3,Cần Thơ,4,False,3|10|14|17,4|10|14|17,4,4
B-train-00330,1,1,argmax,Lưu lượng,Khu vực,B-train-00330-q06,Khu vực ven biển,10,Khu vực ven biển,10,True,3|10|14|17,4|10|14|17,4,4
B-train-00330,1,1,argmin,Kỳ này,Khu vực,B-train-00330-q08,Cụm BTS-02,14,Cụm BTS-02,14,True,3|10|14|17,4|10|14|17,4,4
B-train-00331,1,1,argmin,Tồn cuối,Kho/điểm,B-train-00331-q01,Kho Cần Thơ,6,Đà Nẵng,9,False,6|11,3|9,2,2
B-train-00331,1,2,argmax,Kỳ trước,Nhóm chế độ,B-train-00331-q08,Tai nạn lao động,7,Hưu trí Đã đối chiếu,8,False,7,8,1,1
B-train-00331,1,1,argmax,Tồn cuối,Kho/điểm,B-train-00331-q10,Kho Cần Thơ,11,Kho Hà Nội,3,False,6|11,3|9,2,2
B-train-00332,1,1,argmax,Diện tích (ha),Địa bàn,B-train-00332-q01,Cần Thơ,15,Cần Thơ,15,True,7|15,7|15,2,2
B-train-00332,1,1,argmin,Sản lượng (tấn),Địa bàn,B-train-00332-q07,Đồng Nai,7,Đồng Nai,7,True,7|15,7|15,2,2
B-train-00332,1,1,argmin,Diện tích (ha),Địa bàn,B-train-00332-q09,Đồng Nai,7,Đồng Nai,7,True,7|15,7|15,2,2
B-train-00333,1,1,argmax,Kỳ này,Trạm,B-train-00333-q02,Trạm Nam Sông,10,Trạm Nam Sông,10,True,4|5|10,4|5|10,3,3
B-train-00333,1,1,argmin,Công suất đỉnh,Trạm,B-train-00333-q04,Trạm Nam Sông,5,Trạm Nam Sông,5,True,4|5|10,4|5|10,3,3
B-train-00333,1,1,argmax,Kỳ trước,Trạm,B-train-00333-q05,Trạm 220kV Trung,4,Trạm 220kV Trung,4,True,4|5|10,4|5|10,3,3
B-train-00333,1,1,argmin,Kỳ trước,Trạm,B-train-00333-q06,Trạm Nam Sông,10,Trạm Nam Sông,10,True,4|5|10,4|5|10,3,3
B-train-00334,1,1,argmin,Nhập viện,Khoa,B-train-00334-q03,Cần Thơ,8,Cần Thơ,8,True,3|8|17,3|8|17,3,3
B-train-00334,1,1,argmin,Chuyển tuyến,Khoa,B-train-00334-q06,Nhi,17,Nhi,17,True,3|8|17,3|8|17,3,3
B-train-00334,1,1,argmax,Nhập viện,Khoa,B-train-00334-q10,Nội tổng hợp,3,Nội tổng hợp,3,True,3|8|17,3|8|17,3,3
B-train-00335,1,1,argmax,Kỳ trước,Phòng ban,B-train-00335-q01,Hành chính,13,Khánh Hòa,11,False,7|13|16|17,7|11|16|17,4,4
B-train-00335,1,1,argmin,Hiện có,Phòng ban,B-train-00335-q05,Kế toán,16,Kế toán,16,True,7|13|16|17,7|11|16|17,4,4
B-train-00335,1,1,argmin,Tỷ trọng (%),Phòng ban,B-train-00335-q08,Vận hành,17,Vận hành,17,True,7|13|16|17,7|11|16|17,4,4
B-train-00335,1,1,argmax,Tỷ trọng (%),Phòng ban,B-train-00335-q10,Hành chính,7,Hành chính,7,True,7|13|16|17,7|11|16|17,4,4
B-train-00336,1,1,argmin,Tăng trưởng,Chi nhánh,B-train-00336-q01,Miền Bắc,10,Miền Bắc,10,True,4|7|10|13,4|7|10|13,4,4
B-train-00336,1,1,argmax,Huy động,Chi nhánh,B-train-00336-q04,Cần Thơ 02,7,Cần Thơ 02,7,True,4|7|10|13,4|7|10|13,4,4
B-train-00336,1,1,argmin,Nợ quá hạn,Chi nhánh,B-train-00336-q07,Hà Nội 01,13,Hà Nội 01,13,True,4|7|10|13,4|7|10|13,4,4
B-train-00336,1,1,argmax,Tăng trưởng,Chi nhánh,B-train-00336-q09,Hải Phòng 02,4,Hải Phòng 02,4,True,4|7|10|13,4|7|10|13,4,4
B-train-00337,1,1,argmin,Đạt,Đơn vị,B-train-00337-q06,THPT Lê Quý Đôn,4,THPT Lê Quý Đôn,4,True,4|8,4|8,2,2
B-train-00337,1,2,argmin,Thí sinh,Đơn vị,B-train-00337-q09,THPT Chu Văn An,7,THPT Chu Văn An,7,True,7,7,1,1
B-train-00337,1,1,argmax,Kỳ này,Đơn vị,B-train-00337-q10,THPT Nguyễn Trãi,8,THPT Nguyễn Trãi,8,True,4|8,4|8,2,2
B-train-00338,1,1,argmin,Tỷ trọng (%),Dự án,B-train-00338-q02,Cầu Đông Thành,13,Cầu Đông Thành,13,True,3|6|13,3|6|13,3,3
B-train-00338,1,1,argmax,Tiến độ,Dự án,B-train-00338-q09,Đồng bằng sông Cửu Long,6,Đồng bằng sông Cửu Long,6,True,3|6|13,3|6|13,3,3
B-train-00338,1,1,argmax,Kỳ trước,Dự án,B-train-00338-q10,Cầu Đông Thành,3,Cầu Đông Thành,3,True,3|6|13,3|6|13,3,3
B-train-00339,1,1,argmax,Tỷ lệ,Khu vực,B-train-00339-q04,Miền Nam,10,Miền Nam,10,True,3|7|8|10,3|5|10,4,3
B-train-00339,1,1,argmax,Chênh lệch,Khu vực,B-train-00339-q05,Miền Bắc,3,Miền Bắc,3,True,3|7|8|10,3|5|10,4,3
B-train-00339,1,1,argmin,Chênh lệch,Khu vực,B-train-00339-q07,Đồng bằng sông Cửu Long,7,Hà Nội,5,False,3|7|8|10,3|5|10,4,3
B-train-00339,1,1,argmin,Tỷ lệ,Khu vực,B-train-00339-q10,Miền Bắc,8,Hà Nội,5,False,3|7|8|10,3|5|10,4,3
B-train-00340,1,1,argmax,Lưu lượng,Khu vực,B-train-00340-q06,Khu vực ven biển,5,Khu vực ven biển,5,True,5,5,1,1
B-train-00340,2,1,argmax,Lũy kế,Khu vực,B-train-00340-q08,Cụm BTS-02,6,Cụm BTS-02,6,True,6|14,6|14,2,2
B-train-00340,2,1,argmin,Lưu lượng,Khu vực,B-train-00340-q09,Khu vực miền núi,14,Khu vực miền núi,14,True,6|14,6|14,2,2
B-train-00341,1,2,argmax,Giải ngân,Dự án,B-train-00341-q04,Khánh Hòa,7,Trường liên cấp,10,False,5|7,5|10,2,2
B-train-00341,1,1,argmax,Tỷ lệ rớt cuộc,Khu vực,B-train-00341-q06,Đồng bằng sông Cửu Long,6,Đồng bằng sông Cửu Long,6,True,6|8,6|8,2,2
B-train-00341,1,1,argmin,Tỷ lệ rớt cuộc,Khu vực,B-train-00341-q07,Cụm BTS-01,8,Cụm BTS-01,8,True,6|8,6|8,2,2
B-train-00341,1,2,argmin,Giải ngân,Dự án,B-train-00341-q09,Trường liên cấp,5,Trường liên cấp,5,True,5|7,5|10,2,2
B-train-00342,1,1,argmax,Đúng giờ,Tuyến,B-train-00342-q01,Hà Nội – Hải Phòng,3,Hà Nội – Hải Phòng,3,True,3|4|8,3|4|8,3,3
B-train-00342,1,1,argmin,Đúng giờ,Tuyến,B-train-00342-q04,Đà Nẵng – Huế,4,Đà Nẵng – Huế,4,True,3|4|8,3|4|8,3,3
B-train-00342,1,1,argmin,Hành khách,Tuyến,B-train-00342-q05,Đà Nẵng – Huế,8,Đà Nẵng – Huế,8,True,3|4|8,3|4|8,3,3
B-train-00343,1,1,argmax,Kế hoạch năm,Tuyến,B-train-00343-q01,Miền Bắc,3,Miền Bắc,3,True,3|18|19,3|18|19,3,3
B-train-00343,1,1,argmin,Đúng giờ,Tuyến,B-train-00343-q04,Miền Bắc,3,Miền Bắc,3,True,3|18|19,3|18|19,3,3
B-train-00343,1,1,argmax,Tỷ trọng (%),Tuyến,B-train-00343-q07,Hà Nội – Hải Phòng,19,Hà Nội – Hải Phòng,19,True,3|18|19,3|18|19,3,3
B-train-00343,1,1,argmin,Kế hoạch năm,Tuyến,B-train-00343-q09,Nha Trang – Đà Lạt,18,Nha Trang – Đà Lạt,18,True,3|18|19,3|18|19,3,3
B-train-00344,1,1,argmin,Hiện có,Phòng ban,B-train-00344-q05,Chăm sóc khách hàng,8,Chăm sóc khách hàng,8,True,3|8|11,3|8|13,3,3
B-train-00344,1,1,argmin,Thiếu/thừa,Phòng ban,B-train-00344-q06,Kinh doanh,3,Kinh doanh,3,True,3|8|11,3|8|13,3,3
B-train-00344,1,1,argmax,Thiếu/thừa,Phòng ban,B-train-00344-q10,Vận hành,11,Miền Trung,13,False,3|8|11,3|8|13,3,3
B-train-00345,1,1,argmax,Tỷ lệ,Nghiệp vụ,B-train-00345-q01,Tai nạn con người,12,Tai nạn con người,12,True,5|11|12|13,5|6|11|12,4,4
B-train-00345,1,1,argmax,Phí bảo hiểm,Nghiệp vụ,B-train-00345-q03,Tài sản,5,Tài sản,5,True,5|11|12|13,5|6|11|12,4,4
B-train-00345,1,1,argmin,Bồi thường,Nghiệp vụ,B-train-00345-q05,Sức khỏe,13,Hàng hóa,6,False,5|11|12|13,5|6|11|12,4,4
B-train-00345,1,1,argmin,Phí bảo hiểm,Nghiệp vụ,B-train-00345-q09,Hàng hóa,11,Hàng hóa,11,True,5|11|12|13,5|6|11|12,4,4
B-train-00346,1,1,argmax,Tiến độ,Dự án,B-train-00346-q01,Cầu Đông Thành,8,Cầu Đông Thành,8,True,8|10,8|10,2,2
B-train-00346,1,1,argmin,Giải ngân,Dự án,B-train-00346-q02,Trường liên cấp,10,Trường liên cấp,10,True,8|10,8|10,2,2
B-train-00347,2,1,argmax,Kế hoạch năm,Khoa,B-train-00347-q04,Nội tổng hợp,9,Nội tổng hợp,9,True,9,9,1,1
B-train-00348,1,2,argmin,Sản lượng (tấn),Địa bàn,B-train-00348-q02,Đồng Nai,7,Đồng Nai,7,True,7,7,1,1
B-train-00348,1,1,argmax,Tỷ trọng (%),Phòng ban,B-train-00348-q09,Công nghệ,6,Công nghệ,6,True,6,6,1,1
B-train-00349,1,2,argmax,Doanh thu,Điểm đến,B-train-00349-q01,Phú Quốc,12,Vịnh Hạ Long Đã đối chiếu,8,False,5|6|12,5|6|8,3,3
B-train-00349,1,1,argmax,Diện tích (ha),Địa bàn,B-train-00349-q02,Lâm Đồng,9,Lâm Đồng,9,True,9,9,1,1
B-train-00349,1,2,argmin,Khách nội địa,Điểm đến,B-train-00349-q05,Nha Trang,6,Nha Trang,6,True,5|6|12,5|6|8,3,3
B-train-00349,1,2,argmin,Công suất phòng,Điểm đến,B-train-00349-q10,Đà Lạt,5,Đà Lạt,5,True,5|6|12,5|6|8,3,3
B-train-00350,1,1,argmax,Tỷ lệ,Khu vực,B-train-00350-q02,Miền Trung,4,Miền Trung,4,True,4|5|6|12,4|6|8|12,4,4
B-train-00350,1,1,argmin,Chênh lệch,Khu vực,B-train-00350-q03,Tây Nguyên,6,Tây Nguyên,6,True,4|5|6|12,4|6|8|12,4,4
B-train-00350,1,1,argmin,Thực hiện,Khu vực,B-train-00350-q05,Miền Nam,5,Miền Bắc,8,False,4|5|6|12,4|6|8|12,4,4
B-train-00350,1,1,argmax,Thực hiện,Khu vực,B-train-00350-q07,Đồng bằng sông Cửu Long,12,Đồng bằng sông Cửu Long,12,True,4|5|6|12,4|6|8|12,4,4
B-train-00351,1,2,argmax,Công suất phòng,Điểm đến,B-train-00351-q01,Đà Nẵng,9,Đà Nẵng,9,True,6|7|9,6|7|9,3,3
B-train-00351,1,2,argmax,Doanh thu,Điểm đến,B-train-00351-q02,Phú Quốc,7,Phú Quốc,7,True,6|7|9,6|7|9,3,3
B-train-00351,1,1,argmin,Kế hoạch năm,Chi nhánh,B-train-00351-q04,Hà Nội 01,3,Hà Nội 01,3,True,3,3,1,1
B-train-00351,1,2,argmin,Công suất phòng,Điểm đến,B-train-00351-q06,Nha Trang,6,Nha Trang,6,True,6|7|9,6|7|9,3,3
B-train-00352,1,2,argmax,Doanh thu,Điểm đến,B-train-00352-q03,Phố cổ Hội An,4,Phố cổ Hội An,4,True,4,4,1,1
B-train-00352,1,1,argmin,Thực hiện,Khu vực,B-train-00352-q04,Đồng bằng sông Cửu Long,7,Miền Bắc Đã đối chiếu,8,False,5|7,5|8,2,2
B-train-00352,1,1,argmax,Tỷ lệ,Khu vực,B-train-00352-q07,Miền Nam,5,Miền Nam,5,True,5|7,5|8,2,2
B-train-00353,1,1,argmax,Tồn đầu,Mã hàng,B-train-00353-q03,VT941,12,VT941,12,True,11|12|13|16,11|12|13|16,4,4
B-train-00353,1,1,argmin,Lũy kế,Mã hàng,B-train-00353-q04,VT507,11,VT507,11,True,11|12|13|16,11|12|13|16,4,4
B-train-00353,1,1,argmin,Kế hoạch năm,Mã hàng,B-train-00353-q05,VT608,16,VT608,16,True,11|12|13|16,11|12|13|16,4,4
B-train-00353,1,1,argmax,Nhập,Mã hàng,B-train-00353-q08,VT725,13,VT725,13,True,11|12|13|16,11|12|13|16,4,4
B-train-00354,1,1,argmin,Lũy kế,Đơn vị,B-train-00354-q05,THPT Trần Phú,10,THPT Trần Phú,10,True,10,10,1,1
B-train-00354,1,1,argmax,Tỷ trọng (%),Đơn vị,B-train-00354-q08,THPT Trần Phú,10,THPT Trần Phú,10,True,10,10,1,1
B-train-00355,1,1,argmax,Kế hoạch năm,Dự án,B-train-00355-q01,Miền Bắc,7,Miền Bắc,7,True,5|7,4|7,2,2
B-train-00355,1,1,argmin,Giá trị hợp đồng,Dự án,B-train-00355-q03,Trường liên cấp,5,Đường vành đai Đã đối chiếu,4,False,5|7,4|7,2,2
B-train-00355,1,2,argmax,pH,Điểm quan trắc,B-train-00355-q05,Đà Nẵng,4,Đà Nẵng,4,True,3|4,3|4,2,2
B-train-00355,1,2,argmin,COD,Điểm quan trắc,B-train-00355-q10,Sông Hồng,3,Sông Hồng,3,True,3|4,3|4,2,2
B-train-00356,1,1,argmax,Kỳ này,Điểm quan trắc,B-train-00356-q01,Sông Hồng,13,Sông Hồng,13,True,6|13,6|13,2,2
B-train-00356,1,1,argmin,COD,Điểm quan trắc,B-train-00356-q06,KCN Long Thành,6,KCN Long Thành,6,True,6|13,6|13,2,2
B-train-00357,1,2,argmax,Nhập,Mã hàng,B-train-00357-q03,VT833,13,VT833,13,True,9|13,9|13,2,2
B-train-00357,1,2,argmin,Nhập,Mã hàng,B-train-00357-q05,VT784,9,VT784,9,True,9|13,9|13,2,2
B-train-00357,1,1,argmax,Giá trúng,Gói thầu,B-train-00357-q08,GT09,11,GT09,11,True,3|11,3|11,2,2
B-train-00357,1,1,argmin,Giá trúng,Gói thầu,B-train-00357-q10,GT95,3,GT95,3,True,3|11,3|11,2,2
B-train-00358,1,2,argmin,Lưu lượng,Khu vực,B-train-00358-q03,Cụm BTS-02,9,Cụm BTS-02,9,True,3|9,3|9,2,2
B-train-00358,1,2,argmax,Thuê bao,Khu vực,B-train-00358-q04,Cụm BTS-02,9,Cụm BTS-02,9,True,3|9,3|9,2,2
B-train-00358,1,2,argmax,Phản ánh,Khu vực,B-train-00358-q06,Hà Nội,3,Hà Nội,3,True,3|9,3|9,2,2
B-train-00359,1,1,argmin,Giải ngân,Dự án,B-train-00359-q01,Cầu Đông Thành,8,Cầu Đông Thành,8,True,8,8,1,1
B-train-00359,1,2,argmin,Đã giải quyết,Nhóm chế độ,B-train-00359-q05,Thất nghiệp,9,Thất nghiệp,9,True,9,9,1,1
B-train-00360,1,1,argmax,Tồn cuối,Kho/điểm,B-train-00360-q01,Kho Đà Nẵng,14,Kho Đà Nẵng,14,True,3|12|14|17,3|12|14|17,4,4
B-train-00360,1,1,argmin,Kỳ này,Kho/điểm,B-train-00360-q03,Kho Hà Nội,3,Kho Hà Nội,3,True,3|12|14|17,3|12|14|17,4,4
B-train-00360,1,1,argmax,Kỳ này,Kho/điểm,B-train-00360-q05,Kho trung chuyển,17,Kho trung chuyển,17,True,3|12|14|17,3|12|14|17,4,4
B-train-00360,1,1,argmin,Tồn cuối,Kho/điểm,B-train-00360-q09,Hải Phòng,12,Hải Phòng,12,True,3|12|14|17,3|12|14|17,4,4
B-train-00361,1,1,argmin,Tăng trưởng,Chi nhánh,B-train-00361-q05,Khánh Hòa 03,11,Khánh Hòa 03,11,True,6|11,6|11,2,2
B-train-00361,1,1,argmax,Kỳ trước,Chi nhánh,B-train-00361-q07,Khánh Hòa 03,6,Khánh Hòa 03,6,True,6|11,6|11,2,2
B-train-00361,2,1,argmax,Huy động,Chi nhánh,B-train-00361-q09,Khánh Hòa 03,13,Khánh Hòa 03,13,True,13,13,1,1
B-train-00362,1,1,argmin,Tỷ lệ,Nghiệp vụ,B-train-00362-q04,Xe cơ giới,9,Xe cơ giới,9,True,9,9,1,1
B-train-00362,1,1,argmin,Bồi thường,Nghiệp vụ,B-train-00362-q05,Xe cơ giới,9,Xe cơ giới,9,True,9,9,1,1
B-train-00362,1,2,argmax,Tỷ trọng (%),Tuyến,B-train-00362-q07,Đà Nẵng,11,Đà Nẵng,11,True,11,11,1,1
B-train-00363,1,1,argmax,Kỳ trước,Nhóm chế độ,B-train-00363-q04,Hưu trí,3,Hưu trí,3,True,3|10|15,3|10|15,3,3
B-train-00363,1,1,argmin,Đã giải quyết,Nhóm chế độ,B-train-00363-q05,Ốm đau,10,Ốm đau,10,True,3|10|15,3|10|15,3,3
B-train-00363,1,1,argmax,Đã giải quyết,Nhóm chế độ,B-train-00363-q07,Ốm đau,15,Ốm đau,15,True,3|10|15,3|10|15,3,3
B-train-00363,1,1,argmin,Chi trả,Nhóm chế độ,B-train-00363-q09,Hưu trí,3,Hưu trí,3,True,3|10|15,3|10|15,3,3
B-train-00364,1,1,argmin,Tồn cuối,Kho/điểm,B-train-00364-q01,Kho Hà Nội,18,Kho Hà Nội,18,True,6|18,6|18,2,2
B-train-00364,1,1,argmin,Lũy kế,Kho/điểm,B-train-00364-q06,Kho Cần Thơ,6,Kho Cần Thơ,6,True,6|18,6|18,2,2
B-train-00365,1,1,argmax,COD,Điểm quan trắc,B-train-00365-q04,Đồng bằng sông Cửu Long,17,Đồng bằng sông Cửu Long,17,True,8|17,8|17,2,2
B-train-00365,1,1,argmin,Tỷ trọng (%),Điểm quan trắc,B-train-00365-q08,Sông Hồng,8,Sông Hồng,8,True,8|17,8|17,2,2
B-train-00365,1,1,argmin,Kỳ này,Điểm quan trắc,B-train-00365-q09,Đồng bằng sông Cửu Long,17,Đồng bằng sông Cửu Long,17,True,8|17,8|17,2,2
B-train-00366,1,2,argmin,Tăng trưởng,Chi nhánh,B-train-00366-q02,Đà Nẵng 01,5,Đà Nẵng 01,5,True,5|6,5|6,2,2
B-train-00366,1,1,argmax,Lũy kế,Trạm,B-train-00366-q04,Trạm Tây Đô,11,Trạm Tây Đô,11,True,7|11,7|11,2,2
B-train-00366,1,1,argmin,Kỳ trước,Trạm,B-train-00366-q05,Trạm Cao Nguyên,7,Trạm Cao Nguyên,7,True,7|11,7|11,2,2
B-train-00366,1,2,argmax,Tỷ trọng (%),Chi nhánh,B-train-00366-q09,Đồng Nai,6,Đồng Nai,6,True,5|6,5|6,2,2
B-train-00367,1,1,argmax,Kế hoạch năm,Khoa,B-train-00367-q05,Nhi,5,Nhi,5,True,3|5|8,3|5|8|15,3,4
B-train-00367,1,1,argmax,Nhập viện,Khoa,B-train-00367-q06,Nội tổng hợp,3,Nội tổng hợp,3,True,3|5|8,3|5|8|15,3,4
B-train-00367,1,1,argmin,Kỳ này,Khoa,B-train-00367-q08,Tai Mũi Họng,8,Tai Mũi Họng,8,True,3|5|8,3|5|8|15,3,4
B-train-00367,1,1,argmin,Lượt khám,Khoa,B-train-00367-q09,Tai Mũi Họng,8,Nội tổng hợp,15,False,3|5|8,3|5|8|15,3,4
B-train-00368,1,1,argmin,Tồn đầu,Mã hàng,B-train-00368-q03,VT206,9,VT206,9,True,9|10|11,9|10|11,3,3
B-train-00368,1,1,argmax,Tồn đầu,Mã hàng,B-train-00368-q05,VT740,10,VT740,10,True,9|10|11,9|10|11,3,3
B-train-00368,1,1,argmax,Nhập,Mã hàng,B-train-00368-q06,VT438,11,VT438,11,True,9|10|11,9|10|11,3,3
B-train-00369,1,1,argmax,Khách quốc tế,Điểm đến,B-train-00369-q02,Nha Trang,6,Nha Trang,6,True,6|7|13,6|7|13,3,3
B-train-00369,1,1,argmin,Tỷ trọng (%),Điểm đến,B-train-00369-q03,Nha Trang,6,Nha Trang,6,True,6|7|13,6|7|13,3,3
B-train-00369,1,1,argmax,Công suất phòng,Điểm đến,B-train-00369-q07,Phú Quốc,7,Phú Quốc,7,True,6|7|13,6|7|13,3,3
B-train-00369,1,1,argmin,Khách quốc tế,Điểm đến,B-train-00369-q09,Vịnh Hạ Long,13,Vịnh Hạ Long,13,True,6|7|13,6|7|13,3,3
B-train-00370,1,1,argmin,Lưu lượng,Khu vực,B-train-00370-q03,Khu vực đô thị,6,Khu vực đô thị,6,True,6|13,6|13,2,2
B-train-00370,1,1,argmax,Kỳ này,Khu vực,B-train-00370-q04,Khu vực đô thị,6,Khu vực đô thị,6,True,6|13,6|13,2,2
B-train-00370,1,1,argmin,Lũy kế,Khu vực,B-train-00370-q08,Cụm BTS-01,13,Cụm BTS-01,13,True,6|13,6|13,2,2
B-train-00370,2,1,argmax,Tỷ lệ rớt cuộc,Khu vực,B-train-00370-q09,Cụm BTS-01,14,Cụm BTS-01,14,True,14,14,1,1
B-train-00371,1,1,argmax,Kỳ này,Điểm đến,B-train-00371-q01,Phú Quốc,17,Phú Quốc,17,True,8|9|15|17,8|9|15|17,4,4
B-train-00371,1,1,argmin,Công suất phòng,Điểm đến,B-train-00371-q05,Phố cổ Hội An,9,Phố cổ Hội An,9,True,8|9|15|17,8|9|15|17,4,4
B-train-00371,1,1,argmax,Doanh thu,Điểm đến,B-train-00371-q06,Đà Lạt,15,Đà Lạt,15,True,8|9|15|17,8|9|15|17,4,4
B-train-00371,1,1,argmin,Lũy kế,Điểm đến,B-train-00371-q09,Vịnh Hạ Long,8,Vịnh Hạ Long,8,True,8|9|15|17,8|9|15|17,4,4
B-train-00372,1,1,argmax,Kế hoạch năm,Phòng ban,B-train-00372-q02,Chăm sóc khách hàng,8,Chăm sóc khách hàng,8,True,5|8,6|8,2,2
B-train-00372,1,1,argmin,Định biên,Phòng ban,B-train-00372-q03,Vận hành,5,Công nghệ,6,False,5|8,6|8,2,2
B-train-00372,1,1,argmin,Tỷ trọng (%),Phòng ban,B-train-00372-q09,Chăm sóc khách hàng,8,Chăm sóc khách hàng,8,True,5|8,6|8,2,2
B-train-00373,1,2,argmax,Phản ánh,Khu vực,B-train-00373-q02,Cụm BTS-01,3,Hà Nội,4,False,3|7,4|7,2,2
B-train-00373,1,2,argmax,Lưu lượng,Khu vực,B-train-00373-q04,Khu vực miền núi,7,Khu vực miền núi,7,True,3|7,4|7,2,2
B-train-00373,1,1,argmin,Công suất phòng,Điểm đến,B-train-00373-q09,Vịnh Hạ Long,3,Vịnh Hạ Long,3,True,3|6,3|6,2,2
B-train-00373,1,1,argmin,Kế hoạch năm,Điểm đến,B-train-00373-q10,Miền Nam,6,Miền Nam,6,True,3|6,3|6,2,2
B-train-00374,1,1,argmax,Tỷ trọng (%),Địa bàn,B-train-00374-q01,Lâm Đồng,9,Đồng Nai Đã đối chiếu,7,False,9,7,1,1
B-train-00374,1,2,argmax,Xuất,Mã hàng,B-train-00374-q06,VT551,11,VT551,11,True,6|11|13,4|6|11,3,3
B-train-00374,1,2,argmin,Tồn đầu,Mã hàng,B-train-00374-q07,VT884,6,VT884,6,True,6|11|13,4|6|11,3,3
B-train-00374,1,2,argmin,Xuất,Mã hàng,B-train-00374-q09,VT371,13,Miền Trung,4,False,6|11|13,4|6|11,3,3
B-train-00375,1,1,argmin,Tiến độ,Dự án,B-train-00375-q05,Cầu Đông Thành,3,Cầu Đông Thành,3,True,3|5,3|5,2,2
B-train-00375,1,2,argmax,COD,Điểm quan trắc,B-train-00375-q08,Cửa biển Đà Nẵng,7,Cửa biển Đà Nẵng,7,True,7|14,7|14,2,2
B-train-00375,1,2,argmax,BOD5,Điểm quan trắc,B-train-00375-q09,Sông Hương,14,Sông Hương,14,True,7|14,7|14,2,2
B-train-00375,1,1,argmin,Giải ngân,Dự án,B-train-00375-q10,Trường liên cấp,5,Trường liên cấp,5,True,3|5,3|5,2,2
B-train-00376,1,1,argmin,pH,Điểm quan trắc,B-train-00376-q01,Sông Hồng,8,Sông Hồng,8,True,7|8,8|9,2,2
B-train-00376,1,2,argmax,BOD5,Điểm quan trắc,B-train-00376-q02,Cửa biển Đà Nẵng,12,Cửa biển Đà Nẵng,12,True,12,12,1,1
B-train-00376,1,1,argmin,Tỷ trọng (%),Điểm quan trắc,B-train-00376-q09,Cửa biển Đà Nẵng,7,Sông Hương Đã đối chiếu,9,False,7|8,8|9,2,2
B-train-00377,1,1,argmax,Tỷ lệ đạt,Đơn vị,B-train-00377-q01,THPT Lê Quý Đôn,4,THPT Lê Quý Đôn,4,True,4|5|7,4|7|12,3,3
B-train-00377,1,2,argmin,Kỳ trước,Khu vực,B-train-00377-q07,Cụm BTS-02,9,Đồng Nai,3,False,9,3,1,1
B-train-00377,1,1,argmax,Lũy kế,Đơn vị,B-train-00377-q08,THPT Chu Văn An,7,THPT Chu Văn An,7,True,4|5|7,4|7|12,3,3
B-train-00377,1,1,argmin,Thí sinh,Đơn vị,B-train-00377-q10,Miền Trung,5,THPT Chu Văn An,12,False,4|5|7,4|7|12,3,3
B-train-00378,1,1,argmin,Kỳ trước,Nghiệp vụ,B-train-00378-q02,Tài sản,5,Tài sản,5,True,5,5,1,1
B-train-00378,1,1,argmin,Tỷ trọng (%),Nghiệp vụ,B-train-00378-q06,Tài sản,5,Tài sản,5,True,5,5,1,1
B-train-00378,1,1,argmax,Tỷ lệ,Nghiệp vụ,B-train-00378-q09,Tài sản,5,Tài sản,5,True,5,5,1,1
B-train-00379,1,1,argmax,Huy động,Chi nhánh,B-train-00379-q01,Khánh Hòa 03,11,Khánh Hòa 03,11,True,3|5|8|11,3|10|11,4,3
B-train-00379,1,1,argmin,Tỷ trọng (%),Chi nhánh,B-train-00379-q03,Hà Nội 01,8,Đà Nẵng 01 Đã đối chiếu,10,False,3|5|8|11,3|10|11,4,3
B-train-00379,1,1,argmin,Huy động,Chi nhánh,B-train-00379-q08,Đà Nẵng 01,5,Đà Nẵng 01 Đã đối chiếu,10,False,3|5|8|11,3|10|11,4,3
B-train-00379,1,1,argmax,Tăng trưởng,Chi nhánh,B-train-00379-q09,Hà Nội 01,3,Hà Nội 01,3,True,3|5|8|11,3|10|11,4,3
B-train-00380,1,1,argmax,Chi phí,Kho/điểm,B-train-00380-q06,Miền Nam,9,Miền Nam,9,True,4|9,4|9,2,2
B-train-00380,1,1,argmin,Chi phí,Kho/điểm,B-train-00380-q07,Kho Đà Nẵng,4,Kho Đà Nẵng,4,True,4|9,4|9,2,2
B-train-00380,1,2,argmin,Chuyển tuyến,Khoa,B-train-00380-q10,Ngoại,10,Ngoại,10,True,10,10,1,1
B-train-00381,1,2,argmax,Nhập viện,Khoa,B-train-00381-q02,Ngoại,4,Ngoại,4,True,4|7,4|7,2,2
B-train-00381,1,2,argmin,Lượt khám,Khoa,B-train-00381-q04,Mắt,7,Mắt,7,True,4|7,4|7,2,2
B-train-00381,1,1,argmax,Công suất đỉnh,Trạm,B-train-00381-q07,Trạm 110kV Bắc,13,Miền Nam,3,False,13,3,1,1
B-train-00382,1,1,argmin,Kỳ trước,Khoa,B-train-00382-q03,Nội tổng hợp,3,Nội tổng hợp,3,True,3|9,3|11,2,2
B-train-00382,1,1,argmax,Lượt khám,Khoa,B-train-00382-q05,Miền Bắc,9,Nhi,11,False,3|9,3|11,2,2
B-train-00383,1,1,argmax,Tỷ trọng (%),Trạm,B-train-00383-q01,Trạm 220kV Trung,9,Trạm 220kV Trung,9,True,9|10|13|14,5|9|10|14,4,4
B-train-00383,1,1,argmax,Công suất đỉnh,Trạm,B-train-00383-q04,Trạm Nam Sông,10,Trạm Nam Sông,10,True,9|10|13|14,5|9|10|14,4,4
B-train-00383,1,1,argmin,Kỳ này,Trạm,B-train-00383-q06,Trạm 220kV Trung,14,Trạm 220kV Trung,14,True,9|10|13|14,5|9|10|14,4,4
B-train-00383,1,1,argmin,Sự cố,Trạm,B-train-00383-q09,Trạm 110kV Bắc,13,Miền Bắc,5,False,9|10|13|14,5|9|10|14,4,4
B-train-00384,1,1,argmax,Hoàn trả,Điểm bán,B-train-00384-q01,Siêu thị trung tâm,5,Siêu thị trung tâm,5,True,5|14,5|14,2,2
B-train-00384,1,1,argmin,Số đơn,Điểm bán,B-train-00384-q03,Cửa hàng 02,14,Cửa hàng 02,14,True,5|14,5|14,2,2
B-train-00384,1,1,argmax,Giá trị bán,Điểm bán,B-train-00384-q10,Siêu thị trung tâm,5,Siêu thị trung tâm,5,True,5|14,5|14,2,2
B-train-00385,1,2,argmin,Phản ánh,Khu vực,B-train-00385-q01,Khu vực miền núi,7,Khu vực miền núi,7,True,7|10|11,7|10|11,3,3
B-train-00385,1,2,argmax,Tỷ lệ rớt cuộc,Khu vực,B-train-00385-q02,Khu vực đô thị,11,Khu vực đô thị,11,True,7|10|11,7|10|11,3,3
B-train-00385,1,2,argmax,Phản ánh,Khu vực,B-train-00385-q05,Khu vực ven biển,10,Khu vực ven biển,10,True,7|10|11,7|10|11,3,3
B-train-00385,1,2,argmin,Thuê bao,Khu vực,B-train-00385-q10,Khu vực miền núi,7,Khu vực miền núi,7,True,7|10|11,7|10|11,3,3
B-train-00386,1,1,argmax,Tỷ trọng (%),Nghiệp vụ,B-train-00386-q02,Hàng hóa,6,Hàng hóa,6,True,6|10,6|10,2,2
B-train-00386,1,2,argmin,Giá trị hợp đồng,Dự án,B-train-00386-q04,Nhà máy nước,6,Nhà máy nước,6,True,6|8,6|8,2,2
B-train-00386,1,2,argmax,Tỷ trọng (%),Dự án,B-train-00386-q05,Cầu Đông Thành,8,Cầu Đông Thành,8,True,6|8,6|8,2,2
B-train-00386,1,1,argmin,Tỷ trọng (%),Nghiệp vụ,B-train-00386-q10,Tài sản,10,Tài sản,10,True,6|10,6|10,2,2
B-train-00387,1,1,argmin,Phản ánh,Khu vực,B-train-00387-q03,Đồng bằng sông Cửu Long,7,Đồng bằng sông Cửu Long,7,True,7|11,7|11,2,2
B-train-00387,1,1,argmin,Lưu lượng,Khu vực,B-train-00387-q06,Khu vực đô thị,11,Khu vực đô thị,11,True,7|11,7|11,2,2
B-train-00387,1,2,argmax,Kế hoạch năm,Gói thầu,B-train-00387-q08,Tây Nguyên,6,Tây Nguyên,6,True,4|6,4|6,2,2
B-train-00387,1,2,argmax,Giá trúng,Gói thầu,B-train-00387-q09,GT83,4,GT83,4,True,4|6,4|6,2,2
B-train-00388,1,1,argmin,Tỷ trọng (%),Khoa,B-train-00388-q01,Nội tổng hợp,3,Nội tổng hợp,3,True,3|8,3|8,2,2
B-train-00388,1,1,argmax,Nhập viện,Khoa,B-train-00388-q05,Tai Mũi Họng,8,Tai Mũi Họng,8,True,3|8,3|8,2,2
B-train-00389,1,2,argmax,Tỷ trọng (%),Điểm quan trắc,B-train-00389-q01,Sông Hương,9,Sông Hương,9,True,8|9|11,3|5|8|9,3,4
B-train-00389,1,2,argmax,COD,Điểm quan trắc,B-train-00389-q03,Sông Hương,9,Sông Hồng,3,False,8|9|11,3|5|8|9,3,4
B-train-00389,1,2,argmin,pH,Điểm quan trắc,B-train-00389-q05,Đà Nẵng,11,Hồ Xuân Hương,5,False,8|9|11,3|5|8|9,3,4
B-train-00389,1,2,argmin,BOD5,Điểm quan trắc,B-train-00389-q07,Sông Hồng,8,Sông Hồng,8,True,8|9|11,3|5|8|9,3,4
B-train-00390,1,2,argmin,Đã giải quyết,Nhóm chế độ,B-train-00390-q01,Thai sản,11,Thai sản,11,True,7|8|11,3|7|11,3,3
B-train-00390,1,2,argmin,Hồ sơ nhận,Nhóm chế độ,B-train-00390-q04,Hưu trí,8,Tây Nguyên,3,False,7|8|11,3|7|11,3,3
B-train-00390,1,2,argmax,Hồ sơ nhận,Nhóm chế độ,B-train-00390-q05,Tai nạn lao động,7,Tai nạn lao động,7,True,7|8|11,3|7|11,3,3
B-train-00391,1,1,argmin,Tỷ lệ,Nghiệp vụ,B-train-00391-q04,Hải Phòng,12,Hải Phòng,12,True,3|10|12,3|10|12,3,3
B-train-00391,1,1,argmax,Lũy kế,Nghiệp vụ,B-train-00391-q07,Tài sản,10,Tài sản,10,True,3|10|12,3|10|12,3,3
B-train-00391,1,1,argmax,Phí bảo hiểm,Nghiệp vụ,B-train-00391-q08,Sức khỏe,3,Sức khỏe,3,True,3|10|12,3|10|12,3,3
B-train-00392,1,1,argmin,Lũy kế,Khoa,B-train-00392-q01,Nhi,5,Nhi,5,True,5|7|16|17,5|7|16|17,4,4
B-train-00392,1,1,argmax,Nhập viện,Khoa,B-train-00392-q02,Nhi,17,Nhi,17,True,5|7|16|17,5|7|16|17,4,4
B-train-00392,1,1,argmin,Kỳ này,Khoa,B-train-00392-q06,Mắt,7,Mắt,7,True,5|7|16|17,5|7|16|17,4,4
B-train-00392,1,1,argmax,Lũy kế,Khoa,B-train-00392-q10,Ngoại,16,Ngoại,16,True,5|7|16|17,5|7|16|17,4,4
B-train-00393,1,1,argmax,Kế hoạch năm,Gói thầu,B-train-00393-q02,GT29,11,GT29,11,True,11,11,1,1
B-train-00393,1,2,argmax,Doanh thu,Điểm đến,B-train-00393-q06,Phú Quốc,7,Phú Quốc,7,True,5|7|9,5|7|9,3,3
B-train-00393,1,2,argmin,Khách quốc tế,Điểm đến,B-train-00393-q07,Phố cổ Hội An,9,Phố cổ Hội An,9,True,5|7|9,5|7|9,3,3
B-train-00393,1,2,argmin,Khách nội địa,Điểm đến,B-train-00393-q08,Miền Trung,5,Miền Trung,5,True,5|7|9,5|7|9,3,3
B-train-00394,1,1,argmax,Giải ngân,Dự án,B-train-00394-q06,Trường liên cấp,10,Trường liên cấp,10,True,8|10|11,3|8|10,3,3
B-train-00394,1,1,argmin,Giá trị hợp đồng,Dự án,B-train-00394-q07,Nhà máy nước,11,Cầu Đông Thành,3,False,8|10|11,3|8|10,3,3
B-train-00394,1,1,argmin,Kỳ trước,Dự án,B-train-00394-q08,Cầu Đông Thành,8,Cầu Đông Thành,8,True,8|10|11,3|8|10,3,3
B-train-00394,1,2,argmax,Đơn xử lý,Kho/điểm,B-train-00394-q09,Cần Thơ,9,Cần Thơ,9,True,9,9,1,1
B-train-00395,1,1,argmin,Kỳ này,Nghiệp vụ,B-train-00395-q01,Sức khỏe,3,Sức khỏe,3,True,3|6|11,3|11,3,2
B-train-00395,1,2,argmax,Tỷ trọng (%),Điểm quan trắc,B-train-00395-q02,Hồ Xuân Hương,10,Hồ Xuân Hương,10,True,10,10,1,1
B-train-00395,1,1,argmax,Tỷ lệ,Nghiệp vụ,B-train-00395-q03,Hàng hóa,6,Hải Phòng,11,False,3|6|11,3|11,3,2
B-train-00395,1,1,argmin,Tỷ trọng (%),Nghiệp vụ,B-train-00395-q10,Hải Phòng,11,Hải Phòng,11,True,3|6|11,3|11,3,2
B-train-00396,1,2,argmin,Lũy kế,Khu vực,B-train-00396-q05,Cụm BTS-02,14,Cụm BTS-02,14,True,14,14,1,1
B-train-00396,1,1,argmin,Khách quốc tế,Điểm đến,B-train-00396-q07,Đà Lạt,10,Đà Lạt,10,True,5|10,5|10,2,2
B-train-00396,1,1,argmax,Khách quốc tế,Điểm đến,B-train-00396-q09,Đà Lạt,5,Đà Lạt,5,True,5|10,5|10,2,2
B-train-00397,1,1,argmax,Lũy kế,Dự án,B-train-00397-q01,Trường liên cấp,10,Trường liên cấp,10,True,5|10|16|19,5|10|16|19,4,4
B-train-00397,1,1,argmin,Giải ngân,Dự án,B-train-00397-q06,Miền Nam,5,Miền Nam,5,True,5|10|16|19,5|10|16|19,4,4
B-train-00397,1,1,argmin,Tiến độ,Dự án,B-train-00397-q07,Đường vành đai,19,Đường vành đai,19,True,5|10|16|19,5|10|16|19,4,4
B-train-00397,1,1,argmax,Tiến độ,Dự án,B-train-00397-q08,Nhà máy nước,16,Nhà máy nước,16,True,5|10|16|19,5|10|16|19,4,4
B-train-00398,1,1,argmax,BOD5,Điểm quan trắc,B-train-00398-q03,Sông Hương,9,Sông Hương,9,True,9|10|11|15,9|10|11|15,4,4
B-train-00398,1,1,argmin,Tỷ trọng (%),Điểm quan trắc,B-train-00398-q05,KCN Long Thành,11,KCN Long Thành,11,True,9|10|11|15,9|10|11|15,4,4
B-train-00398,1,1,argmax,Tỷ trọng (%),Điểm quan trắc,B-train-00398-q06,Hồ Xuân Hương,10,Hồ Xuân Hương,10,True,9|10|11|15,9|10|11|15,4,4
B-train-00398,1,1,argmin,Kế hoạch năm,Điểm quan trắc,B-train-00398-q10,Miền Bắc,15,Miền Bắc,15,True,9|10|11|15,9|10|11|15,4,4
B-train-00399,1,1,argmax,Số đơn,Điểm bán,B-train-00399-q01,Cửa hàng 01,3,Cửa hàng 01,3,True,3|7|9,3|7|9,3,3
B-train-00399,1,1,argmax,Giá trị bán,Điểm bán,B-train-00399-q05,Miền Trung,7,Miền Trung,7,True,3|7|9,3|7|9,3,3
B-train-00399,1,1,argmin,Kỳ trước,Điểm bán,B-train-00399-q07,Cửa hàng 02,9,Cửa hàng 02,9,True,3|7|9,3|7|9,3,3
B-train-00399,1,2,argmin,Lượt khám,Khoa,B-train-00399-q09,Mắt,7,Nội tổng hợp,9,False,7,9,1,1
B-train-00400,1,1,argmax,Huy động,Chi nhánh,B-train-00400-q03,Hà Nội 01,3,Hà Nội 01,3,True,3|14,3|14,2,2
B-train-00400,1,1,argmin,Tăng trưởng,Chi nhánh,B-train-00400-q06,Hải Phòng 02,14,Hải Phòng 02,14,True,3|14,3|14,2,2
B-train-00401,1,1,argmax,Giá trị hợp đồng,Dự án,B-train-00401-q01,Cần Thơ,5,Đường vành đai,4,False,5|11,4|11,2,2
B-train-00401,1,2,argmin,Kỳ trước,Nghiệp vụ,B-train-00401-q02,Sức khỏe,3,Sức khỏe,3,True,3,3,1,1
B-train-00401,1,2,argmax,Kỳ này,Nghiệp vụ,B-train-00401-q06,Sức khỏe,3,Sức khỏe,3,True,3,3,1,1
B-train-00401,1,1,argmin,Giá trị hợp đồng,Dự án,B-train-00401-q07,Nhà máy nước,11,Nhà máy nước,11,True,5|11,4|11,2,2
B-train-00402,1,1,argmin,Tồn đầu,Mã hàng,B-train-00402-q01,VT750,6,VT750,6,True,6|8,6|8,2,2
B-train-00402,1,2,argmin,Giải ngân,Dự án,B-train-00402-q05,Nhà máy nước,6,Miền Trung,8,False,4|6,4|8,2,2
B-train-00402,1,2,argmax,Giải ngân,Dự án,B-train-00402-q08,Đường vành đai,4,Đường vành đai,4,True,4|6,4|8,2,2
B-train-00402,1,1,argmax,Nhập,Mã hàng,B-train-00402-q09,VT108,8,VT108,8,True,6|8,6|8,2,2
B-train-00403,1,1,argmax,Chuyển tuyến,Khoa,B-train-00403-q03,Nội tổng hợp,15,Nội tổng hợp,15,True,10|15,10|15,2,2
B-train-00403,1,1,argmax,Nhập viện,Khoa,B-train-00403-q09,Ngoại,10,Ngoại,10,True,10|15,10|15,2,2
B-train-00404,2,1,argmin,Đúng hạn,Kho/điểm,B-train-00404-q01,Kho Đà Nẵng,8,Kho Đà Nẵng,8,True,8|13,3|8,2,2
B-train-00404,1,1,argmin,Đúng hạn,Kho/điểm,B-train-00404-q06,Kho Cần Thơ,11,Kho Cần Thơ,11,True,5|11,5|11,2,2
B-train-00404,2,1,argmax,Kế hoạch năm,Kho/điểm,B-train-00404-q09,Kho Đà Nẵng,13,Kho Đà Nẵng,3,True,8|13,3|8,2,2
B-train-00404,1,1,argmax,Chi phí,Kho/điểm,B-train-00404-q10,Kho Bình Dương,5,Kho Bình Dương,5,True,5|11,5|11,2,2
B-train-00405,1,2,argmax,Lưu lượng,Khu vực,B-train-00405-q03,Cần Thơ,3,Cần Thơ,3,True,3,3,1,1
B-train-00405,1,1,argmin,Tiến độ,Dự án,B-train-00405-q08,Đường vành đai,9,Đường vành đai,9,True,3|9|10,3|9|10,3,3
B-train-00405,1,1,argmax,Tiến độ,Dự án,B-train-00405-q09,Trường liên cấp,10,Trường liên cấp,10,True,3|9|10,3|9|10,3,3
B-train-00405,1,1,argmin,Tỷ trọng (%),Dự án,B-train-00405-q10,Cầu Đông Thành,3,Cầu Đông Thành,3,True,3|9|10,3|9|10,3,3
B-train-00406,1,1,argmax,Chênh lệch,Khu vực,B-train-00406-q02,Đồng bằng sông Cửu Long,14,Đồng bằng sông Cửu Long,14,True,5|8|14,5|8|14,3,3
B-train-00406,1,1,argmax,Thực hiện,Khu vực,B-train-00406-q03,Miền Bắc,8,Miền Bắc,8,True,5|8|14,5|8|14,3,3
B-train-00406,1,1,argmin,Chênh lệch,Khu vực,B-train-00406-q05,Miền Nam,5,Miền Nam,5,True,5|8|14,5|8|14,3,3
B-train-00407,1,2,argmin,Lũy kế,Chi nhánh,B-train-00407-q05,Cần Thơ 02,7,Tây Nguyên,3,False,3|7,3,2,1
B-train-00407,1,1,argmin,Kỳ trước,Khoa,B-train-00407-q06,Ngoại,10,Ngoại,10,True,10,10,1,1
B-train-00407,1,2,argmax,Huy động,Chi nhánh,B-train-00407-q09,Tây Nguyên,3,Tây Nguyên,3,True,3|7,3,2,1
B-train-00408,1,1,argmin,Đúng giờ,Tuyến,B-train-00408-q01,TP.HCM – Cần Thơ,9,TP.HCM – Cần Thơ,9,True,8|9|10,8|9|10,3,3
B-train-00408,1,1,argmin,Doanh thu,Tuyến,B-train-00408-q05,Nha Trang – Đà Lạt,10,Nha Trang – Đà Lạt,10,True,8|9|10,8|9|10,3,3
B-train-00408,1,1,argmax,Hành khách,Tuyến,B-train-00408-q10,Đà Nẵng – Huế,8,Đà Nẵng – Huế,8,True,8|9|10,8|9|10,3,3
B-train-00409,1,1,argmax,Kế hoạch năm,Tuyến,B-train-00409-q03,Hà Nội – Hải Phòng,3,Tây Nguyên,10,False,3|10|12,10|12,3,2
B-train-00409,1,1,argmin,Hành khách,Tuyến,B-train-00409-q04,Tây Nguyên,10,Tây Nguyên,10,True,3|10|12,10|12,3,2
B-train-00409,1,1,argmin,Đúng giờ,Tuyến,B-train-00409-q06,Đà Nẵng – Huế,12,Đà Nẵng – Huế,12,True,3|10|12,10|12,3,2
B-train-00410,2,1,argmax,Tăng trưởng,Chi nhánh,B-train-00410-q04,Hải Phòng 02,10,Hải Phòng 02,10,True,10,10,1,1
B-train-00410,2,1,argmax,Kế hoạch năm,Chi nhánh,B-train-00410-q06,Hải Phòng 02,10,Hải Phòng 02,10,True,10,10,1,1
B-train-00411,1,1,argmax,Tỷ trọng (%),Địa bàn,B-train-00411-q03,Hà Nội,17,Hà Nội,17,True,14|17,14|17,2,2
B-train-00411,1,1,argmin,Diện tích (ha),Địa bàn,B-train-00411-q05,Đồng Nai,14,Đồng Nai,14,True,14|17,14|17,2,2
B-train-00411,1,1,argmin,Sản lượng (tấn),Địa bàn,B-train-00411-q07,Đồng Nai,14,Đồng Nai,14,True,14|17,14|17,2,2
B-train-00412,1,1,argmax,Giá trúng,Gói thầu,B-train-00412-q01,GT87,9,GT87,9,True,9|10|12,9|10|12,3,3
B-train-00412,1,1,argmin,Kỳ trước,Gói thầu,B-train-00412-q07,GT26,12,GT26,12,True,9|10|12,9|10|12,3,3
B-train-00412,1,1,argmax,Kỳ trước,Gói thầu,B-train-00412-q09,GT78,10,GT78,10,True,9|10|12,9|10|12,3,3
B-train-00413,1,1,argmax,Giải ngân,Dự án,B-train-00413-q03,Đường vành đai,14,Cần Thơ,6,False,10|11|14|17,6|10|12,4,3
B-train-00413,1,1,argmin,Lũy kế,Dự án,B-train-00413-q05,Khu tái định cư,17,Cần Thơ,6,False,10|11|14|17,6|10|12,4,3
B-train-00413,1,1,argmax,Tiến độ,Dự án,B-train-00413-q07,Trường liên cấp,10,Trường liên cấp,10,True,10|11|14|17,6|10|12,4,3
B-train-00413,1,1,argmin,Kỳ này,Dự án,B-train-00413-q10,Nhà máy nước,11,Khu tái định cư,12,False,10|11|14|17,6|10|12,4,3
B-train-00414,1,1,argmax,Tỷ trọng (%),Đơn vị,B-train-00414-q04,THPT Lê Quý Đôn,4,THPT Lê Quý Đôn,4,True,4|6,4|6,2,2
B-train-00414,1,1,argmin,Đạt,Đơn vị,B-train-00414-q05,THPT Phan Bội Châu,6,THPT Phan Bội Châu,6,True,4|6,4|6,2,2
B-train-00414,1,2,argmin,Tỷ lệ đạt,Đơn vị,B-train-00414-q06,THPT Phan Bội Châu,6,THPT Phan Bội Châu,6,True,6,6,1,1
B-train-00415,1,1,argmin,Hành khách,Tuyến,B-train-00415-q01,Nha Trang – Đà Lạt,14,Nha Trang – Đà Lạt,14,True,3|7|14,3|7|14,3,3
B-train-00415,1,1,argmax,Đúng giờ,Tuyến,B-train-00415-q03,Hà Nội – Hải Phòng,3,Hà Nội – Hải Phòng,3,True,3|7|14,3|7|14,3,3
B-train-00415,1,1,argmin,Doanh thu,Tuyến,B-train-00415-q04,Nha Trang – Đà Lạt,14,Nha Trang – Đà Lạt,14,True,3|7|14,3|7|14,3,3
B-train-00415,1,1,argmax,Doanh thu,Tuyến,B-train-00415-q06,Hà Nội – Hải Phòng,7,Hà Nội – Hải Phòng,7,True,3|7|14,3|7|14,3,3
B-train-00416,1,1,argmax,Xuất,Mã hàng,B-train-00416-q03,VT753,16,VT753,16,True,4|13|16,4|13|16,3,3
B-train-00416,1,1,argmin,Tồn đầu,Mã hàng,B-train-00416-q07,VT987,13,VT987,13,True,4|13|16,4|13|16,3,3
B-train-00416,1,1,argmax,Tồn cuối,Mã hàng,B-train-00416-q08,VT052,4,VT052,4,True,4|13|16,4|13|16,3,3
B-train-00417,1,2,argmin,Kỳ này,Trạm,B-train-00417-q02,Trạm 110kV Bắc,3,Trạm 110kV Bắc,3,True,3,3,1,1
B-train-00417,1,1,argmax,Tồn đầu,Mã hàng,B-train-00417-q03,Miền Bắc,6,Miền Bắc,6,True,6|13,6|13,2,2
B-train-00417,1,1,argmin,Tỷ trọng (%),Mã hàng,B-train-00417-q07,VT904,13,VT904,13,True,6|13,6|13,2,2
B-train-00418,2,1,argmax,Tỷ trọng (%),Khu vực,B-train-00418-q05,Khu vực miền núi,3,Khu vực miền núi,3,True,3,3,1,1
B-train-00418,1,1,argmin,Lưu lượng,Khu vực,B-train-00418-q07,Khu vực đô thị,6,Khu vực đô thị,6,True,3|6|15,3|6|15,3,3
B-train-00418,1,1,argmin,Tỷ trọng (%),Khu vực,B-train-00418-q08,Khu vực ven biển,15,Khu vực ven biển,15,True,3|6|15,3|6|15,3,3
B-train-00418,1,1,argmax,Tỷ lệ rớt cuộc,Khu vực,B-train-00418-q10,Cụm BTS-01,3,Cụm BTS-01,3,True,3|6|15,3|6|15,3,3
B-train-00419,1,1,argmin,Tổn thất,Trạm,B-train-00419-q02,Trạm 220kV Trung,14,Trạm 220kV Trung,14,True,3|9|10|14,3|9|10|14,4,4
B-train-00419,1,1,argmax,Tổn thất,Trạm,B-train-00419-q03,Trạm 220kV Trung,9,Trạm 220kV Trung,9,True,3|9|10|14,3|9|10|14,4,4
B-train-00419,1,1,argmax,Công suất đỉnh,Trạm,B-train-00419-q06,Trạm 110kV Bắc,3,Trạm 110kV Bắc,3,True,3|9|10|14,3|9|10|14,4,4
B-train-00419,1,1,argmin,Tỷ trọng (%),Trạm,B-train-00419-q08,Trạm Nam Sông,10,Trạm Nam Sông,10,True,3|9|10|14,3|9|10|14,4,4
B-train-00420,1,2,argmin,Hành khách,Tuyến,B-train-00420-q04,Miền Nam,6,Miền Nam,6,True,6,6,1,1
B-train-00420,1,1,argmax,Sản lượng (tấn),Địa bàn,B-train-00420-q05,Hà Nội,10,Hà Nội,10,True,10,10,1,1
B-train-00421,1,2,argmin,Huy động,Chi nhánh,B-train-00421-q01,Đà Nẵng 01,5,Đà Nẵng 01,5,True,5|6|7,3|5|6,3,3
B-train-00421,1,2,argmin,Kỳ này,Chi nhánh,B-train-00421-q03,Khánh Hòa 03,6,Khánh Hòa 03,6,True,5|6|7,3|5|6,3,3
B-train-00421,1,2,argmax,Tỷ trọng (%),Chi nhánh,B-train-00421-q10,Cần Thơ 02,7,Hải Phòng,3,False,5|6|7,3|5|6,3,3
B-train-00422,1,1,argmin,Chi trả,Nhóm chế độ,B-train-00422-q06,Ốm đau,10,Ốm đau,10,True,8|9|10,3|9|10,3,3
B-train-00422,1,1,argmax,Tỷ trọng (%),Nhóm chế độ,B-train-00422-q07,Hưu trí,8,Tây Nguyên,3,False,8|9|10,3|9|10,3,3
B-train-00422,1,1,argmax,Đã giải quyết,Nhóm chế độ,B-train-00422-q09,Thất nghiệp,9,Thất nghiệp,9,True,8|9|10,3|9|10,3,3
B-train-00423,1,2,argmin,Lũy kế,Gói thầu,B-train-00423-q02,GT02,7,Miền Trung,10,False,5|7,5|10,2,2
B-train-00423,1,1,argmin,Phí bảo hiểm,Nghiệp vụ,B-train-00423-q03,Xe cơ giới,4,Xe cơ giới,4,True,4,4,1,1
B-train-00423,1,2,argmax,Giá trúng,Gói thầu,B-train-00423-q04,GT28,5,GT28,5,True,5|7,5|10,2,2
B-train-00424,1,1,argmin,Khách quốc tế,Điểm đến,B-train-00424-q02,Nha Trang,16,Miền Nam,11,False,6|14|16|18,6|11|14|18,4,4
B-train-00424,1,1,argmin,Công suất phòng,Điểm đến,B-train-00424-q03,Phố cổ Hội An,14,Phố cổ Hội An,14,True,6|14|16|18,6|11|14|18,4,4
B-train-00424,1,1,argmax,Doanh thu,Điểm đến,B-train-00424-q06,Vịnh Hạ Long,18,Vịnh Hạ Long,18,True,6|14|16|18,6|11|14|18,4,4
B-train-00424,1,1,argmax,Tỷ trọng (%),Điểm đến,B-train-00424-q08,Nha Trang,6,Nha Trang,6,True,6|14|16|18,6|11|14|18,4,4
B-train-00425,1,1,argmax,Tồn cuối,Mã hàng,B-train-00425-q03,VT176,7,VT176,7,True,7,4|7,1,2
B-train-00425,1,2,argmin,Lũy kế,Đơn vị,B-train-00425-q07,Đồng bằng sông Cửu Long,5,Đồng bằng sông Cửu Long,5,True,5,5,1,1
B-train-00425,1,1,argmax,Tồn đầu,Mã hàng,B-train-00425-q08,VT176,7,Hà Nội,4,False,7,4|7,1,2
B-train-00426,1,1,argmin,Phản ánh,Khu vực,B-train-00426-q03,Cụm BTS-02,9,Cụm BTS-02,9,True,7|9,7|9,2,2
B-train-00426,2,1,argmax,Tỷ trọng (%),Khu vực,B-train-00426-q05,Khu vực miền núi,11,Khu vực miền núi,11,True,11,11,1,1
B-train-00426,1,1,argmax,Tỷ lệ rớt cuộc,Khu vực,B-train-00426-q07,Khu vực miền núi,7,Khu vực miền núi,7,True,7|9,7|9,2,2
B-train-00427,1,1,argmax,Kế hoạch,Khu vực,B-train-00427-q01,Tây Nguyên,6,Tây Nguyên,6,True,4|6|10,4|6|10,3,3
B-train-00427,1,1,argmax,Chênh lệch,Khu vực,B-train-00427-q02,Miền Nam,10,Miền Nam,10,True,4|6|10,4|6|10,3,3
B-train-00427,1,2,argmin,Kỳ này,Điểm bán,B-train-00427-q06,Cửa hàng 02,4,Cửa hàng 02,4,True,4,4,1,1
B-train-00427,1,1,argmin,Tỷ lệ,Khu vực,B-train-00427-q09,Miền Trung,4,Miền Trung,4,True,4|6|10,4|6|10,3,3
B-train-00428,1,1,argmax,Giá trúng,Gói thầu,B-train-00428-q01,GT53,9,GT53,9,True,5|9|17,5|9|17,3,3
B-train-00428,1,1,argmin,Lũy kế,Gói thầu,B-train-00428-q02,GT58,17,GT58,17,True,5|9|17,5|9|17,3,3
B-train-00428,1,1,argmax,Lũy kế,Gói thầu,B-train-00428-q05,GT23,5,GT23,5,True,5|9|17,5|9|17,3,3
B-train-00429,1,1,argmin,Tồn cuối,Kho/điểm,B-train-00429-q01,Lâm Đồng,9,Lâm Đồng,9,True,4|9,4|9,2,2
B-train-00429,1,1,argmax,Kỳ này,Kho/điểm,B-train-00429-q03,Kho Đà Nẵng,4,Kho Đà Nẵng,4,True,4|9,4|9,2,2
B-train-00429,1,2,argmin,Trễ hạn,Nhóm chế độ,B-train-00429-q08,Hưu trí,3,Hưu trí,3,True,3,3,1,1
B-train-00430,1,1,argmin,Công suất đỉnh,Trạm,B-train-00430-q02,Đà Nẵng,6,Đà Nẵng,6,True,5|6|12,5|6|12,3,3
B-train-00430,1,1,argmax,Lũy kế,Trạm,B-train-00430-q03,Trạm Cao Nguyên,12,Trạm Cao Nguyên,12,True,5|6|12,5|6|12,3,3
B-train-00430,1,1,argmax,Sự cố,Trạm,B-train-00430-q08,Trạm Nam Sông,5,Trạm Nam Sông,5,True,5|6|12,5|6|12,3,3
B-train-00431,1,2,argmax,Kỳ trước,Địa bàn,B-train-00431-q04,Hà Nội,3,Hà Nội,3,True,3|7,3|7,2,2
B-train-00431,1,2,argmin,Diện tích (ha),Địa bàn,B-train-00431-q05,Đồng Nai,7,Đồng Nai,7,True,3|7,3|7,2,2
B-train-00431,1,1,argmin,Công suất phòng,Điểm đến,B-train-00431-q08,Đà Lạt,10,Đà Lạt,10,True,9|10,9|10,2,2
B-train-00431,1,1,argmax,Doanh thu,Điểm đến,B-train-00431-q09,Phố cổ Hội An,9,Phố cổ Hội An,9,True,9|10,9|10,2,2
B-train-00432,1,1,argmax,Giải ngân,Dự án,B-train-00432-q01,Đường vành đai,4,Đường vành đai,4,True,4|5|7|12,4|5|11,4,3
B-train-00432,1,1,argmin,Tiến độ,Dự án,B-train-00432-q04,Trường liên cấp,5,Trường liên cấp,5,True,4|5|7|12,4|5|11,4,3
B-train-00432,1,1,argmax,Giá trị hợp đồng,Dự án,B-train-00432-q06,Khu tái định cư,7,Đường vành đai,4,False,4|5|7|12,4|5|11,4,3
B-train-00432,1,1,argmin,Giá trị hợp đồng,Dự án,B-train-00432-q07,Khánh Hòa,12,Nhà máy nước,11,False,4|5|7|12,4|5|11,4,3
B-train-00433,1,2,argmax,Tồn cuối,Kho/điểm,B-train-00433-q02,Kho Hà Nội,3,Kho Hà Nội,3,True,3|5|8,3|5|8,3,3
B-train-00433,1,1,argmin,Doanh thu,Điểm đến,B-train-00433-q05,Đồng Nai,8,Đồng Nai,8,True,8,8,1,1
B-train-00433,1,2,argmin,Kỳ trước,Kho/điểm,B-train-00433-q08,Kho Hà Nội,8,Kho Hà Nội,8,True,3|5|8,3|5|8,3,3
B-train-00433,1,2,argmax,Lũy kế,Kho/điểm,B-train-00433-q09,Kho Bình Dương,5,Kho Bình Dương,5,True,3|5|8,3|5|8,3,3
B-train-00434,1,1,argmax,Công suất phòng,Điểm đến,B-train-00434-q02,Vịnh Hạ Long,3,Vịnh Hạ Long,3,True,3|8,3|8,2,2
B-train-00434,1,1,argmin,Công suất phòng,Điểm đến,B-train-00434-q06,Vịnh Hạ Long,8,Vịnh Hạ Long,8,True,3|8,3|8,2,2
B-train-00434,1,1,argmax,Doanh thu,Điểm đến,B-train-00434-q08,Vịnh Hạ Long,3,Vịnh Hạ Long,3,True,3|8,3|8,2,2
B-train-00435,1,1,argmax,Đã giải quyết,Nhóm chế độ,B-train-00435-q02,Tai nạn lao động,12,Tai nạn lao động,12,True,3|12|19,3|12|19,3,3
B-train-00435,1,1,argmin,Kỳ này,Nhóm chế độ,B-train-00435-q05,Hưu trí,3,Hưu trí,3,True,3|12|19,3|12|19,3,3
B-train-00435,1,1,argmin,Đã giải quyết,Nhóm chế độ,B-train-00435-q06,Hưu trí,3,Hưu trí,3,True,3|12|19,3|12|19,3,3
B-train-00435,1,1,argmax,Trễ hạn,Nhóm chế độ,B-train-00435-q07,Thất nghiệp,19,Thất nghiệp,19,True,3|12|19,3|12|19,3,3
B-train-00436,1,2,argmax,Doanh thu,Điểm đến,B-train-00436-q02,Vịnh Hạ Long,3,Khánh Hòa,11,False,3,11,1,1
B-train-00436,1,1,argmax,Hành khách,Tuyến,B-train-00436-q04,Đà Nẵng – Huế,4,Đà Nẵng – Huế,4,True,4,4,1,1
B-train-00437,1,1,argmin,Tiến độ,Dự án,B-train-00437-q01,Cầu Đông Thành,3,Cầu Đông Thành,3,True,3|9|11|20,3|9|11|20,4,4
B-train-00437,1,1,argmax,Giải ngân,Dự án,B-train-00437-q03,Nhà máy nước,11,Nhà máy nước,11,True,3|9|11|20,3|9|11|20,4,4
B-train-00437,1,1,argmin,Giải ngân,Dự án,B-train-00437-q09,Đường vành đai,9,Đường vành đai,9,True,3|9|11|20,3|9|11|20,4,4
B-train-00437,1,1,argmax,Tiến độ,Dự án,B-train-00437-q10,Trường liên cấp,20,Trường liên cấp,20,True,3|9|11|20,3|9|11|20,4,4
B-train-00438,1,1,argmax,Công suất phòng,Điểm đến,B-train-00438-q01,Phố cổ Hội An,4,Phố cổ Hội An,4,True,4|6,4|6,2,2
B-train-00438,1,2,argmin,Diện tích (ha),Địa bàn,B-train-00438-q09,Hà Nội,10,Hà Nội,10,True,10,10,1,1
B-train-00438,1,1,argmin,Lũy kế,Điểm đến,B-train-00438-q10,Nha Trang,6,Nha Trang,6,True,4|6,4|6,2,2
B-train-00439,2,1,argmax,Tỷ trọng (%),Địa bàn,B-train-00439-q04,Khánh Hòa,14,Khánh Hòa,14,True,6|14,6|14,2,2
B-train-00439,2,1,argmax,Kế hoạch năm,Địa bàn,B-train-00439-q05,Đà Nẵng,6,Đà Nẵng,6,True,6|14,6|14,2,2
B-train-00439,2,1,argmin,Tỷ trọng (%),Địa bàn,B-train-00439-q06,Đà Nẵng,6,Đà Nẵng,6,True,6|14,6|14,2,2
B-train-00440,1,1,argmin,Chuyển tuyến,Khoa,B-train-00440-q02,Nội tổng hợp,9,Nội tổng hợp,9,True,9|11,9|11,2,2
B-train-00440,1,1,argmin,Nhập viện,Khoa,B-train-00440-q05,Nhi,11,Nhi,11,True,9|11,9|11,2,2
B-train-00441,1,1,argmin,Kỳ trước,Dự án,B-train-00441-q03,Nhà máy nước,6,Nhà máy nước,6,True,6,6,1,1
B-train-00441,2,1,argmax,Giải ngân,Dự án,B-train-00441-q05,Đường vành đai,10,Đường vành đai,10,True,10|14|15,10|14|15,3,3
B-train-00441,2,1,argmin,Tỷ trọng (%),Dự án,B-train-00441-q07,Cầu Đông Thành,14,Cầu Đông Thành,14,True,10|14|15,10|14|15,3,3
B-train-00441,2,1,argmax,Tiến độ,Dự án,B-train-00441-q10,Đường vành đai,15,Đường vành đai,15,True,10|14|15,10|14|15,3,3
B-train-00442,1,1,argmax,Hồ sơ nhận,Nhóm chế độ,B-train-00442-q03,Đồng bằng sông Cửu Long,11,Đồng bằng sông Cửu Long,11,True,8|11,8|11,2,2
B-train-00442,1,1,argmin,Chi trả,Nhóm chế độ,B-train-00442-q04,Hưu trí,8,Hưu trí,8,True,8|11,8|11,2,2
B-train-00442,1,2,argmin,Chi phí,Kho/điểm,B-train-00442-q05,Kho Hà Nội,3,Kho Hà Nội,3,True,3,3,1,1
B-train-00442,1,2,argmax,Tỷ trọng (%),Kho/điểm,B-train-00442-q07,Kho Hà Nội,3,Kho Hà Nội,3,True,3,3,1,1
B-train-00443,1,1,argmax,Sản lượng (tấn),Địa bàn,B-train-00443-q06,Khánh Hòa,13,Khánh Hòa,13,True,8|13|14,8|13|14,3,3
B-train-00443,1,1,argmax,Kế hoạch năm,Địa bàn,B-train-00443-q08,Cần Thơ,8,Cần Thơ,8,True,8|13|14,8|13|14,3,3
B-train-00443,1,1,argmin,Kế hoạch năm,Địa bàn,B-train-00443-q09,Đồng Nai,14,Đồng Nai,14,True,8|13|14,8|13|14,3,3
B-train-00444,2,1,argmin,Tỷ lệ rớt cuộc,Khu vực,B-train-00444-q02,Cụm BTS-01,4,Cụm BTS-01,4,True,4|6|16,4|6|14|16,3,4
B-train-00444,2,1,argmax,Phản ánh,Khu vực,B-train-00444-q04,Khu vực ven biển,6,Cụm BTS-01,14,False,4|6|16,4|6|14|16,3,4
B-train-00444,2,1,argmin,Lưu lượng,Khu vực,B-train-00444-q07,Khu vực ven biển,16,Khu vực ven biển,16,True,4|6|16,4|6|14|16,3,4
B-train-00444,2,1,argmax,Lưu lượng,Khu vực,B-train-00444-q08,Khu vực ven biển,6,Khu vực ven biển,6,True,4|6|16,4|6|14|16,3,4
B-train-00445,2,1,argmin,Tỷ lệ,Khu vực,B-train-00445-q01,Miền Trung,5,Miền Trung,5,True,5|10,5|10,2,2
B-train-00445,2,1,argmax,Chênh lệch,Khu vực,B-train-00445-q03,Miền Trung,10,Miền Trung,10,True,5|10,5|10,2,2
B-train-00445,1,1,argmin,Chênh lệch,Khu vực,B-train-00445-q08,Miền Bắc,3,Miền Bắc,3,True,3,3,1,1
B-train-00445,2,1,argmax,Tỷ lệ,Khu vực,B-train-00445-q09,Miền Trung,10,Miền Trung,10,True,5|10,5|10,2,2
B-train-00446,1,1,argmin,Diện tích (ha),Địa bàn,B-train-00446-q03,Cần Thơ,8,Cần Thơ,8,True,8,8,1,1
B-train-00446,1,2,argmax,Kỳ này,Gói thầu,B-train-00446-q09,GT95,12,GT95,12,True,12,12,1,1
B-train-00447,1,1,argmin,Đạt,Đơn vị,B-train-00447-q01,THPT Lê Quý Đôn,14,THPT Lê Quý Đôn,14,True,14|15|16,4|14|16,3,3
B-train-00447,1,1,argmax,Tỷ lệ đạt,Đơn vị,B-train-00447-q03,THPT Trần Phú,15,Khánh Hòa,4,False,14|15|16,4|14|16,3,3
B-train-00447,1,1,argmin,Tỷ lệ đạt,Đơn vị,B-train-00447-q08,THPT Phan Bội Châu,16,THPT Phan Bội Châu,16,True,14|15|16,4|14|16,3,3
B-train-00448,1,1,argmin,Kỳ trước,Dự án,B-train-00448-q04,Nhà máy nước,11,Nhà máy nước,11,True,3|11,3|11,2,2
B-train-00448,1,1,argmin,Giải ngân,Dự án,B-train-00448-q06,Cầu Đông Thành,3,Cầu Đông Thành,3,True,3|11,3|11,2,2
B-train-00448,1,1,argmax,Tiến độ,Dự án,B-train-00448-q10,Nhà máy nước,11,Nhà máy nước,11,True,3|11,3|11,2,2
B-train-00449,1,1,argmin,Tồn đầu,Mã hàng,B-train-00449-q02,VT543,8,VT543,8,True,6|8|10,6|8|10,3,3
B-train-00449,1,1,argmin,Tồn cuối,Mã hàng,B-train-00449-q03,VT147,6,VT147,6,True,6|8|10,6|8|10,3,3
B-train-00449,1,1,argmax,Tồn cuối,Mã hàng,B-train-00449-q05,VT543,8,VT543,8,True,6|8|10,6|8|10,3,3
B-train-00449,1,1,argmax,Nhập,Mã hàng,B-train-00449-q10,VT430,10,VT430,10,True,6|8|10,6|8|10,3,3
B-train-00450,1,1,argmin,Tỷ lệ đạt,Đơn vị,B-train-00450-q04,THPT Trần Phú,10,THPT Trần Phú,10,True,10,4|10,1,2
B-train-00450,1,1,argmax,Thí sinh,Đơn vị,B-train-00450-q06,THPT Trần Phú,10,Miền Trung,4,False,10,4|10,1,2
B-train-00451,1,1,argmin,Kỳ trước,Dự án,B-train-00451-q01,Trường liên cấp,5,Trường liên cấp,5,True,5|8,5|8,2,2
B-train-00451,1,2,argmax,Kỳ này,Khoa,B-train-00451-q03,Mắt,7,Mắt,7,True,7,7,1,1
B-train-00451,1,1,argmin,Tiến độ,Dự án,B-train-00451-q04,Cầu Đông Thành,8,Cầu Đông Thành,8,True,5|8,5|8,2,2
B-train-00451,1,2,argmax,Lũy kế,Khoa,B-train-00451-q08,Mắt,7,Mắt,7,True,7,7,1,1
B-train-00452,1,1,argmin,Chi phí,Kho/điểm,B-train-00452-q03,Kho Đà Nẵng,4,Miền Trung,7,False,3|4|5,3|7,3,2
B-train-00452,1,1,argmax,Kỳ này,Kho/điểm,B-train-00452-q04,Kho Bình Dương,5,Miền Trung,7,False,3|4|5,3|7,3,2
B-train-00452,1,1,argmax,Chi phí,Kho/điểm,B-train-00452-q05,Kho Hà Nội,3,Kho Hà Nội,3,True,3|4|5,3|7,3,2
B-train-00453,1,2,argmin,Tồn cuối,Kho/điểm,B-train-00453-q03,Kho Cần Thơ,6,Kho Cần Thơ,6,True,4|6|10,4|6|10,3,3
B-train-00453,1,2,argmax,Tỷ trọng (%),Kho/điểm,B-train-00453-q04,Kho Đà Nẵng,4,Kho Đà Nẵng,4,True,4|6|10,4|6|10,3,3
B-train-00453,1,2,argmax,Chi phí,Kho/điểm,B-train-00453-q05,Lâm Đồng,10,Lâm Đồng,10,True,4|6|10,4|6|10,3,3
B-train-00453,1,1,argmin,Tăng trưởng,Chi nhánh,B-train-00453-q08,Đà Nẵng 01,5,Đà Nẵng 01,5,True,5,5,1,1
B-train-00454,1,2,argmax,Lưu lượng,Khu vực,B-train-00454-q01,Cụm BTS-01,3,Cụm BTS-01,3,True,3|5,3|7,2,2
B-train-00454,1,1,argmax,Chi trả,Nhóm chế độ,B-train-00454-q02,Thất nghiệp,9,Thất nghiệp,9,True,9|12,3|9,2,2
B-train-00454,1,2,argmin,Kế hoạch năm,Khu vực,B-train-00454-q06,Khu vực ven biển,5,Hải Phòng,7,False,3|5,3|7,2,2
B-train-00454,1,1,argmin,Trễ hạn,Nhóm chế độ,B-train-00454-q07,Tai nạn lao động,12,Đà Nẵng,3,False,9|12,3|9,2,2
B-train-00455,1,1,argmin,Kỳ trước,Khoa,B-train-00455-q05,Nội tổng hợp,15,Nội tổng hợp,15,True,5|11|15,5|11|15,3,3
B-train-00455,1,1,argmax,Nhập viện,Khoa,B-train-00455-q06,Nhi,5,Nhi,5,True,5|11|15,5|11|15,3,3
B-train-00455,1,1,argmax,Kỳ trước,Khoa,B-train-00455-q09,Nhi,5,Nhi,5,True,5|11|15,5|11|15,3,3
B-train-00455,1,1,argmin,Nhập viện,Khoa,B-train-00455-q10,Nhi,11,Nhi,11,True,5|11|15,5|11|15,3,3
B-train-00456,1,1,argmin,COD,Điểm quan trắc,B-train-00456-q04,Sông Hồng,3,Sông Hồng,3,True,3|8|12|13,3|8|12|13,4,4
B-train-00456,1,1,argmin,Tỷ trọng (%),Điểm quan trắc,B-train-00456-q08,Sông Hồng,8,Sông Hồng,8,True,3|8|12|13,3|8|12|13,4,4
B-train-00456,1,1,argmax,pH,Điểm quan trắc,B-train-00456-q09,Cửa biển Đà Nẵng,12,Cửa biển Đà Nẵng,12,True,3|8|12|13,3|8|12|13,4,4
B-train-00456,1,1,argmax,COD,Điểm quan trắc,B-train-00456-q10,Sông Hồng,13,Sông Hồng,13,True,3|8|12|13,3|8|12|13,4,4
B-train-00457,1,2,argmin,Hành khách,Tuyến,B-train-00457-q03,Hà Nội – Hải Phòng,3,Hà Nội – Hải Phòng,3,True,3|5|6,3|5|9,3,3
B-train-00457,1,2,argmin,Doanh thu,Tuyến,B-train-00457-q07,Nha Trang – Đà Lạt,6,Đồng Nai,9,False,3|5|6,3|5|9,3,3
B-train-00457,1,2,argmax,Đúng giờ,Tuyến,B-train-00457-q08,Hà Nội – Hải Phòng,3,Hà Nội – Hải Phòng,3,True,3|5|6,3|5|9,3,3
B-train-00457,1,2,argmax,Số chuyến,Tuyến,B-train-00457-q10,TP.HCM – Cần Thơ,5,TP.HCM – Cần Thơ,5,True,3|5|6,3|5|9,3,3
B-train-00458,1,1,argmin,Tồn đầu,Mã hàng,B-train-00458-q05,VT179,7,VT179,7,True,7,7,1,1
B-train-00458,1,2,argmax,Lưu lượng,Khu vực,B-train-00458-q10,Khu vực đô thị,11,Khu vực đô thị,11,True,11,11,1,1
B-train-00459,1,1,argmax,Tỷ trọng (%),Địa bàn,B-train-00459-q04,Hải Phòng,11,Hải Phòng,11,True,3|6|11,3|6|11,3,3
B-train-00459,1,1,argmax,Diện tích (ha),Địa bàn,B-train-00459-q09,Khánh Hòa,6,Khánh Hòa,6,True,3|6|11,3|6|11,3,3
B-train-00459,1,1,argmin,Diện tích (ha),Địa bàn,B-train-00459-q10,Hà Nội,3,Hà Nội,3,True,3|6|11,3|6|11,3,3
B-train-00460,1,1,argmin,Phí bảo hiểm,Nghiệp vụ,B-train-00460-q02,Xe cơ giới,14,Xe cơ giới,14,True,7|14|15|16,7|14|15|16,4,4
B-train-00460,1,1,argmax,Bồi thường,Nghiệp vụ,B-train-00460-q03,Tài sản,15,Tài sản,15,True,7|14|15|16,7|14|15|16,4,4
B-train-00460,1,1,argmin,Tỷ lệ,Nghiệp vụ,B-train-00460-q07,Tai nạn con người,7,Tai nạn con người,7,True,7|14|15|16,7|14|15|16,4,4
B-train-00460,1,1,argmax,Kế hoạch năm,Nghiệp vụ,B-train-00460-q09,Hàng hóa,16,Hàng hóa,16,True,7|14|15|16,7|14|15|16,4,4
B-train-00461,1,2,argmax,BOD5,Điểm quan trắc,B-train-00461-q02,KCN Long Thành,6,KCN Long Thành,6,True,6|8,6|8,2,2
B-train-00461,1,1,argmin,Kỳ trước,Dự án,B-train-00461-q03,Cầu Đông Thành,8,Cầu Đông Thành,8,True,7|8,7|8,2,2
B-train-00461,1,1,argmax,Kỳ trước,Dự án,B-train-00461-q04,Khu tái định cư,7,Khu tái định cư,7,True,7|8,7|8,2,2
B-train-00461,1,2,argmin,Kế hoạch năm,Điểm quan trắc,B-train-00461-q05,Đồng Nai,8,Đồng Nai,8,True,6|8,6|8,2,2
B-train-00462,1,1,argmax,Phí bảo hiểm,Nghiệp vụ,B-train-00462-q05,Hàng hóa,11,Hàng hóa,11,True,3|4|6|11,3|4|6|11,4,4
B-train-00462,1,1,argmin,Tỷ lệ,Nghiệp vụ,B-train-00462-q08,Xe cơ giới,4,Xe cơ giới,4,True,3|4|6|11,3|4|6|11,4,4
B-train-00462,1,1,argmax,Kế hoạch năm,Nghiệp vụ,B-train-00462-q09,Sức khỏe,3,Sức khỏe,3,True,3|4|6|11,3|4|6|11,4,4
B-train-00462,1,1,argmin,Bồi thường,Nghiệp vụ,B-train-00462-q10,Hàng hóa,6,Hàng hóa,6,True,3|4|6|11,3|4|6|11,4,4
B-train-00463,1,2,argmax,Kỳ này,Điểm quan trắc,B-train-00463-q02,Hồ Xuân Hương,10,Hồ Xuân Hương,10,True,4|10,4|10,2,2
B-train-00463,1,1,argmin,Tỷ trọng (%),Tuyến,B-train-00463-q06,Hà Nội – Hải Phòng,7,Hà Nội – Hải Phòng,7,True,7|8,7|8,2,2
B-train-00463,1,1,argmax,Đúng giờ,Tuyến,B-train-00463-q07,Đà Nẵng – Huế,8,Đà Nẵng – Huế,8,True,7|8,7|8,2,2
B-train-00463,1,2,argmin,Lũy kế,Điểm quan trắc,B-train-00463-q08,Sông Hương,4,Sông Hương,4,True,4|10,4|10,2,2
B-train-00464,1,1,argmax,Kỳ trước,Dự án,B-train-00464-q05,Trường liên cấp,20,Trường liên cấp,20,True,8|12|20,8|20,3,2
B-train-00464,1,1,argmin,Tiến độ,Dự án,B-train-00464-q06,Khu tái định cư,12,Miền Trung,8,False,8|12|20,8|20,3,2
B-train-00464,1,1,argmin,Giải ngân,Dự án,B-train-00464-q07,Miền Trung,8,Miền Trung,8,True,8|12|20,8|20,3,2
B-train-00465,1,2,argmax,Thực hiện,Khu vực,B-train-00465-q03,Miền Nam,5,Miền Nam,5,True,5|11|12,5|11|12,3,3
B-train-00465,1,1,argmin,Tỷ lệ rớt cuộc,Khu vực,B-train-00465-q06,Cụm BTS-01,3,Cụm BTS-01,3,True,3,3,1,1
B-train-00465,1,2,argmin,Chênh lệch,Khu vực,B-train-00465-q07,Tây Nguyên,11,Tây Nguyên,11,True,5|11|12,5|11|12,3,3
B-train-00465,1,2,argmax,Tỷ lệ,Khu vực,B-train-00465-q08,Đồng bằng sông Cửu Long,12,Đồng bằng sông Cửu Long,12,True,5|11|12,5|11|12,3,3
B-train-00466,1,1,argmax,Kế hoạch năm,Chi nhánh,B-train-00466-q03,Đà Nẵng 01,5,Đà Nẵng 01,5,True,5|11|12,5|11|12,3,3
B-train-00466,1,1,argmax,Tăng trưởng,Chi nhánh,B-train-00466-q07,Cần Thơ 02,12,Cần Thơ 02,12,True,5|11|12,5|11|12,3,3
B-train-00466,1,1,argmin,Huy động,Chi nhánh,B-train-00466-q09,Khánh Hòa 03,11,Khánh Hòa 03,11,True,5|11|12,5|11|12,3,3
B-train-00467,1,2,argmax,Tồn cuối,Kho/điểm,B-train-00467-q03,Kho Bình Dương,10,Kho Bình Dương,10,True,5|10,5|10,2,2
B-train-00467,1,2,argmin,Chi phí,Kho/điểm,B-train-00467-q05,Kho Bình Dương,10,Kho Bình Dương,10,True,5|10,5|10,2,2
B-train-00467,1,2,argmin,Tồn cuối,Kho/điểm,B-train-00467-q09,Miền Bắc,5,Miền Bắc,5,True,5|10,5|10,2,2
B-train-00467,1,2,argmax,Đúng hạn,Kho/điểm,B-train-00467-q10,Miền Bắc,5,Miền Bắc,5,True,5|10,5|10,2,2
B-train-00468,1,1,argmin,Bồi thường,Nghiệp vụ,B-train-00468-q05,Tài sản,10,Tài sản,10,True,6|10,6|10,2,2
B-train-00468,1,1,argmax,Phí bảo hiểm,Nghiệp vụ,B-train-00468-q06,Hàng hóa,6,Hàng hóa,6,True,6|10,6|10,2,2
B-train-00468,1,1,argmin,Phí bảo hiểm,Nghiệp vụ,B-train-00468-q09,Tài sản,10,Tài sản,10,True,6|10,6|10,2,2
B-train-00469,1,1,argmin,Tiến độ,Dự án,B-train-00469-q07,Đường vành đai,14,Đường vành đai,14,True,3|9|14|16,3|9|14|16,4,4
B-train-00469,1,1,argmin,Giải ngân,Dự án,B-train-00469-q08,Đường vành đai,9,Đường vành đai,9,True,3|9|14|16,3|9|14|16,4,4
B-train-00469,1,1,argmax,Tiến độ,Dự án,B-train-00469-q09,Nhà máy nước,16,Nhà máy nước,16,True,3|9|14|16,3|9|14|16,4,4
B-train-00469,1,1,argmax,Giải ngân,Dự án,B-train-00469-q10,Cầu Đông Thành,3,Cầu Đông Thành,3,True,3|9|14|16,3|9|14|16,4,4
B-train-00470,1,2,argmax,Tồn cuối,Kho/điểm,B-train-00470-q02,Kho Hà Nội,3,Kho Hà Nội,3,True,3|4|10,3|4|10,3,3
B-train-00470,1,2,argmin,Đơn xử lý,Kho/điểm,B-train-00470-q05,Kho Đà Nẵng,4,Kho Đà Nẵng,4,True,3|4|10,3|4|10,3,3
B-train-00470,1,2,argmin,Tỷ trọng (%),Kho/điểm,B-train-00470-q06,Kho Bình Dương,10,Kho Bình Dương,10,True,3|4|10,3|4|10,3,3
B-train-00470,1,2,argmax,Tỷ trọng (%),Kho/điểm,B-train-00470-q09,Kho Đà Nẵng,4,Kho Đà Nẵng,4,True,3|4|10,3|4|10,3,3
B-train-00471,1,1,argmax,Tỷ lệ rớt cuộc,Khu vực,B-train-00471-q01,Cụm BTS-02,9,Cụm BTS-02,9,True,5|8|9,8|9|10,3,3
B-train-00471,1,1,argmin,Thuê bao,Khu vực,B-train-00471-q04,Khu vực ven biển,5,Đồng bằng sông Cửu Long,10,False,5|8|9,8|9|10,3,3
B-train-00471,1,2,argmin,Tăng trưởng,Chi nhánh,B-train-00471-q05,Khánh Hòa 03,6,Khánh Hòa 03,6,True,6,6,1,1
B-train-00471,1,1,argmax,Tỷ trọng (%),Khu vực,B-train-00471-q07,Cụm BTS-01,8,Cụm BTS-01,8,True,5|8|9,8|9|10,3,3
B-train-00472,1,1,argmin,Khách quốc tế,Điểm đến,B-train-00472-q02,Vịnh Hạ Long,13,Đồng bằng sông Cửu Long,3,False,3|13,3,2,1
B-train-00472,1,1,argmax,Khách quốc tế,Điểm đến,B-train-00472-q07,Đồng bằng sông Cửu Long,3,Đồng bằng sông Cửu Long,3,True,3|13,3,2,1
B-train-00472,1,1,argmin,Doanh thu,Điểm đến,B-train-00472-q10,Đồng bằng sông Cửu Long,3,Đồng bằng sông Cửu Long,3,True,3|13,3,2,1
B-train-00473,2,1,argmin,Nợ quá hạn,Chi nhánh,B-train-00473-q01,Đà Nẵng 01,7,Đà Nẵng 01,7,True,3|4|6|7,3|4|6|7,4,4
B-train-00473,2,1,argmax,Nợ quá hạn,Chi nhánh,B-train-00473-q02,Khánh Hòa 03,3,Khánh Hòa 03,3,True,3|4|6|7,3|4|6|7,4,4
B-train-00473,2,1,argmax,Tăng trưởng,Chi nhánh,B-train-00473-q03,Cần Thơ 02,4,Cần Thơ 02,4,True,3|4|6|7,3|4|6|7,4,4
B-train-00473,2,1,argmin,Kỳ này,Chi nhánh,B-train-00473-q06,Hải Phòng 02,6,Hải Phòng 02,6,True,3|4|6|7,3|4|6|7,4,4
B-train-00474,1,2,argmin,Kế hoạch năm,Khu vực,B-train-00474-q03,Khu vực ven biển,10,Khu vực ven biển,10,True,10,10,1,1
B-train-00474,1,1,argmax,Số chuyến,Tuyến,B-train-00474-q05,Đà Nẵng,4,Hà Nội – Hải Phòng,3,False,4|9,3|9,2,2
B-train-00474,1,1,argmax,Hành khách,Tuyến,B-train-00474-q09,TP.HCM – Cần Thơ,9,TP.HCM – Cần Thơ,9,True,4|9,3|9,2,2
B-train-00475,1,1,argmin,Huy động,Chi nhánh,B-train-00475-q01,Đà Nẵng 01,10,Đà Nẵng 01,10,True,5|9|10,5|10,3,2
B-train-00475,1,1,argmax,Tăng trưởng,Chi nhánh,B-train-00475-q02,Khánh Hòa,5,Khánh Hòa,5,True,5|9|10,5|10,3,2
B-train-00475,1,1,argmax,Lũy kế,Chi nhánh,B-train-00475-q04,Hải Phòng 02,9,Khánh Hòa,5,False,5|9|10,5|10,3,2
B-train-00475,1,1,argmin,Tỷ trọng (%),Chi nhánh,B-train-00475-q07,Khánh Hòa,5,Khánh Hòa,5,True,5|9|10,5|10,3,2
B-train-00476,1,1,argmax,Kế hoạch năm,Khoa,B-train-00476-q01,Ngoại,4,Ngoại,4,True,4,4,1,1
B-train-00476,1,2,argmin,Kế hoạch năm,Điểm bán,B-train-00476-q03,Siêu thị trung tâm,5,Siêu thị trung tâm,5,True,4|5|9,4|5|9,3,3
B-train-00476,1,2,argmin,Giá trị bán,Điểm bán,B-train-00476-q05,Cửa hàng 02,9,Cửa hàng 02,9,True,4|5|9,4|5|9,3,3
B-train-00476,1,2,argmax,Giá trị bán,Điểm bán,B-train-00476-q09,Cửa hàng 02,4,Cửa hàng 02,4,True,4|5|9,4|5|9,3,3
B-train-00477,1,2,argmin,Lũy kế,Điểm bán,B-train-00477-q03,Cửa hàng 01,3,Cửa hàng 01,3,True,3|8|11,3|8|11,3,3
B-train-00477,1,2,argmax,Lũy kế,Điểm bán,B-train-00477-q05,Cửa hàng 01,8,Cửa hàng 01,8,True,3|8|11,3|8|11,3,3
B-train-00477,1,2,argmax,Hoàn trả,Điểm bán,B-train-00477-q10,Hải Phòng,11,Hải Phòng,11,True,3|8|11,3|8|11,3,3
B-train-00478,1,1,argmax,Phản ánh,Khu vực,B-train-00478-q01,Khu vực ven biển,10,Khu vực ven biển,10,True,5|9|10,5|9|10,3,3
B-train-00478,1,1,argmax,Kế hoạch năm,Khu vực,B-train-00478-q03,Khu vực ven biển,5,Khu vực ven biển,5,True,5|9|10,5|9|10,3,3
B-train-00478,1,1,argmin,Kế hoạch năm,Khu vực,B-train-00478-q05,Cụm BTS-02,9,Cụm BTS-02,9,True,5|9|10,5|9|10,3,3
B-train-00479,1,1,argmax,Nhập,Mã hàng,B-train-00479-q01,VT323,3,VT323,3,True,3,3,1,1
B-train-00479,1,2,argmin,Chuyển tuyến,Khoa,B-train-00479-q09,Nhi,11,Sản Đã đối chiếu,6,False,10|11,6,2,1
B-train-00479,1,2,argmin,Lượt khám,Khoa,B-train-00479-q10,Ngoại,10,Sản Đã đối chiếu,6,False,10|11,6,2,1
B-train-00480,1,1,argmax,Đã giải quyết,Nhóm chế độ,B-train-00480-q02,Tai nạn lao động,12,Tai nạn lao động,12,True,5|10|12,5|10|12,3,3
B-train-00480,1,1,argmax,Tỷ trọng (%),Nhóm chế độ,B-train-00480-q05,Ốm đau,5,Ốm đau,5,True,5|10|12,5|10|12,3,3
B-train-00480,1,1,argmin,Đã giải quyết,Nhóm chế độ,B-train-00480-q06,Ốm đau,10,Ốm đau,10,True,5|10|12,5|10|12,3,3
B-train-00480,1,1,argmin,Chi trả,Nhóm chế độ,B-train-00480-q08,Ốm đau,10,Ốm đau,10,True,5|10|12,5|10|12,3,3
B-train-00481,1,1,argmin,Kỳ trước,Chi nhánh,B-train-00481-q01,Khánh Hòa 03,16,Khánh Hòa 03,16,True,10|13|14|16,10|13|14|16,4,4
B-train-00481,1,1,argmax,Kỳ trước,Chi nhánh,B-train-00481-q06,Đà Nẵng 01,10,Đà Nẵng 01,10,True,10|13|14|16,10|13|14|16,4,4
B-train-00481,1,1,argmin,Nợ quá hạn,Chi nhánh,B-train-00481-q09,Hải Phòng 02,14,Hải Phòng 02,14,True,10|13|14|16,10|13|14|16,4,4
B-train-00481,1,1,argmax,Nợ quá hạn,Chi nhánh,B-train-00481-q10,Hà Nội 01,13,Hà Nội 01,13,True,10|13|14|16,10|13|14|16,4,4
B-train-00482,1,1,argmin,Phản ánh,Khu vực,B-train-00482-q03,Cụm BTS-02,9,Cụm BTS-02,9,True,4|9|10,4|9|10,3,3
B-train-00482,1,1,argmin,Tỷ lệ rớt cuộc,Khu vực,B-train-00482-q04,Đồng bằng sông Cửu Long,10,Đồng bằng sông Cửu Long,10,True,4|9|10,4|9|10,3,3
B-train-00482,1,1,argmax,Lưu lượng,Khu vực,B-train-00482-q07,Cụm BTS-02,9,Cụm BTS-02,9,True,4|9|10,4|9|10,3,3
B-train-00482,1,1,argmax,Tỷ lệ rớt cuộc,Khu vực,B-train-00482-q09,Cụm BTS-02,4,Cụm BTS-02,4,True,4|9|10,4|9|10,3,3
B-train-00483,1,1,argmin,Giải ngân,Dự án,B-train-00483-q01,Cầu Đông Thành,3,Cầu Đông Thành,3,True,3|7,3|7,2,2
B-train-00483,1,1,argmin,Tiến độ,Dự án,B-train-00483-q03,Cầu Đông Thành,3,Cầu Đông Thành,3,True,3|7,3|7,2,2
B-train-00483,1,2,argmax,Lũy kế,Dự án,B-train-00483-q09,Đường vành đai,9,Đường vành đai,9,True,9,9,1,1
B-train-00483,1,1,argmax,Tiến độ,Dự án,B-train-00483-q10,Khu tái định cư,7,Khu tái định cư,7,True,3|7,3|7,2,2
B-train-00484,2,1,argmin,Kế hoạch năm,Điểm đến,B-train-00484-q02,Nha Trang,3,Nha Trang,3,True,3|9|15,3|9|15,3,3
B-train-00484,2,1,argmax,Công suất phòng,Điểm đến,B-train-00484-q04,Vịnh Hạ Long,15,Vịnh Hạ Long,15,True,3|9|15,3|9|15,3,3
B-train-00484,1,1,argmin,Khách quốc tế,Điểm đến,B-train-00484-q07,Vịnh Hạ Long,13,Vịnh Hạ Long,13,True,13,13,1,1
B-train-00484,2,1,argmax,Kỳ này,Điểm đến,B-train-00484-q08,Phú Quốc,9,Phú Quốc,9,True,3|9|15,3|9|15,3,3
B-train-00485,1,2,argmin,Tỷ trọng (%),Trạm,B-train-00485-q03,Trạm Cao Nguyên,12,Trạm Cao Nguyên,12,True,8|12,8|12,2,2
B-train-00485,1,1,argmax,Khách nội địa,Điểm đến,B-train-00485-q05,Phú Quốc,7,Phú Quốc,7,True,7,7,1,1
B-train-00485,1,2,argmax,Tỷ trọng (%),Trạm,B-train-00485-q07,Trạm 110kV Bắc,8,Trạm 110kV Bắc,8,True,8|12,8|12,2,2
B-train-00486,1,1,argmin,Chênh lệch,Khu vực,B-train-00486-q05,Miền Bắc,3,Miền Bắc,3,True,3,3,1,1
B-train-00486,2,1,argmin,Thực hiện,Khu vực,B-train-00486-q06,Miền Nam,9,Miền Nam,9,True,4|9,4|9,2,2
B-train-00486,2,1,argmax,Tỷ lệ,Khu vực,B-train-00486-q10,Miền Nam,4,Miền Nam,4,True,4|9,4|9,2,2
B-train-00487,1,1,argmin,BOD5,Điểm quan trắc,B-train-00487-q04,Sông Hương,19,Sông Hương,19,True,13|18|19,13|18|19,3,3
B-train-00487,1,1,argmin,Lũy kế,Điểm quan trắc,B-train-00487-q08,Sông Hồng,13,Sông Hồng,13,True,13|18|19,13|18|19,3,3
B-train-00487,1,1,argmax,Lũy kế,Điểm quan trắc,B-train-00487-q10,Sông Hồng,18,Sông Hồng,18,True,13|18|19,13|18|19,3,3
B-train-00488,1,1,argmax,Tổn thất,Trạm,B-train-00488-q03,Trạm Cao Nguyên,12,Trạm Cao Nguyên,12,True,4|12|17,4|12|17,3,3
B-train-00488,1,1,argmin,Công suất đỉnh,Trạm,B-train-00488-q07,Trạm Cao Nguyên,17,Trạm Cao Nguyên,17,True,4|12|17,4|12|17,3,3
B-train-00488,1,1,argmin,Tổn thất,Trạm,B-train-00488-q10,Trạm 220kV Trung,4,Trạm 220kV Trung,4,True,4|12|17,4|12|17,3,3
B-train-00489,1,1,argmin,Tăng trưởng,Chi nhánh,B-train-00489-q06,Hải Phòng 02,4,Hải Phòng 02,4,True,4|5|8,4|5|8,3,3
B-train-00489,1,1,argmax,Tăng trưởng,Chi nhánh,B-train-00489-q07,Đà Nẵng 01,5,Đà Nẵng 01,5,True,4|5|8,4|5|8,3,3
B-train-00489,1,1,argmax,Kế hoạch năm,Chi nhánh,B-train-00489-q08,Hà Nội 01,8,Hà Nội 01,8,True,4|5|8,4|5|8,3,3
B-train-00490,1,2,argmax,Lũy kế,Khoa,B-train-00490-q03,Nhi,11,Nhi,11,True,3|9|11,3|9|11,3,3
B-train-00490,1,2,argmin,Lượt khám,Khoa,B-train-00490-q06,Cần Thơ,9,Cần Thơ,9,True,3|9|11,3|9|11,3,3
B-train-00490,1,2,argmax,Lượt khám,Khoa,B-train-00490-q07,Nội tổng hợp,3,Nội tổng hợp,3,True,3|9|11,3|9|11,3,3
B-train-00490,1,1,argmin,Giá trị bán,Điểm bán,B-train-00490-q10,Siêu thị trung tâm,5,Siêu thị trung tâm,5,True,5,5,1,1
B-train-00491,1,2,argmin,Giá trúng,Gói thầu,B-train-00491-q05,GT15,6,GT15,6,True,4|6|7|10,4|6|7|10,4,4
B-train-00491,1,2,argmax,Giá dự toán,Gói thầu,B-train-00491-q06,GT15,4,GT15,4,True,4|6|7|10,4|6|7|10,4,4
B-train-00491,1,2,argmax,Kế hoạch năm,Gói thầu,B-train-00491-q08,GT21,10,GT21,10,True,4|6|7|10,4|6|7|10,4,4
B-train-00491,1,2,argmin,Kỳ này,Gói thầu,B-train-00491-q09,GT87,7,GT87,7,True,4|6|7|10,4|6|7|10,4,4
B-train-00492,1,1,argmin,Tỷ lệ đạt,Đơn vị,B-train-00492-q02,THPT Trần Phú,15,THPT Trần Phú,15,True,13|15,13|15,2,2
B-train-00492,1,1,argmax,Kế hoạch năm,Đơn vị,B-train-00492-q03,Lâm Đồng,13,Lâm Đồng,13,True,13|15,13|15,2,2
B-train-00493,1,1,argmax,Kỳ trước,Trạm,B-train-00493-q02,Trạm Tây Đô,6,Trạm Tây Đô,6,True,6|8|12|15,6|8|12|15,4,4
B-train-00493,1,1,argmin,Tổn thất,Trạm,B-train-00493-q04,Trạm Nam Sông,15,Trạm Nam Sông,15,True,6|8|12|15,6|8|12|15,4,4
B-train-00493,1,1,argmax,Tổn thất,Trạm,B-train-00493-q08,Trạm 110kV Bắc,8,Trạm 110kV Bắc,8,True,6|8|12|15,6|8|12|15,4,4
B-train-00493,1,1,argmin,Kỳ trước,Trạm,B-train-00493-q09,Trạm Cao Nguyên,12,Trạm Cao Nguyên,12,True,6|8|12|15,6|8|12|15,4,4
B-train-00494,1,1,argmax,Tăng trưởng,Chi nhánh,B-train-00494-q05,Đà Nẵng 01,10,Đà Nẵng 01,10,True,7|10,7|10,2,2
B-train-00494,1,1,argmin,Huy động,Chi nhánh,B-train-00494-q07,Cần Thơ 02,7,Cần Thơ 02,7,True,7|10,7|10,2,2
B-train-00494,1,1,argmax,Nợ quá hạn,Chi nhánh,B-train-00494-q09,Đà Nẵng 01,10,Đà Nẵng 01,10,True,7|10,7|10,2,2
B-train-00495,1,1,argmax,Giá dự toán,Gói thầu,B-train-00495-q02,GT35,13,GT35,13,True,4|12|13,4|12|13,3,3
B-train-00495,1,1,argmin,Kỳ trước,Gói thầu,B-train-00495-q04,GT20,12,GT20,12,True,4|12|13,4|12|13,3,3
B-train-00495,1,1,argmax,Giá trúng,Gói thầu,B-train-00495-q07,GT35,13,GT35,13,True,4|12|13,4|12|13,3,3
B-train-00495,1,1,argmin,Giá dự toán,Gói thầu,B-train-00495-q09,GT09,4,GT09,4,True,4|12|13,4|12|13,3,3
B-train-00496,2,1,argmax,Giá dự toán,Gói thầu,B-train-00496-q01,GT36,11,GT36,11,True,5|11,5|11,2,2
B-train-00496,2,1,argmax,Giá trúng,Gói thầu,B-train-00496-q03,GT36,11,GT36,11,True,5|11,5|11,2,2
B-train-00496,2,1,argmin,Giá trúng,Gói thầu,B-train-00496-q06,GT82,5,GT82,5,True,5|11,5|11,2,2
B-train-00496,1,1,argmin,Giá dự toán,Gói thầu,B-train-00496-q07,GT06,5,GT06,5,True,5,5,1,1
B-train-00497,1,1,argmin,Kỳ này,Dự án,B-train-00497-q02,Đường vành đai,4,Đường vành đai,4,True,4|10|11,4|10|11,3,3
B-train-00497,1,1,argmin,Giải ngân,Dự án,B-train-00497-q03,Nhà máy nước,11,Nhà máy nước,11,True,4|10|11,4|10|11,3,3
B-train-00497,1,1,argmax,Giải ngân,Dự án,B-train-00497-q05,Trường liên cấp,10,Trường liên cấp,10,True,4|10|11,4|10|11,3,3
B-train-00498,2,1,argmin,Chi phí,Kho/điểm,B-train-00498-q01,Kho Đà Nẵng,11,Kho Đà Nẵng,11,True,6|11,6|11,2,2
B-train-00498,2,1,argmin,Kế hoạch năm,Kho/điểm,B-train-00498-q06,Kho Đà Nẵng,6,Kho Đà Nẵng,6,True,6|11,6|11,2,2
B-train-00498,1,1,argmax,Tồn cuối,Kho/điểm,B-train-00498-q07,Kho Hà Nội,13,Kho Hà Nội,13,True,11|13,11|13,2,2
B-train-00498,1,1,argmax,Kế hoạch năm,Kho/điểm,B-train-00498-q08,Kho Cần Thơ,11,Kho Cần Thơ,11,True,11|13,11|13,2,2
B-train-00499,1,1,argmin,Khách quốc tế,Điểm đến,B-train-00499-q07,Vịnh Hạ Long,3,Vịnh Hạ Long,3,True,3|4|10,3|4|10,3,3
B-train-00499,1,1,argmax,Công suất phòng,Điểm đến,B-train-00499-q09,Phố cổ Hội An,4,Phố cổ Hội An,4,True,3|4|10,3|4|10,3,3
B-train-00499,1,1,argmin,Kỳ trước,Điểm đến,B-train-00499-q10,Đà Lạt,10,Đà Lạt,10,True,3|4|10,3|4|10,3,3
B-train-00500,1,2,argmin,Tồn cuối,Kho/điểm,B-train-00500-q05,Kho trung chuyển,12,Kho trung chuyển,12,True,4|12,4|12,2,2
B-train-00500,1,2,argmax,Đúng hạn,Kho/điểm,B-train-00500-q06,Kho Đà Nẵng,4,Kho Đà Nẵng,4,True,4|12,4|12,2,2
B-train-00500,1,1,argmax,Kế hoạch năm,Địa bàn,B-train-00500-q09,Hà Nội,3,Hà Nội,3,True,3,3,1,1
B-train-00501,1,1,argmin,Tỷ trọng (%),Khu vực,B-train-00501-q03,Miền Bắc,8,Đồng Nai,9,False,6|8,6|9,2,2
B-train-00501,1,1,argmax,Tỷ lệ,Khu vực,B-train-00501-q04,Tây Nguyên,6,Tây Nguyên,6,True,6|8,6|9,2,2
B-train-00501,1,2,argmax,Doanh thu,Tuyến,B-train-00501-q05,Đồng bằng sông Cửu Long,5,Đồng bằng sông Cửu Long,5,True,5|10,5|10,2,2
B-train-00501,1,2,argmin,Hành khách,Tuyến,B-train-00501-q08,Nha Trang – Đà Lạt,10,Nha Trang – Đà Lạt,10,True,5|10,5|10,2,2
B-train-00502,2,1,argmin,Đã giải quyết,Nhóm chế độ,B-train-00502-q05,Thai sản,10,Thai sản,10,True,3|10,3|10,2,2
B-train-00502,1,1,argmin,Tỷ trọng (%),Nhóm chế độ,B-train-00502-q06,Hưu trí,3,Hưu trí,3,True,3|5,3|5,2,2
B-train-00502,1,1,argmax,Chi trả,Nhóm chế độ,B-train-00502-q08,Ốm đau,5,Ốm đau,5,True,3|5,3|5,2,2
B-train-00502,2,1,argmax,Tỷ trọng (%),Nhóm chế độ,B-train-00502-q10,Thất nghiệp,3,Thất nghiệp,3,True,3|10,3|10,2,2
B-train-00503,1,2,argmax,Kỳ này,Gói thầu,B-train-00503-q09,GT35,10,Đà Nẵng,8,False,7|10,8,2,1
B-train-00503,1,2,argmax,Giá trúng,Gói thầu,B-train-00503-q10,GT93,7,Đà Nẵng,8,False,7|10,8,2,1
B-train-00504,1,2,argmax,Lũy kế,Nhóm chế độ,B-train-00504-q03,Thai sản,11,Miền Nam,8,False,11,8,1,1
B-train-00504,1,1,argmax,Định biên,Phòng ban,B-train-00504-q10,Miền Nam,9,Miền Nam,9,True,9,9,1,1
B-train-00505,1,1,argmin,Công suất phòng,Điểm đến,B-train-00505-q02,Phố cổ Hội An,4,Phố cổ Hội An,4,True,4|6|13,3|4|13,3,3
B-train-00505,1,1,argmax,Công suất phòng,Điểm đến,B-train-00505-q03,Vịnh Hạ Long,13,Vịnh Hạ Long,13,True,4|6|13,3|4|13,3,3
B-train-00505,1,1,argmin,Khách nội địa,Điểm đến,B-train-00505-q07,Nha Trang,6,Vịnh Hạ Long,3,False,4|6|13,3|4|13,3,3
B-train-00505,1,1,argmax,Khách quốc tế,Điểm đến,B-train-00505-q09,Phố cổ Hội An,4,Phố cổ Hội An,4,True,4|6|13,3|4|13,3,3
B-train-00506,1,1,argmax,Tỷ trọng (%),Khu vực,B-train-00506-q02,Đồng bằng sông Cửu Long,12,Đồng bằng sông Cửu Long,12,True,9|12|14,9|12|14,3,3
B-train-00506,1,1,argmin,Chênh lệch,Khu vực,B-train-00506-q07,Miền Trung,14,Miền Trung,14,True,9|12|14,9|12|14,3,3
B-train-00506,1,1,argmax,Tỷ lệ,Khu vực,B-train-00506-q10,Miền Trung,9,Miền Trung,9,True,9|12|14,9|12|14,3,3
B-train-00507,1,1,argmax,Sản lượng,Trạm,B-train-00507-q01,Trạm Tây Đô,6,Trạm Tây Đô,6,True,6|10|11,6|10|11,3,3
B-train-00507,1,1,argmin,Tổn thất,Trạm,B-train-00507-q05,Trạm Nam Sông,10,Trạm Nam Sông,10,True,6|10|11,6|10|11,3,3
B-train-00507,1,1,argmax,Công suất đỉnh,Trạm,B-train-00507-q10,Đồng Nai,11,Đồng Nai,11,True,6|10|11,6|10|11,3,3
B-train-00508,1,1,argmin,Tỷ trọng (%),Điểm quan trắc,B-train-00508-q04,KCN Long Thành,6,KCN Long Thành,6,True,6|11,6|11,2,2
B-train-00508,2,1,argmax,COD,Điểm quan trắc,B-train-00508-q09,Sông Hồng,10,Sông Hồng,10,True,10,10,1,1
B-train-00508,1,1,argmax,Kỳ này,Điểm quan trắc,B-train-00508-q10,KCN Long Thành,11,KCN Long Thành,11,True,6|11,6|11,2,2
B-train-00509,1,2,argmax,Chênh lệch,Khu vực,B-train-00509-q01,Tây Nguyên,6,Tây Nguyên,6,True,3|6,6|9,2,2
B-train-00509,1,1,argmin,Giá trúng,Gói thầu,B-train-00509-q02,GT76,9,GT76,9,True,9,9,1,1
B-train-00509,1,2,argmin,Tỷ trọng (%),Khu vực,B-train-00509-q04,Miền Bắc,3,Miền Bắc,9,True,3|6,6|9,2,2
B-train-00509,1,2,argmax,Thực hiện,Khu vực,B-train-00509-q06,Tây Nguyên,6,Tây Nguyên,6,True,3|6,6|9,2,2
B-train-00510,1,1,argmax,Kế hoạch năm,Dự án,B-train-00510-q06,Cầu Đông Thành,13,Cầu Đông Thành,13,True,4|13,4|13,2,2
B-train-00510,1,1,argmin,Tiến độ,Dự án,B-train-00510-q10,Đường vành đai,4,Đường vành đai,4,True,4|13,4|13,2,2
B-train-00511,1,1,argmax,Lũy kế,Đơn vị,B-train-00511-q06,THPT Chu Văn An,7,THPT Chu Văn An,7,True,7|12|17,7|12|14,3,3
B-train-00511,1,1,argmax,Đạt,Đơn vị,B-train-00511-q08,THPT Chu Văn An,12,THPT Chu Văn An,12,True,7|12|17,7|12|14,3,3
B-train-00511,1,1,argmin,Lũy kế,Đơn vị,B-train-00511-q09,THPT Chu Văn An,17,Lâm Đồng,14,False,7|12|17,7|12|14,3,3
B-train-00512,1,2,argmax,Tỷ trọng (%),Phòng ban,B-train-00512-q04,Hành chính,7,Đồng bằng sông Cửu Long,12,False,6|7,6|12,2,2
B-train-00512,1,1,argmax,Kỳ trước,Gói thầu,B-train-00512-q05,GT87,10,GT87,10,True,6|10,6|10,2,2
B-train-00512,1,2,argmin,Thiếu/thừa,Phòng ban,B-train-00512-q06,Công nghệ,6,Công nghệ,6,True,6|7,6|12,2,2
B-train-00512,1,1,argmin,Kỳ này,Gói thầu,B-train-00512-q09,GT48,6,GT48,6,True,6|10,6|10,2,2
B-train-00513,1,1,argmin,Nhập,Mã hàng,B-train-00513-q04,VT430,13,VT430,13,True,7|13,7|13,2,2
B-train-00513,1,2,argmin,Hiện có,Phòng ban,B-train-00513-q05,Công nghệ,6,Lâm Đồng,3,False,3|6,3,2,1
B-train-00513,1,2,argmax,Định biên,Phòng ban,B-train-00513-q06,Lâm Đồng,3,Lâm Đồng,3,True,3|6,3,2,1
B-train-00513,1,1,argmax,Xuất,Mã hàng,B-train-00513-q09,VT454,7,VT454,7,True,7|13,7|13,2,2
B-train-00514,1,1,argmin,Thực hiện,Khu vực,B-train-00514-q01,Hải Phòng,3,Hải Phòng,3,True,3|14,3,2,1
B-train-00514,1,1,argmin,Tỷ lệ,Khu vực,B-train-00514-q02,Hải Phòng,3,Hải Phòng,3,True,3|14,3,2,1
B-train-00514,1,1,argmax,Thực hiện,Khu vực,B-train-00514-q04,Miền Trung,14,Hải Phòng,3,False,3|14,3,2,1
B-train-00515,1,1,argmin,Lũy kế,Nhóm chế độ,B-train-00515-q01,Thai sản,11,Thai sản,11,True,8|11,8|11,2,2
B-train-00515,1,2,argmin,Chênh lệch,Khu vực,B-train-00515-q02,Miền Nam,5,Miền Nam,5,True,5,5,1,1
B-train-00515,1,1,argmax,Chi trả,Nhóm chế độ,B-train-00515-q03,Hưu trí,8,Hưu trí,8,True,8|11,8|11,2,2
B-train-00515,1,1,argmax,Đã giải quyết,Nhóm chế độ,B-train-00515-q08,Hưu trí,8,Hưu trí,8,True,8|11,8|11,2,2
B-train-00516,1,1,argmin,Chi phí,Kho/điểm,B-train-00516-q01,Kho Đà Nẵng,9,Kho Đà Nẵng,9,True,7|9,7|9,2,2
B-train-00516,1,1,argmax,Tồn cuối,Kho/điểm,B-train-00516-q03,Kho trung chuyển,7,Kho trung chuyển,7,True,7|9,7|9,2,2
B-train-00516,1,2,argmax,Tồn cuối,Kho/điểm,B-train-00516-q09,Kho Bình Dương,10,Kho Bình Dương,10,True,10,10,1,1
B-train-00517,1,2,argmin,Tỷ trọng (%),Gói thầu,B-train-00517-q04,GT23,9,GT23,9,True,7|9,7|9|11,2,3
B-train-00517,1,2,argmax,Kế hoạch năm,Gói thầu,B-train-00517-q05,GT52,7,Khánh Hòa,11,False,7|9,7|9|11,2,3
B-train-00517,1,2,argmax,Tỷ trọng (%),Gói thầu,B-train-00517-q08,GT52,7,GT52,7,True,7|9,7|9|11,2,3
B-train-00518,1,1,argmax,Chênh lệch,Khu vực,B-train-00518-q01,Miền Bắc,13,Đà Nẵng,5,False,3|10|13,5|7|10,3,3
B-train-00518,1,1,argmin,Chênh lệch,Khu vực,B-train-00518-q02,Miền Bắc,3,Đồng bằng sông Cửu Long,7,False,3|10|13,5|7|10,3,3
B-train-00518,1,1,argmin,Thực hiện,Khu vực,B-train-00518-q03,Miền Nam,10,Miền Nam,10,True,3|10|13,5|7|10,3,3
B-train-00519,1,1,argmin,Kỳ trước,Khu vực,B-train-00519-q03,Tây Nguyên,11,Tây Nguyên,11,True,3|4|7|11,3|4|7|11,4,4
B-train-00519,1,1,argmin,Thực hiện,Khu vực,B-train-00519-q04,Miền Trung,4,Miền Trung,4,True,3|4|7|11,3|4|7|11,4,4
B-train-00519,1,1,argmax,Thực hiện,Khu vực,B-train-00519-q05,Miền Bắc,3,Miền Bắc,3,True,3|4|7|11,3|4|7|11,4,4
B-train-00519,1,1,argmax,Kế hoạch năm,Khu vực,B-train-00519-q10,Đồng bằng sông Cửu Long,7,Đồng bằng sông Cửu Long,7,True,3|4|7|11,3|4|7|11,4,4
B-train-00520,1,2,argmax,Tuyển mới,Phòng ban,B-train-00520-q02,Vận hành,11,Vận hành,11,True,8|11,5|11,2,2
B-train-00520,1,2,argmax,Kế hoạch năm,Phòng ban,B-train-00520-q03,Chăm sóc khách hàng,8,Miền Nam,5,False,8|11,5|11,2,2
B-train-00521,2,1,argmin,Kế hoạch năm,Điểm bán,B-train-00521-q02,Cửa hàng 01,15,Cửa hàng 01,15,True,5|15,5|15,2,2
B-train-00521,2,1,argmax,Giá trị bán,Điểm bán,B-train-00521-q06,Cửa hàng 01,5,Cửa hàng 01,5,True,5|15,5|15,2,2
B-train-00521,1,1,argmax,Giá trị bán,Điểm bán,B-train-00521-q07,Siêu thị trung tâm,10,Siêu thị trung tâm,10,True,10,10,1,1
B-train-00522,1,1,argmin,Tiến độ,Dự án,B-train-00522-q01,Mức A | ưu tiên,5,Mức A | ưu tiên,5,True,5|10,5|7,2,2
B-train-00522,1,1,argmin,Giá trị hợp đồng,Dự án,B-train-00522-q06,Trường liên cấp,10,Đà Nẵng,7,False,5|10,5|7,2,2
B-train-00523,1,2,argmax,Tiến độ,Dự án,B-train-00523-q01,Cầu Đông Thành,8,Cầu Đông Thành,8,True,5|8,5|8,2,2
B-train-00523,1,2,argmin,Kế hoạch năm,Dự án,B-train-00523-q03,Trường liên cấp,5,Trường liên cấp,5,True,5|8,5|8,2,2
B-train-00523,1,1,argmin,Lũy kế,Gói thầu,B-train-00523-q05,GT46,8,GT46,8,True,8,8,1,1
B-train-00523,1,1,argmax,Giá trúng,Gói thầu,B-train-00523-q10,GT46,8,GT46,8,True,8,8,1,1
B-train-00524,1,2,argmin,Lũy kế,Tuyến,B-train-00524-q02,Đà Nẵng – Huế,8,Đà Nẵng – Huế,8,True,8,8,1,1
B-train-00524,1,2,argmax,Kế hoạch năm,Tuyến,B-train-00524-q09,Đà Nẵng – Huế,8,Đà Nẵng – Huế,8,True,8,8,1,1
B-train-00524,2,1,argmin,Lũy kế,Điểm bán,B-train-00524-q10,Cửa hàng 01,8,Cửa hàng 01,8,True,8,8,1,1
B-train-00525,2,1,argmax,Phí bảo hiểm,Nghiệp vụ,B-train-00525-q02,Sức khỏe,8,Sức khỏe,8,True,8,8,1,1
B-train-00525,1,1,argmax,Kế hoạch năm,Nghiệp vụ,B-train-00525-q08,Hàng hóa,6,Hàng hóa,6,True,6|14,6|14,2,2
B-train-00525,1,1,argmin,Bồi thường,Nghiệp vụ,B-train-00525-q09,Xe cơ giới,14,Xe cơ giới,14,True,6|14,6|14,2,2
B-train-00526,1,1,argmin,Đúng giờ,Tuyến,B-train-00526-q02,Nha Trang – Đà Lạt,6,Nha Trang – Đà Lạt,6,True,6|7,6|7,2,2
B-train-00526,2,1,argmax,Công suất đỉnh,Trạm,B-train-00526-q07,Trạm 110kV Bắc,3,Trạm 220kV Trung Đã đối chiếu,9,False,3,9,1,1
B-train-00526,1,1,argmin,Lũy kế,Tuyến,B-train-00526-q10,Hà Nội – Hải Phòng,7,Hà Nội – Hải Phòng,7,True,6|7,6|7,2,2
B-train-00527,1,1,argmin,Lũy kế,Điểm bán,B-train-00527-q02,Điểm bán phía Nam,12,Điểm bán phía Nam,12,True,12|22,12|22,2,2
B-train-00527,1,1,argmax,Lũy kế,Điểm bán,B-train-00527-q05,Điểm bán phía Nam,22,Điểm bán phía Nam,22,True,12|22,12|22,2,2
B-train-00527,2,1,argmin,Số đơn,Điểm bán,B-train-00527-q07,Cửa hàng 01,13,Cửa hàng 01,13,True,13|23,13|23,2,2
B-train-00527,2,1,argmax,Tỷ trọng (%),Điểm bán,B-train-00527-q10,Cửa hàng 01,23,Cửa hàng 01,23,True,13|23,13|23,2,2
B-train-00528,2,1,argmax,Kế hoạch năm,Nghiệp vụ,B-train-00528-q05,Tai nạn con người,5,Tai nạn con người,5,True,5|9,5|9,2,2
B-train-00528,1,1,argmin,Lũy kế,Nghiệp vụ,B-train-00528-q07,Tài sản,10,Tài sản,10,True,10|14,10|14,2,2
B-train-00528,1,1,argmin,Phí bảo hiểm,Nghiệp vụ,B-train-00528-q08,Xe cơ giới,14,Xe cơ giới,14,True,10|14,10|14,2,2
B-train-00528,2,1,argmax,Bồi thường,Nghiệp vụ,B-train-00528-q09,Hàng hóa,9,Hàng hóa,9,True,5|9,5|9,2,2
B-train-00529,2,1,argmin,Lũy kế,Đơn vị,B-train-00529-q05,THPT Phan Bội Châu,7,THPT Phan Bội Châu,7,True,7|22,7|22,2,2
B-train-00529,1,1,argmin,Lũy kế,Đơn vị,B-train-00529-q06,THPT Nguyễn Trãi,18,THPT Nguyễn Trãi,18,True,18|20,18|20,2,2
B-train-00529,2,1,argmax,Tỷ trọng (%),Đơn vị,B-train-00529-q08,THPT Phan Bội Châu,22,THPT Phan Bội Châu,22,True,7|22,7|22,2,2
B-train-00529,1,1,argmax,Đạt,Đơn vị,B-train-00529-q09,THPT Trần Phú,20,THPT Trần Phú,20,True,18|20,18|20,2,2
B-train-00530,1,2,argmin,Tồn cuối,Kho/điểm,B-train-00530-q02,Kho Cần Thơ,11,Kho Cần Thơ,11,True,9|11|15,11|12|15,3,3
B-train-00530,1,2,argmax,Chi phí,Kho/điểm,B-train-00530-q04,Kho Bình Dương,15,Kho Bình Dương,15,True,9|11|15,11|12|15,3,3
B-train-00530,1,2,argmin,Lũy kế,Kho/điểm,B-train-00530-q05,Kho Cần Thơ,11,Kho Cần Thơ,11,True,9|11|15,11|12|15,3,3
B-train-00530,1,2,argmax,Kế hoạch năm,Kho/điểm,B-train-00530-q07,Kho Đà Nẵng,9,Miền Nam,12,False,9|11|15,11|12|15,3,3
B-train-00531,1,2,argmax,Kỳ trước,Tuyến,B-train-00531-q03,Đà Nẵng – Huế,4,Đà Nẵng – Huế,4,True,4|5,4|5,2,2
B-train-00531,1,1,argmax,Xuất,Mã hàng,B-train-00531-q04,VT533,7,VT533,7,True,5|7,5|7,2,2
B-train-00531,1,2,argmin,Kỳ này,Tuyến,B-train-00531-q05,TP.HCM – Cần Thơ,5,TP.HCM – Cần Thơ,5,True,4|5,4|5,2,2
B-train-00531,1,1,argmin,Xuất,Mã hàng,B-train-00531-q08,VT565,5,VT565,5,True,5|7,5|7,2,2
B-train-00532,1,2,argmax,Thuê bao,Khu vực,B-train-00532-q01,Khu vực ven biển,5,Khu vực ven biển,5,True,3|5,3|5,2,2
B-train-00532,1,2,argmax,Lưu lượng,Khu vực,B-train-00532-q08,Cụm BTS-01,3,Cụm BTS-01,3,True,3|5,3|5,2,2
B-train-00533,1,1,argmin,Tỷ trọng (%),Điểm đến,B-train-00533-q01,Miền Bắc,4,Miền Bắc,4,True,4|6|12,4|11|12,3,3
B-train-00533,1,1,argmin,Doanh thu,Điểm đến,B-train-00533-q03,Nha Trang,6,Nha Trang,11,True,4|6|12,4|11|12,3,3
B-train-00533,1,1,argmax,Tỷ trọng (%),Điểm đến,B-train-00533-q08,Phú Quốc,12,Phú Quốc,12,True,4|6|12,4|11|12,3,3
B-train-00533,1,2,argmax,Kỳ trước,Phòng ban,B-train-00533-q09,Chăm sóc khách hàng,8,Chăm sóc khách hàng,8,True,8,8,1,1
B-train-00534,1,2,argmax,Lũy kế,Kho/điểm,B-train-00534-q02,Miền Nam,11,Kho Hà Nội Đã đối chiếu,8,False,11,8,1,1
B-train-00534,1,1,argmin,Giá trúng,Gói thầu,B-train-00534-q06,GT36,7,GT36,7,True,4|7,4|7,2,2
B-train-00534,1,1,argmin,Tỷ trọng (%),Gói thầu,B-train-00534-q09,GT52,4,GT52,4,True,4|7,4|7,2,2
B-train-00535,1,2,argmax,Tỷ lệ,Nghiệp vụ,B-train-00535-q03,Hàng hóa,6,Hàng hóa,6,True,6|7,6|7,2,2
B-train-00535,1,2,argmax,Hợp đồng,Nghiệp vụ,B-train-00535-q07,Hàng hóa,6,Hàng hóa,6,True,6|7,6|7,2,2
B-train-00535,1,2,argmin,Bồi thường,Nghiệp vụ,B-train-00535-q08,Tai nạn con người,7,Tai nạn con người,7,True,6|7,6|7,2,2
B-train-00535,1,1,argmin,Doanh thu,Điểm đến,B-train-00535-q09,Phú Quốc,12,Phú Quốc,12,True,12,12,1,1
B-train-00536,1,1,argmax,Giá trúng,Gói thầu,B-train-00536-q01,GT29,5,GT29,5,True,5|10,5|10,2,2
B-train-00536,1,1,argmin,Giá trúng,Gói thầu,B-train-00536-q03,GT80,10,GT80,10,True,5|10,5|10,2,2
B-train-00536,1,2,argmax,Kỳ trước,Điểm bán,B-train-00536-q06,Cửa hàng 02,4,Cửa hàng 02,4,True,4,4,1,1
B-train-00537,1,2,argmax,Tổn thất,Trạm,B-train-00537-q01,Trạm 110kV Bắc,13,Trạm 110kV Bắc,13,True,11|13,3|13,2,2
B-train-00537,1,1,argmin,COD,Điểm quan trắc,B-train-00537-q03,Hồ Xuân Hương,5,Hồ Xuân Hương,5,True,5|7,5|7,2,2
B-train-00537,1,1,argmax,Kế hoạch năm,Điểm quan trắc,B-train-00537-q07,Tây Nguyên,7,Tây Nguyên,7,True,5|7,5|7,2,2
B-train-00537,1,2,argmin,Sự cố,Trạm,B-train-00537-q10,Trạm Tây Đô,11,Khánh Hòa,3,False,11|13,3|13,2,2
B-train-00538,1,2,argmin,Tỷ trọng (%),Dự án,B-train-00538-q02,Nhà máy nước,6,Nhà máy nước,6,True,6|8,6|8,2,2
B-train-00538,1,1,argmax,Tỷ trọng (%),Phòng ban,B-train-00538-q04,Hành chính,7,Hành chính,7,True,7|13,7|13,2,2
B-train-00538,1,1,argmin,Tỷ trọng (%),Phòng ban,B-train-00538-q06,Hành chính,13,Hành chính,13,True,7|13,7|13,2,2
B-train-00538,1,2,argmax,Tỷ trọng (%),Dự án,B-train-00538-q09,Cầu Đông Thành,8,Cầu Đông Thành,8,True,6|8,6|8,2,2
B-train-00539,1,1,argmin,Tồn cuối,Kho/điểm,B-train-00539-q05,Kho Hà Nội,3,Kho Hà Nội,3,True,3|4|10,3|4|10,3,3
B-train-00539,1,1,argmax,Kỳ trước,Kho/điểm,B-train-00539-q08,Đồng Nai,10,Đồng Nai,10,True,3|4|10,3|4|10,3,3
B-train-00539,1,1,argmax,Chi phí,Kho/điểm,B-train-00539-q10,Kho Đà Nẵng,4,Kho Đà Nẵng,4,True,3|4|10,3|4|10,3,3
B-train-00540,2,1,argmin,Kỳ trước,Khu vực,B-train-00540-q04,Khu vực đô thị,11,Khu vực đô thị,11,True,9|11,9|11,2,2
B-train-00540,1,1,argmin,Tỷ lệ rớt cuộc,Khu vực,B-train-00540-q06,Cụm BTS-01,8,Cụm BTS-01,8,True,3|8,3|8,2,2
B-train-00540,1,1,argmax,Phản ánh,Khu vực,B-train-00540-q09,Mức A | ưu tiên,3,Mức A | ưu tiên,3,True,3|8,3|8,2,2
B-train-00540,2,1,argmax,Phản ánh,Khu vực,B-train-00540-q10,Cụm BTS-02,9,Cụm BTS-02,9,True,9|11,9|11,2,2
B-train-00541,1,1,argmax,Công suất đỉnh,Trạm,B-train-00541-q03,Trạm 220kV Trung,4,Trạm 220kV Trung,4,True,4|6,4|6,2,2
B-train-00541,1,1,argmin,Sản lượng,Trạm,B-train-00541-q08,Trạm 220kV Trung,4,Trạm Tây Đô,6,False,4|6,4|6,2,2
B-train-00541,1,1,argmin,Sự cố,Trạm,B-train-00541-q09,Trạm Tây Đô,6,Trạm Tây Đô,6,True,4|6,4|6,2,2
B-train-00542,1,1,argmin,Kế hoạch năm,Tuyến,B-train-00542-q02,Nha Trang – Đà Lạt,10,Nha Trang – Đà Lạt,10,True,4|10,4|10,2,2
B-train-00542,1,1,argmin,Hành khách,Tuyến,B-train-00542-q07,Đà Nẵng – Huế,4,Đà Nẵng – Huế,4,True,4|10,4|10,2,2
B-train-00543,2,1,argmax,Hiện có,Phòng ban,B-train-00543-q01,Kinh doanh,4,Kinh doanh,4,True,4,4,1,1
B-train-00543,1,1,argmin,Thiếu/thừa,Phòng ban,B-train-00543-q04,Vận hành,17,Vận hành,17,True,6|17,6|17,2,2
B-train-00543,1,1,argmin,Hiện có,Phòng ban,B-train-00543-q06,Vận hành,17,Vận hành,17,True,6|17,6|17,2,2
B-train-00543,1,1,argmax,Hiện có,Phòng ban,B-train-00543-q09,Công nghệ,6,Công nghệ,6,True,6|17,6|17,2,2
B-train-00544,1,2,argmax,Lũy kế,Tuyến,B-train-00544-q01,Hà Nội – Hải Phòng,7,Hà Nội – Hải Phòng,7,True,3|7,3|7,2,2
B-train-00544,1,2,argmax,Kỳ trước,Tuyến,B-train-00544-q03,Hà Nội – Hải Phòng,3,Hà Nội – Hải Phòng,3,True,3|7,3|7,2,2
B-train-00544,1,1,argmin,Lũy kế,Gói thầu,B-train-00544-q05,GT12,10,GT12,10,True,10,10,1,1
B-train-00545,2,1,argmax,Sản lượng,Trạm,B-train-00545-q01,Trạm Nam Sông,5,Trạm 110kV Bắc,13,False,5|8,8|13,2,2
B-train-00545,2,1,argmin,Công suất đỉnh,Trạm,B-train-00545-q02,Trạm 110kV Bắc,8,Trạm 110kV Bắc,8,True,5|8,8|13,2,2
B-train-00545,1,2,argmin,Đã giải quyết,Nhóm chế độ,B-train-00545-q06,Tai nạn lao động,7,Tai nạn lao động,7,True,7,7,1,1
B-train-00546,1,1,argmax,Lũy kế,Điểm đến,B-train-00546-q01,Đà Lạt,10,Đà Lạt,10,True,10|12|13|15,10|12|13|15,4,4
B-train-00546,1,1,argmin,Tỷ trọng (%),Điểm đến,B-train-00546-q02,Phú Quốc,12,Phú Quốc,12,True,10|12|13|15,10|12|13|15,4,4
B-train-00546,1,1,argmax,Khách quốc tế,Điểm đến,B-train-00546-q03,Vịnh Hạ Long,13,Vịnh Hạ Long,13,True,10|12|13|15,10|12|13|15,4,4
B-train-00546,1,1,argmin,Doanh thu,Điểm đến,B-train-00546-q10,Đà Lạt,15,Đà Lạt,15,True,10|12|13|15,10|12|13|15,4,4
B-train-00547,1,2,argmin,Kỳ trước,Trạm,B-train-00547-q04,Trạm 220kV Trung,9,Trạm 220kV Trung,9,True,6|9,6|9,2,2
B-train-00547,1,2,argmax,Tổn thất,Trạm,B-train-00547-q09,Lâm Đồng,6,Lâm Đồng,6,True,6|9,6|9,2,2
B-train-00548,1,1,argmin,Chuyển tuyến,Khoa,B-train-00548-q03,Nội tổng hợp,3,Nội tổng hợp,3,True,3|4|7,3|4|7,3,3
B-train-00548,1,2,argmax,Hành khách,Tuyến,B-train-00548-q06,TP.HCM – Cần Thơ,5,TP.HCM – Cần Thơ,5,True,5,5,1,1
B-train-00548,1,1,argmin,Lũy kế,Khoa,B-train-00548-q07,Ngoại,4,Ngoại,4,True,3|4|7,3|4|7,3,3
B-train-00548,1,1,argmax,Lượt khám,Khoa,B-train-00548-q10,Mắt,7,Mắt,7,True,3|4|7,3|4|7,3,3
B-train-00549,1,1,argmin,Số đơn,Điểm bán,B-train-00549-q01,Điểm bán phía Nam,12,Điểm bán phía Nam,12,True,9|12,9|12,2,2
B-train-00549,1,2,argmin,Kế hoạch,Khu vực,B-train-00549-q06,Đồng bằng sông Cửu Long,7,Miền Nam,5,False,7,5|7,1,2
B-train-00549,1,2,argmax,Tỷ lệ,Khu vực,B-train-00549-q07,Đồng bằng sông Cửu Long,7,Đồng bằng sông Cửu Long,7,True,7,5|7,1,2
B-train-00549,1,1,argmax,Giá trị bán,Điểm bán,B-train-00549-q10,Lâm Đồng,9,Lâm Đồng,9,True,9|12,9|12,2,2
B-train-00550,1,1,argmin,Kỳ trước,Nhóm chế độ,B-train-00550-q01,Thất nghiệp,4,Thất nghiệp,4,True,4,4,1,1
B-train-00550,1,2,argmax,Kỳ này,Trạm,B-train-00550-q02,Trạm Nam Sông,10,Trạm Nam Sông,10,True,5|7|10,6|7|10,3,3
B-train-00550,1,2,argmax,Lũy kế,Trạm,B-train-00550-q04,Trạm Cao Nguyên,7,Trạm Cao Nguyên,7,True,5|7|10,6|7|10,3,3
B-train-00550,1,2,argmin,Kỳ này,Trạm,B-train-00550-q06,Trạm Nam Sông,5,Trạm Tây Đô Đã đối chiếu,6,False,5|7|10,6|7|10,3,3
B-train-00551,1,1,argmax,Kỳ trước,Mã hàng,B-train-00551-q01,VT089,13,VT089,13,True,5|8|13,5|8|13,3,3
B-train-00551,1,1,argmin,Nhập,Mã hàng,B-train-00551-q03,VT688,5,VT688,5,True,5|8|13,5|8|13,3,3
B-train-00551,2,1,argmin,Lũy kế,Điểm bán,B-train-00551-q05,Miền Nam,9,Miền Nam,9,True,9,9,1,1
B-train-00551,1,1,argmax,Tồn đầu,Mã hàng,B-train-00551-q08,VT715,8,VT715,8,True,5|8|13,5|8|13,3,3
B-train-00552,1,2,argmax,Nhập,Mã hàng,B-train-00552-q01,VT030,15,Tây Nguyên,8,False,8|15,8,2,1
B-train-00552,1,2,argmin,Nhập,Mã hàng,B-train-00552-q07,Tây Nguyên,8,Tây Nguyên,8,True,8|15,8,2,1
B-train-00552,1,1,argmin,Nợ quá hạn,Chi nhánh,B-train-00552-q09,Đà Nẵng 01,15,Đà Nẵng 01,15,True,15,15,1,1
B-train-00553,2,1,argmax,Giá dự toán,Gói thầu,B-train-00553-q07,GT24,4,GT24,4,True,4,4,1,1
B-train-00553,1,1,argmin,Kỳ trước,Gói thầu,B-train-00553-q08,GT33,16,GT33,16,True,16,16,1,1
B-train-00554,1,2,argmax,Tỷ lệ,Khu vực,B-train-00554-q02,Miền Trung,9,Miền Trung,9,True,7|9,7|9,2,2
B-train-00554,1,2,argmin,Chênh lệch,Khu vực,B-train-00554-q03,Đồng bằng sông Cửu Long,7,Đồng bằng sông Cửu Long,7,True,7|9,7|9,2,2
B-train-00554,1,1,argmin,Đơn xử lý,Kho/điểm,B-train-00554-q04,Kho Đà Nẵng,4,Kho Đà Nẵng,4,True,4|6,4|6,2,2
B-train-00554,1,1,argmax,Kế hoạch năm,Kho/điểm,B-train-00554-q06,Kho Cần Thơ,6,Kho Cần Thơ,6,True,4|6,4|6,2,2
B-train-00555,1,2,argmin,Lũy kế,Nghiệp vụ,B-train-00555-q04,Đà Nẵng,5,Đà Nẵng,5,True,4|5|7,4|5|7,3,3
B-train-00555,2,1,argmax,Kỳ trước,Tuyến,B-train-00555-q07,TP.HCM – Cần Thơ,5,TP.HCM – Cần Thơ,5,True,5,5,1,1
B-train-00555,1,2,argmin,Tỷ lệ,Nghiệp vụ,B-train-00555-q09,Tai nạn con người,7,Tai nạn con người,7,True,4|5|7,4|5|7,3,3
B-train-00555,1,2,argmax,Kỳ này,Nghiệp vụ,B-train-00555-q10,Mức A | ưu tiên,4,Mức A | ưu tiên,4,True,4|5|7,4|5|7,3,3
B-train-00556,1,2,argmax,Nhập viện,Khoa,B-train-00556-q02,Ngoại,10,Ngoại,10,True,10|11,10|11,2,2
B-train-00556,1,2,argmin,Nhập viện,Khoa,B-train-00556-q06,Nhi,11,Nhi,11,True,10|11,10|11,2,2
B-train-00556,2,1,argmax,Định biên,Phòng ban,B-train-00556-q07,Vận hành,5,Kế toán,4,False,5,4,1,1
B-train-00557,2,1,argmin,Kế hoạch năm,Trạm,B-train-00557-q02,Mức A | ưu tiên,20,Mức A | ưu tiên,20,True,14|20,14|20,2,2
B-train-00557,2,1,argmax,Tổn thất,Trạm,B-train-00557-q07,Trạm Cao Nguyên,14,Trạm Cao Nguyên,14,True,14|20,14|20,2,2
B-train-00557,1,1,argmin,Kỳ này,Trạm,B-train-00557-q09,Trạm 110kV Bắc,18,Trạm 110kV Bắc,18,True,17|18,17|18,2,2
B-train-00557,1,1,argmax,Kỳ trước,Trạm,B-train-00557-q10,Trạm Cao Nguyên,17,Trạm Cao Nguyên,17,True,17|18,17|18,2,2
B-train-00558,1,2,argmin,Thiếu/thừa,Phòng ban,B-train-00558-q03,Vận hành,5,Vận hành,5,True,5|6,5|6,2,2
B-train-00558,1,1,argmax,COD,Điểm quan trắc,B-train-00558-q04,Sông Hồng,3,Sông Hồng,3,True,3,3,1,1
B-train-00558,1,2,argmin,Tuyển mới,Phòng ban,B-train-00558-q10,Công nghệ,6,Công nghệ,6,True,5|6,5|6,2,2
B-train-00559,1,2,argmin,Kỳ này,Khu vực,B-train-00559-q02,Tây Nguyên,6,Tây Nguyên,6,True,5|6,5|6,2,2
B-train-00559,1,2,argmax,Thực hiện,Khu vực,B-train-00559-q05,Miền Nam,5,Miền Nam,5,True,5|6,5|6,2,2
B-train-00559,1,1,argmax,Nợ quá hạn,Chi nhánh,B-train-00559-q08,Cần Thơ 02,12,Cần Thơ 02,12,True,9|12,9|12,2,2
B-train-00559,1,1,argmin,Tăng trưởng,Chi nhánh,B-train-00559-q10,Hải Phòng 02,9,Hải Phòng 02,9,True,9|12,9|12,2,2
B-train-00560,1,2,argmax,Kỳ này,Trạm,B-train-00560-q08,Trạm 110kV Bắc,13,Trạm 110kV Bắc,13,True,7|13,7|13,2,2
B-train-00560,1,2,argmax,Công suất đỉnh,Trạm,B-train-00560-q09,Trạm Cao Nguyên,7,Trạm Cao Nguyên,7,True,7|13,7|13,2,2
B-train-00561,1,2,argmin,Lũy kế,Trạm,B-train-00561-q01,Trạm Nam Sông,5,Trạm Nam Sông,5,True,5|7,3|5,2,2
B-train-00561,1,2,argmin,Tỷ trọng (%),Trạm,B-train-00561-q06,Trạm Cao Nguyên,7,Hải Phòng,3,False,5|7,3|5,2,2
B-train-00561,1,1,argmax,Giải ngân,Dự án,B-train-00561-q08,Trường liên cấp,5,Trường liên cấp,5,True,5,5,1,1
B-train-00562,1,2,argmax,Sự cố,Trạm,B-train-00562-q07,Trạm Tây Đô,11,Trạm 110kV Bắc,3,False,11,3,1,1
B-train-00562,1,1,argmax,Hành khách,Tuyến,B-train-00562-q09,Đà Nẵng – Huế,8,Đà Nẵng – Huế,8,True,8,8,1,1
B-train-00563,1,2,argmin,Doanh thu,Tuyến,B-train-00563-q02,Đà Nẵng – Huế,4,Hải Phòng,10,False,4,10,1,1
B-train-00563,1,1,argmin,Số đơn,Điểm bán,B-train-00563-q03,Điểm bán phía Nam,7,Điểm bán phía Nam,7,True,7|15,7|15,2,2
B-train-00563,1,1,argmax,Giá trị bán,Điểm bán,B-train-00563-q06,Siêu thị trung tâm,15,Siêu thị trung tâm,15,True,7|15,7|15,2,2
B-train-00564,2,1,argmin,Đã giải quyết,Nhóm chế độ,B-train-00564-q05,Thai sản,18,Thai sản,18,True,16|17|18|19,16|17|18|19,4,4
B-train-00564,2,1,argmax,Chi trả,Nhóm chế độ,B-train-00564-q07,Tai nạn lao động,19,Tai nạn lao động,19,True,16|17|18|19,16|17|18|19,4,4
B-train-00564,2,1,argmin,Kỳ này,Nhóm chế độ,B-train-00564-q08,Thất nghiệp,16,Thất nghiệp,16,True,16|17|18|19,16|17|18|19,4,4
B-train-00564,2,1,argmax,Kế hoạch năm,Nhóm chế độ,B-train-00564-q09,Ốm đau,17,Ốm đau,17,True,16|17|18|19,16|17|18|19,4,4
B-train-00565,1,1,argmax,Trễ hạn,Nhóm chế độ,B-train-00565-q03,Ốm đau,15,Ốm đau,15,True,5|15,5|15,2,2
B-train-00565,2,1,argmin,Chi trả,Nhóm chế độ,B-train-00565-q04,Thai sản,16,Thai sản,16,True,8|16,8|16,2,2
B-train-00565,1,1,argmin,Kỳ này,Nhóm chế độ,B-train-00565-q05,Ốm đau,5,Ốm đau,5,True,5|15,5|15,2,2
B-train-00565,2,1,argmax,Đã giải quyết,Nhóm chế độ,B-train-00565-q10,Hưu trí,8,Hưu trí,8,True,8|16,8|16,2,2
B-train-00566,1,1,argmax,Lũy kế,Khu vực,B-train-00566-q02,Tây Nguyên,6,Tây Nguyên,6,True,6|8|12,4|6|12,3,3
B-train-00566,1,1,argmin,Tỷ lệ,Khu vực,B-train-00566-q05,Đồng bằng sông Cửu Long,12,Đồng bằng sông Cửu Long,12,True,6|8|12,4|6|12,3,3
B-train-00566,1,1,argmax,Tỷ trọng (%),Khu vực,B-train-00566-q09,Miền Bắc,8,Đà Nẵng,4,False,6|8|12,4|6|12,3,3
B-train-00567,1,1,argmin,Kỳ trước,Khu vực,B-train-00567-q02,Cụm BTS-02,4,Cụm BTS-02,4,True,4|9,4|9,2,2
B-train-00567,1,2,argmax,Kỳ trước,Đơn vị,B-train-00567-q08,THPT Nguyễn Trãi,8,Đà Nẵng,6,False,8,6,1,1
B-train-00567,1,1,argmax,Tỷ trọng (%),Khu vực,B-train-00567-q09,Cụm BTS-02,9,Cụm BTS-02,9,True,4|9,4|9,2,2
B-train-00568,1,1,argmin,Lũy kế,Nghiệp vụ,B-train-00568-q02,Sức khỏe,8,Sức khỏe,8,True,8,8,1,1
B-train-00568,1,2,argmax,Công suất phòng,Điểm đến,B-train-00568-q04,Phố cổ Hội An,9,Tây Nguyên,13,False,8|9|11,8|11|13,3,3
B-train-00568,1,2,argmax,Lũy kế,Điểm đến,B-train-00568-q07,Vịnh Hạ Long,8,Vịnh Hạ Long,8,True,8|9|11,8|11|13,3,3
B-train-00568,1,2,argmin,Kế hoạch năm,Điểm đến,B-train-00568-q08,Nha Trang,11,Nha Trang,11,True,8|9|11,8|11|13,3,3
B-train-00569,2,1,argmax,Nhập,Mã hàng,B-train-00569-q04,VT712,10,VT712,10,True,10,10,1,1
B-train-00569,1,1,argmax,Tỷ trọng (%),Phòng ban,B-train-00569-q05,Chăm sóc khách hàng,8,Chăm sóc khách hàng,8,True,8|13,8|13,2,2
B-train-00569,1,1,argmin,Lũy kế,Phòng ban,B-train-00569-q06,Hành chính,13,Hành chính,13,True,8|13,8|13,2,2
B-train-00569,1,2,argmin,Tồn cuối,Mã hàng,B-train-00569-q07,VT386,14,Miền Trung,7,False,14,7,1,1
B-train-00570,2,1,argmax,Giải ngân,Dự án,B-train-00570-q03,Nhà máy nước,11,Nhà máy nước,11,True,8|11,8|11,2,2
B-train-00570,1,1,argmax,Kỳ này,Địa bàn,B-train-00570-q04,Cần Thơ,8,Cần Thơ,8,True,6|8,6|8,2,2
B-train-00570,1,1,argmin,Diện tích (ha),Địa bàn,B-train-00570-q06,Khánh Hòa,6,Khánh Hòa,6,True,6|8,6|8,2,2
B-train-00570,2,1,argmin,Giải ngân,Dự án,B-train-00570-q07,Cầu Đông Thành,8,Cầu Đông Thành,8,True,8|11,8|11,2,2
B-train-00571,1,1,argmax,Giá trị bán,Điểm bán,B-train-00571-q01,Siêu thị trung tâm,15,Siêu thị trung tâm,15,True,15,15,1,1
B-train-00571,2,1,argmin,Giá trị bán,Điểm bán,B-train-00571-q06,Cửa hàng 02,16,Cửa hàng 02,16,True,10|16,10|16,2,2
B-train-00571,2,1,argmax,Lũy kế,Điểm bán,B-train-00571-q08,Cửa hàng 01,10,Cửa hàng 01,10,True,10|16,10|16,2,2
B-train-00572,2,1,argmin,Doanh thu,Tuyến,B-train-00572-q04,TP.HCM – Cần Thơ,9,TP.HCM – Cần Thơ,9,True,9,9,1,1
B-train-00572,1,2,argmin,Kỳ này,Dự án,B-train-00572-q08,Cầu Đông Thành,8,Cầu Đông Thành,8,True,8,8,1,1
B-train-00573,1,2,argmin,COD,Điểm quan trắc,B-train-00573-q01,Sông Hương,9,Sông Hương,9,True,9|11,9|11,2,2
B-train-00573,1,2,argmax,BOD5,Điểm quan trắc,B-train-00573-q05,KCN Long Thành,11,KCN Long Thành,11,True,9|11,9|11,2,2
B-train-00573,1,1,argmax,Lưu lượng,Khu vực,B-train-00573-q09,Cụm BTS-02,4,Cụm BTS-02,4,True,4,4,1,1
B-train-00574,1,2,argmin,Sự cố,Trạm,B-train-00574-q03,Trạm 220kV Trung,4,Trạm 220kV Trung,4,True,4|6,4|13,2,2
B-train-00574,1,2,argmin,Kỳ trước,Trạm,B-train-00574-q04,Trạm Tây Đô,6,Hải Phòng,13,False,4|6,4|13,2,2
B-train-00574,1,1,argmax,Lũy kế,Địa bàn,B-train-00574-q06,Lâm Đồng,16,Lâm Đồng,16,True,16,16,1,1
B-train-00575,1,1,argmax,Kế hoạch năm,Gói thầu,B-train-00575-q02,GT08,14,GT89 Đã đối chiếu,7,False,13|14|19,7|13,3,2
B-train-00575,1,1,argmin,Kế hoạch năm,Gói thầu,B-train-00575-q08,GT26,13,GT26,13,True,13|14|19,7|13,3,2
B-train-00575,1,1,argmin,Giá dự toán,Gói thầu,B-train-00575-q09,GT22,19,GT89 Đã đối chiếu,7,False,13|14|19,7|13,3,2
B-train-00576,1,1,argmin,Kỳ này,Nghiệp vụ,B-train-00576-q04,Miền Bắc,10,Miền Bắc,10,True,6|10,6|10,2,2
B-train-00576,1,1,argmin,Kế hoạch năm,Nghiệp vụ,B-train-00576-q08,Hàng hóa,6,Hàng hóa,6,True,6|10,6|10,2,2
B-train-00577,1,1,argmax,Số chuyến,Tuyến,B-train-00577-q04,Đà Nẵng,5,Đà Nẵng,5,True,5|9|10,5|8|10,3,3
B-train-00577,1,1,argmin,Doanh thu,Tuyến,B-train-00577-q07,TP.HCM – Cần Thơ,9,Đà Nẵng – Huế,8,False,5|9|10,5|8|10,3,3
B-train-00577,1,1,argmin,Đúng giờ,Tuyến,B-train-00577-q08,Nha Trang – Đà Lạt,10,Đà Nẵng,5,False,5|9|10,5|8|10,3,3
B-train-00577,1,1,argmax,Hành khách,Tuyến,B-train-00577-q09,Nha Trang – Đà Lạt,10,Nha Trang – Đà Lạt,10,True,5|9|10,5|8|10,3,3
B-train-00578,1,1,argmin,Doanh thu,Điểm đến,B-train-00578-q02,Hải Phòng,12,Hải Phòng,12,True,12,12,1,1
B-train-00578,1,2,argmin,Thuê bao,Khu vực,B-train-00578-q07,Khu vực đô thị,6,Khu vực đô thị,6,True,6|7,6|7,2,2
B-train-00578,1,2,argmax,Tỷ lệ rớt cuộc,Khu vực,B-train-00578-q09,Mức A | ưu tiên,7,Mức A | ưu tiên,7,True,6|7,6|7,2,2
B-train-00579,1,1,argmax,Kỳ này,Kho/điểm,B-train-00579-q01,Kho Hà Nội,8,Kho Hà Nội,8,True,8|16,8|16,2,2
B-train-00579,1,1,argmin,Chi phí,Kho/điểm,B-train-00579-q06,Kho Hà Nội,8,Kho Hà Nội,8,True,8|16,8|16,2,2
B-train-00579,1,2,argmin,Kế hoạch năm,Gói thầu,B-train-00579-q08,GT86,3,Khánh Hòa,5,False,3,5,1,1
B-train-00579,1,1,argmax,Chi phí,Kho/điểm,B-train-00579-q10,Kho Cần Thơ,16,Kho Cần Thơ,16,True,8|16,8|16,2,2
B-train-00580,2,1,argmax,Lượt khách,Điểm bán,B-train-00580-q04,Điểm bán phía Nam,7,Cửa hàng 02,4,False,7|11,4|9,2,2
B-train-00580,1,1,argmax,Khách quốc tế,Điểm đến,B-train-00580-q06,Nha Trang,6,Nha Trang,6,True,6,6,1,1
B-train-00580,2,1,argmin,Lượt khách,Điểm bán,B-train-00580-q10,Lâm Đồng,11,Cửa hàng 02,9,False,7|11,4|9,2,2
B-train-00581,1,1,argmin,Công suất phòng,Điểm đến,B-train-00581-q01,Phú Quốc,7,Phú Quốc,7,True,7,7,1,1
B-train-00581,1,2,argmax,Giá trúng,Gói thầu,B-train-00581-q06,GT56,10,GT56,10,True,7|9|10,7|9|10,3,3
B-train-00581,1,2,argmin,Giá dự toán,Gói thầu,B-train-00581-q07,GT17,7,GT17,7,True,7|9|10,7|9|10,3,3
B-train-00581,1,2,argmax,Tỷ trọng (%),Gói thầu,B-train-00581-q09,GT96,9,GT96,9,True,7|9|10,7|9|10,3,3
B-train-00582,1,1,argmax,Lũy kế,Gói thầu,B-train-00582-q03,GT52,16,GT52,16,True,16,16,1,1
B-train-00582,2,1,argmin,Kỳ trước,Gói thầu,B-train-00582-q07,GT43,23,GT43,23,True,21|23,21|23,2,2
B-train-00582,2,1,argmax,Tỷ trọng (%),Gói thầu,B-train-00582-q10,GT23,21,GT23,21,True,21|23,21|23,2,2
B-train-00583,1,2,argmax,Doanh thu,Tuyến,B-train-00583-q04,TP.HCM – Cần Thơ,13,Nha Trang – Đà Lạt,10,False,13,10,1,1
B-train-00583,1,1,argmin,Tỷ trọng (%),Mã hàng,B-train-00583-q07,VT571,8,VT571,8,True,4|8|9,4|8|9,3,3
B-train-00583,1,1,argmin,Kỳ trước,Mã hàng,B-train-00583-q08,VT697,4,VT697,4,True,4|8|9,4|8|9,3,3
B-train-00583,1,1,argmax,Nhập,Mã hàng,B-train-00583-q09,Miền Nam,9,Miền Nam,9,True,4|8|9,4|8|9,3,3
B-train-00584,1,1,argmin,Đạt,Đơn vị,B-train-00584-q03,THPT Phan Bội Châu,6,THPT Phan Bội Châu,6,True,6|8,6|8,2,2
B-train-00584,1,1,argmax,Kỳ trước,Đơn vị,B-train-00584-q08,THPT Nguyễn Trãi,8,THPT Nguyễn Trãi,8,True,6|8,6|8,2,2
B-train-00584,1,2,argmax,Tỷ trọng (%),Nhóm chế độ,B-train-00584-q09,Hưu trí,3,Hưu trí,3,True,3,3,1,1
B-train-00585,1,1,argmin,Kỳ trước,Điểm bán,B-train-00585-q01,Cửa hàng 02,9,Cửa hàng 02,9,True,4|7|9|22,4|7|9|22,4,4
B-train-00585,1,1,argmax,Giá trị bán,Điểm bán,B-train-00585-q02,Điểm bán phía Nam,7,Điểm bán phía Nam,7,True,4|7|9|22,4|7|9|22,4,4
B-train-00585,1,1,argmin,Giá trị bán,Điểm bán,B-train-00585-q04,Điểm bán phía Nam,22,Điểm bán phía Nam,22,True,4|7|9|22,4|7|9|22,4,4
B-train-00585,1,1,argmax,Kỳ trước,Điểm bán,B-train-00585-q07,Cửa hàng 02,4,Cửa hàng 02,4,True,4|7|9|22,4|7|9|22,4,4
B-train-00586,1,1,argmax,Tỷ trọng (%),Khu vực,B-train-00586-q01,Khu vực ven biển,10,Khu vực ven biển,10,True,5|10,5|8|10,2,3
B-train-00586,1,1,argmin,Tỷ lệ rớt cuộc,Khu vực,B-train-00586-q03,Khu vực ven biển,5,Khu vực ven biển,5,True,5|10,5|8|10,2,3
B-train-00586,1,2,argmax,Tồn đầu,Mã hàng,B-train-00586-q04,VT470,3,VT470,3,True,3,3,1,1
B-train-00586,1,1,argmin,Kế hoạch năm,Khu vực,B-train-00586-q05,Khu vực ven biển,10,Hải Phòng,8,False,5|10,5|8|10,2,3
B-train-00587,1,1,argmax,Kỳ trước,Phòng ban,B-train-00587-q03,Vận hành,11,Vận hành,11,True,8|11|16,8|11|16,3,3
B-train-00587,1,1,argmin,Thiếu/thừa,Phòng ban,B-train-00587-q05,Chăm sóc khách hàng,8,Chăm sóc khách hàng,8,True,8|11|16,8|11|16,3,3
B-train-00587,1,1,argmax,Kỳ này,Phòng ban,B-train-00587-q09,Kế toán,16,Kế toán,16,True,8|11|16,8|11|16,3,3
B-train-00588,1,2,argmax,Số đơn,Điểm bán,B-train-00588-q02,Cửa hàng 01,8,Lâm Đồng,11,False,6|8|10,6|10|11,3,3
B-train-00588,1,2,argmin,Giá trị bán,Điểm bán,B-train-00588-q08,Mức A | ưu tiên,10,Mức A | ưu tiên,10,True,6|8|10,6|10|11,3,3
B-train-00588,1,2,argmax,Lượt khách,Điểm bán,B-train-00588-q09,Điểm bán phía Bắc,6,Điểm bán phía Bắc,6,True,6|8|10,6|10|11,3,3
B-train-00589,1,1,argmin,pH,Điểm quan trắc,B-train-00589-q02,KCN Long Thành,6,Sông Hương,4,False,3|6|11,4|11,3,2
B-train-00589,1,1,argmax,pH,Điểm quan trắc,B-train-00589-q04,Khánh Hòa,11,Khánh Hòa,11,True,3|6|11,4|11,3,2
B-train-00589,1,2,argmin,Kỳ trước,Điểm quan trắc,B-train-00589-q07,Sông Hương,9,Sông Hương,9,True,9,9,1,1
B-train-00589,1,1,argmax,Kỳ này,Điểm quan trắc,B-train-00589-q08,Sông Hồng,3,Khánh Hòa,11,False,3|6|11,4|11,3,2
B-train-00590,1,1,argmin,Huy động,Chi nhánh,B-train-00590-q04,Hải Phòng 02,4,Hải Phòng 02,4,True,4,4,1,1
B-train-00590,1,2,argmax,Tỷ trọng (%),Khoa,B-train-00590-q06,Tai Mũi Họng,8,Tai Mũi Họng,8,True,8|11,8|11,2,2
B-train-00590,1,2,argmin,Kỳ này,Khoa,B-train-00590-q07,Nhi,11,Nhi,11,True,8|11,8|11,2,2
B-train-00591,1,2,argmin,Lượt khám,Khoa,B-train-00591-q01,Nội tổng hợp,3,Nội tổng hợp,3,True,3|10,3|10,2,2
B-train-00591,1,2,argmin,Chuyển tuyến,Khoa,B-train-00591-q03,Ngoại,10,Ngoại,10,True,3|10,3|10,2,2
B-train-00591,1,1,argmax,Kế hoạch năm,Chi nhánh,B-train-00591-q05,Cần Thơ 02,7,Cần Thơ 02,7,True,7,7,1,1
B-train-00591,1,1,argmax,Kỳ trước,Chi nhánh,B-train-00591-q09,Cần Thơ 02,7,Cần Thơ 02,7,True,7,7,1,1
B-train-00592,2,1,argmin,Kế hoạch năm,Trạm,B-train-00592-q02,Trạm Cao Nguyên,14,Trạm Cao Nguyên,14,True,14|15|18,14|15|18,3,3
B-train-00592,2,1,argmin,Lũy kế,Trạm,B-train-00592-q03,Trạm 110kV Bắc,15,Trạm 110kV Bắc,15,True,14|15|18,14|15|18,3,3
B-train-00592,1,1,argmax,Tổn thất,Trạm,B-train-00592-q07,Trạm 220kV Trung,14,Trạm 220kV Trung,14,True,14,14,1,1
B-train-00592,2,1,argmax,Lũy kế,Trạm,B-train-00592-q10,Trạm Tây Đô,18,Trạm Tây Đô,18,True,14|15|18,14|15|18,3,3
B-train-00593,2,1,argmax,Chi trả,Nhóm chế độ,B-train-00593-q02,Thất nghiệp,10,Thất nghiệp,10,True,8|10,8|10,2,2
B-train-00593,1,1,argmax,Chi trả,Nhóm chế độ,B-train-00593-q06,Thai sản,11,Thai sản,11,True,11,11,1,1
B-train-00593,2,1,argmin,Kỳ này,Nhóm chế độ,B-train-00593-q10,Tai nạn lao động,8,Tai nạn lao động,8,True,8|10,8|10,2,2
B-train-00594,1,1,argmax,Kế hoạch năm,Gói thầu,B-train-00594-q03,GT55,12,GT55,12,True,12|13,12|13,2,2
B-train-00594,1,1,argmax,Kỳ này,Gói thầu,B-train-00594-q05,GT92,13,GT92,13,True,12|13,12|13,2,2
B-train-00594,2,1,argmin,Lũy kế,Đơn vị,B-train-00594-q08,THPT Trần Phú,15,THPT Trần Phú,15,True,15,15,1,1
B-train-00595,1,1,argmin,Lũy kế,Gói thầu,B-train-00595-q02,GT52,7,GT52,7,True,7|10,7|10,2,2
B-train-00595,1,1,argmin,Giá trúng,Gói thầu,B-train-00595-q06,Tây Nguyên,10,Tây Nguyên,10,True,7|10,7|10,2,2
B-train-00595,1,2,argmax,Tồn cuối,Mã hàng,B-train-00595-q08,VT654,9,VT654,9,True,9,9,1,1
B-train-00596,1,1,argmax,Chuyển tuyến,Khoa,B-train-00596-q05,Miền Trung,15,Miền Trung,15,True,15,15,1,1
B-train-00596,1,2,argmin,Tồn cuối,Mã hàng,B-train-00596-q07,VT542,14,VT542,14,True,11|14,11|14,2,2
B-train-00596,1,2,argmax,Tỷ trọng (%),Mã hàng,B-train-00596-q10,VT799,11,VT799,11,True,11|14,11|14,2,2
B-train-00597,1,1,argmax,Kế hoạch năm,Trạm,B-train-00597-q03,Trạm 220kV Trung,14,Trạm 220kV Trung,14,True,6|14|23,6|14|23,3,3
B-train-00597,1,1,argmax,Tỷ trọng (%),Trạm,B-train-00597-q05,Trạm Tây Đô,6,Trạm Tây Đô,6,True,6|14|23,6|14|23,3,3
B-train-00597,2,1,argmin,Công suất đỉnh,Trạm,B-train-00597-q09,Trạm Cao Nguyên,11,Trạm Cao Nguyên,11,True,11,11,1,1
B-train-00597,1,1,argmin,Kế hoạch năm,Trạm,B-train-00597-q10,Trạm 110kV Bắc,23,Trạm 110kV Bắc,23,True,6|14|23,6|14|23,3,3
B-train-00598,1,2,argmax,Phí bảo hiểm,Nghiệp vụ,B-train-00598-q03,Sức khỏe,13,Sức khỏe,13,True,8|13,8|13,2,2
B-train-00598,1,2,argmin,Kỳ này,Nghiệp vụ,B-train-00598-q04,Sức khỏe,8,Sức khỏe,8,True,8|13,8|13,2,2
B-train-00598,1,2,argmax,Kế hoạch năm,Nghiệp vụ,B-train-00598-q07,Sức khỏe,8,Sức khỏe,8,True,8|13,8|13,2,2
B-train-00599,1,1,argmax,Kỳ này,Kho/điểm,B-train-00599-q02,Hà Nội,8,Hà Nội,8,True,6|8,6|8,2,2
B-train-00599,1,2,argmin,Kế hoạch năm,Khu vực,B-train-00599-q03,Cụm BTS-01,3,Cụm BTS-01,3,True,3|10,3|10,2,2
B-train-00599,1,1,argmin,Tồn cuối,Kho/điểm,B-train-00599-q05,Kho Cần Thơ,6,Kho Cần Thơ,6,True,6|8,6|8,2,2
B-train-00599,1,2,argmax,Kế hoạch năm,Khu vực,B-train-00599-q09,Khu vực ven biển,10,Khu vực ven biển,10,True,3|10,3|10,2,2
B-train-00600,2,1,argmin,Kế hoạch năm,Nghiệp vụ,B-train-00600-q03,Xe cơ giới,8,Xe cơ giới,8,True,8|12|18,8|12|18,3,3
B-train-00600,2,1,argmax,Tỷ lệ,Nghiệp vụ,B-train-00600-q04,Xe cơ giới,18,Xe cơ giới,18,True,8|12|18,8|12|18,3,3
B-train-00600,1,1,argmax,Bồi thường,Nghiệp vụ,B-train-00600-q06,Tài sản,10,Tài sản,10,True,10,10,1,1
B-train-00600,2,1,argmin,Tỷ lệ,Nghiệp vụ,B-train-00600-q10,Sức khỏe,12,Sức khỏe,12,True,8|12|18,8|12|18,3,3
B-train-00601,1,2,argmin,Giá trị bán,Điểm bán,B-train-00601-q01,Điểm bán phía Bắc,11,Điểm bán phía Bắc,11,True,7|11|14,7|11,3,2
B-train-00601,1,2,argmax,Tỷ trọng (%),Điểm bán,B-train-00601-q02,Miền Bắc,7,Miền Bắc,7,True,7|11|14,7|11,3,2
B-train-00601,1,1,argmin,Thuê bao,Khu vực,B-train-00601-q06,Khu vực miền núi,7,Khu vực miền núi,7,True,7,7,1,1
B-train-00601,1,2,argmax,Kỳ trước,Điểm bán,B-train-00601-q08,Cửa hàng 02,14,Miền Bắc,7,False,7|11|14,7|11,3,2
B-train-00602,1,1,argmax,Tỷ lệ rớt cuộc,Khu vực,B-train-00602-q01,Khu vực ven biển,20,Khu vực ven biển,20,True,17|20,17|20,2,2
B-train-00602,1,1,argmin,Kế hoạch năm,Khu vực,B-train-00602-q03,Khu vực miền núi,17,Khu vực miền núi,17,True,17|20,17|20,2,2
B-train-00602,1,1,argmin,Phản ánh,Khu vực,B-train-00602-q06,Khu vực miền núi,17,Khu vực miền núi,17,True,17|20,17|20,2,2
B-train-00602,2,1,argmax,Lưu lượng,Khu vực,B-train-00602-q10,Khu vực đô thị,13,Khu vực đô thị,13,True,13,13,1,1
B-train-00603,1,2,argmax,Phí bảo hiểm,Nghiệp vụ,B-train-00603-q02,Mức A | ưu tiên,10,Mức A | ưu tiên,10,True,3|10|12|13,5|10|12,4,3
B-train-00603,1,2,argmax,Tỷ trọng (%),Nghiệp vụ,B-train-00603-q05,Sức khỏe,3,Tài sản Đã đối chiếu,5,False,3|10|12|13,5|10|12,4,3
B-train-00603,1,2,argmin,Kỳ này,Nghiệp vụ,B-train-00603-q08,Tai nạn con người,12,Tai nạn con người,12,True,3|10|12|13,5|10|12,4,3
B-train-00603,1,2,argmin,Phí bảo hiểm,Nghiệp vụ,B-train-00603-q10,Tây Nguyên,13,Tài sản Đã đối chiếu,5,False,3|10|12|13,5|10|12,4,3
B-train-00604,2,1,argmax,Tỷ trọng (%),Điểm đến,B-train-00604-q01,Vịnh Hạ Long,3,Vịnh Hạ Long,3,True,3|7,3|7,2,2
B-train-00604,2,1,argmax,Doanh thu,Điểm đến,B-train-00604-q04,Phú Quốc,7,Phú Quốc,7,True,3|7,3|7,2,2
B-train-00604,2,1,argmin,Lũy kế,Điểm đến,B-train-00604-q07,Vịnh Hạ Long,3,Vịnh Hạ Long,3,True,3|7,3|7,2,2
B-train-00604,1,1,argmin,Công suất phòng,Điểm đến,B-train-00604-q09,Nha Trang,6,Nha Trang,6,True,6,6,1,1
B-train-00605,1,2,argmax,Kỳ này,Mã hàng,B-train-00605-q04,VT228,9,VT228,9,True,3|7|9,3|7|9,3,3
B-train-00605,1,2,argmin,Xuất,Mã hàng,B-train-00605-q05,VT397,3,VT397,3,True,3|7|9,3|7|9,3,3
B-train-00605,1,1,argmax,Tỷ trọng (%),Điểm đến,B-train-00605-q07,Vịnh Hạ Long,3,Vịnh Hạ Long,3,True,3,3,1,1
B-train-00605,1,2,argmin,Tồn đầu,Mã hàng,B-train-00605-q08,Miền Bắc,7,Miền Bắc,7,True,3|7|9,3|7|9,3,3
B-train-00606,1,2,argmin,Lũy kế,Khu vực,B-train-00606-q02,Khu vực miền núi,7,Khu vực đô thị,11,False,7|8,8|11,2,2
B-train-00606,1,1,argmax,Tồn đầu,Mã hàng,B-train-00606-q06,VT947,7,VT851 Đã đối chiếu,10,False,3|7,3|10,2,2
B-train-00606,1,2,argmax,Lũy kế,Khu vực,B-train-00606-q09,Cụm BTS-01,8,Cụm BTS-01,8,True,7|8,8|11,2,2
B-train-00606,1,1,argmin,Tồn cuối,Mã hàng,B-train-00606-q10,Cần Thơ,3,Cần Thơ,3,True,3|7,3|10,2,2
B-train-00607,2,1,argmax,Doanh thu,Tuyến,B-train-00607-q04,Nha Trang – Đà Lạt,17,Nha Trang – Đà Lạt,17,True,4|17,4|17,2,2
B-train-00607,1,1,argmin,Doanh thu,Tuyến,B-train-00607-q05,TP.HCM – Cần Thơ,13,TP.HCM – Cần Thơ,13,True,13|17,13|17,2,2
B-train-00607,2,1,argmin,Hành khách,Tuyến,B-train-00607-q07,TP.HCM – Cần Thơ,4,TP.HCM – Cần Thơ,4,True,4|17,4|17,2,2
B-train-00607,1,1,argmax,Doanh thu,Tuyến,B-train-00607-q09,TP.HCM – Cần Thơ,17,TP.HCM – Cần Thơ,17,True,13|17,13|17,2,2
B-train-00608,2,1,argmin,Kỳ này,Điểm bán,B-train-00608-q02,Cửa hàng 01,5,Điểm bán phía Bắc Đã đối chiếu,13,False,5|8|15|20,8|13|15|20,4,4
B-train-00608,2,1,argmax,Kỳ này,Điểm bán,B-train-00608-q05,Cửa hàng 01,20,Cửa hàng 01,20,True,5|8|15|20,8|13|15|20,4,4
B-train-00608,2,1,argmin,Số đơn,Điểm bán,B-train-00608-q07,Điểm bán phía Bắc,8,Điểm bán phía Bắc,8,True,5|8|15|20,8|13|15|20,4,4
B-train-00608,2,1,argmax,Số đơn,Điểm bán,B-train-00608-q10,Cửa hàng 01,15,Cửa hàng 01,15,True,5|8|15|20,8|13|15|20,4,4
B-train-00609,1,1,argmin,Kỳ trước,Dự án,B-train-00609-q05,Đường vành đai,4,Đường vành đai,4,True,4,4,1,1
B-train-00609,1,2,argmin,Tiến độ,Dự án,B-train-00609-q06,Miền Trung,9,Miền Trung,9,True,9,9,1,1
B-train-00610,1,2,argmax,Hợp đồng,Nghiệp vụ,B-train-00610-q07,Hải Phòng,8,Hải Phòng,8,True,3|5|8,3|5|8,3,3
B-train-00610,1,2,argmin,Kỳ trước,Nghiệp vụ,B-train-00610-q09,Tài sản,5,Tài sản,5,True,3|5|8,3|5|8,3,3
B-train-00610,1,2,argmax,Kế hoạch năm,Nghiệp vụ,B-train-00610-q10,Sức khỏe,3,Sức khỏe,3,True,3|5|8,3|5|8,3,3
B-train-00611,2,1,argmax,COD,Điểm quan trắc,B-train-00611-q07,Sông Hương,8,Sông Hương,8,True,8,8,1,1
B-train-00611,1,1,argmax,Tỷ trọng (%),Điểm quan trắc,B-train-00611-q10,KCN Long Thành,21,KCN Long Thành,21,True,21,21,1,1
B-train-00612,1,1,argmin,Đạt,Đơn vị,B-train-00612-q02,THPT Nguyễn Trãi,8,THPT Nguyễn Trãi,8,True,8|15,6|8|15,2,3
B-train-00612,1,2,argmin,Xuất,Mã hàng,B-train-00612-q05,VT333,13,VT333,13,True,13,13,1,1
B-train-00612,1,1,argmax,Kế hoạch năm,Đơn vị,B-train-00612-q06,THPT Trần Phú,15,THPT Trần Phú,15,True,8|15,6|8|15,2,3
B-train-00612,1,1,argmax,Kỳ này,Đơn vị,B-train-00612-q10,THPT Trần Phú,15,Tây Nguyên,6,False,8|15,6|8|15,2,3
B-train-00613,1,1,argmin,Tỷ trọng (%),Địa bàn,B-train-00613-q05,Cần Thơ,8,Cần Thơ,9,True,8,9,1,1
B-train-00613,1,2,argmax,Giá trúng,Gói thầu,B-train-00613-q07,GT29,8,GT29,8,True,5|8,5|8,2,2
B-train-00613,1,2,argmin,Giá dự toán,Gói thầu,B-train-00613-q09,Đồng bằng sông Cửu Long,5,Đồng bằng sông Cửu Long,5,True,5|8,5|8,2,2
B-train-00614,1,2,argmin,Số đơn,Điểm bán,B-train-00614-q03,Siêu thị trung tâm,5,Siêu thị trung tâm,5,True,5,5,1,1
B-train-00614,1,1,argmin,Kỳ trước,Mã hàng,B-train-00614-q06,VT047,5,VT047,5,True,4|5|10,5|10|15,3,3
B-train-00614,1,1,argmax,Xuất,Mã hàng,B-train-00614-q09,VT576,10,VT576,10,True,4|5|10,5|10|15,3,3
B-train-00614,1,1,argmax,Kỳ này,Mã hàng,B-train-00614-q10,VT592,4,Đà Nẵng,15,False,4|5|10,5|10|15,3,3
B-train-00615,1,1,argmin,Tổn thất,Trạm,B-train-00615-q02,Trạm Tây Đô,11,Trạm Cao Nguyên Đã đối chiếu,12,False,11,12,1,1
B-train-00615,1,2,argmax,Lũy kế,Dự án,B-train-00615-q04,Trường liên cấp,5,Trường liên cấp,5,True,5|8,5|11,2,2
B-train-00615,1,2,argmin,Giải ngân,Dự án,B-train-00615-q06,Cầu Đông Thành,8,Nhà máy nước,11,False,5|8,5|11,2,2
B-train-00616,1,2,argmin,Hồ sơ nhận,Nhóm chế độ,B-train-00616-q04,Thai sản,6,Hưu trí,3,False,6|14,3|14,2,2
B-train-00616,2,1,argmax,Tỷ trọng (%),Khu vực,B-train-00616-q08,Cụm BTS-02,9,Cụm BTS-02,9,True,9|10,9|10,2,2
B-train-00616,2,1,argmax,Lũy kế,Khu vực,B-train-00616-q09,Khu vực ven biển,10,Khu vực ven biển,10,True,9|10,9|10,2,2
B-train-00616,1,2,argmin,Kỳ này,Nhóm chế độ,B-train-00616-q10,Thất nghiệp,14,Thất nghiệp,14,True,6|14,3|14,2,2
B-train-00617,1,2,argmin,Kế hoạch năm,Chi nhánh,B-train-00617-q02,Đà Nẵng 01,10,Đà Nẵng 01,10,True,8|10,8|10,2,2
B-train-00617,1,2,argmax,Nợ quá hạn,Chi nhánh,B-train-00617-q03,Hà Nội 01,8,Hà Nội 01,8,True,8|10,8|10,2,2
B-train-00617,2,1,argmax,Kế hoạch năm,Điểm bán,B-train-00617-q06,Điểm bán phía Nam,7,Điểm bán phía Nam,7,True,7,7,1,1
B-train-00617,1,1,argmin,Lượt khám,Khoa,B-train-00617-q07,Mắt,7,Hải Phòng,5,False,7,5,1,1
B-train-00618,1,2,argmin,Tồn cuối,Mã hàng,B-train-00618-q01,Đồng Nai,5,VT781 Đã đối chiếu,12,False,3|5|13,3|12|13,3,3
B-train-00618,1,2,argmin,Kỳ trước,Mã hàng,B-train-00618-q04,VT051,3,VT051,3,True,3|5|13,3|12|13,3,3
B-train-00618,1,2,argmax,Tồn cuối,Mã hàng,B-train-00618-q10,VT751,13,VT751,13,True,3|5|13,3|12|13,3,3
B-train-00619,1,2,argmin,Kỳ này,Điểm đến,B-train-00619-q01,Phố cổ Hội An,14,Phố cổ Hội An,14,True,7|10|14,7|10|14,3,3
B-train-00619,1,2,argmax,Kế hoạch năm,Điểm đến,B-train-00619-q02,Phố cổ Hội An,14,Phố cổ Hội An,14,True,7|10|14,7|10|14,3,3
B-train-00619,1,2,argmax,Công suất phòng,Điểm đến,B-train-00619-q06,Đà Lạt,10,Đà Lạt,10,True,7|10|14,7|10|14,3,3
B-train-00619,1,2,argmin,Kế hoạch năm,Điểm đến,B-train-00619-q08,Phú Quốc,7,Phú Quốc,7,True,7|10|14,7|10|14,3,3
B-train-00620,2,1,argmin,Công suất phòng,Điểm đến,B-train-00620-q06,Nha Trang,4,Nha Trang,4,True,4,4,1,1
B-train-00620,1,1,argmin,Khách quốc tế,Điểm đến,B-train-00620-q08,Nha Trang,16,Nha Trang,16,True,6|8|16,6|8|16,3,3
B-train-00620,1,1,argmax,Tỷ trọng (%),Điểm đến,B-train-00620-q09,Nha Trang,6,Nha Trang,6,True,6|8|16,6|8|16,3,3
B-train-00620,1,1,argmax,Doanh thu,Điểm đến,B-train-00620-q10,Vịnh Hạ Long,8,Vịnh Hạ Long,8,True,6|8|16,6|8|16,3,3
B-train-00621,1,1,argmin,Khách nội địa,Điểm đến,B-train-00621-q01,Nha Trang,6,Phố cổ Hội An,14,False,4|6,4|14,2,2
B-train-00621,1,2,argmax,Số đơn,Điểm bán,B-train-00621-q03,Điểm bán phía Nam,7,Điểm bán phía Nam,7,True,3|7,3|7,2,2
B-train-00621,1,1,argmax,Khách quốc tế,Điểm đến,B-train-00621-q05,Phố cổ Hội An,4,Phố cổ Hội An,4,True,4|6,4|14,2,2
B-train-00621,1,2,argmin,Số đơn,Điểm bán,B-train-00621-q10,Cửa hàng 01,3,Cửa hàng 01,3,True,3|7,3|7,2,2
B-train-00622,2,1,argmax,Xuất,Mã hàng,B-train-00622-q01,VT529,5,VT529,5,True,5,5,1,1
B-train-00622,1,1,argmax,Xuất,Mã hàng,B-train-00622-q03,VT641,11,VT641,11,True,11,11,1,1
B-train-00623,1,2,argmax,Kế hoạch năm,Trạm,B-train-00623-q01,Trạm 220kV Trung,9,Trạm 220kV Trung,9,True,9|11,9|11,2,2
B-train-00623,1,2,argmax,Công suất đỉnh,Trạm,B-train-00623-q06,Miền Nam,11,Miền Nam,11,True,9|11,9|11,2,2
B-train-00624,1,2,argmin,Huy động,Chi nhánh,B-train-00624-q02,Hải Phòng 02,9,Hải Phòng 02,9,True,9,9,1,1
B-train-00624,1,1,argmax,Tỷ trọng (%),Phòng ban,B-train-00624-q04,Hành chính,7,Hành chính,7,True,4|7|10,4|7|10,3,3
B-train-00624,1,1,argmax,Hiện có,Phòng ban,B-train-00624-q05,Kế toán,4,Kế toán,4,True,4|7|10,4|7|10,3,3
B-train-00624,1,1,argmin,Hiện có,Phòng ban,B-train-00624-q08,Kế toán,10,Kế toán,10,True,4|7|10,4|7|10,3,3
B-train-00625,2,1,argmax,Kỳ này,Khu vực,B-train-00625-q07,Khu vực ven biển,5,Khu vực ven biển,5,True,5,5,1,1
B-train-00625,1,2,argmin,Thực hiện,Khu vực,B-train-00625-q09,Đồng bằng sông Cửu Long,7,Đồng bằng sông Cửu Long,7,True,6|7,6|7,2,2
B-train-00625,1,2,argmax,Kế hoạch năm,Khu vực,B-train-00625-q10,Tây Nguyên,6,Tây Nguyên,6,True,6|7,6|7,2,2
B-train-00626,1,2,argmin,Kế hoạch năm,Địa bàn,B-train-00626-q01,Đồng Nai,7,Đồng Nai,7,True,7|10,7|10,2,2
B-train-00626,2,1,argmax,Kế hoạch năm,Nhóm chế độ,B-train-00626-q05,Hưu trí,3,Hưu trí,3,True,3,3,1,1
B-train-00626,1,2,argmax,Kế hoạch năm,Địa bàn,B-train-00626-q09,Hà Nội,10,Hà Nội,10,True,7|10,7|10,2,2
B-train-00627,1,1,argmin,Chuyển tuyến,Khoa,B-train-00627-q05,Sản,6,Sản,6,True,6|13,6|13,2,2
B-train-00627,1,1,argmin,Kỳ này,Khoa,B-train-00627-q06,Mắt,13,Mắt,13,True,6|13,6|13,2,2
B-train-00628,1,1,argmax,Kỳ trước,Trạm,B-train-00628-q04,Trạm 110kV Bắc,3,Trạm 110kV Bắc,3,True,3|10,3|10,2,2
B-train-00628,2,1,argmin,Kỳ trước,Trạm,B-train-00628-q07,Trạm Tây Đô,11,Trạm Tây Đô,11,True,11|18,11|18,2,2
B-train-00628,1,1,argmin,Kỳ này,Trạm,B-train-00628-q09,Trạm Nam Sông,10,Trạm Nam Sông,10,True,3|10,3|10,2,2
B-train-00628,2,1,argmax,Kỳ này,Trạm,B-train-00628-q10,Trạm 110kV Bắc,18,Trạm 110kV Bắc,18,True,11|18,11|18,2,2
B-train-00629,2,1,argmax,Kỳ này,Tuyến,B-train-00629-q01,Nha Trang – Đà Lạt,3,Nha Trang – Đà Lạt,3,True,3|6|9,3|6|9,3,3
B-train-00629,2,1,argmax,Kế hoạch năm,Tuyến,B-train-00629-q02,TP.HCM – Cần Thơ,6,TP.HCM – Cần Thơ,6,True,3|6|9,3|6|9,3,3
B-train-00629,2,1,argmin,Hành khách,Tuyến,B-train-00629-q06,Đà Nẵng – Huế,9,Đà Nẵng – Huế,9,True,3|6|9,3|6|9,3,3
B-train-00629,1,1,argmin,Đúng giờ,Tuyến,B-train-00629-q09,Đà Nẵng – Huế,4,Đà Nẵng – Huế,4,True,4,4,1,1
B-train-00630,1,2,argmax,Lũy kế,Nhóm chế độ,B-train-00630-q03,Miền Nam,8,Miền Nam,8,True,8|13,8|13,2,2
B-train-00630,1,2,argmin,Chi trả,Nhóm chế độ,B-train-00630-q07,Hưu trí,13,Hưu trí,13,True,8|13,8|13,2,2
B-train-00631,1,2,argmax,Đạt,Đơn vị,B-train-00631-q02,THPT Nguyễn Trãi,13,THPT Nguyễn Trãi,13,True,7|13,7|13,2,2
B-train-00631,1,2,argmin,Đạt,Đơn vị,B-train-00631-q03,Miền Nam,7,Miền Nam,7,True,7|13,7|13,2,2
B-train-00631,1,1,argmax,Số đơn,Điểm bán,B-train-00631-q07,Điểm bán phía Nam,12,Điểm bán phía Nam,12,True,12,12,1,1
B-train-00632,1,1,argmax,Tổn thất,Trạm,B-train-00632-q04,Trạm 220kV Trung,9,Trạm 220kV Trung,9,True,9,9,1,1
B-train-00632,1,2,argmin,Tỷ trọng (%),Điểm quan trắc,B-train-00632-q07,Sông Hương,9,Sông Hương,9,True,3|7|9,3|9,3,2
B-train-00632,1,2,argmax,Kế hoạch năm,Điểm quan trắc,B-train-00632-q08,Sông Hồng,3,Sông Hồng,3,True,3|7|9,3|9,3,2
B-train-00632,1,2,argmin,pH,Điểm quan trắc,B-train-00632-q10,Cửa biển Đà Nẵng,7,Sông Hồng,3,False,3|7|9,3|9,3,2
B-train-00633,1,2,argmin,Nhập viện,Khoa,B-train-00633-q06,Mắt,7,Mắt,7,True,7|11,7|11,2,2
B-train-00633,1,2,argmax,Chuyển tuyến,Khoa,B-train-00633-q07,Nhi,11,Nhi,11,True,7|11,7|11,2,2
B-train-00633,1,1,argmin,Kế hoạch năm,Địa bàn,B-train-00633-q08,Cần Thơ,8,Cần Thơ,8,True,8,8,1,1
B-train-00634,2,1,argmin,Hành khách,Tuyến,B-train-00634-q04,Nha Trang – Đà Lạt,4,Nha Trang – Đà Lạt,4,True,4,4,1,1
B-train-00634,1,1,argmax,Đúng giờ,Tuyến,B-train-00634-q07,Hà Nội – Hải Phòng,15,Nha Trang – Đà Lạt,14,False,3|15,3|14,2,2
B-train-00634,1,1,argmin,Lũy kế,Tuyến,B-train-00634-q09,Hà Nội – Hải Phòng,3,Hà Nội – Hải Phòng,3,True,3|15,3|14,2,2
B-train-00635,1,1,argmax,Kỳ này,Khoa,B-train-00635-q02,Miền Bắc,8,Miền Bắc,8,True,8,8,1,1
B-train-00635,1,2,argmax,Kế hoạch năm,Dự án,B-train-00635-q06,Nhà máy nước,16,Nhà máy nước,16,True,3|16,3|16,2,2
B-train-00635,1,2,argmin,Kế hoạch năm,Dự án,B-train-00635-q08,Cầu Đông Thành,3,Cầu Đông Thành,3,True,3|16,3|16,2,2
B-train-00636,1,2,argmax,Lũy kế,Tuyến,B-train-00636-q01,Nha Trang – Đà Lạt,6,Đồng bằng sông Cửu Long,10,False,6|9,9|10,2,2
B-train-00636,1,2,argmin,Kế hoạch năm,Tuyến,B-train-00636-q03,TP.HCM – Cần Thơ,9,TP.HCM – Cần Thơ,9,True,6|9,9|10,2,2
B-train-00636,1,1,argmax,Tỷ trọng (%),Phòng ban,B-train-00636-q04,Kế toán,10,Kế toán,10,True,9|10,10|16,2,2
B-train-00636,1,1,argmin,Lũy kế,Phòng ban,B-train-00636-q05,Kinh doanh,9,Kế toán,16,False,9|10,10|16,2,2
B-train-00637,1,2,argmax,Kế hoạch năm,Phòng ban,B-train-00637-q05,Kế toán,10,Kế toán,10,True,10,10,1,1
B-train-00637,1,1,argmin,Kế hoạch năm,Nhóm chế độ,B-train-00637-q06,Hưu trí,3,Hưu trí,3,True,3,3,1,1
B-train-00637,1,1,argmax,Kỳ trước,Nhóm chế độ,B-train-00637-q10,Hưu trí,3,Hưu trí,3,True,3,3,1,1
B-train-00638,1,1,argmin,Công suất phòng,Điểm đến,B-train-00638-q01,Nha Trang,6,Nha Trang,6,True,3|6,3|6,2,2
B-train-00638,1,1,argmax,Công suất phòng,Điểm đến,B-train-00638-q03,Vịnh Hạ Long,3,Vịnh Hạ Long,3,True,3|6,3|6,2,2
B-train-00638,2,1,argmin,Doanh thu,Điểm đến,B-train-00638-q08,Đà Lạt,18,Đà Lạt,18,True,18,18,1,1
B-train-00638,1,1,argmax,Doanh thu,Điểm đến,B-train-00638-q09,Vịnh Hạ Long,3,Vịnh Hạ Long,3,True,3|6,3|6,2,2
B-train-00639,1,1,argmax,Khách quốc tế,Điểm đến,B-train-00639-q02,Đà Lạt,5,Đà Lạt,5,True,5|9,5|9,2,2
B-train-00639,1,1,argmin,Tỷ trọng (%),Điểm đến,B-train-00639-q03,Phố cổ Hội An,9,Phố cổ Hội An,9,True,5|9,5|9,2,2
B-train-00639,1,2,argmax,Số đơn,Điểm bán,B-train-00639-q07,Hà Nội,10,Hà Nội,10,True,10,10,1,1
B-train-00640,1,2,argmax,Kỳ trước,Nhóm chế độ,B-train-00640-q01,Thất nghiệp,4,Thất nghiệp,4,True,4,4,1,1
B-train-00640,1,1,argmin,Kỳ trước,Dự án,B-train-00640-q06,Đường vành đai,4,Đường vành đai,4,True,4|5|10,4|5|10,3,3
B-train-00640,1,1,argmin,Giá trị hợp đồng,Dự án,B-train-00640-q08,Trường liên cấp,10,Trường liên cấp,10,True,4|5|10,4|5|10,3,3
B-train-00640,1,1,argmax,Giải ngân,Dự án,B-train-00640-q09,Hải Phòng,5,Hải Phòng,5,True,4|5|10,4|5|10,3,3
B-train-00641,2,1,argmin,Chi phí,Kho/điểm,B-train-00641-q05,Kho Bình Dương,8,Kho Bình Dương,8,True,5|8,5|8,2,2
B-train-00641,2,1,argmin,Tồn cuối,Kho/điểm,B-train-00641-q08,Kho trung chuyển,5,Kho trung chuyển,5,True,5|8,5|8,2,2
B-train-00641,2,1,argmax,Kỳ trước,Kho/điểm,B-train-00641-q09,Kho trung chuyển,5,Kho trung chuyển,5,True,5|8,5|8,2,2
B-train-00642,2,1,argmax,Chi phí,Kho/điểm,B-train-00642-q01,Kho trung chuyển,7,Kho trung chuyển,7,True,7|12|18,7|12|18,3,3
B-train-00642,2,1,argmin,Tỷ trọng (%),Kho/điểm,B-train-00642-q05,Kho Hà Nội,18,Kho Hà Nội,18,True,7|12|18,7|12|18,3,3
B-train-00642,2,1,argmin,Đúng hạn,Kho/điểm,B-train-00642-q08,Kho trung chuyển,12,Kho trung chuyển,12,True,7|12|18,7|12|18,3,3
B-train-00642,1,1,argmax,Tồn cuối,Kho/điểm,B-train-00642-q10,Kho Cần Thơ,6,Kho Cần Thơ,6,True,6,6,1,1
B-train-00643,1,1,argmax,Giá trúng,Gói thầu,B-train-00643-q03,GT93,14,GT93,14,True,14,14,1,1
B-train-00643,2,1,argmax,Tỷ trọng (%),Gói thầu,B-train-00643-q07,GT99,13,GT99,13,True,7|13,7|13,2,2
B-train-00643,2,1,argmin,Tỷ trọng (%),Gói thầu,B-train-00643-q08,GT29,7,GT29,7,True,7|13,7|13,2,2
B-train-00644,1,1,argmax,Lũy kế,Điểm bán,B-train-00644-q03,Siêu thị trung tâm,10,Siêu thị trung tâm,10,True,4|5|10|11,4|5|10|11,4,4
B-train-00644,1,1,argmax,Kỳ trước,Điểm bán,B-train-00644-q05,Điểm bán phía Bắc,11,Điểm bán phía Bắc,11,True,4|5|10|11,4|5|10|11,4,4
B-train-00644,1,1,argmin,Giá trị bán,Điểm bán,B-train-00644-q08,Cửa hàng 02,4,Cửa hàng 02,4,True,4|5|10|11,4|5|10|11,4,4
B-train-00644,1,1,argmin,Lượt khách,Điểm bán,B-train-00644-q09,Khánh Hòa,5,Khánh Hòa,5,True,4|5|10|11,4|5|10|11,4,4
B-train-00645,1,2,argmin,Đơn xử lý,Kho/điểm,B-train-00645-q02,Kho trung chuyển,7,Kho Hà Nội,8,False,7|11,8|11,2,2
B-train-00645,1,2,argmax,Lũy kế,Kho/điểm,B-train-00645-q04,Đồng bằng sông Cửu Long,11,Đồng bằng sông Cửu Long,11,True,7|11,8|11,2,2
B-train-00645,1,1,argmin,Tỷ lệ đạt,Đơn vị,B-train-00645-q05,THPT Chu Văn An,7,THPT Chu Văn An,7,True,7,7,1,1
B-train-00645,1,2,argmax,Kỳ trước,Kho/điểm,B-train-00645-q07,Đồng bằng sông Cửu Long,11,Đồng bằng sông Cửu Long,11,True,7|11,8|11,2,2
B-train-00646,1,1,argmin,Giá trúng,Gói thầu,B-train-00646-q02,GT70,5,GT70,5,True,4|5,4|5,2,2
B-train-00646,1,1,argmax,Giá trúng,Gói thầu,B-train-00646-q04,GT20,4,GT20,4,True,4|5,4|5,2,2
B-train-00646,1,1,argmax,Giá dự toán,Gói thầu,B-train-00646-q06,GT20,4,GT20,4,True,4|5,4|5,2,2
B-train-00646,1,2,argmin,Lũy kế,Điểm quan trắc,B-train-00646-q09,Hồ Xuân Hương,5,Hồ Xuân Hương,5,True,5,5,1,1
B-train-00647,1,2,argmax,Tỷ trọng (%),Điểm quan trắc,B-train-00647-q02,Miền Nam,3,Miền Nam,3,True,3|6,3|6,2,2
B-train-00647,1,1,argmax,Kỳ trước,Tuyến,B-train-00647-q03,Hà Nội – Hải Phòng,3,Hà Nội – Hải Phòng,3,True,3,3,1,1
B-train-00647,1,2,argmin,Tỷ trọng (%),Điểm quan trắc,B-train-00647-q05,KCN Long Thành,6,KCN Long Thành,6,True,3|6,3|6,2,2
B-train-00648,2,1,argmax,Lũy kế,Trạm,B-train-00648-q02,Trạm Cao Nguyên,7,Trạm Cao Nguyên,7,True,7|19,7|19,2,2
B-train-00648,2,1,argmin,Tỷ trọng (%),Trạm,B-train-00648-q03,Trạm 220kV Trung,19,Trạm 220kV Trung,19,True,7|19,7|19,2,2
B-train-00648,1,1,argmin,Tỷ trọng (%),Trạm,B-train-00648-q05,Trạm Nam Sông,20,Trạm Nam Sông,20,True,20,20,1,1
B-train-00649,1,2,argmin,Lũy kế,Địa bàn,B-train-00649-q06,Cần Thơ,15,Cần Thơ,15,True,15,15,1,1
B-train-00649,1,1,argmax,Kỳ trước,Gói thầu,B-train-00649-q07,GT21,14,GT21,14,True,5|14,5|14,2,2
B-train-00649,1,1,argmin,Kỳ trước,Gói thầu,B-train-00649-q10,GT71,5,GT71,5,True,5|14,5|14,2,2
B-train-00650,2,1,argmax,Kế hoạch năm,Khu vực,B-train-00650-q03,Miền Trung,13,Miền Trung,13,True,13|14,13|14,2,2
B-train-00650,2,1,argmin,Lũy kế,Khu vực,B-train-00650-q05,Miền Nam,14,Miền Nam,14,True,13|14,13|14,2,2
B-train-00650,1,1,argmin,Chênh lệch,Khu vực,B-train-00650-q06,Miền Trung,9,Miền Trung,9,True,7|9,7|9,2,2
B-train-00650,1,1,argmax,Lũy kế,Khu vực,B-train-00650-q09,Đồng bằng sông Cửu Long,7,Đồng bằng sông Cửu Long,7,True,7|9,7|9,2,2
B-train-00651,1,1,argmax,Kế hoạch năm,Khu vực,B-train-00651-q02,Khu vực miền núi,7,Đồng Nai,10,False,4|7|9,4|9|10,3,3
B-train-00651,1,2,argmax,Kỳ này,Nhóm chế độ,B-train-00651-q05,Hưu trí,8,Hưu trí,8,True,8,8,1,1
B-train-00651,1,1,argmin,Kỳ trước,Khu vực,B-train-00651-q06,Cụm BTS-02,4,Cụm BTS-02,4,True,4|7|9,4|9|10,3,3
B-train-00651,1,1,argmin,Lưu lượng,Khu vực,B-train-00651-q09,Cụm BTS-02,9,Cụm BTS-02,9,True,4|7|9,4|9|10,3,3
B-train-00652,1,1,argmin,Kỳ trước,Khu vực,B-train-00652-q07,Khu vực miền núi,7,Khu vực miền núi,7,True,7,7,1,1
B-train-00652,2,1,argmax,Kỳ trước,Khu vực,B-train-00652-q09,Khu vực miền núi,16,Khu vực miền núi,16,True,16,16,1,1
B-train-00653,1,2,argmin,Kỳ này,Địa bàn,B-train-00653-q03,Khánh Hòa,6,Khánh Hòa,6,True,6,6,1,1
B-train-00653,1,1,argmin,Diện tích (ha),Địa bàn,B-train-00653-q07,Lâm Đồng,9,Lâm Đồng,9,True,9|11,9|11,2,2
B-train-00653,1,1,argmax,Sản lượng (tấn),Địa bàn,B-train-00653-q09,Hải Phòng,11,Hải Phòng,11,True,9|11,9|11,2,2
B-train-00654,2,1,argmax,Doanh thu,Điểm đến,B-train-00654-q01,Phú Quốc,12,Phú Quốc,12,True,11|12,11|12,2,2
B-train-00654,2,1,argmin,Doanh thu,Điểm đến,B-train-00654-q02,Nha Trang,11,Nha Trang,11,True,11|12,11|12,2,2
B-train-00654,1,2,argmin,Xuất,Mã hàng,B-train-00654-q04,VT468,11,VT468,11,True,11,11,1,1
B-train-00654,2,1,argmax,Công suất phòng,Điểm đến,B-train-00654-q10,Phú Quốc,12,Phú Quốc,12,True,11|12,11|12,2,2
B-train-00655,2,1,argmax,Lũy kế,Điểm bán,B-train-00655-q03,Siêu thị trung tâm,10,Siêu thị trung tâm,10,True,4|6|10,4|6|10,3,3
B-train-00655,2,1,argmin,Kế hoạch năm,Điểm bán,B-train-00655-q05,Cửa hàng 02,4,Cửa hàng 02,4,True,4|6|10,4|6|10,3,3
B-train-00655,2,1,argmax,Hoàn trả,Điểm bán,B-train-00655-q07,Điểm bán phía Bắc,6,Điểm bán phía Bắc,6,True,4|6|10,4|6|10,3,3
B-train-00655,1,1,argmin,BOD5,Điểm quan trắc,B-train-00655-q09,Hồ Xuân Hương,10,Hồ Xuân Hương,10,True,10,10,1,1
B-train-00656,2,1,argmin,Tỷ lệ đạt,Đơn vị,B-train-00656-q04,THPT Phan Bội Châu,6,THPT Phan Bội Châu,6,True,6|12,6|11,2,2
B-train-00656,2,1,argmax,Tỷ lệ đạt,Đơn vị,B-train-00656-q06,THPT Chu Văn An,12,THPT Phan Bội Châu Đã đối chiếu,11,False,6|12,6|11,2,2
B-train-00656,1,2,argmin,Kỳ này,Khu vực,B-train-00656-q10,Miền Trung,9,Đà Nẵng,5,False,9,5,1,1
B-train-00657,2,1,argmin,Kỳ trước,Nhóm chế độ,B-train-00657-q05,Thất nghiệp,9,Thất nghiệp,9,True,3|5|9,3|5|9,3,3
B-train-00657,2,1,argmax,Kỳ trước,Nhóm chế độ,B-train-00657-q06,Ốm đau,5,Ốm đau,5,True,3|5|9,3|5|9,3,3
B-train-00657,2,1,argmax,Đã giải quyết,Nhóm chế độ,B-train-00657-q07,Hưu trí,3,Hưu trí,3,True,3|5|9,3|5|9,3,3
B-train-00657,1,2,argmin,Kế hoạch năm,Gói thầu,B-train-00657-q09,GT21,9,GT21,9,True,9,9,1,1
B-train-00658,1,2,argmin,Lũy kế,Trạm,B-train-00658-q01,Trạm Tây Đô,6,Trạm Tây Đô,6,True,6|16,6|16,2,2
B-train-00658,1,1,argmax,Tuyển mới,Phòng ban,B-train-00658-q02,Kinh doanh,3,Kinh doanh,3,True,3|10,3|10,2,2
B-train-00658,1,1,argmax,Hiện có,Phòng ban,B-train-00658-q06,Tây Nguyên,10,Tây Nguyên,10,True,3|10,3|10,2,2
B-train-00658,1,2,argmin,Kỳ trước,Trạm,B-train-00658-q07,Trạm Tây Đô,16,Trạm Tây Đô,16,True,6|16,6|16,2,2
B-train-00659,1,1,argmax,Nợ quá hạn,Chi nhánh,B-train-00659-q02,Cần Thơ 02,17,Cần Thơ 02,17,True,6|17,6|17,2,2
B-train-00659,2,1,argmax,Tỷ trọng (%),Chi nhánh,B-train-00659-q06,Khánh Hòa 03,16,Khánh Hòa 03,16,True,12|16,12|16,2,2
B-train-00659,2,1,argmin,Tỷ trọng (%),Chi nhánh,B-train-00659-q08,Cần Thơ 02,12,Cần Thơ 02,12,True,12|16,12|16,2,2
B-train-00659,1,1,argmin,Tăng trưởng,Chi nhánh,B-train-00659-q09,Khánh Hòa 03,6,Khánh Hòa 03,6,True,6|17,6|17,2,2
B-train-00660,1,1,argmin,Giá trúng,Gói thầu,B-train-00660-q01,GT44,3,GT44,3,True,3|7|11,3|7|11,3,3
B-train-00660,1,2,argmax,Lũy kế,Phòng ban,B-train-00660-q04,Kinh doanh,3,Tây Nguyên,6,False,3,6,1,1
B-train-00660,1,1,argmin,Kỳ trước,Gói thầu,B-train-00660-q06,GT96,7,GT96,7,True,3|7|11,3|7|11,3,3
B-train-00660,1,1,argmax,Tỷ trọng (%),Gói thầu,B-train-00660-q07,GT72,11,GT72,11,True,3|7|11,3|7|11,3,3
B-train-00661,1,1,argmax,Chuyển tuyến,Khoa,B-train-00661-q09,Mắt,13,Mắt,13,True,13,13,1,1
B-train-00661,1,2,argmin,Định biên,Phòng ban,B-train-00661-q10,Vận hành,11,Vận hành,11,True,11,11,1,1
B-train-00662,1,1,argmin,Kỳ này,Gói thầu,B-train-00662-q03,GT75,15,GT75,15,True,4|9|15,9|13|15,3,3
B-train-00662,1,1,argmax,Kỳ trước,Gói thầu,B-train-00662-q04,GT28,4,Miền Bắc,13,False,4|9|15,9|13|15,3,3
B-train-00662,1,2,argmin,Tỷ lệ,Khu vực,B-train-00662-q06,Tây Nguyên,16,Miền Nam,7,False,16,7,1,1
B-train-00662,1,1,argmax,Giá trúng,Gói thầu,B-train-00662-q09,GT44,9,GT44,9,True,4|9|15,9|13|15,3,3
B-train-00663,1,2,argmax,Lũy kế,Mã hàng,B-train-00663-q01,VT282,6,Miền Bắc,11,False,6|9,9|11,2,2
B-train-00663,1,2,argmin,Tồn cuối,Mã hàng,B-train-00663-q04,VT465,9,VT465,9,True,6|9,9|11,2,2
B-train-00663,2,1,argmin,Hoàn trả,Điểm bán,B-train-00663-q09,Cửa hàng 02,4,Cửa hàng 02,4,True,4,4,1,1
B-train-00664,1,1,argmax,Phí bảo hiểm,Nghiệp vụ,B-train-00664-q03,Tai nạn con người,17,Tai nạn con người,17,True,6|16|17,6|16|17,3,3
B-train-00664,2,1,argmin,Tỷ lệ,Nghiệp vụ,B-train-00664-q06,Sức khỏe,12,Sức khỏe,12,True,12,12,1,1
B-train-00664,1,1,argmax,Tỷ lệ,Nghiệp vụ,B-train-00664-q07,Hàng hóa,6,Hàng hóa,6,True,6|16|17,6|16|17,3,3
B-train-00664,1,1,argmin,Kỳ trước,Nghiệp vụ,B-train-00664-q10,Hàng hóa,16,Hàng hóa,16,True,6|16|17,6|16|17,3,3
B-train-00665,1,1,argmin,Tồn cuối,Kho/điểm,B-train-00665-q04,Kho Đà Nẵng,14,Kho Đà Nẵng,14,True,14,14,1,1
B-train-00665,1,2,argmin,Lũy kế,Phòng ban,B-train-00665-q07,Kinh doanh,9,Hành chính Đã đối chiếu,7,False,4|6|9,4|7,3,2
B-train-00665,1,2,argmax,Định biên,Phòng ban,B-train-00665-q08,Đồng Nai,4,Đồng Nai,4,True,4|6|9,4|7,3,2
B-train-00665,1,2,argmax,Thiếu/thừa,Phòng ban,B-train-00665-q10,Công nghệ,6,Đồng Nai,4,False,4|6|9,4|7,3,2
B-train-00666,1,1,argmin,Tiến độ,Dự án,B-train-00666-q01,Đường vành đai,9,Đường vành đai,9,True,3|9,3|9,2,2
B-train-00666,1,2,argmax,Kỳ này,Trạm,B-train-00666-q04,Trạm Tây Đô,11,Trạm Tây Đô,11,True,11,5|11,1,2
B-train-00666,1,2,argmax,Sản lượng,Trạm,B-train-00666-q06,Trạm Tây Đô,11,Trạm Nam Sông,5,False,11,5|11,1,2
B-train-00666,1,1,argmin,Giá trị hợp đồng,Dự án,B-train-00666-q08,Hải Phòng,3,Hải Phòng,3,True,3|9,3|9,2,2
B-train-00667,1,2,argmin,Kỳ này,Khu vực,B-train-00667-q01,Cần Thơ,11,Cần Thơ,11,True,4|11|13,11|13,3,2
B-train-00667,1,2,argmin,Lũy kế,Khu vực,B-train-00667-q06,Cụm BTS-02,4,Cần Thơ,11,False,4|11|13,11|13,3,2
B-train-00667,1,2,argmax,Phản ánh,Khu vực,B-train-00667-q07,Cụm BTS-01,13,Cụm BTS-01,13,True,4|11|13,11|13,3,2
B-train-00667,1,1,argmax,Đúng hạn,Kho/điểm,B-train-00667-q10,Kho Đà Nẵng,14,Kho Đà Nẵng,14,True,14,14,1,1
B-train-00668,2,1,argmin,Định biên,Phòng ban,B-train-00668-q01,Hành chính,7,Cần Thơ,3,False,7|9,3,2,1
B-train-00668,1,2,argmax,Tiến độ,Dự án,B-train-00668-q03,Khu tái định cư,12,Khu tái định cư,12,True,12,12,1,1
B-train-00668,2,1,argmax,Kỳ này,Phòng ban,B-train-00668-q10,Kinh doanh,9,Cần Thơ,3,False,7|9,3,2,1
B-train-00669,1,1,argmax,Thực hiện,Khu vực,B-train-00669-q01,Tây Nguyên,6,Tây Nguyên,6,True,6|7,6|7,2,2
B-train-00669,1,1,argmin,Tỷ trọng (%),Khu vực,B-train-00669-q03,Đồng bằng sông Cửu Long,7,Đồng bằng sông Cửu Long,7,True,6|7,6|7,2,2
B-train-00669,1,2,argmin,Hợp đồng,Nghiệp vụ,B-train-00669-q05,Mức A | ưu tiên,8,Mức A | ưu tiên,8,True,4|8,4|8,2,2
B-train-00669,1,2,argmax,Kỳ này,Nghiệp vụ,B-train-00669-q08,Xe cơ giới,4,Xe cơ giới,4,True,4|8,4|8,2,2
B-train-00670,1,1,argmax,BOD5,Điểm quan trắc,B-train-00670-q07,Sông Hương,14,Sông Hương,14,True,11|14,11|14,2,2
B-train-00670,2,1,argmin,Kế hoạch năm,Điểm quan trắc,B-train-00670-q08,Cửa biển Đà Nẵng,9,Sông Hồng Đã đối chiếu,5,False,9,5,1,1
B-train-00670,1,1,argmin,COD,Điểm quan trắc,B-train-00670-q10,KCN Long Thành,11,KCN Long Thành,11,True,11|14,11|14,2,2
B-train-00671,1,1,argmin,Kỳ này,Phòng ban,B-train-00671-q03,Vận hành,5,Vận hành,5,True,5|9|13,5|9|13,3,3
B-train-00671,2,1,argmax,Lũy kế,Phòng ban,B-train-00671-q04,Công nghệ,13,Công nghệ,13,True,13,13,1,1
B-train-00671,1,1,argmax,Kỳ này,Phòng ban,B-train-00671-q05,Hành chính,13,Hành chính,13,True,5|9|13,5|9|13,3,3
B-train-00671,1,1,argmin,Thiếu/thừa,Phòng ban,B-train-00671-q06,Kinh doanh,9,Kinh doanh,9,True,5|9|13,5|9|13,3,3
B-train-00672,1,1,argmin,Khách quốc tế,Điểm đến,B-train-00672-q01,Nha Trang,16,Nha Trang,16,True,6|9|16,6|9|16,3,3
B-train-00672,2,1,argmin,Doanh thu,Điểm đến,B-train-00672-q05,Phú Quốc,15,Phú Quốc,15,True,15,15,1,1
B-train-00672,1,1,argmax,Kỳ trước,Điểm đến,B-train-00672-q08,Nha Trang,6,Nha Trang,6,True,6|9|16,6|9|16,3,3
B-train-00672,1,1,argmax,Kế hoạch năm,Điểm đến,B-train-00672-q10,Phố cổ Hội An,9,Phố cổ Hội An,9,True,6|9|16,6|9|16,3,3
B-train-00673,1,2,argmin,Chênh lệch,Khu vực,B-train-00673-q05,Đồng bằng sông Cửu Long,7,Miền Bắc Đã đối chiếu,8,False,4|7,4|8,2,2
B-train-00673,1,1,argmax,Doanh thu,Điểm đến,B-train-00673-q09,Nha Trang,6,Nha Trang,6,True,6,6,1,1
B-train-00673,1,2,argmax,Lũy kế,Khu vực,B-train-00673-q10,Miền Trung,4,Miền Trung,4,True,4|7,4|8,2,2
B-train-00674,1,1,argmin,Thuê bao,Khu vực,B-train-00674-q01,Khu vực đô thị,6,Cụm BTS-02,4,False,5|6,4|5|6,2,3
B-train-00674,1,1,argmin,Phản ánh,Khu vực,B-train-00674-q05,Khu vực đô thị,6,Khu vực đô thị,6,True,5|6,4|5|6,2,3
B-train-00674,1,1,argmax,Kỳ trước,Khu vực,B-train-00674-q09,Khu vực ven biển,5,Khu vực ven biển,5,True,5|6,4|5|6,2,3
B-train-00675,1,2,argmin,Tỷ trọng (%),Mã hàng,B-train-00675-q02,VT291,13,VT291,13,True,7|9|13,7|9|13,3,3
B-train-00675,1,1,argmin,Hoàn trả,Điểm bán,B-train-00675-q03,Điểm bán phía Bắc,11,Điểm bán phía Bắc,11,True,11,11,1,1
B-train-00675,1,2,argmax,Tồn đầu,Mã hàng,B-train-00675-q07,VT595,9,VT595,9,True,7|9|13,7|9|13,3,3
B-train-00675,1,2,argmax,Xuất,Mã hàng,B-train-00675-q09,VT808,7,VT808,7,True,7|9|13,7|9|13,3,3
B-train-00676,1,2,argmin,Phản ánh,Khu vực,B-train-00676-q01,Khu vực đô thị,11,Khu vực đô thị,11,True,11,11,1,1
B-train-00676,1,1,argmin,Kỳ này,Khu vực,B-train-00676-q03,Khu vực miền núi,7,Khu vực miền núi,7,True,5|7,3|7,2,2
B-train-00676,1,1,argmax,Thuê bao,Khu vực,B-train-00676-q04,Khu vực ven biển,5,Cụm BTS-01,3,False,5|7,3|7,2,2
B-train-00677,1,1,argmin,Kỳ này,Điểm bán,B-train-00677-q01,Cửa hàng 02,9,Cửa hàng 02,9,True,6|9|12,6|9|12,3,3
B-train-00677,1,1,argmin,Lượt khách,Điểm bán,B-train-00677-q02,Điểm bán phía Bắc,6,Điểm bán phía Bắc,6,True,6|9|12,6|9|12,3,3
B-train-00677,1,2,argmax,Tồn đầu,Mã hàng,B-train-00677-q03,VT759,6,Hải Phòng,3,False,6,3,1,1
B-train-00677,1,1,argmax,Giá trị bán,Điểm bán,B-train-00677-q04,Điểm bán phía Nam,12,Điểm bán phía Nam,12,True,6|9|12,6|9|12,3,3
B-train-00678,1,2,argmin,Tỷ trọng (%),Phòng ban,B-train-00678-q05,Hành chính,13,Hành chính,13,True,13,13,1,1
B-train-00678,1,1,argmax,Kế hoạch năm,Phòng ban,B-train-00678-q06,Kinh doanh,3,Kinh doanh,3,True,3|4|7,3|4|7,3,3
B-train-00678,1,1,argmin,Định biên,Phòng ban,B-train-00678-q07,Miền Nam,4,Miền Nam,4,True,3|4|7,3|4|7,3,3
B-train-00678,1,1,argmax,Kỳ trước,Phòng ban,B-train-00678-q09,Hành chính,7,Hành chính,7,True,3|4|7,3|4|7,3,3
B-train-00679,1,2,argmin,Kỳ trước,Tuyến,B-train-00679-q03,Hà Nội – Hải Phòng,11,Hà Nội – Hải Phòng,11,True,10|11,10|11,2,2
B-train-00679,1,2,argmax,Kỳ trước,Tuyến,B-train-00679-q04,Nha Trang – Đà Lạt,10,Nha Trang – Đà Lạt,10,True,10|11,10|11,2,2
B-train-00679,1,1,argmin,Nhập viện,Khoa,B-train-00679-q05,Nhi,11,Tây Nguyên,13,False,11|13,13,2,1
B-train-00679,1,1,argmax,Nhập viện,Khoa,B-train-00679-q06,Tây Nguyên,13,Tây Nguyên,13,True,11|13,13,2,1
B-train-00680,1,2,argmax,Khách nội địa,Điểm đến,B-train-00680-q06,Khánh Hòa,7,Khánh Hòa,7,True,7,7,1,1
B-train-00680,1,2,argmax,Kế hoạch năm,Điểm đến,B-train-00680-q07,Khánh Hòa,7,Khánh Hòa,7,True,7,7,1,1
B-train-00681,1,1,argmin,Kế hoạch năm,Kho/điểm,B-train-00681-q02,Kho Hà Nội,8,Kho Hà Nội,8,True,3|8|10,5|8|10,3,3
B-train-00681,1,1,argmax,Đúng hạn,Kho/điểm,B-train-00681-q09,Kho Bình Dương,10,Kho Bình Dương,10,True,3|8|10,5|8|10,3,3
B-train-00681,1,1,argmax,Kỳ này,Kho/điểm,B-train-00681-q10,Đồng bằng sông Cửu Long,3,Kho Bình Dương,5,False,3|8|10,5|8|10,3,3
B-train-00682,2,1,argmin,Công suất phòng,Điểm đến,B-train-00682-q04,Phố cổ Hội An,9,Phố cổ Hội An,9,True,4|9,9|15,2,2
B-train-00682,1,1,argmax,Khách quốc tế,Điểm đến,B-train-00682-q05,Phú Quốc,12,Phú Quốc,12,True,12,12,1,1
B-train-00682,2,1,argmin,Khách quốc tế,Điểm đến,B-train-00682-q06,Phố cổ Hội An,9,Phố cổ Hội An,9,True,4|9,9|15,2,2
B-train-00682,2,1,argmax,Khách quốc tế,Điểm đến,B-train-00682-q09,Phố cổ Hội An,4,Đà Lạt,15,False,4|9,9|15,2,2
B-train-00683,1,2,argmin,Kỳ trước,Tuyến,B-train-00683-q03,Nha Trang – Đà Lạt,6,Nha Trang – Đà Lạt,6,True,6,6,1,1
B-train-00683,1,1,argmax,Lũy kế,Gói thầu,B-train-00683-q05,GT42,10,GT42,10,True,8|10|15,8|10|15,3,3
B-train-00683,1,1,argmax,Kỳ này,Gói thầu,B-train-00683-q06,Cần Thơ,8,Cần Thơ,8,True,8|10|15,8|10|15,3,3
B-train-00683,1,1,argmin,Kế hoạch năm,Gói thầu,B-train-00683-q09,GT86,15,GT86,15,True,8|10|15,8|10|15,3,3
B-train-00684,1,2,argmin,Lũy kế,Khu vực,B-train-00684-q04,Cụm BTS-02,4,Cụm BTS-02,4,True,4,4,1,1
B-train-00684,1,1,argmax,Phản ánh,Khu vực,B-train-00684-q06,Khu vực ven biển,10,Khu vực ven biển,10,True,4|5|10,4|5|10,3,3
B-train-00684,1,1,argmax,Lưu lượng,Khu vực,B-train-00684-q07,Cụm BTS-02,4,Cụm BTS-02,4,True,4|5|10,4|5|10,3,3
B-train-00684,1,1,argmin,Tỷ lệ rớt cuộc,Khu vực,B-train-00684-q09,Khu vực ven biển,5,Khu vực ven biển,5,True,4|5|10,4|5|10,3,3
B-train-00685,1,1,argmin,Kỳ trước,Mã hàng,B-train-00685-q02,VT809,14,VT809,14,True,5|6|14,5|11|14,3,3
B-train-00685,1,2,argmin,Tỷ trọng (%),Tuyến,B-train-00685-q03,Đồng Nai,5,Đồng Nai,5,True,5,5,1,1
B-train-00685,1,1,argmax,Tồn đầu,Mã hàng,B-train-00685-q09,VT164,5,VT164,5,True,5|6|14,5|11|14,3,3
B-train-00685,1,1,argmax,Tồn cuối,Mã hàng,B-train-00685-q10,VT854,6,Khánh Hòa,11,False,5|6|14,5|11|14,3,3
B-train-00686,2,1,argmin,Nhập viện,Khoa,B-train-00686-q02,Ngoại,5,Ngoại,5,True,5|10,5|10,2,2
B-train-00686,2,1,argmax,Kỳ này,Khoa,B-train-00686-q03,Nội tổng hợp,10,Nội tổng hợp,10,True,5|10,5|10,2,2
B-train-00686,2,1,argmax,Nhập viện,Khoa,B-train-00686-q08,Nội tổng hợp,10,Nội tổng hợp,10,True,5|10,5|10,2,2
B-train-00686,1,1,argmin,Lũy kế,Khoa,B-train-00686-q09,Tai Mũi Họng,14,Tai Mũi Họng,14,True,14,14,1,1
B-train-00687,1,2,argmax,Kế hoạch năm,Điểm đến,B-train-00687-q01,Đà Lạt,10,Đà Lạt,10,True,10,10,1,1
B-train-00687,1,1,argmax,Tồn đầu,Mã hàng,B-train-00687-q08,VT751,13,VT751,13,True,6|13|16,6|13|16,3,3
B-train-00687,1,1,argmin,Tồn đầu,Mã hàng,B-train-00687-q09,VT505,16,VT505,16,True,6|13|16,6|13|16,3,3
B-train-00687,1,1,argmin,Tồn cuối,Mã hàng,B-train-00687-q10,VT486,6,VT486,6,True,6|13|16,6|13|16,3,3
B-train-00688,2,1,argmax,Tỷ trọng (%),Địa bàn,B-train-00688-q03,Đồng Nai,7,Đồng Nai,7,True,5|7|11,5|7|8,3,3
B-train-00688,1,1,argmin,Lũy kế,Phòng ban,B-train-00688-q05,Miền Nam,10,Kinh doanh,3,False,10,3,1,1
B-train-00688,2,1,argmax,Lũy kế,Địa bàn,B-train-00688-q09,Hải Phòng,11,Đà Nẵng,8,False,5|7|11,5|7|8,3,3
B-train-00688,2,1,argmin,Lũy kế,Địa bàn,B-train-00688-q10,Đà Nẵng,5,Đà Nẵng,5,True,5|7|11,5|7|8,3,3
B-train-00689,2,1,argmin,Diện tích (ha),Địa bàn,B-train-00689-q06,Hải Phòng,6,Hải Phòng,6,True,6|22,6|22,2,2
B-train-00689,1,1,argmax,Sản lượng (tấn),Địa bàn,B-train-00689-q09,Cần Thơ,15,Lâm Đồng,16,False,15,16,1,1
B-train-00689,2,1,argmax,Diện tích (ha),Địa bàn,B-train-00689-q10,Khánh Hòa,22,Khánh Hòa,22,True,6|22,6|22,2,2
B-train-00690,1,2,argmax,Lũy kế,Khu vực,B-train-00690-q07,Miền Bắc,3,Miền Bắc,3,True,3|9|10|12,3|7|10|12,4,4
B-train-00690,1,2,argmin,Tỷ lệ,Khu vực,B-train-00690-q08,Miền Trung,9,Miền Nam,7,False,3|9|10|12,3|7|10|12,4,4
B-train-00690,1,2,argmin,Lũy kế,Khu vực,B-train-00690-q09,Đồng bằng sông Cửu Long,12,Đồng bằng sông Cửu Long,12,True,3|9|10|12,3|7|10|12,4,4
B-train-00690,1,2,argmax,Thực hiện,Khu vực,B-train-00690-q10,Miền Nam,10,Miền Nam,10,True,3|9|10|12,3|7|10|12,4,4
B-train-00691,2,1,argmin,Khách quốc tế,Điểm đến,B-train-00691-q01,Phú Quốc,7,Phú Quốc,7,True,7|12,7|12,2,2
B-train-00691,2,1,argmin,Công suất phòng,Điểm đến,B-train-00691-q06,Phú Quốc,12,Phú Quốc,12,True,7|12,7|12,2,2
B-train-00691,1,2,argmax,Lũy kế,Dự án,B-train-00691-q07,Khu tái định cư,7,Khu tái định cư,7,True,7,7,1,1
B-train-00692,1,1,argmin,Kỳ này,Tuyến,B-train-00692-q03,Đà Nẵng – Huế,12,Đà Nẵng – Huế,12,True,11|12|14,11|12|14,3,3
B-train-00692,1,1,argmin,Hành khách,Tuyến,B-train-00692-q06,Hà Nội – Hải Phòng,11,Hà Nội – Hải Phòng,11,True,11|12|14,11|12|14,3,3
B-train-00692,1,1,argmax,Kỳ này,Tuyến,B-train-00692-q08,Nha Trang – Đà Lạt,14,Nha Trang – Đà Lạt,14,True,11|12|14,11|12|14,3,3
B-train-00693,1,1,argmin,Diện tích (ha),Địa bàn,B-train-00693-q01,Đồng Nai,7,Đồng Nai,7,True,5|6|7|8,5|6|7|8,4,4
B-train-00693,1,1,argmin,Kế hoạch năm,Địa bàn,B-train-00693-q02,Đà Nẵng,5,Đà Nẵng,5,True,5|6|7|8,5|6|7|8,4,4
B-train-00693,1,1,argmax,Kế hoạch năm,Địa bàn,B-train-00693-q06,Cần Thơ,8,Cần Thơ,8,True,5|6|7|8,5|6|7|8,4,4
B-train-00693,1,1,argmax,Tỷ trọng (%),Địa bàn,B-train-00693-q09,Khánh Hòa,6,Khánh Hòa,6,True,5|6|7|8,5|6|7|8,4,4
B-train-00694,2,1,argmin,Lũy kế,Gói thầu,B-train-00694-q05,GT79,21,GT79,21,True,21,21,1,1
B-train-00694,1,1,argmax,Kỳ trước,Gói thầu,B-train-00694-q06,GT72,21,GT72,21,True,7|16|21,7|16|21,3,3
B-train-00694,1,1,argmin,Lũy kế,Gói thầu,B-train-00694-q08,GT99,7,GT99,7,True,7|16|21,7|16|21,3,3
B-train-00694,1,1,argmax,Giá trúng,Gói thầu,B-train-00694-q10,GT60,16,GT60,16,True,7|16|21,7|16|21,3,3
B-train-00695,2,1,argmax,Giá dự toán,Gói thầu,B-train-00695-q01,GT34,9,GT34,9,True,9,9,1,1
B-train-00695,1,1,argmax,Tổn thất,Trạm,B-train-00695-q03,Trạm Tây Đô,11,Trạm Tây Đô,11,True,8|11,8|11,2,2
B-train-00695,1,1,argmin,Kỳ này,Trạm,B-train-00695-q10,Trạm 110kV Bắc,8,Trạm 110kV Bắc,8,True,8|11,8|11,2,2
B-train-00696,1,1,argmin,Tỷ trọng (%),Tuyến,B-train-00696-q04,Nha Trang – Đà Lạt,14,Nha Trang – Đà Lạt,14,True,14,14,1,1
B-train-00696,1,2,argmax,Lũy kế,Địa bàn,B-train-00696-q05,Đà Nẵng,12,Đà Nẵng,12,True,10|12,10|12,2,2
B-train-00696,1,2,argmax,Kỳ này,Địa bàn,B-train-00696-q10,Hà Nội,10,Hà Nội,10,True,10|12,10|12,2,2
B-train-00697,2,1,argmax,Giá trị hợp đồng,Dự án,B-train-00697-q01,Khánh Hòa,10,Cầu Đông Thành,8,False,5|6|10,5|8|12,3,3
B-train-00697,1,2,argmax,Đơn xử lý,Kho/điểm,B-train-00697-q02,Kho Cần Thơ,11,Kho Đà Nẵng,4,False,11,4,1,1
B-train-00697,2,1,argmin,Lũy kế,Dự án,B-train-00697-q04,Trường liên cấp,5,Trường liên cấp,5,True,5|6|10,5|8|12,3,3
B-train-00697,2,1,argmin,Giá trị hợp đồng,Dự án,B-train-00697-q09,Mức A | ưu tiên,6,Khu tái định cư,12,False,5|6|10,5|8|12,3,3
B-train-00698,1,1,argmin,Tỷ trọng (%),Đơn vị,B-train-00698-q07,THPT Lê Quý Đôn,14,THPT Lê Quý Đôn,14,True,14,14,1,1
B-train-00698,1,2,argmax,Lũy kế,Khu vực,B-train-00698-q08,Miền Trung,14,Miền Trung,14,True,3|14,3|6|14,2,3
B-train-00698,1,2,argmax,Tỷ trọng (%),Khu vực,B-train-00698-q09,Miền Trung,14,Tây Nguyên Đã đối chiếu,6,False,3|14,3|6|14,2,3
B-train-00698,1,2,argmin,Chênh lệch,Khu vực,B-train-00698-q10,Miền Bắc,3,Miền Bắc,3,True,3|14,3|6|14,2,3
B-train-00699,1,1,argmin,Kế hoạch năm,Khoa,B-train-00699-q05,Ngoại,16,Ngoại,16,True,10|16|18,10|16|18,3,3
B-train-00699,1,1,argmax,Kỳ trước,Khoa,B-train-00699-q06,Sản,18,Sản,18,True,10|16|18,10|16|18,3,3
B-train-00699,1,1,argmin,Kỳ này,Khoa,B-train-00699-q10,Ngoại,10,Ngoại,10,True,10|16|18,10|16|18,3,3
B-train-00700,1,1,argmax,Kỳ này,Điểm đến,B-train-00700-q05,Đà Lạt,10,Đà Lạt,10,True,5|10|17,5|10|17,3,3
B-train-00700,1,1,argmax,Doanh thu,Điểm đến,B-train-00700-q07,Đà Lạt,5,Đà Lạt,5,True,5|10|17,5|10|17,3,3
B-train-00700,1,1,argmin,Khách quốc tế,Điểm đến,B-train-00700-q09,Phú Quốc,17,Phú Quốc,17,True,5|10|17,5|10|17,3,3
B-train-00700,2,1,argmin,Kỳ trước,Điểm đến,B-train-00700-q10,Phố cổ Hội An,13,Phố cổ Hội An,13,True,13,13,1,1
B-train-00701,1,1,argmin,Phí bảo hiểm,Nghiệp vụ,B-train-00701-q01,Tai nạn con người,7,Sức khỏe,8,False,5|6|7,5|8|11,3,3
B-train-00701,1,2,argmax,Kế hoạch năm,Tuyến,B-train-00701-q04,TP.HCM – Cần Thơ,5,TP.HCM – Cần Thơ,5,True,5,5,1,1
B-train-00701,1,1,argmax,Tỷ lệ,Nghiệp vụ,B-train-00701-q07,Tài sản,5,Tài sản,5,True,5|6|7,5|8|11,3,3
B-train-00701,1,1,argmin,Kỳ trước,Nghiệp vụ,B-train-00701-q10,Hàng hóa,6,Hàng hóa,11,True,5|6|7,5|8|11,3,3
B-train-00702,2,1,argmin,Nhập,Mã hàng,B-train-00702-q02,VT852,13,VT097 Đã đối chiếu,3,False,8|9|13,3|8|9,3,3
B-train-00702,1,1,argmin,Tồn cuối,Mã hàng,B-train-00702-q03,VT701,3,VT701,3,True,3,3,1,1
B-train-00702,2,1,argmax,Tồn đầu,Mã hàng,B-train-00702-q08,VT861,8,VT861,8,True,8|9|13,3|8|9,3,3
B-train-00702,2,1,argmax,Nhập,Mã hàng,B-train-00702-q09,VT900,9,VT900,9,True,8|9|13,3|8|9,3,3
B-train-00703,1,1,argmin,Giá trúng,Gói thầu,B-train-00703-q01,GT46,5,GT46,5,True,4|5,4|5,2,2
B-train-00703,1,2,argmin,Kỳ trước,Điểm đến,B-train-00703-q06,Cần Thơ,3,Cần Thơ,3,True,3,3,1,1
B-train-00703,1,1,argmax,Giá dự toán,Gói thầu,B-train-00703-q10,GT35,4,GT35,4,True,4|5,4|5,2,2
B-train-00704,1,1,argmax,Doanh thu,Tuyến,B-train-00704-q02,TP.HCM – Cần Thơ,13,TP.HCM – Cần Thơ,13,True,7|11|13,4|11|13,3,3
B-train-00704,2,1,argmin,Kế hoạch năm,Trạm,B-train-00704-q03,Cần Thơ,4,Cần Thơ,4,True,4,4,1,1
B-train-00704,1,1,argmax,Kế hoạch năm,Tuyến,B-train-00704-q04,Hà Nội – Hải Phòng,11,Hà Nội – Hải Phòng,11,True,7|11|13,4|11|13,3,3
B-train-00704,1,1,argmin,Kỳ trước,Tuyến,B-train-00704-q06,Hà Nội – Hải Phòng,7,Miền Trung,4,False,7|11|13,4|11|13,3,3
B-train-00705,1,1,argmax,Kỳ này,Trạm,B-train-00705-q01,Trạm Tây Đô,6,Trạm Tây Đô,6,True,6,6,1,1
B-train-00705,1,2,argmin,Công suất phòng,Điểm đến,B-train-00705-q10,Đà Lạt,10,Đà Lạt,10,True,10,10,1,1
B-train-00706,1,1,argmin,Giá trị bán,Điểm bán,B-train-00706-q01,Tây Nguyên,11,Tây Nguyên,11,True,9|11,9|11,2,2
B-train-00706,1,1,argmax,Hoàn trả,Điểm bán,B-train-00706-q02,Cửa hàng 02,9,Cửa hàng 02,9,True,9|11,9|11,2,2
B-train-00706,1,1,argmax,Số đơn,Điểm bán,B-train-00706-q05,Cửa hàng 02,9,Cửa hàng 02,9,True,9|11,9|11,2,2
B-train-00706,1,1,argmin,Số đơn,Điểm bán,B-train-00706-q08,Tây Nguyên,11,Tây Nguyên,11,True,9|11,9|11,2,2
B-train-00707,2,1,argmax,Tỷ trọng (%),Địa bàn,B-train-00707-q01,Đà Nẵng,11,Đà Nẵng,11,True,11,11,1,1
B-train-00707,1,1,argmin,Sản lượng (tấn),Địa bàn,B-train-00707-q04,Hà Nội,3,Hà Nội,3,True,3|16,3|16,2,2
B-train-00707,1,1,argmax,Kỳ trước,Địa bàn,B-train-00707-q06,Lâm Đồng,16,Lâm Đồng,16,True,3|16,3|16,2,2
B-train-00708,1,1,argmax,Phí bảo hiểm,Nghiệp vụ,B-train-00708-q02,Tai nạn con người,12,Khánh Hòa,6,False,4|9|12,4|6|9,3,3
B-train-00708,1,1,argmin,Phí bảo hiểm,Nghiệp vụ,B-train-00708-q05,Xe cơ giới,4,Xe cơ giới,4,True,4|9|12,4|6|9,3,3
B-train-00708,1,1,argmax,Hợp đồng,Nghiệp vụ,B-train-00708-q09,Tai nạn con người,12,Xe cơ giới,9,False,4|9|12,4|6|9,3,3
B-train-00708,1,1,argmin,Bồi thường,Nghiệp vụ,B-train-00708-q10,Xe cơ giới,9,Xe cơ giới,9,True,4|9|12,4|6|9,3,3
B-train-00709,1,1,argmin,Tỷ trọng (%),Điểm bán,B-train-00709-q06,Điểm bán phía Nam,12,Điểm bán phía Nam,12,True,9|10|12,9|10|12,3,3
B-train-00709,1,2,argmax,Nợ quá hạn,Chi nhánh,B-train-00709-q07,Đà Nẵng 01,5,Đà Nẵng 01,5,True,5,5,1,1
B-train-00709,1,1,argmin,Giá trị bán,Điểm bán,B-train-00709-q08,Cửa hàng 02,9,Cửa hàng 02,9,True,9|10|12,9|10|12,3,3
B-train-00709,1,1,argmax,Số đơn,Điểm bán,B-train-00709-q09,Siêu thị trung tâm,10,Siêu thị trung tâm,10,True,9|10|12,9|10|12,3,3
B-train-00710,1,1,argmax,Sản lượng,Trạm,B-train-00710-q01,Trạm 220kV Trung,4,Trạm 220kV Trung,4,True,4|7,4|7,2,2
B-train-00710,1,1,argmax,Kỳ này,Trạm,B-train-00710-q04,Trạm Cao Nguyên,7,Trạm Cao Nguyên,7,True,4|7,4|7,2,2
B-train-00711,1,1,argmin,Tỷ trọng (%),Điểm đến,B-train-00711-q01,Phố cổ Hội An,4,Phố cổ Hội An,4,True,4|6,4|6,2,2
B-train-00711,1,1,argmax,Khách nội địa,Điểm đến,B-train-00711-q04,Nha Trang,6,Phố cổ Hội An,4,False,4|6,4|6,2,2
B-train-00711,1,1,argmax,Doanh thu,Điểm đến,B-train-00711-q10,Nha Trang,6,Nha Trang,6,True,4|6,4|6,2,2
B-train-00712,2,1,argmax,Kỳ trước,Chi nhánh,B-train-00712-q01,Hải Phòng 02,3,Hải Phòng 02,3,True,3|13,3|13,2,2
B-train-00712,1,1,argmax,Nợ quá hạn,Chi nhánh,B-train-00712-q06,Hải Phòng 02,4,Hải Phòng 02,4,True,4|10,4|10,2,2
B-train-00712,1,1,argmin,Tỷ trọng (%),Chi nhánh,B-train-00712-q08,Đà Nẵng 01,10,Đà Nẵng 01,10,True,4|10,4|10,2,2
B-train-00712,2,1,argmin,Tăng trưởng,Chi nhánh,B-train-00712-q09,Hải Phòng 02,13,Hải Phòng 02,13,True,3|13,3|13,2,2
B-train-00713,1,1,argmin,Chi phí,Kho/điểm,B-train-00713-q02,Lâm Đồng,11,Lâm Đồng,11,True,11,11,1,1
B-train-00713,1,2,argmax,Đơn xử lý,Kho/điểm,B-train-00713-q04,Kho Cần Thơ,6,Kho Cần Thơ,6,True,4|6,4|6,2,2
B-train-00713,1,2,argmin,Kỳ này,Kho/điểm,B-train-00713-q10,Kho Đà Nẵng,4,Kho Đà Nẵng,4,True,4|6,4|6,2,2
B-train-00714,1,2,argmax,Kỳ trước,Đơn vị,B-train-00714-q01,THPT Trần Phú,5,THPT Trần Phú,5,True,5|6|12,5|6|12,3,3
B-train-00714,1,2,argmin,Tỷ lệ đạt,Đơn vị,B-train-00714-q05,THPT Phan Bội Châu,6,THPT Phan Bội Châu,6,True,5|6|12,5|6|12,3,3
B-train-00714,1,2,argmin,Lũy kế,Đơn vị,B-train-00714-q09,THPT Chu Văn An,12,THPT Chu Văn An,12,True,5|6|12,5|6|12,3,3
B-train-00715,1,2,argmax,Nợ quá hạn,Chi nhánh,B-train-00715-q01,Hà Nội 01,3,Hà Nội 01,3,True,3|12,3|10,2,2
B-train-00715,1,2,argmin,Kỳ này,Chi nhánh,B-train-00715-q03,Hà Nội 01,3,Hà Nội 01,3,True,3|12,3|10,2,2
B-train-00715,1,2,argmax,Kỳ này,Chi nhánh,B-train-00715-q04,Cần Thơ 02,12,Đà Nẵng 01,10,False,3|12,3|10,2,2
B-train-00716,1,1,argmax,COD,Điểm quan trắc,B-train-00716-q03,Hồ Xuân Hương,5,Hồ Xuân Hương,10,True,5|12,10,2,1
B-train-00716,1,1,argmax,BOD5,Điểm quan trắc,B-train-00716-q04,Cửa biển Đà Nẵng,12,Hồ Xuân Hương,10,False,5|12,10,2,1
B-train-00716,1,2,argmin,Giá trị bán,Điểm bán,B-train-00716-q08,Điểm bán phía Bắc,11,Điểm bán phía Bắc,11,True,11,11,1,1
B-train-00717,1,2,argmin,Tỷ trọng (%),Điểm quan trắc,B-train-00717-q06,Mức A | ưu tiên,12,Mức A | ưu tiên,12,True,12,12,1,1
B-train-00717,2,1,argmax,Kỳ này,Gói thầu,B-train-00717-q07,GT65,4,GT65,4,True,3|4,3|4,2,2
B-train-00717,2,1,argmin,Kỳ này,Gói thầu,B-train-00717-q08,GT99,3,GT99,3,True,3|4,3|4,2,2
B-train-00717,1,1,argmax,Tồn cuối,Kho/điểm,B-train-00717-q09,Kho Bình Dương,5,Kho Bình Dương,5,True,5,5,1,1
B-train-00718,1,1,argmax,Kỳ trước,Địa bàn,B-train-00718-q01,Hải Phòng,4,Hải Phòng,4,True,4|5,4|5,2,2
B-train-00718,1,1,argmin,Lũy kế,Địa bàn,B-train-00718-q07,Đà Nẵng,5,Đà Nẵng,5,True,4|5,4|5,2,2
B-train-00718,1,2,argmin,Kế hoạch năm,Khu vực,B-train-00718-q09,Miền Trung,9,Miền Bắc,10,False,9,10,1,1
B-train-00719,2,1,argmin,Kỳ này,Địa bàn,B-train-00719-q03,Hà Nội,3,Hà Nội,3,True,3|10,3|10,2,2
B-train-00719,1,1,argmax,Lũy kế,Kho/điểm,B-train-00719-q04,Kho trung chuyển,12,Kho trung chuyển,12,True,12,12,1,1
B-train-00719,2,1,argmin,Diện tích (ha),Địa bàn,B-train-00719-q05,Hà Nội,3,Hà Nội,3,True,3|10,3|10,2,2
B-train-00719,2,1,argmax,Diện tích (ha),Địa bàn,B-train-00719-q08,Hà Nội,10,Hà Nội,10,True,3|10,3|10,2,2
B-train-00720,1,1,argmax,Tỷ lệ,Khu vực,B-train-00720-q05,Miền Bắc,13,Miền Bắc,13,True,13,13,1,1
B-train-00720,1,1,argmax,Chênh lệch,Khu vực,B-train-00720-q06,Miền Bắc,13,Miền Bắc,13,True,13,13,1,1
B-train-00720,1,2,argmin,Dư nợ,Chi nhánh,B-train-00720-q10,Hải Phòng,10,Hải Phòng,10,True,10,10,1,1
B-train-00721,2,1,argmin,Nhập,Mã hàng,B-train-00721-q02,VT760,9,VT760,9,True,5|9|14,5|9|14,3,3
B-train-00721,2,1,argmax,Nhập,Mã hàng,B-train-00721-q06,VT111,5,VT111,5,True,5|9|14,5|9|14,3,3
B-train-00721,1,1,argmin,Xuất,Mã hàng,B-train-00721-q07,VT048,5,VT048,5,True,5,5,1,1
B-train-00721,2,1,argmax,Tồn cuối,Mã hàng,B-train-00721-q10,VT690,14,VT690,14,True,5|9|14,5|9|14,3,3
B-train-00722,1,2,argmax,Kỳ trước,Khu vực,B-train-00722-q01,Miền Nam,5,Miền Nam,5,True,5,5,1,1
B-train-00722,1,1,argmin,Kế hoạch năm,Phòng ban,B-train-00722-q03,Hà Nội,6,Hà Nội,6,True,6|15,6|15,2,2
B-train-00722,1,1,argmax,Kế hoạch năm,Phòng ban,B-train-00722-q07,Kinh doanh,15,Kinh doanh,15,True,6|15,6|15,2,2
B-train-00723,1,1,argmax,Lũy kế,Phòng ban,B-train-00723-q03,Công nghệ,18,Công nghệ,18,True,6|18,6|18,2,2
B-train-00723,2,1,argmax,Hiện có,Phòng ban,B-train-00723-q04,Hành chính,11,Hành chính,11,True,9|11,9|11,2,2
B-train-00723,1,1,argmin,Hiện có,Phòng ban,B-train-00723-q06,Công nghệ,6,Công nghệ,6,True,6|18,6|18,2,2
B-train-00723,2,1,argmin,Lũy kế,Phòng ban,B-train-00723-q09,Vận hành,9,Vận hành,9,True,9|11,9|11,2,2
B-train-00724,2,1,argmax,Huy động,Chi nhánh,B-train-00724-q02,Miền Trung,9,Khánh Hòa 03,6,False,4|5|9,4|6|9,3,3
B-train-00724,1,1,argmax,Chi phí,Kho/điểm,B-train-00724-q03,Kho Hà Nội,3,Kho Hà Nội,3,True,3,3,1,1
B-train-00724,2,1,argmin,Tăng trưởng,Chi nhánh,B-train-00724-q06,Đà Nẵng 01,5,Miền Trung,9,False,4|5|9,4|6|9,3,3
B-train-00724,2,1,argmin,Tỷ trọng (%),Chi nhánh,B-train-00724-q09,Hải Phòng 02,4,Hải Phòng 02,4,True,4|5|9,4|6|9,3,3
B-train-00725,1,1,argmax,Kỳ này,Gói thầu,B-train-00725-q01,GT98,4,GT98,4,True,4|8,4|8,2,2
B-train-00725,1,1,argmin,Giá dự toán,Gói thầu,B-train-00725-q03,Mức A | ưu tiên,8,Mức A | ưu tiên,8,True,4|8,4|8,2,2
B-train-00725,1,2,argmin,Đã giải quyết,Nhóm chế độ,B-train-00725-q06,Thất nghiệp,4,Thất nghiệp,4,True,4|6,3|4,2,2
B-train-00725,1,2,argmax,Trễ hạn,Nhóm chế độ,B-train-00725-q10,Đà Nẵng,6,Hưu trí,3,False,4|6,3|4,2,2
B-train-00726,1,2,argmax,Tỷ lệ rớt cuộc,Khu vực,B-train-00726-q01,Tây Nguyên,10,Tây Nguyên,10,True,5|7|10,5|7|10,3,3
B-train-00726,1,2,argmax,Kỳ này,Khu vực,B-train-00726-q03,Khu vực miền núi,7,Khu vực miền núi,7,True,5|7|10,5|7|10,3,3
B-train-00726,1,2,argmin,Lưu lượng,Khu vực,B-train-00726-q08,Khu vực ven biển,5,Khu vực ven biển,5,True,5|7|10,5|7|10,3,3
B-train-00727,1,1,argmax,Kỳ này,Khoa,B-train-00727-q02,Mắt,13,Miền Trung,7,False,6|13,6|7,2,2
B-train-00727,1,1,argmax,Tỷ trọng (%),Khoa,B-train-00727-q09,Sản,6,Sản,6,True,6|13,6|7,2,2
B-train-00727,1,2,argmin,Phí bảo hiểm,Nghiệp vụ,B-train-00727-q10,Tài sản,10,Tài sản,10,True,10,10,1,1
B-train-00728,1,1,argmax,Sản lượng (tấn),Địa bàn,B-train-00728-q03,Tây Nguyên,10,Tây Nguyên,10,True,7|10,7|10,2,2
B-train-00728,1,1,argmax,Tỷ trọng (%),Địa bàn,B-train-00728-q08,Đồng Nai,7,Đồng Nai,7,True,7|10,7|10,2,2
B-train-00729,1,2,argmin,Tỷ lệ rớt cuộc,Khu vực,B-train-00729-q01,Khu vực đô thị,11,Khu vực đô thị,11,True,3|11,3|11,2,2
B-train-00729,1,1,argmin,Kế hoạch năm,Điểm đến,B-train-00729-q02,Phố cổ Hội An,4,Phố cổ Hội An,4,True,4|13,4|13,2,2
B-train-00729,1,1,argmax,Khách quốc tế,Điểm đến,B-train-00729-q04,Vịnh Hạ Long,13,Vịnh Hạ Long,13,True,4|13,4|13,2,2
B-train-00729,1,2,argmax,Kỳ trước,Khu vực,B-train-00729-q06,Cụm BTS-01,3,Cụm BTS-01,3,True,3|11,3|11,2,2
B-train-00730,1,1,argmin,Lũy kế,Điểm bán,B-train-00730-q02,Điểm bán phía Nam,7,Điểm bán phía Nam,7,True,7|10,7|10,2,2
B-train-00730,2,1,argmax,Tỷ trọng (%),Gói thầu,B-train-00730-q03,GT11,13,Cần Thơ,11,False,13,11,1,1
B-train-00730,1,1,argmin,Số đơn,Điểm bán,B-train-00730-q05,Siêu thị trung tâm,10,Siêu thị trung tâm,10,True,7|10,7|10,2,2
B-train-00730,1,2,argmax,Huy động,Chi nhánh,B-train-00730-q07,Cần Thơ 02,7,Cần Thơ 02,7,True,7,7,1,1
B-train-00731,1,1,argmax,Chi trả,Nhóm chế độ,B-train-00731-q01,Thất nghiệp,14,Thất nghiệp,14,True,4|8|14,4|8|14,3,3
B-train-00731,1,1,argmax,Kế hoạch năm,Nhóm chế độ,B-train-00731-q06,Hưu trí,8,Hưu trí,8,True,4|8|14,4|8|14,3,3
B-train-00731,2,1,argmin,Kỳ này,Điểm bán,B-train-00731-q07,Cửa hàng 01,8,Cửa hàng 01,8,True,8,8,1,1
B-train-00731,1,1,argmin,Trễ hạn,Nhóm chế độ,B-train-00731-q08,Thất nghiệp,4,Thất nghiệp,4,True,4|8|14,4|8|14,3,3
B-train-00732,2,1,argmax,Tiến độ,Dự án,B-train-00732-q03,Đường vành đai,8,Đường vành đai,8,True,8,8,1,1
B-train-00732,2,1,argmin,Giải ngân,Dự án,B-train-00732-q04,Đường vành đai,8,Đường vành đai,8,True,8,8,1,1
B-train-00732,1,1,argmin,Tỷ trọng (%),Dự án,B-train-00732-q09,Cầu Đông Thành,8,Cầu Đông Thành,8,True,8|10,8|10,2,2
B-train-00732,1,1,argmax,Giải ngân,Dự án,B-train-00732-q10,Trường liên cấp,10,Trường liên cấp,10,True,8|10,8|10,2,2
B-train-00733,1,1,argmax,Kế hoạch năm,Điểm quan trắc,B-train-00733-q02,Sông Hồng,3,Sông Hồng,3,True,3|7,3|7,2,2
B-train-00733,1,1,argmax,COD,Điểm quan trắc,B-train-00733-q05,Sông Hồng,3,Sông Hồng,3,True,3|7,3|7,2,2
B-train-00733,1,2,argmin,Kỳ này,Khu vực,B-train-00733-q08,Đồng bằng sông Cửu Long,7,Đồng bằng sông Cửu Long,7,True,7,7,1,1
B-train-00733,1,1,argmin,BOD5,Điểm quan trắc,B-train-00733-q10,Cửa biển Đà Nẵng,7,Cửa biển Đà Nẵng,7,True,3|7,3|7,2,2
B-train-00734,1,1,argmin,Công suất đỉnh,Trạm,B-train-00734-q04,Trạm Nam Sông,5,Trạm Nam Sông,5,True,5|15,5|15,2,2
B-train-00734,1,1,argmax,Công suất đỉnh,Trạm,B-train-00734-q05,Trạm Nam Sông,15,Trạm Nam Sông,15,True,5|15,5|15,2,2
B-train-00734,2,1,argmax,Công suất đỉnh,Trạm,B-train-00734-q07,Trạm Cao Nguyên,12,Trạm Cao Nguyên,12,True,12,12,1,1
B-train-00735,1,1,argmax,Kỳ này,Địa bàn,B-train-00735-q03,Đồng Nai,7,Đồng Nai,7,True,7,7,1,1
B-train-00735,2,1,argmax,Sản lượng (tấn),Địa bàn,B-train-00735-q06,Đà Nẵng,6,Đà Nẵng,6,True,6,6,1,1
B-train-00736,1,1,argmax,Lũy kế,Khoa,B-train-00736-q01,Mắt,7,Mắt,7,True,7|12,7|12,2,2
B-train-00736,1,1,argmin,Tỷ trọng (%),Khoa,B-train-00736-q05,Sản,12,Sản,12,True,7|12,7|12,2,2
B-train-00736,1,2,argmin,Kỳ này,Khu vực,B-train-00736-q08,Cụm BTS-01,3,Cụm BTS-01,3,True,3|14,3|14,2,2
B-train-00736,1,2,argmax,Phản ánh,Khu vực,B-train-00736-q09,Cụm BTS-02,14,Cụm BTS-02,14,True,3|14,3|14,2,2
B-train-00737,1,2,argmin,Tỷ lệ rớt cuộc,Khu vực,B-train-00737-q02,Cụm BTS-01,3,Cụm BTS-01,3,True,3|5|9,3|5|9,3,3
B-train-00737,1,2,argmax,Tỷ lệ rớt cuộc,Khu vực,B-train-00737-q06,Khu vực ven biển,5,Khu vực ven biển,5,True,3|5|9,3|5|9,3,3
B-train-00737,1,2,argmax,Thuê bao,Khu vực,B-train-00737-q08,Cần Thơ,9,Cần Thơ,9,True,3|5|9,3|5|9,3,3
B-train-00737,1,1,argmin,Tồn cuối,Kho/điểm,B-train-00737-q09,Kho Bình Dương,10,Kho Bình Dương,10,True,10,10,1,1
B-train-00738,1,1,argmin,Kỳ trước,Phòng ban,B-train-00738-q04,Vận hành,5,Vận hành,5,True,5|11,5|11,2,2
B-train-00738,1,1,argmin,Định biên,Phòng ban,B-train-00738-q06,Tây Nguyên,11,Tây Nguyên,11,True,5|11,5|11,2,2
B-train-00738,1,2,argmax,Phí bảo hiểm,Nghiệp vụ,B-train-00738-q07,Tai nạn con người,12,Tai nạn con người,12,True,12|13,12|13,2,2
B-train-00738,1,2,argmax,Tỷ lệ,Nghiệp vụ,B-train-00738-q09,Sức khỏe,13,Sức khỏe,13,True,12|13,12|13,2,2
B-train-00739,1,1,argmax,Tổn thất,Trạm,B-train-00739-q04,Trạm Cao Nguyên,12,Trạm Cao Nguyên,12,True,8|11|12,8|11|12,3,3
B-train-00739,1,1,argmax,Lũy kế,Trạm,B-train-00739-q08,Trạm Tây Đô,11,Trạm Tây Đô,11,True,8|11|12,8|11|12,3,3
B-train-00739,1,1,argmin,Tổn thất,Trạm,B-train-00739-q09,Trạm 110kV Bắc,8,Trạm 110kV Bắc,8,True,8|11|12,8|11|12,3,3
B-train-00740,1,2,argmin,Chi trả,Nhóm chế độ,B-train-00740-q03,Thai sản,11,Thai sản,11,True,11|13,11|13,2,2
B-train-00740,1,2,argmax,Lũy kế,Nhóm chế độ,B-train-00740-q05,Hưu trí,13,Hưu trí,13,True,11|13,11|13,2,2
B-train-00740,1,1,argmax,Tiến độ,Dự án,B-train-00740-q09,Đường vành đai,9,Đường vành đai,9,True,9,9,1,1
B-train-00741,1,2,argmax,Kế hoạch năm,Dự án,B-train-00741-q02,Cầu Đông Thành,8,Khu tái định cư,12,False,8,12,1,1
B-train-00741,1,1,argmax,Đơn xử lý,Kho/điểm,B-train-00741-q03,Kho Cần Thơ,11,Kho Hà Nội,8,False,8|11,8,2,1
B-train-00741,1,1,argmin,Đúng hạn,Kho/điểm,B-train-00741-q04,Kho Hà Nội,8,Kho Hà Nội,8,True,8|11,8,2,1
B-train-00741,2,1,argmin,Đã giải quyết,Nhóm chế độ,B-train-00741-q07,Hưu trí,13,Hưu trí,13,True,13,13,1,1
B-train-00742,1,2,argmax,Nợ quá hạn,Chi nhánh,B-train-00742-q05,Đà Nẵng 01,10,Đà Nẵng 01,10,True,10,10,1,1
B-train-00743,1,1,argmin,Tồn cuối,Mã hàng,B-train-00743-q01,VT541,11,VT541,11,True,11,11,1,1
B-train-00743,2,1,argmax,Kế hoạch năm,Mã hàng,B-train-00743-q03,VT652,19,VT652,19,True,3|10|19,3|10|19,3,3
B-train-00743,2,1,argmax,Tồn cuối,Mã hàng,B-train-00743-q06,VT043,3,VT043,3,True,3|10|19,3|10|19,3,3
B-train-00743,2,1,argmin,Lũy kế,Mã hàng,B-train-00743-q08,VT271,10,VT271,10,True,3|10|19,3|10|19,3,3
B-train-00744,1,2,argmin,Phí bảo hiểm,Nghiệp vụ,B-train-00744-q06,Sức khỏe,13,Sức khỏe,13,True,13,13,1,1
B-train-00745,1,1,argmin,Lũy kế,Đơn vị,B-train-00745-q05,Đồng Nai,8,Đồng Nai,8,True,8,8,1,1
B-train-00745,2,1,argmax,Xuất,Mã hàng,B-train-00745-q06,VT884,10,VT884,10,True,10,10,1,1
B-train-00745,1,2,argmin,Tỷ lệ rớt cuộc,Khu vực,B-train-00745-q07,Cụm BTS-01,13,Cụm BTS-01,13,True,13,13,1,1
B-train-00746,1,1,argmax,Kỳ này,Điểm bán,B-train-00746-q03,Điểm bán phía Nam,12,Điểm bán phía Nam,12,True,12|16,12|16,2,2
B-train-00746,2,1,argmin,Hoàn trả,Điểm bán,B-train-00746-q06,Cửa hàng 02,12,Cửa hàng 02,12,True,12,12,1,1
B-train-00746,1,1,argmax,Giá trị bán,Điểm bán,B-train-00746-q08,Điểm bán phía Bắc,16,Điểm bán phía Bắc,16,True,12|16,12|16,2,2
B-train-00747,2,1,argmin,Thí sinh,Đơn vị,B-train-00747-q02,Miền Nam,8,Miền Nam,8,True,4|8,4|8,2,2
B-train-00747,1,1,argmax,Kỳ này,Điểm bán,B-train-00747-q03,Điểm bán phía Nam,7,Điểm bán phía Nam,7,True,7,7,1,1
B-train-00747,1,2,argmax,Định biên,Phòng ban,B-train-00747-q05,Kinh doanh,3,Kinh doanh,3,True,3,3,1,1
B-train-00747,2,1,argmin,Lũy kế,Đơn vị,B-train-00747-q09,THPT Lê Quý Đôn,4,THPT Lê Quý Đôn,4,True,4|8,4|8,2,2
B-train-00748,1,2,argmax,Tiến độ,Dự án,B-train-00748-q03,Nhà máy nước,11,Nhà máy nước,11,True,5|11,5|11,2,2
B-train-00748,1,1,argmax,Giải ngân,Dự án,B-train-00748-q06,Cầu Đông Thành,13,Cầu Đông Thành,13,True,13,13,1,1
B-train-00748,1,2,argmin,Tiến độ,Dự án,B-train-00748-q09,Trường liên cấp,5,Trường liên cấp,5,True,5|11,5|11,2,2
B-train-00749,1,1,argmin,Đạt,Đơn vị,B-train-00749-q01,THPT Trần Phú,15,THPT Trần Phú,15,True,15,15,1,1
B-train-00749,2,1,argmin,Chuyển tuyến,Khoa,B-train-00749-q05,Sản,12,Sản,12,True,8|12,8|12,2,2
B-train-00749,2,1,argmax,Kế hoạch năm,Khoa,B-train-00749-q06,Tai Mũi Họng,8,Tai Mũi Họng,8,True,8|12,8|12,2,2
B-train-00749,1,2,argmax,Kỳ này,Đơn vị,B-train-00749-q08,THPT Nguyễn Trãi,3,THPT Nguyễn Trãi,3,True,3,3,1,1
B-train-00750,1,2,argmin,Khách quốc tế,Điểm đến,B-train-00750-q04,Đà Lạt,10,Đà Lạt,10,True,3|10,3|10,2,2
B-train-00750,1,2,argmax,Kỳ trước,Điểm đến,B-train-00750-q07,Vịnh Hạ Long,3,Vịnh Hạ Long,3,True,3|10,3|10,2,2
B-train-00751,1,1,argmax,Kỳ trước,Trạm,B-train-00751-q05,Trạm 110kV Bắc,13,Trạm 110kV Bắc,13,True,11|13,11|13,2,2
B-train-00751,2,1,argmax,Lũy kế,Nghiệp vụ,B-train-00751-q06,Xe cơ giới,4,Xe cơ giới,4,True,4,4,1,1
B-train-00751,1,2,argmin,Kỳ này,Khoa,B-train-00751-q07,Ngoại,10,Ngoại,10,True,10,10,1,1
B-train-00751,1,1,argmin,Công suất đỉnh,Trạm,B-train-00751-q09,Trạm Tây Đô,11,Trạm Tây Đô,11,True,11|13,11|13,2,2
B-train-00752,2,1,argmin,Kỳ này,Gói thầu,B-train-00752-q01,Lâm Đồng,8,Lâm Đồng,8,True,8,8,1,1
B-train-00752,1,2,argmax,Tỷ trọng (%),Đơn vị,B-train-00752-q05,THPT Trần Phú,5,THPT Trần Phú,5,True,5|10,5|10,2,2
B-train-00752,1,2,argmin,Kỳ trước,Đơn vị,B-train-00752-q08,THPT Trần Phú,10,THPT Trần Phú,10,True,5|10,5|10,2,2
B-train-00753,1,2,argmin,Kỳ này,Tuyến,B-train-00753-q04,Nha Trang – Đà Lạt,6,Nha Trang – Đà Lạt,6,True,6|9|11,6|9|11,3,3
B-train-00753,2,1,argmin,Kỳ này,Đơn vị,B-train-00753-q06,THPT Trần Phú,5,THPT Trần Phú,5,True,5,5,1,1
B-train-00753,1,2,argmax,Kỳ này,Tuyến,B-train-00753-q08,Tây Nguyên,9,Tây Nguyên,9,True,6|9|11,6|9|11,3,3
B-train-00753,1,2,argmax,Kế hoạch năm,Tuyến,B-train-00753-q09,Hà Nội – Hải Phòng,11,Hà Nội – Hải Phòng,11,True,6|9|11,6|9|11,3,3
B-train-00754,2,1,argmin,Kỳ này,Điểm bán,B-train-00754-q02,Cửa hàng 02,9,Cửa hàng 01 Đã đối chiếu,3,False,9,3,1,1
B-train-00754,1,2,argmax,Kỳ trước,Điểm quan trắc,B-train-00754-q08,KCN Long Thành,11,Lâm Đồng,12,False,11,12,1,1
B-train-00755,1,1,argmin,Tỷ trọng (%),Gói thầu,B-train-00755-q02,GT91,6,GT91,6,True,6|16,6|16,2,2
B-train-00755,1,1,argmax,Kỳ này,Gói thầu,B-train-00755-q07,GT91,6,GT91,6,True,6|16,6|16,2,2
B-train-00755,2,1,argmin,Lũy kế,Gói thầu,B-train-00755-q08,GT99,8,GT99,8,True,8,8,1,1
B-train-00755,1,1,argmax,Tỷ trọng (%),Gói thầu,B-train-00755-q10,GT69,16,GT69,16,True,6|16,6|16,2,2
B-train-00756,2,1,argmin,Đúng giờ,Tuyến,B-train-00756-q01,Đà Nẵng,5,Đà Nẵng,5,True,5|13|14,5|13|14,3,3
B-train-00756,2,1,argmax,Kỳ này,Tuyến,B-train-00756-q02,Nha Trang – Đà Lạt,14,Nha Trang – Đà Lạt,14,True,5|13|14,5|13|14,3,3
B-train-00756,1,1,argmin,Kế hoạch năm,Tuyến,B-train-00756-q08,Hà Nội – Hải Phòng,3,Hà Nội – Hải Phòng,3,True,3,3,1,1
B-train-00756,2,1,argmax,Kỳ trước,Tuyến,B-train-00756-q09,TP.HCM – Cần Thơ,13,TP.HCM – Cần Thơ,13,True,5|13|14,5|13|14,3,3
B-train-00757,1,1,argmin,Giá dự toán,Gói thầu,B-train-00757-q01,GT43,9,GT43,9,True,9,9,1,1
B-train-00757,1,2,argmax,Kỳ trước,Tuyến,B-train-00757-q02,Hà Nội – Hải Phòng,11,Hà Nội – Hải Phòng,11,True,8|11,8|9|11,2,3
B-train-00757,1,2,argmin,Đúng giờ,Tuyến,B-train-00757-q03,Đà Nẵng – Huế,8,TP.HCM – Cần Thơ,9,False,8|11,8|9|11,2,3
B-train-00757,1,2,argmax,Hành khách,Tuyến,B-train-00757-q08,Đà Nẵng – Huế,8,Đà Nẵng – Huế,8,True,8|11,8|9|11,2,3
B-train-00758,1,1,argmax,Kỳ trước,Dự án,B-train-00758-q01,Đường vành đai,4,Đường vành đai,4,True,4|8,4|8,2,2
B-train-00758,1,1,argmin,Kỳ trước,Dự án,B-train-00758-q05,Đồng Nai,8,Đồng Nai,8,True,4|8,4|8,2,2
B-train-00758,1,2,argmax,Tồn cuối,Kho/điểm,B-train-00758-q08,Kho Cần Thơ,16,Kho Cần Thơ,16,True,11|16,11|16,2,2
B-train-00758,1,2,argmin,Chi phí,Kho/điểm,B-train-00758-q09,Kho Cần Thơ,11,Kho Cần Thơ,11,True,11|16,11|16,2,2
B-train-00759,2,1,argmax,Đã giải quyết,Nhóm chế độ,B-train-00759-q01,Thất nghiệp,12,Thất nghiệp,12,True,12,12,1,1
B-train-00759,1,1,argmin,Kế hoạch năm,Nhóm chế độ,B-train-00759-q02,Mức A | ưu tiên,11,Mức A | ưu tiên,11,True,8|11,8|11,2,2
B-train-00759,1,1,argmax,Kế hoạch năm,Nhóm chế độ,B-train-00759-q03,Hưu trí,8,Hưu trí,8,True,8|11,8|11,2,2
B-train-00760,2,1,argmin,Tổn thất,Trạm,B-train-00760-q02,Trạm Cao Nguyên,12,Trạm Cao Nguyên,12,True,6|12,9|12,2,2
B-train-00760,2,1,argmin,Kỳ trước,Trạm,B-train-00760-q03,Trạm Tây Đô,6,Trạm 220kV Trung Đã đối chiếu,9,False,6|12,9|12,2,2
B-train-00760,1,1,argmax,Lũy kế,Nhóm chế độ,B-train-00760-q09,Hà Nội,3,Hà Nội,3,True,3,3,1,1
B-train-00761,2,1,argmax,Kế hoạch năm,Nghiệp vụ,B-train-00761-q01,Sức khỏe,8,Sức khỏe,8,True,8,8,1,1
B-train-00761,1,1,argmin,Tỷ trọng (%),Tuyến,B-train-00761-q03,Đà Nẵng – Huế,8,Đà Nẵng – Huế,8,True,6|8,6|8,2,2
B-train-00761,1,1,argmax,Lũy kế,Tuyến,B-train-00761-q08,Hải Phòng,6,Hải Phòng,6,True,6|8,6|8,2,2
B-train-00761,1,2,argmin,Giá dự toán,Gói thầu,B-train-00761-q09,GT99,8,GT99,8,True,8,8,1,1
B-train-00762,1,2,argmin,Tỷ trọng (%),Kho/điểm,B-train-00762-q01,Kho Đà Nẵng,9,Kho Đà Nẵng,9,True,4|5|9|10,4|7|9|13,4,4
B-train-00762,1,2,argmax,Kỳ này,Kho/điểm,B-train-00762-q03,Kho Đà Nẵng,4,Kho Đà Nẵng,4,True,4|5|9|10,4|7|9|13,4,4
B-train-00762,1,2,argmax,Đơn xử lý,Kho/điểm,B-train-00762-q05,Miền Nam,10,Kho Hà Nội,13,False,4|5|9|10,4|7|9|13,4,4
B-train-00762,1,2,argmin,Tồn cuối,Kho/điểm,B-train-00762-q07,Kho Bình Dương,5,Kho trung chuyển,7,False,4|5|9|10,4|7|9|13,4,4
B-train-00763,2,1,argmax,Hành khách,Tuyến,B-train-00763-q03,Đà Nẵng – Huế,11,Đà Nẵng – Huế,11,True,11|14,11|14,2,2
B-train-00763,1,1,argmin,Kỳ này,Tuyến,B-train-00763-q04,Hà Nội – Hải Phòng,11,Hà Nội – Hải Phòng,11,True,11|16,11|16,2,2
B-train-00763,2,1,argmax,Doanh thu,Tuyến,B-train-00763-q06,Hà Nội – Hải Phòng,14,Hà Nội – Hải Phòng,14,True,11|14,11|14,2,2
B-train-00763,1,1,argmin,Đúng giờ,Tuyến,B-train-00763-q10,Đà Nẵng – Huế,16,Đà Nẵng – Huế,16,True,11|16,11|16,2,2
B-train-00764,1,1,argmax,Giá trúng,Gói thầu,B-train-00764-q02,GT95,20,GT95,20,True,20,20,1,1
B-train-00764,2,1,argmin,Giá dự toán,Gói thầu,B-train-00764-q06,GT63,20,GT63,20,True,4|20,4|20,2,2
B-train-00764,2,1,argmin,Lũy kế,Gói thầu,B-train-00764-q08,GT66,4,GT66,4,True,4|20,4|20,2,2
B-train-00765,1,2,argmax,Khách nội địa,Điểm đến,B-train-00765-q02,Phú Quốc,12,Nha Trang,11,False,11|12,11|12,2,2
B-train-00765,1,2,argmin,Công suất phòng,Điểm đến,B-train-00765-q03,Phú Quốc,12,Phú Quốc,12,True,11|12,11|12,2,2
B-train-00765,1,2,argmax,Kỳ này,Điểm đến,B-train-00765-q05,Nha Trang,11,Nha Trang,11,True,11|12,11|12,2,2
B-train-00765,1,1,argmin,Kỳ này,Nghiệp vụ,B-train-00765-q09,Sức khỏe,3,Sức khỏe,3,True,3,3,1,1
B-train-00766,1,2,argmax,Kỳ trước,Chi nhánh,B-train-00766-q01,Khánh Hòa 03,11,Khánh Hòa 03,11,True,9|11,9|11,2,2
B-train-00766,1,2,argmin,Huy động,Chi nhánh,B-train-00766-q02,Hải Phòng 02,9,Hải Phòng 02,9,True,9|11,9|11,2,2
B-train-00766,1,2,argmin,Tăng trưởng,Chi nhánh,B-train-00766-q07,Khánh Hòa 03,11,Khánh Hòa 03,11,True,9|11,9|11,2,2
B-train-00766,1,1,argmax,Tồn cuối,Kho/điểm,B-train-00766-q08,Kho Cần Thơ,6,Kho Cần Thơ,6,True,6,6,1,1
B-train-00767,2,1,argmax,Kỳ này,Kho/điểm,B-train-00767-q02,Kho Đà Nẵng,16,Kho Đà Nẵng,16,True,16|18,16|18,2,2
B-train-00767,1,1,argmin,Chi phí,Kho/điểm,B-train-00767-q04,Kho Bình Dương,20,Kho Bình Dương,20,True,14|20,14|20,2,2
B-train-00767,2,1,argmin,Tồn cuối,Kho/điểm,B-train-00767-q05,Kho Cần Thơ,18,Kho Cần Thơ,18,True,16|18,16|18,2,2
B-train-00767,1,1,argmax,Kỳ trước,Kho/điểm,B-train-00767-q10,Kho Đà Nẵng,14,Kho Đà Nẵng,14,True,14|20,14|20,2,2
B-train-00768,2,1,argmax,Lũy kế,Khoa,B-train-00768-q03,Nhi,20,Nhi,20,True,20,20,1,1
B-train-00768,2,1,argmax,Kỳ này,Khoa,B-train-00768-q05,Nhi,20,Nhi,20,True,20,20,1,1
B-train-00769,1,2,argmax,Tỷ trọng (%),Khu vực,B-train-00769-q02,Cụm BTS-01,8,Cụm BTS-01,8,True,8,8,1,1
B-train-00769,1,1,argmin,Trễ hạn,Nhóm chế độ,B-train-00769-q03,Thất nghiệp,4,Thất nghiệp,4,True,3|4|13,3|4|13,3,3
B-train-00769,1,1,argmin,Đã giải quyết,Nhóm chế độ,B-train-00769-q06,Hưu trí,13,Hưu trí,13,True,3|4|13,3|4|13,3,3
B-train-00769,1,1,argmax,Kỳ trước,Nhóm chế độ,B-train-00769-q07,Hưu trí,3,Hưu trí,3,True,3|4|13,3|4|13,3,3
B-train-00770,1,2,argmin,BOD5,Điểm quan trắc,B-train-00770-q02,Cần Thơ,10,Cần Thơ,10,True,5|10,5|10,2,2
B-train-00770,1,2,argmax,Tỷ trọng (%),Điểm quan trắc,B-train-00770-q04,Hồ Xuân Hương,5,Hồ Xuân Hương,5,True,5|10,5|10,2,2
B-train-00770,1,1,argmax,Kế hoạch năm,Điểm bán,B-train-00770-q05,Điểm bán phía Nam,7,Điểm bán phía Nam,7,True,4|7,4|7,2,2
B-train-00770,1,1,argmin,Lượt khách,Điểm bán,B-train-00770-q07,Cửa hàng 02,4,Cửa hàng 02,4,True,4|7,4|7,2,2
B-train-00771,1,1,argmax,Nhập viện,Khoa,B-train-00771-q03,Tây Nguyên,13,Tây Nguyên,13,True,6|11|13,3|6|13,3,3
B-train-00771,1,1,argmin,Lượt khám,Khoa,B-train-00771-q05,Nhi,11,Nội tổng hợp,3,False,6|11|13,3|6|13,3,3
B-train-00771,1,2,argmax,Hành khách,Tuyến,B-train-00771-q06,TP.HCM – Cần Thơ,13,TP.HCM – Cần Thơ,13,True,13,13,1,1
B-train-00771,1,1,argmin,Kỳ trước,Khoa,B-train-00771-q10,Sản,6,Sản,6,True,6|11|13,3|6|13,3,3
B-train-00772,2,1,argmin,Tỷ trọng (%),Gói thầu,B-train-00772-q01,GT57,5,GT57,5,True,5,5,1,1
B-train-00772,1,2,argmin,Hoàn trả,Điểm bán,B-train-00772-q06,Điểm bán phía Nam,12,Điểm bán phía Nam,12,True,7|12,7|12,2,2
B-train-00772,1,2,argmax,Số đơn,Điểm bán,B-train-00772-q08,Tây Nguyên,7,Tây Nguyên,7,True,7|12,7|12,2,2
B-train-00772,1,1,argmax,Tỷ trọng (%),Điểm bán,B-train-00772-q09,Cửa hàng 01,3,Cửa hàng 01,3,True,3,3,1,1
B-train-00773,1,2,argmin,Kế hoạch năm,Nhóm chế độ,B-train-00773-q03,Thai sản,6,Thai sản,6,True,4|6,6|8,2,2
B-train-00773,1,2,argmax,Đã giải quyết,Nhóm chế độ,B-train-00773-q05,Thất nghiệp,4,Đồng bằng sông Cửu Long,8,False,4|6,6|8,2,2
B-train-00773,1,1,argmin,pH,Điểm quan trắc,B-train-00773-q09,Hồ Xuân Hương,5,Sông Hồng,3,False,5|10,3|10,2,2
B-train-00773,1,1,argmax,pH,Điểm quan trắc,B-train-00773-q10,Hà Nội,10,Hà Nội,10,True,5|10,3|10,2,2
B-train-00774,1,1,argmax,Kỳ này,Gói thầu,B-train-00774-q03,GT94,6,GT42 Đã đối chiếu,5,False,6|7|9,5|7|9,3,3
B-train-00774,1,2,argmax,Giải ngân,Dự án,B-train-00774-q04,Nhà máy nước,11,Nhà máy nước,11,True,11,11,1,1
B-train-00774,1,1,argmin,Giá trúng,Gói thầu,B-train-00774-q07,GT54,9,GT54,9,True,6|7|9,5|7|9,3,3
B-train-00774,1,1,argmin,Kỳ trước,Gói thầu,B-train-00774-q08,GT07,7,GT07,7,True,6|7|9,5|7|9,3,3
B-train-00775,1,1,argmax,Tiến độ,Dự án,B-train-00775-q02,Nhà máy nước,16,Nhà máy nước,16,True,16|17,16|17,2,2
B-train-00775,2,1,argmin,Giải ngân,Dự án,B-train-00775-q06,Khu tái định cư,17,Khu tái định cư,17,True,9|17,9|17,2,2
B-train-00775,2,1,argmax,Giải ngân,Dự án,B-train-00775-q07,Đường vành đai,9,Đường vành đai,9,True,9|17,9|17,2,2
B-train-00775,1,1,argmin,Giải ngân,Dự án,B-train-00775-q08,Khu tái định cư,17,Khu tái định cư,17,True,16|17,16|17,2,2
B-train-00776,1,2,argmin,Hoàn trả,Điểm bán,B-train-00776-q02,Cửa hàng 01,3,Cửa hàng 01,3,True,3,3,1,1
B-train-00776,1,1,argmin,Đúng giờ,Tuyến,B-train-00776-q04,Nha Trang – Đà Lạt,6,Nha Trang – Đà Lạt,6,True,6|7,6|7,2,2
B-train-00776,1,1,argmax,Hành khách,Tuyến,B-train-00776-q06,Đà Nẵng,7,Đà Nẵng,7,True,6|7,6|7,2,2
B-train-00776,1,2,argmax,Kỳ này,Điểm bán,B-train-00776-q08,Cửa hàng 01,3,Cửa hàng 01,3,True,3,3,1,1
B-train-00777,2,1,argmax,Tồn cuối,Kho/điểm,B-train-00777-q01,Kho Cần Thơ,15,Kho Cần Thơ,15,True,15|17,15|17,2,2
B-train-00777,1,1,argmax,Tồn cuối,Kho/điểm,B-train-00777-q02,Kho Hà Nội,3,Kho Hà Nội,3,True,3|8,3|8,2,2
B-train-00777,1,1,argmin,Đúng hạn,Kho/điểm,B-train-00777-q05,Kho Hà Nội,8,Kho Hà Nội,8,True,3|8,3|8,2,2
B-train-00777,2,1,argmin,Kỳ trước,Kho/điểm,B-train-00777-q08,Kho Hà Nội,17,Kho Hà Nội,17,True,15|17,15|17,2,2
B-train-00778,1,1,argmax,Huy động,Chi nhánh,B-train-00778-q06,Đà Nẵng 01,15,Đà Nẵng,3,False,15,3,1,1
B-train-00778,2,1,argmin,Tỷ trọng (%),Khu vực,B-train-00778-q07,Mức A | ưu tiên,4,Mức A | ưu tiên,4,True,4|7|10,4|7|10,3,3
B-train-00778,2,1,argmin,Phản ánh,Khu vực,B-train-00778-q09,Khu vực ven biển,10,Khu vực ven biển,10,True,4|7|10,4|7|10,3,3
B-train-00778,2,1,argmax,Lưu lượng,Khu vực,B-train-00778-q10,Khu vực miền núi,7,Khu vực miền núi,7,True,4|7|10,4|7|10,3,3
B-train-00779,1,2,argmax,Hồ sơ nhận,Nhóm chế độ,B-train-00779-q03,Tai nạn lao động,7,Tai nạn lao động,7,True,5|7,5|7,2,2
B-train-00779,1,2,argmin,Lũy kế,Nhóm chế độ,B-train-00779-q06,Ốm đau,5,Ốm đau,5,True,5|7,5|7,2,2
B-train-00779,1,1,argmax,Lũy kế,Khoa,B-train-00779-q07,Sản,6,Sản,6,True,6,6,1,1
B-train-00780,1,1,argmin,Lũy kế,Phòng ban,B-train-00780-q06,Vận hành,11,Vận hành,11,True,3|11|12,3|11|12,3,3
B-train-00780,1,1,argmin,Kỳ trước,Phòng ban,B-train-00780-q08,Công nghệ,12,Công nghệ,12,True,3|11|12,3|11|12,3,3
B-train-00780,1,1,argmax,Kỳ trước,Phòng ban,B-train-00780-q10,Kinh doanh,3,Kinh doanh,3,True,3|11|12,3|11|12,3,3
B-train-00781,2,1,argmin,Chi trả,Nhóm chế độ,B-train-00781-q01,Thai sản,4,Thai sản,4,True,4|10,4|10,2,2
B-train-00781,1,1,argmax,Kế hoạch năm,Nhóm chế độ,B-train-00781-q04,Ốm đau,15,Ốm đau,15,True,10|15,8|15,2,2
B-train-00781,2,1,argmax,Trễ hạn,Nhóm chế độ,B-train-00781-q09,Tai nạn lao động,10,Tai nạn lao động,10,True,4|10,4|10,2,2
B-train-00781,1,1,argmin,Trễ hạn,Nhóm chế độ,B-train-00781-q10,Ốm đau,10,Hưu trí,8,False,10|15,8|15,2,2
B-train-00782,1,1,argmin,Kế hoạch năm,Khu vực,B-train-00782-q02,Cụm BTS-01,3,Cụm BTS-01,3,True,3,3,1,1
B-train-00782,2,1,argmin,Công suất phòng,Điểm đến,B-train-00782-q05,Nha Trang,16,Đà Lạt,15,False,16,15,1,1
B-train-00783,1,1,argmin,Lũy kế,Điểm bán,B-train-00783-q02,Miền Trung,3,Miền Trung,3,True,3|6|13,3|6|13,3,3
B-train-00783,1,1,argmax,Lũy kế,Điểm bán,B-train-00783-q03,Cửa hàng 01,13,Cửa hàng 01,13,True,3|6|13,3|6|13,3,3
B-train-00783,1,1,argmax,Kế hoạch năm,Điểm bán,B-train-00783-q06,Mức A | ưu tiên,6,Mức A | ưu tiên,6,True,3|6|13,3|6|13,3,3
B-train-00783,1,2,argmin,Tỷ trọng (%),Trạm,B-train-00783-q09,Trạm Nam Sông,10,Trạm Nam Sông,10,True,10,10,1,1
B-train-00784,1,2,argmin,Lũy kế,Tuyến,B-train-00784-q01,TP.HCM – Cần Thơ,5,TP.HCM – Cần Thơ,5,True,5,5,1,1
B-train-00784,2,1,argmax,Hoàn trả,Điểm bán,B-train-00784-q09,Siêu thị trung tâm,5,Siêu thị trung tâm,5,True,5,5,1,1
B-train-00785,1,1,argmax,Diện tích (ha),Địa bàn,B-train-00785-q03,Lâm Đồng,16,Khánh Hòa,13,False,16,13,1,1
B-train-00785,2,1,argmin,Kỳ trước,Nghiệp vụ,B-train-00785-q06,Sức khỏe,13,Sức khỏe,13,True,8|13,8|13,2,2
B-train-00785,2,1,argmax,Kế hoạch năm,Nghiệp vụ,B-train-00785-q08,Sức khỏe,8,Sức khỏe,8,True,8|13,8|13,2,2
B-train-00785,1,2,argmin,Kế hoạch năm,Trạm,B-train-00785-q10,Trạm 110kV Bắc,3,Trạm 110kV Bắc,3,True,3,3,1,1
B-train-00786,1,1,argmax,Kế hoạch năm,Tuyến,B-train-00786-q01,TP.HCM – Cần Thơ,5,TP.HCM – Cần Thơ,5,True,5,5,1,1
B-train-00786,1,2,argmax,Tồn cuối,Mã hàng,B-train-00786-q04,VT402,3,VT402,3,True,3|10,3|6,2,2
B-train-00786,1,2,argmin,Kỳ trước,Mã hàng,B-train-00786-q08,VT318,10,Cần Thơ,6,False,3|10,3|6,2,2
B-train-00787,1,2,argmin,Lượt khách,Điểm bán,B-train-00787-q01,Siêu thị trung tâm,10,Siêu thị trung tâm,10,True,5|10,5|10,2,2
B-train-00787,1,2,argmax,Số đơn,Điểm bán,B-train-00787-q03,Đồng bằng sông Cửu Long,5,Đồng bằng sông Cửu Long,5,True,5|10,5|10,2,2
B-train-00787,1,1,argmin,Bồi thường,Nghiệp vụ,B-train-00787-q08,Xe cơ giới,4,Xe cơ giới,4,True,4,4,1,1
B-train-00788,2,1,argmax,Thí sinh,Đơn vị,B-train-00788-q05,THPT Nguyễn Trãi,8,THPT Nguyễn Trãi,8,True,8,8,1,1
B-train-00788,1,1,argmax,Giải ngân,Dự án,B-train-00788-q06,Miền Nam,12,Miền Nam,12,True,12,12,1,1
B-train-00788,1,2,argmin,Lượt khách,Điểm bán,B-train-00788-q07,Miền Trung,8,Miền Trung,8,True,8,8,1,1
B-train-00789,2,1,argmax,Hành khách,Tuyến,B-train-00789-q03,Đà Nẵng – Huế,8,Đà Nẵng – Huế,8,True,8|14,8|14,2,2
B-train-00789,1,2,argmax,Kỳ này,Điểm bán,B-train-00789-q05,Siêu thị trung tâm,15,Cửa hàng 01,8,False,15,8,1,1
B-train-00789,1,1,argmin,Hoàn trả,Điểm bán,B-train-00789-q06,Cửa hàng 02,4,Cửa hàng 02,4,True,4,4,1,1
B-train-00789,2,1,argmin,Đúng giờ,Tuyến,B-train-00789-q09,Nha Trang – Đà Lạt,14,Nha Trang – Đà Lạt,14,True,8|14,8|14,2,2
B-train-00790,2,1,argmin,Tăng trưởng,Chi nhánh,B-train-00790-q02,Cần Thơ 02,22,Cần Thơ 02,22,True,22,22,1,1
B-train-00790,1,1,argmax,Nợ quá hạn,Chi nhánh,B-train-00790-q03,Khánh Hòa 03,11,Khánh Hòa 03,11,True,11|13|18,11|13|18,3,3
B-train-00790,1,1,argmin,Kế hoạch năm,Chi nhánh,B-train-00790-q04,Hà Nội 01,13,Hà Nội 01,13,True,11|13|18,11|13|18,3,3
B-train-00790,1,1,argmax,Tăng trưởng,Chi nhánh,B-train-00790-q05,Hà Nội 01,18,Hà Nội 01,18,True,11|13|18,11|13|18,3,3
B-train-00791,1,1,argmax,Nhập viện,Khoa,B-train-00791-q01,Mắt,19,Mắt,19,True,19|21,19|21,2,2
B-train-00791,1,1,argmin,Nhập viện,Khoa,B-train-00791-q02,Nội tổng hợp,21,Nội tổng hợp,21,True,19|21,19|21,2,2
B-train-00791,2,1,argmax,Chuyển tuyến,Khoa,B-train-00791-q06,Tai Mũi Họng,6,Tai Mũi Họng,6,True,6|11,6|11,2,2
B-train-00791,2,1,argmin,Kế hoạch năm,Khoa,B-train-00791-q07,Mắt,11,Mắt,11,True,6|11,6|11,2,2
B-train-00792,1,2,argmin,Kỳ này,Dự án,B-train-00792-q01,Mức A | ưu tiên,3,Mức A | ưu tiên,3,True,3|12,3|12,2,2
B-train-00792,1,2,argmax,Tiến độ,Dự án,B-train-00792-q04,Khu tái định cư,12,Khu tái định cư,12,True,3|12,3|12,2,2
B-train-00792,1,1,argmin,Kỳ này,Khu vực,B-train-00792-q08,Miền Trung,9,Khánh Hòa,3,False,9,3,1,1
B-train-00793,2,1,argmin,Chi trả,Nhóm chế độ,B-train-00793-q03,Hưu trí,8,Hưu trí,8,True,8,8,1,1
B-train-00793,1,1,argmax,Lũy kế,Nhóm chế độ,B-train-00793-q07,Thai sản,6,Thai sản,6,True,6|22,6|22,2,2
B-train-00793,1,1,argmax,Kỳ này,Nhóm chế độ,B-train-00793-q08,Tai nạn lao động,22,Tai nạn lao động,22,True,6|22,6|22,2,2
B-train-00794,1,1,argmax,Lũy kế,Đơn vị,B-train-00794-q05,THPT Trần Phú,10,THPT Trần Phú,10,True,10|19,10|19,2,2
B-train-00794,1,1,argmin,Tỷ trọng (%),Đơn vị,B-train-00794-q06,THPT Lê Quý Đôn,19,THPT Lê Quý Đôn,19,True,10|19,10|19,2,2
B-train-00794,1,1,argmin,Kỳ này,Đơn vị,B-train-00794-q09,THPT Lê Quý Đôn,19,THPT Lê Quý Đôn,19,True,10|19,10|19,2,2
B-train-00795,1,2,argmax,Kế hoạch năm,Kho/điểm,B-train-00795-q01,Kho Bình Dương,10,Kho Bình Dương,10,True,3|4|9|10,3|4|9|10,4,4
B-train-00795,1,2,argmin,Kỳ trước,Kho/điểm,B-train-00795-q02,Kho Đà Nẵng,4,Kho Đà Nẵng,4,True,3|4|9|10,3|4|9|10,4,4
B-train-00795,1,2,argmin,Kỳ này,Kho/điểm,B-train-00795-q04,Kho Đà Nẵng,9,Kho Đà Nẵng,9,True,3|4|9|10,3|4|9|10,4,4
B-train-00795,1,2,argmax,Đúng hạn,Kho/điểm,B-train-00795-q08,Kho Hà Nội,3,Kho Hà Nội,3,True,3|4|9|10,3|4|9|10,4,4
B-train-00796,1,1,argmax,Giá dự toán,Gói thầu,B-train-00796-q03,GT26,8,GT26,8,True,8,8,1,1
B-train-00796,1,2,argmin,Tổn thất,Trạm,B-train-00796-q06,Trạm Nam Sông,5,Trạm Nam Sông,5,True,5,5,1,1
B-train-00797,1,2,argmax,Tỷ trọng (%),Gói thầu,B-train-00797-q01,GT58,9,GT58,9,True,9|11,9|10,2,2
B-train-00797,1,1,argmax,Tỷ lệ,Nghiệp vụ,B-train-00797-q04,Hàng hóa,11,Hàng hóa,11,True,5|11,5|11,2,2
B-train-00797,1,2,argmin,Tỷ trọng (%),Gói thầu,B-train-00797-q07,GT21,11,GT77 Đã đối chiếu,10,False,9|11,9|10,2,2
B-train-00797,1,1,argmin,Kỳ trước,Nghiệp vụ,B-train-00797-q08,Mức A | ưu tiên,5,Mức A | ưu tiên,5,True,5|11,5|11,2,2
B-train-00798,1,2,argmax,Kỳ này,Khu vực,B-train-00798-q01,Miền Bắc,3,Miền Bắc,3,True,3|5,3|5,2,2
B-train-00798,2,1,argmax,Lũy kế,Trạm,B-train-00798-q03,Trạm Nam Sông,10,Trạm Nam Sông,10,True,10,10,1,1
B-train-00798,1,1,argmin,Kỳ này,Đơn vị,B-train-00798-q06,THPT Trần Phú,5,THPT Trần Phú,5,True,5,5,1,1
B-train-00798,1,2,argmin,Kỳ trước,Khu vực,B-train-00798-q08,Miền Nam,5,Miền Nam,5,True,3|5,3|5,2,2
B-train-00799,2,1,argmin,Tiến độ,Dự án,B-train-00799-q04,Nhà máy nước,6,Đường vành đai Đã đối chiếu,9,False,5|6,5|9,2,2
B-train-00799,1,2,argmax,Diện tích (ha),Địa bàn,B-train-00799-q06,Hải Phòng,4,Hải Phòng,4,True,4,4,1,1
B-train-00799,2,1,argmin,Giải ngân,Dự án,B-train-00799-q07,Mức A | ưu tiên,5,Mức A | ưu tiên,5,True,5|6,5|9,2,2
B-train-00799,1,1,argmax,Doanh thu,Điểm đến,B-train-00799-q09,Nha Trang,6,Nha Trang,6,True,6,6,1,1
B-train-00800,1,2,argmin,Giá trúng,Gói thầu,B-train-00800-q06,GT44,5,GT44,5,True,5,5,1,1
B-train-00800,1,1,argmax,Kỳ này,Khoa,B-train-00800-q08,Nhi,11,Nhi,11,True,11,11,1,1
B-train-00801,1,1,argmax,Nợ quá hạn,Chi nhánh,B-train-00801-q02,Hải Phòng 02,14,Hải Phòng 02,14,True,12|14,12|14,2,2
B-train-00801,1,1,argmin,Kỳ này,Chi nhánh,B-train-00801-q04,Cần Thơ 02,12,Cần Thơ 02,12,True,12|14,12|14,2,2
B-train-00801,2,1,argmax,Nợ quá hạn,Chi nhánh,B-train-00801-q07,Khánh Hòa 03,19,Khánh Hòa 03,19,True,18|19,18|19,2,2
B-train-00801,2,1,argmin,Huy động,Chi nhánh,B-train-00801-q10,Đà Nẵng 01,18,Đà Nẵng 01,18,True,18|19,18|19,2,2
B-train-00802,1,2,argmin,Kỳ trước,Địa bàn,B-train-00802-q04,Đồng Nai,10,Đồng Nai,10,True,10|12|13,10|12|13,3,3
B-train-00802,1,2,argmax,Tỷ trọng (%),Địa bàn,B-train-00802-q09,Khánh Hòa,13,Khánh Hòa,13,True,10|12|13,10|12|13,3,3
B-train-00802,1,2,argmax,Sản lượng (tấn),Địa bàn,B-train-00802-q10,Đà Nẵng,12,Đà Nẵng,12,True,10|12|13,10|12|13,3,3
B-train-00803,1,1,argmin,Giá trị hợp đồng,Dự án,B-train-00803-q03,Khu tái định cư,7,Miền Trung,8,False,7,8,1,1
B-train-00803,1,2,argmax,Hiện có,Phòng ban,B-train-00803-q05,Hành chính,13,Hành chính,13,True,13|15,4|13,2,2
B-train-00803,1,2,argmax,Thiếu/thừa,Phòng ban,B-train-00803-q08,Kinh doanh,15,Cần Thơ,4,False,13|15,4|13,2,2
B-train-00804,1,2,argmax,Lượt khám,Khoa,B-train-00804-q03,Nhi,11,Ngoại,4,False,11,4,1,1
B-train-00804,1,1,argmin,Lũy kế,Khu vực,B-train-00804-q06,Cụm BTS-01,8,Cụm BTS-01,8,True,8,8,1,1
B-train-00805,2,1,argmax,Tồn cuối,Kho/điểm,B-train-00805-q01,Kho Đà Nẵng,4,Kho Đà Nẵng,4,True,4|8,4|8,2,2
B-train-00805,1,1,argmin,Dư nợ,Chi nhánh,B-train-00805-q02,Cần Thơ 02,7,Hải Phòng 02,9,False,7,9,1,1
B-train-00805,2,1,argmin,Lũy kế,Kho/điểm,B-train-00805-q04,Kho Hà Nội,8,Kho Hà Nội,8,True,4|8,4|8,2,2
B-train-00806,1,2,argmin,Chi phí,Kho/điểm,B-train-00806-q01,Kho Hà Nội,8,Kho Hà Nội,8,True,6|8,6|8,2,2
B-train-00806,1,2,argmax,Đúng hạn,Kho/điểm,B-train-00806-q02,Kho Cần Thơ,6,Kho Cần Thơ,6,True,6|8,6|8,2,2
B-train-00806,1,1,argmin,Lũy kế,Mã hàng,B-train-00806-q05,VT322,10,VT322,10,True,10,10,1,1
B-train-00807,1,2,argmax,Kỳ trước,Khoa,B-train-00807-q03,Nhi,5,Nhi,5,True,5,5,1,1
B-train-00807,1,1,argmin,Tồn cuối,Mã hàng,B-train-00807-q05,VT972,6,VT972,6,True,6|7|10,6|7|10,3,3
B-train-00807,1,1,argmin,Tồn đầu,Mã hàng,B-train-00807-q06,VT367,10,VT367,10,True,6|7|10,6|7|10,3,3
B-train-00807,1,1,argmax,Tồn đầu,Mã hàng,B-train-00807-q07,Khánh Hòa,7,Khánh Hòa,7,True,6|7|10,6|7|10,3,3
B-train-00808,1,2,argmax,Kế hoạch năm,Mã hàng,B-train-00808-q03,VT284,6,Hà Nội,7,False,6|10,7|10,2,2
B-train-00808,1,1,argmin,Tỷ trọng (%),Trạm,B-train-00808-q04,Trạm Tây Đô,11,Trạm 110kV Bắc,3,False,9|11,3|9,2,2
B-train-00808,1,2,argmin,Xuất,Mã hàng,B-train-00808-q05,VT416,10,VT416,10,True,6|10,7|10,2,2
B-train-00808,1,1,argmax,Lũy kế,Trạm,B-train-00808-q09,Trạm 220kV Trung,9,Trạm 220kV Trung,9,True,9|11,3|9,2,2
B-train-00809,1,2,argmax,Tỷ trọng (%),Tuyến,B-train-00809-q01,Hà Nội – Hải Phòng,3,Hà Nội – Hải Phòng,3,True,3,3,1,1
B-train-00809,2,1,argmin,Kỳ trước,Đơn vị,B-train-00809-q06,THPT Chu Văn An,7,THPT Chu Văn An,7,True,7,7,1,1
B-train-00809,1,1,argmin,Kỳ trước,Khu vực,B-train-00809-q10,Đồng bằng sông Cửu Long,12,Đồng bằng sông Cửu Long,12,True,12,12,1,1
B-train-00810,2,1,argmin,Hành khách,Tuyến,B-train-00810-q02,TP.HCM – Cần Thơ,11,TP.HCM – Cần Thơ,11,True,11|12,11|12,2,2
B-train-00810,2,1,argmax,Kỳ này,Tuyến,B-train-00810-q03,Nha Trang – Đà Lạt,12,Nha Trang – Đà Lạt,12,True,11|12,11|12,2,2
B-train-00810,1,1,argmax,Kỳ này,Tuyến,B-train-00810-q05,Đà Nẵng – Huế,16,Đà Nẵng – Huế,16,True,15|16,15|16,2,2
B-train-00810,1,1,argmin,Doanh thu,Tuyến,B-train-00810-q06,Hà Nội – Hải Phòng,15,Hà Nội – Hải Phòng,15,True,15|16,15|16,2,2
B-train-00811,2,1,argmin,Tiến độ,Dự án,B-train-00811-q04,Cầu Đông Thành,8,Miền Trung,14,False,8,14,1,1
B-train-00811,1,1,argmin,Thực hiện,Khu vực,B-train-00811-q08,Đồng bằng sông Cửu Long,7,Đồng bằng sông Cửu Long,7,True,6|7,6|7,2,2
B-train-00811,1,2,argmax,Giá dự toán,Gói thầu,B-train-00811-q09,GT87,7,GT87,7,True,7,7,1,1
B-train-00811,1,1,argmax,Chênh lệch,Khu vực,B-train-00811-q10,Tây Nguyên,6,Tây Nguyên,6,True,6|7,6|7,2,2
B-train-00812,2,1,argmax,Trễ hạn,Nhóm chế độ,B-train-00812-q01,Thai sản,5,Thai sản,5,True,5|10,5|10,2,2
B-train-00812,2,1,argmin,Tỷ trọng (%),Nhóm chế độ,B-train-00812-q05,Thai sản,10,Thai sản,10,True,5|10,5|10,2,2
B-train-00813,1,1,argmax,Khách quốc tế,Điểm đến,B-train-00813-q06,Vịnh Hạ Long,3,Vịnh Hạ Long,3,True,3|6,3|6,2,2
B-train-00813,2,1,argmax,Khách quốc tế,Điểm đến,B-train-00813-q07,Đà Lạt,8,Đà Lạt,8,True,8,8,1,1
B-train-00813,1,1,argmin,Công suất phòng,Điểm đến,B-train-00813-q09,Nha Trang,6,Nha Trang,6,True,3|6,3|6,2,2
B-train-00814,1,1,argmin,Thiếu/thừa,Phòng ban,B-train-00814-q01,Công nghệ,6,Công nghệ,6,True,6,6,1,1
B-train-00814,1,2,argmax,Tỷ trọng (%),Gói thầu,B-train-00814-q06,GT15,3,GT15,3,True,3|6|10,3|6|10,3,3
B-train-00814,1,2,argmin,Giá dự toán,Gói thầu,B-train-00814-q09,GT04,6,GT04,6,True,3|6|10,3|6|10,3,3
B-train-00814,1,2,argmax,Giá trúng,Gói thầu,B-train-00814-q10,GT42,10,GT42,10,True,3|6|10,3|6|10,3,3
B-train-00815,1,1,argmin,Lưu lượng,Khu vực,B-train-00815-q04,Cụm BTS-02,4,Cụm BTS-02,4,True,4|6|11,4|6|11,3,3
B-train-00815,2,1,argmin,Phản ánh,Khu vực,B-train-00815-q05,Khu vực đô thị,6,Khu vực đô thị,6,True,6,6,1,1
B-train-00815,1,1,argmax,Lưu lượng,Khu vực,B-train-00815-q08,Khu vực đô thị,11,Khu vực đô thị,11,True,4|6|11,4|6|11,3,3
B-train-00815,1,1,argmax,Phản ánh,Khu vực,B-train-00815-q10,Khu vực đô thị,6,Khu vực đô thị,6,True,4|6|11,4|6|11,3,3
B-train-00816,1,2,argmax,Lượt khám,Khoa,B-train-00816-q01,Đồng Nai,8,Ngoại,10,False,4|8,4|10,2,2
B-train-00816,1,2,argmin,Nhập viện,Khoa,B-train-00816-q06,Ngoại,4,Ngoại,4,True,4|8,4|10,2,2
B-train-00816,1,1,argmin,Kế hoạch năm,Đơn vị,B-train-00816-q08,THPT Chu Văn An,7,THPT Chu Văn An,7,True,7,7,1,1
B-train-00817,2,1,argmax,Tỷ lệ rớt cuộc,Khu vực,B-train-00817-q02,Khu vực ven biển,5,Khu vực ven biển,5,True,3|5|9,3|5|9,3,3
B-train-00817,1,2,argmax,Kỳ này,Dự án,B-train-00817-q04,Khu tái định cư,12,Khu tái định cư,12,True,12,12,1,1
B-train-00817,2,1,argmin,Phản ánh,Khu vực,B-train-00817-q05,Cụm BTS-01,3,Cụm BTS-01,3,True,3|5|9,3|5|9,3,3
B-train-00817,2,1,argmin,Kỳ trước,Khu vực,B-train-00817-q10,Miền Nam,9,Miền Nam,9,True,3|5|9,3|5|9,3,3
B-train-00818,2,1,argmax,Kỳ trước,Trạm,B-train-00818-q04,Trạm Nam Sông,10,Trạm Nam Sông,10,True,10,10,1,1
B-train-00818,1,1,argmax,Kế hoạch năm,Trạm,B-train-00818-q05,Trạm Nam Sông,10,Trạm Nam Sông,10,True,10,10,1,1
B-train-00819,1,2,argmin,Kỳ trước,Điểm đến,B-train-00819-q02,Đà Lạt,5,Phú Quốc Đã đối chiếu,7,False,5|8,7,2,1
B-train-00819,1,2,argmin,Công suất phòng,Điểm đến,B-train-00819-q03,Vịnh Hạ Long,8,Phú Quốc Đã đối chiếu,7,False,5|8,7,2,1
B-train-00819,1,1,argmax,Kế hoạch năm,Chi nhánh,B-train-00819-q08,Khánh Hòa 03,6,Khánh Hòa 03,6,True,6,6,1,1
B-train-00820,1,1,argmax,Kỳ này,Điểm bán,B-train-00820-q04,Cửa hàng 02,9,Cửa hàng 02,9,True,6|9,6|9,2,2
B-train-00820,1,1,argmax,Giá trị bán,Điểm bán,B-train-00820-q10,Điểm bán phía Bắc,6,Điểm bán phía Bắc,6,True,6|9,6|9,2,2
B-train-00821,2,1,argmax,Giải ngân,Dự án,B-train-00821-q02,Đường vành đai,7,Đường vành đai,7,True,7|18,7|18,2,2
B-train-00821,2,1,argmin,Tiến độ,Dự án,B-train-00821-q07,Trường liên cấp,18,Trường liên cấp,18,True,7|18,7|18,2,2
B-train-00821,1,1,argmax,Giải ngân,Dự án,B-train-00821-q09,Cầu Đông Thành,8,Cầu Đông Thành,8,True,8,8,1,1
B-train-00822,1,2,argmax,Tỷ trọng (%),Gói thầu,B-train-00822-q04,Miền Nam,12,Miền Nam,12,True,5|6|8|12,5|8|12,4,3
B-train-00822,1,2,argmin,Tỷ trọng (%),Gói thầu,B-train-00822-q05,GT74,5,GT74,5,True,5|6|8|12,5|8|12,4,3
B-train-00822,1,2,argmin,Kỳ này,Gói thầu,B-train-00822-q06,GT28,6,Miền Nam,12,False,5|6|8|12,5|8|12,4,3
B-train-00822,1,2,argmax,Lũy kế,Gói thầu,B-train-00822-q07,GT76,8,GT76,8,True,5|6|8|12,5|8|12,4,3
B-train-00823,1,1,argmin,Tỷ lệ đạt,Đơn vị,B-train-00823-q01,THPT Trần Phú,5,THPT Trần Phú,5,True,5|11,5|11,2,2
B-train-00823,1,1,argmin,Đạt,Đơn vị,B-train-00823-q02,THPT Trần Phú,5,THPT Trần Phú,5,True,5|11,5|11,2,2
B-train-00823,1,1,argmax,Thí sinh,Đơn vị,B-train-00823-q08,THPT Phan Bội Châu,11,THPT Phan Bội Châu,11,True,5|11,5|11,2,2
B-train-00824,1,2,argmin,Kỳ này,Tuyến,B-train-00824-q02,Hà Nội – Hải Phòng,3,Hà Nội – Hải Phòng,3,True,3,3,1,1
B-train-00824,1,1,argmax,Kỳ trước,Nhóm chế độ,B-train-00824-q08,Thất nghiệp,4,Thất nghiệp,4,True,4,4,1,1
B-train-00825,1,1,argmin,Kỳ trước,Tuyến,B-train-00825-q01,Hà Nội – Hải Phòng,11,Hà Nội – Hải Phòng,11,True,3|11|13,3|11|13,3,3
B-train-00825,2,1,argmax,Kỳ trước,Kho/điểm,B-train-00825-q03,Kho Hà Nội,8,Kho Hà Nội,8,True,8,8,1,1
B-train-00825,1,1,argmax,Đúng giờ,Tuyến,B-train-00825-q06,TP.HCM – Cần Thơ,13,TP.HCM – Cần Thơ,13,True,3|11|13,3|11|13,3,3
B-train-00825,1,1,argmin,Kế hoạch năm,Tuyến,B-train-00825-q10,Hà Nội – Hải Phòng,3,Hà Nội – Hải Phòng,3,True,3|11|13,3|11|13,3,3
B-train-00826,1,2,argmin,Tỷ trọng (%),Chi nhánh,B-train-00826-q03,Khánh Hòa 03,11,Đà Nẵng 01 Đã đối chiếu,5,False,11,5,1,1
B-train-00826,1,1,argmax,Tồn cuối,Mã hàng,B-train-00826-q05,VT119,11,VT119,11,True,8|11,8|11,2,2
B-train-00826,1,1,argmin,Kỳ trước,Mã hàng,B-train-00826-q10,VT606,8,VT606,8,True,8|11,8|11,2,2
B-train-00827,1,2,argmax,Lũy kế,Khu vực,B-train-00827-q01,Miền Nam,10,Miền Nam,10,True,3|10|11,3|10|11,3,3
B-train-00827,1,1,argmax,Công suất đỉnh,Trạm,B-train-00827-q06,Trạm 220kV Trung,9,Trạm 220kV Trung,9,True,9,9,1,1
B-train-00827,1,2,argmin,Kỳ này,Khu vực,B-train-00827-q07,Miền Bắc,3,Miền Bắc,3,True,3|10|11,3|10|11,3,3
B-train-00827,1,2,argmin,Lũy kế,Khu vực,B-train-00827-q10,Tây Nguyên,11,Tây Nguyên,11,True,3|10|11,3|10|11,3,3
B-train-00828,1,1,argmin,Kỳ trước,Kho/điểm,B-train-00828-q02,Kho Đà Nẵng,9,Kho Đà Nẵng,9,True,8|9,8|9,2,2
B-train-00828,1,2,argmin,Tỷ trọng (%),Nghiệp vụ,B-train-00828-q03,Xe cơ giới,9,Xe cơ giới,9,True,9|15,9|15,2,2
B-train-00828,1,2,argmax,Kế hoạch năm,Nghiệp vụ,B-train-00828-q05,Tài sản,15,Tài sản,15,True,9|15,9|15,2,2
B-train-00828,1,1,argmax,Tồn cuối,Kho/điểm,B-train-00828-q07,Kho Hà Nội,8,Kho Hà Nội,8,True,8|9,8|9,2,2
B-train-00829,2,1,argmax,Kỳ này,Địa bàn,B-train-00829-q03,Lâm Đồng,7,Lâm Đồng,7,True,7|11,7|11,2,2
B-train-00829,1,1,argmin,Kỳ trước,Địa bàn,B-train-00829-q09,Hà Nội,17,Hà Nội,17,True,17,17,1,1
B-train-00829,2,1,argmin,Diện tích (ha),Địa bàn,B-train-00829-q10,Khánh Hòa,11,Khánh Hòa,11,True,7|11,7|11,2,2
B-train-00830,2,1,argmax,Tỷ trọng (%),Kho/điểm,B-train-00830-q01,Kho Bình Dương,5,Cần Thơ,6,False,3|5|10,3|6,3,2
B-train-00830,2,1,argmin,Kỳ trước,Kho/điểm,B-train-00830-q06,Kho Hà Nội,3,Kho Hà Nội,3,True,3|5|10,3|6,3,2
B-train-00830,2,1,argmin,Lũy kế,Kho/điểm,B-train-00830-q07,Kho Hà Nội,3,Kho Hà Nội,3,True,3|5|10,3|6,3,2
B-train-00830,2,1,argmax,Tồn cuối,Kho/điểm,B-train-00830-q08,Kho Bình Dương,10,Cần Thơ,6,False,3|5|10,3|6,3,2
B-train-00831,1,1,argmin,Kỳ này,Trạm,B-train-00831-q03,Trạm 110kV Bắc,18,Trạm 110kV Bắc,18,True,11|18,11|18,2,2
B-train-00831,1,1,argmax,Kỳ trước,Trạm,B-train-00831-q07,Trạm Tây Đô,11,Trạm Tây Đô,11,True,11|18,11|18,2,2
B-train-00831,2,1,argmax,Sự cố,Trạm,B-train-00831-q09,Trạm Nam Sông,5,Trạm Nam Sông,5,True,5,5,1,1
B-train-00832,1,1,argmin,Lũy kế,Phòng ban,B-train-00832-q01,Vận hành,11,Đồng Nai,14,False,6|11,6|14,2,2
B-train-00832,1,2,argmin,Kỳ trước,Mã hàng,B-train-00832-q03,VT672,4,VT672,4,True,4,4,1,1
B-train-00832,1,1,argmax,Kỳ này,Phòng ban,B-train-00832-q09,Công nghệ,6,Công nghệ,6,True,6|11,6|14,2,2
B-train-00833,1,1,argmax,Khách quốc tế,Điểm đến,B-train-00833-q04,Vịnh Hạ Long,3,Vịnh Hạ Long,3,True,3|11,3|11,2,2
B-train-00833,1,1,argmin,Khách quốc tế,Điểm đến,B-train-00833-q06,Mức A | ưu tiên,11,Mức A | ưu tiên,11,True,3|11,3|11,2,2
B-train-00833,2,1,argmax,Kỳ này,Điểm đến,B-train-00833-q07,Nha Trang,16,Nha Trang,16,True,7|16,7|16,2,2
B-train-00833,2,1,argmin,Doanh thu,Điểm đến,B-train-00833-q09,Phú Quốc,7,Phú Quốc,7,True,7|16,7|16,2,2
B-train-00834,1,2,argmin,Kỳ này,Địa bàn,B-train-00834-q01,Hải Phòng,11,Hải Phòng,11,True,9|11,9|11,2,2
B-train-00834,1,2,argmax,Kỳ trước,Địa bàn,B-train-00834-q05,Lâm Đồng,9,Lâm Đồng,9,True,9|11,9|11,2,2
B-train-00834,1,1,argmax,Hiện có,Phòng ban,B-train-00834-q06,Vận hành,11,Vận hành,11,True,11,11,1,1
B-train-00835,1,1,argmax,Công suất phòng,Điểm đến,B-train-00835-q01,Đà Lạt,10,Đà Lạt,10,True,3|10,10|15,2,2
B-train-00835,1,2,argmin,Phản ánh,Khu vực,B-train-00835-q06,Cụm BTS-01,3,Cụm BTS-01,3,True,3,3,1,1
B-train-00835,1,1,argmin,Kỳ trước,Điểm đến,B-train-00835-q10,Vịnh Hạ Long,3,Hải Phòng,15,False,3|10,10|15,2,2
B-train-00836,1,1,argmin,Nhập,Mã hàng,B-train-00836-q04,VT876,13,Hà Nội,11,False,13|14,11|13|14,2,3
B-train-00836,1,1,argmax,Tồn đầu,Mã hàng,B-train-00836-q07,VT855,14,VT855,14,True,13|14,11|13|14,2,3
B-train-00836,1,1,argmax,Kỳ này,Mã hàng,B-train-00836-q08,VT876,13,VT876,13,True,13|14,11|13|14,2,3
B-train-00837,1,1,argmin,Tỷ trọng (%),Trạm,B-train-00837-q01,Trạm Cao Nguyên,17,Trạm 110kV Bắc,8,False,4|17,4|8|17,2,3
B-train-00837,2,1,argmin,Tỷ trọng (%),Trạm,B-train-00837-q06,Trạm Cao Nguyên,12,Trạm Cao Nguyên,12,True,12,12,1,1
B-train-00837,1,1,argmax,Kỳ trước,Trạm,B-train-00837-q07,Trạm Cao Nguyên,17,Trạm Cao Nguyên,17,True,4|17,4|8|17,2,3
B-train-00837,1,1,argmax,Tỷ trọng (%),Trạm,B-train-00837-q10,Trạm 220kV Trung,4,Trạm 220kV Trung,4,True,4|17,4|8|17,2,3
B-train-00838,1,2,argmax,Doanh thu,Điểm đến,B-train-00838-q07,Vịnh Hạ Long,8,Vịnh Hạ Long,8,True,8|14,8|14,2,2
B-train-00838,1,1,argmin,Lũy kế,Phòng ban,B-train-00838-q08,Chăm sóc khách hàng,8,Chăm sóc khách hàng,8,True,8,8,1,1
B-train-00838,1,2,argmax,Kế hoạch năm,Điểm đến,B-train-00838-q10,Phố cổ Hội An,14,Phố cổ Hội An,14,True,8|14,8|14,2,2
B-train-00839,2,1,argmax,Kế hoạch năm,Điểm quan trắc,B-train-00839-q02,Hồ Xuân Hương,7,Hồ Xuân Hương,7,True,7,7,1,1
B-train-00839,1,1,argmin,BOD5,Điểm quan trắc,B-train-00839-q03,KCN Long Thành,11,KCN Long Thành,11,True,11,11,1,1
B-train-00839,1,1,argmax,Kế hoạch năm,Điểm quan trắc,B-train-00839-q05,KCN Long Thành,11,KCN Long Thành,11,True,11,11,1,1
B-train-00840,1,2,argmin,Xuất,Mã hàng,B-train-00840-q10,VT534,7,VT534,7,True,7,7,1,1
B-train-00841,1,2,argmax,Lũy kế,Khu vực,B-train-00841-q02,Miền Nam,5,Miền Bắc Đã đối chiếu,8,False,5|11|12,5|8|11|12,3,4
B-train-00841,1,2,argmax,Tỷ lệ,Khu vực,B-train-00841-q05,Tây Nguyên,11,Tây Nguyên,11,True,5|11|12,5|8|11|12,3,4
B-train-00841,1,2,argmin,Lũy kế,Khu vực,B-train-00841-q07,Đồng bằng sông Cửu Long,12,Đồng bằng sông Cửu Long,12,True,5|11|12,5|8|11|12,3,4
B-train-00841,1,2,argmin,Kế hoạch,Khu vực,B-train-00841-q10,Tây Nguyên,11,Miền Nam,5,False,5|11|12,5|8|11|12,3,4
B-train-00842,1,1,argmax,Kỳ trước,Điểm bán,B-train-00842-q01,Điểm bán phía Bắc,11,Điểm bán phía Bắc,11,True,11,11,1,1
B-train-00842,1,2,argmax,Lũy kế,Điểm quan trắc,B-train-00842-q06,Sông Hương,9,Cửa biển Đà Nẵng Đã đối chiếu,7,False,9,7,1,1
B-train-00843,1,2,argmax,Lũy kế,Phòng ban,B-train-00843-q01,Kinh doanh,9,Miền Trung,3,False,5|9|10,3|5,3,2
B-train-00843,1,1,argmin,Lũy kế,Nghiệp vụ,B-train-00843-q02,Hàng hóa,6,Hàng hóa,6,True,6,6,1,1
B-train-00843,1,2,argmin,Kế hoạch năm,Phòng ban,B-train-00843-q08,Kế toán,10,Miền Trung,3,False,5|9|10,3|5,3,2
B-train-00843,1,2,argmax,Thiếu/thừa,Phòng ban,B-train-00843-q09,Vận hành,5,Vận hành,5,True,5|9|10,3|5,3,2
B-train-00844,1,2,argmin,Kỳ này,Kho/điểm,B-train-00844-q02,Kho Hà Nội,8,Kho Bình Dương,5,False,8,5,1,1
B-train-00844,1,1,argmax,Hợp đồng,Nghiệp vụ,B-train-00844-q04,Miền Nam,4,Miền Nam,4,True,4|8|9,4|6|8,3,3
B-train-00844,1,1,argmin,Hợp đồng,Nghiệp vụ,B-train-00844-q05,Xe cơ giới,9,Hàng hóa,6,False,4|8|9,4|6|8,3,3
B-train-00844,1,1,argmax,Tỷ trọng (%),Nghiệp vụ,B-train-00844-q09,Sức khỏe,8,Sức khỏe,8,True,4|8|9,4|6|8,3,3
B-train-00845,2,1,argmax,Lũy kế,Điểm bán,B-train-00845-q04,Cửa hàng 02,17,Cửa hàng 02,17,True,14|17,14|17,2,2
B-train-00845,1,1,argmax,Số đơn,Điểm bán,B-train-00845-q05,Siêu thị trung tâm,5,Siêu thị trung tâm,5,True,5,5,1,1
B-train-00845,2,1,argmin,Lũy kế,Điểm bán,B-train-00845-q07,Điểm bán phía Bắc,14,Điểm bán phía Bắc,14,True,14|17,14|17,2,2
B-train-00846,1,2,argmax,Tỷ lệ rớt cuộc,Khu vực,B-train-00846-q03,Khu vực đô thị,11,Khu vực đô thị,11,True,11|13,11|13,2,2
B-train-00846,1,1,argmin,Kỳ này,Đơn vị,B-train-00846-q09,THPT Chu Văn An,7,THPT Chu Văn An,7,True,7,7,1,1
B-train-00846,1,2,argmax,Phản ánh,Khu vực,B-train-00846-q10,Cụm BTS-01,13,Cụm BTS-01,13,True,11|13,11|13,2,2
B-train-00847,1,2,argmax,Tỷ lệ rớt cuộc,Khu vực,B-train-00847-q05,Miền Trung,6,Miền Trung,6,True,6|11,6|11,2,2
B-train-00847,2,1,argmax,Kế hoạch năm,Khoa,B-train-00847-q06,Sản,12,Sản,12,True,10|12,10|12,2,2
B-train-00847,1,2,argmin,Tỷ lệ rớt cuộc,Khu vực,B-train-00847-q08,Khu vực đô thị,11,Khu vực đô thị,11,True,6|11,6|11,2,2
B-train-00847,2,1,argmin,Tỷ trọng (%),Khoa,B-train-00847-q10,Ngoại,10,Ngoại,10,True,10|12,10|12,2,2
B-train-00848,1,2,argmax,Tỷ trọng (%),Điểm bán,B-train-00848-q06,Cửa hàng 01,8,Cửa hàng 01,8,True,4|8,4|8,2,2
B-train-00848,1,2,argmin,Kỳ trước,Điểm bán,B-train-00848-q08,Cửa hàng 02,4,Cửa hàng 02,4,True,4|8,4|8,2,2
B-train-00848,1,1,argmax,Nhập,Mã hàng,B-train-00848-q09,VT394,7,VT394,7,True,7,7,1,1
B-train-00849,1,2,argmin,Bồi thường,Nghiệp vụ,B-train-00849-q04,Tai nạn con người,7,Tai nạn con người,7,True,7|10,7|10,2,2
B-train-00849,1,1,argmax,Bồi thường,Nghiệp vụ,B-train-00849-q05,Sức khỏe,13,Sức khỏe,13,True,13,13,1,1
B-train-00849,1,2,argmin,Phí bảo hiểm,Nghiệp vụ,B-train-00849-q06,Tài sản,10,Tài sản,10,True,7|10,7|10,2,2
B-train-00850,2,1,argmax,Tỷ trọng (%),Mã hàng,B-train-00850-q01,VT672,3,VT672,3,True,3|5,3|5,2,2
B-train-00850,2,1,argmin,Kế hoạch năm,Mã hàng,B-train-00850-q04,VT304,5,VT304,5,True,3|5,3|5,2,2
B-train-00850,1,1,argmin,Lũy kế,Chi nhánh,B-train-00850-q06,Khánh Hòa 03,6,Khánh Hòa 03,6,True,6|12,6|7,2,2
B-train-00850,1,1,argmax,Tỷ trọng (%),Chi nhánh,B-train-00850-q07,Cần Thơ 02,12,Cần Thơ 02,7,True,6|12,6|7,2,2
B-train-00851,1,2,argmin,Kỳ trước,Dự án,B-train-00851-q05,Đà Nẵng,6,Đà Nẵng,6,True,6|8|11,6|8|9,3,3
B-train-00851,1,1,argmax,Kế hoạch năm,Tuyến,B-train-00851-q06,Hà Nội – Hải Phòng,7,Hà Nội – Hải Phòng,7,True,7,7,1,1
B-train-00851,1,2,argmax,Tỷ trọng (%),Dự án,B-train-00851-q07,Cầu Đông Thành,8,Cầu Đông Thành,8,True,6|8|11,6|8|9,3,3
B-train-00851,1,2,argmin,Giải ngân,Dự án,B-train-00851-q10,Nhà máy nước,11,Đường vành đai Đã đối chiếu,9,False,6|8|11,6|8|9,3,3
B-train-00852,1,1,argmax,Kế hoạch năm,Phòng ban,B-train-00852-q02,Công nghệ,18,Công nghệ,18,True,18,18,1,1
B-train-00852,1,1,argmin,Kỳ này,Phòng ban,B-train-00852-q05,Công nghệ,18,Công nghệ,18,True,18,18,1,1
B-train-00852,2,1,argmax,Tỷ trọng (%),Phòng ban,B-train-00852-q07,Kế toán,21,Kế toán,21,True,16|21,16|21,2,2
B-train-00852,2,1,argmin,Thiếu/thừa,Phòng ban,B-train-00852-q09,Vận hành,16,Vận hành,16,True,16|21,16|21,2,2
B-train-00853,1,2,argmin,Tỷ trọng (%),Mã hàng,B-train-00853-q02,Đà Nẵng,8,Đà Nẵng,8,True,8|13,8|13,2,2
B-train-00853,1,2,argmax,Tỷ trọng (%),Mã hàng,B-train-00853-q07,VT046,13,VT046,13,True,8|13,8|13,2,2
B-train-00853,2,1,argmax,Kế hoạch năm,Khoa,B-train-00853-q10,Ngoại,4,Ngoại,4,True,4,4,1,1
B-train-00854,1,2,argmin,Hành khách,Tuyến,B-train-00854-q02,Đà Nẵng – Huế,8,Đà Nẵng – Huế,8,True,8|12,8|12,2,2
B-train-00854,1,2,argmin,Kế hoạch năm,Tuyến,B-train-00854-q08,Đà Nẵng – Huế,12,Đà Nẵng – Huế,12,True,8|12,8|12,2,2
B-train-00855,1,2,argmax,Lượt khám,Khoa,B-train-00855-q05,Mắt,7,Ngoại,10,False,5|7|11,5|10|11,3,3
B-train-00855,1,1,argmin,Tổn thất,Trạm,B-train-00855-q06,Trạm 220kV Trung,9,Trạm 220kV Trung,9,True,9,9,1,1
B-train-00855,1,2,argmax,Chuyển tuyến,Khoa,B-train-00855-q07,Nhi,11,Nhi,11,True,5|7|11,5|10|11,3,3
B-train-00855,1,2,argmin,Chuyển tuyến,Khoa,B-train-00855-q08,Đồng bằng sông Cửu Long,5,Đồng bằng sông Cửu Long,5,True,5|7|11,5|10|11,3,3
B-train-00856,1,1,argmax,Lũy kế,Mã hàng,B-train-00856-q01,VT681,13,VT681,13,True,13,13,1,1
B-train-00856,2,1,argmin,Tồn đầu,Mã hàng,B-train-00856-q04,VT420,5,VT420,5,True,5|6,5|6,2,2
B-train-00856,2,1,argmax,Tồn đầu,Mã hàng,B-train-00856-q10,VT162,6,VT162,6,True,5|6,5|6,2,2
B-train-00857,1,1,argmax,Tỷ trọng (%),Điểm quan trắc,B-train-00857-q01,Sông Hồng,8,Sông Hồng,8,True,4|8|12|14,4|8|12|14,4,4
B-train-00857,1,1,argmin,Kỳ này,Điểm quan trắc,B-train-00857-q03,Miền Nam,14,Miền Nam,14,True,4|8|12|14,4|8|12|14,4,4
B-train-00857,1,1,argmax,Lũy kế,Điểm quan trắc,B-train-00857-q06,Sông Hương,4,Sông Hương,4,True,4|8|12|14,4|8|12|14,4,4
B-train-00857,1,1,argmin,Kế hoạch năm,Điểm quan trắc,B-train-00857-q08,Cửa biển Đà Nẵng,12,Cửa biển Đà Nẵng,12,True,4|8|12|14,4|8|12|14,4,4
B-train-00858,2,1,argmax,Kỳ trước,Chi nhánh,B-train-00858-q01,Hải Phòng 02,21,Hải Phòng 02,21,True,21,21,1,1
B-train-00858,1,1,argmin,Tỷ trọng (%),Chi nhánh,B-train-00858-q03,Hải Phòng 02,19,Hải Phòng 02,19,True,6|8|19,6|8|19,3,3
B-train-00858,1,1,argmax,Lũy kế,Chi nhánh,B-train-00858-q05,Hà Nội 01,8,Hà Nội 01,8,True,6|8|19,6|8|19,3,3
B-train-00858,1,1,argmin,Nợ quá hạn,Chi nhánh,B-train-00858-q07,Khánh Hòa 03,6,Khánh Hòa 03,6,True,6|8|19,6|8|19,3,3
B-train-00859,2,1,argmax,Kế hoạch năm,Địa bàn,B-train-00859-q03,Khánh Hòa,3,Khánh Hòa,3,True,3|18,3|18,2,2
B-train-00859,2,1,argmax,Diện tích (ha),Địa bàn,B-train-00859-q04,Đồng Nai,18,Đồng Nai,18,True,3|18,3|18,2,2
B-train-00859,1,1,argmin,Tỷ trọng (%),Địa bàn,B-train-00859-q07,Đồng Nai,7,Đồng Nai,7,True,7,7,1,1
B-train-00860,1,2,argmin,Lũy kế,Địa bàn,B-train-00860-q01,Hà Nội,3,Hà Nội,3,True,3,3,1,1
B-train-00860,1,1,argmin,Tăng trưởng,Chi nhánh,B-train-00860-q03,Đà Nẵng 01,15,Tây Nguyên,7,False,6|15,6|7,2,2
B-train-00860,1,1,argmax,Dư nợ,Chi nhánh,B-train-00860-q05,Khánh Hòa 03,6,Khánh Hòa 03,6,True,6|15,6|7,2,2
B-train-00860,1,1,argmax,Kỳ này,Chi nhánh,B-train-00860-q07,Khánh Hòa 03,6,Khánh Hòa 03,6,True,6|15,6|7,2,2
B-train-00861,1,1,argmax,Lũy kế,Phòng ban,B-train-00861-q01,Đồng Nai,8,Đồng Nai,8,True,8|14,6|8,2,2
B-train-00861,1,1,argmax,Tỷ trọng (%),Phòng ban,B-train-00861-q03,Chăm sóc khách hàng,14,Công nghệ,6,False,8|14,6|8,2,2
B-train-00861,1,2,argmin,Tỷ trọng (%),Khu vực,B-train-00861-q06,Miền Trung,9,Miền Trung,9,True,5|9,5|9,2,2
B-train-00861,1,2,argmin,Kỳ trước,Khu vực,B-train-00861-q10,Miền Nam,5,Miền Nam,5,True,5|9,5|9,2,2
B-train-00862,1,1,argmin,COD,Điểm quan trắc,B-train-00862-q02,Hồ Xuân Hương,15,Sông Hồng,13,False,14|15|19,13|14|19,3,3
B-train-00862,1,1,argmax,COD,Điểm quan trắc,B-train-00862-q04,Sông Hương,14,Sông Hương,14,True,14|15|19,13|14|19,3,3
B-train-00862,1,1,argmax,Kỳ trước,Điểm quan trắc,B-train-00862-q05,Sông Hương,19,Sông Hương,19,True,14|15|19,13|14|19,3,3
B-train-00862,2,1,argmin,Tỷ trọng (%),Điểm quan trắc,B-train-00862-q07,KCN Long Thành,17,KCN Long Thành,17,True,17,17,1,1
B-train-00863,1,1,argmax,Tỷ trọng (%),Dự án,B-train-00863-q07,Đường vành đai,4,Đường vành đai,4,True,4|7,4|7,2,2
B-train-00863,1,2,argmin,Kế hoạch năm,Điểm quan trắc,B-train-00863-q09,KCN Long Thành,6,KCN Long Thành,6,True,6,6,1,1
B-train-00863,1,1,argmin,Kế hoạch năm,Dự án,B-train-00863-q10,Miền Nam,7,Miền Nam,7,True,4|7,4|7,2,2
B-train-00864,2,1,argmax,Doanh thu,Tuyến,B-train-00864-q01,Nha Trang – Đà Lạt,7,Nha Trang – Đà Lạt,7,True,7,7,1,1
B-train-00864,1,1,argmax,Kế hoạch năm,Tuyến,B-train-00864-q02,TP.HCM – Cần Thơ,9,TP.HCM – Cần Thơ,9,True,9|10|14,9|10|14,3,3
B-train-00864,1,1,argmin,Kế hoạch năm,Tuyến,B-train-00864-q05,Nha Trang – Đà Lạt,10,Nha Trang – Đà Lạt,10,True,9|10|14,9|10|14,3,3
B-train-00864,1,1,argmin,Doanh thu,Tuyến,B-train-00864-q09,Nha Trang – Đà Lạt,14,Nha Trang – Đà Lạt,14,True,9|10|14,9|10|14,3,3
B-train-00865,1,1,argmin,Hiện có,Phòng ban,B-train-00865-q01,Chăm sóc khách hàng,20,Chăm sóc khách hàng,20,True,10|19|20,10|19|20,3,3
B-train-00865,1,1,argmax,Kế hoạch năm,Phòng ban,B-train-00865-q04,Hành chính,19,Hành chính,19,True,10|19|20,10|19|20,3,3
B-train-00865,1,1,argmax,Lũy kế,Phòng ban,B-train-00865-q07,Kế toán,10,Kế toán,10,True,10|19|20,10|19|20,3,3
B-train-00865,2,1,argmin,Kế hoạch năm,Phòng ban,B-train-00865-q10,Chăm sóc khách hàng,19,Chăm sóc khách hàng,19,True,19,19,1,1
B-train-00866,1,2,argmin,Kỳ này,Kho/điểm,B-train-00866-q03,Đồng bằng sông Cửu Long,5,Đồng bằng sông Cửu Long,5,True,4|5,4|5,2,2
B-train-00866,1,2,argmax,Tỷ trọng (%),Kho/điểm,B-train-00866-q06,Kho Đà Nẵng,4,Kho Đà Nẵng,4,True,4|5,4|5,2,2
B-train-00866,1,1,argmin,Sản lượng (tấn),Địa bàn,B-train-00866-q07,Hà Nội,3,Hà Nội,3,True,3,3,1,1
B-train-00867,2,1,argmin,Kỳ trước,Đơn vị,B-train-00867-q01,THPT Trần Phú,20,THPT Nguyễn Trãi,8,False,15|20,8|15,2,2
B-train-00867,1,1,argmin,Tỷ lệ đạt,Đơn vị,B-train-00867-q02,THPT Lê Quý Đôn,19,THPT Lê Quý Đôn,19,True,19|21,19|21,2,2
B-train-00867,2,1,argmax,Tỷ trọng (%),Đơn vị,B-train-00867-q06,THPT Trần Phú,15,THPT Trần Phú,15,True,15|20,8|15,2,2
B-train-00867,1,1,argmax,Kỳ trước,Đơn vị,B-train-00867-q08,THPT Phan Bội Châu,21,THPT Phan Bội Châu,21,True,19|21,19|21,2,2
B-train-00868,1,1,argmin,Nhập,Mã hàng,B-train-00868-q01,VT348,13,Đồng bằng sông Cửu Long,6,False,4|13,4|6,2,2
B-train-00868,1,2,argmin,Kỳ này,Trạm,B-train-00868-q02,Trạm 110kV Bắc,3,Trạm 110kV Bắc,3,True,3,3,1,1
B-train-00868,1,1,argmax,Tồn đầu,Mã hàng,B-train-00868-q09,VT992,4,VT992,4,True,4|13,4|6,2,2
B-train-00869,1,1,argmin,Kế hoạch năm,Nhóm chế độ,B-train-00869-q02,Hưu trí,3,Hưu trí,3,True,3|14,3|14,2,2
B-train-00869,1,1,argmax,Chi trả,Nhóm chế độ,B-train-00869-q05,Thất nghiệp,14,Thất nghiệp,14,True,3|14,3|14,2,2
B-train-00869,2,1,argmin,Kỳ này,Nhóm chế độ,B-train-00869-q07,Hưu trí,18,Hưu trí,18,True,18,18,1,1
B-train-00869,1,1,argmax,Đã giải quyết,Nhóm chế độ,B-train-00869-q10,Thất nghiệp,14,Thất nghiệp,14,True,3|14,3|14,2,2
B-train-00870,1,1,argmax,Nhập viện,Khoa,B-train-00870-q02,Tai Mũi Họng,14,Tai Mũi Họng,14,True,11|14,11|14,2,2
B-train-00870,1,1,argmax,Kỳ này,Khoa,B-train-00870-q04,Nhi,11,Nhi,11,True,11|14,11|14,2,2
B-train-00870,2,1,argmin,Nhập viện,Khoa,B-train-00870-q05,Nội tổng hợp,14,Nội tổng hợp,14,True,14,14,1,1
B-train-00871,2,1,argmax,Tỷ lệ,Khu vực,B-train-00871-q03,Miền Trung,14,Miền Trung,14,True,14,14,1,1
B-train-00871,1,1,argmax,Tỷ lệ,Khu vực,B-train-00871-q06,Miền Trung,14,Miền Trung,14,True,4|14|17,4|14|17,3,3
B-train-00871,1,1,argmin,Kỳ trước,Khu vực,B-train-00871-q07,Đồng bằng sông Cửu Long,17,Đồng bằng sông Cửu Long,17,True,4|14|17,4|14|17,3,3
B-train-00871,1,1,argmin,Thực hiện,Khu vực,B-train-00871-q08,Miền Trung,4,Miền Trung,4,True,4|14|17,4|14|17,3,3
B-train-00872,1,2,argmax,Diện tích (ha),Địa bàn,B-train-00872-q01,Đà Nẵng,12,Đà Nẵng,12,True,12,12,1,1
B-train-00872,1,1,argmin,Kế hoạch năm,Nghiệp vụ,B-train-00872-q06,Khánh Hòa,6,Khánh Hòa,6,True,4|6,6|9,2,2
B-train-00872,1,1,argmin,Bồi thường,Nghiệp vụ,B-train-00872-q09,Xe cơ giới,4,Khánh Hòa,6,False,4|6,6|9,2,2
B-train-00872,1,1,argmax,Hợp đồng,Nghiệp vụ,B-train-00872-q10,Khánh Hòa,6,Xe cơ giới,9,False,4|6,6|9,2,2
B-train-00873,1,1,argmin,Kỳ trước,Kho/điểm,B-train-00873-q01,Kho Đà Nẵng,4,Kho Đà Nẵng,4,True,4|7,4|7,2,2
B-train-00873,2,1,argmax,Thuê bao,Khu vực,B-train-00873-q05,Cần Thơ,3,Cần Thơ,3,True,3,3,1,1
B-train-00873,1,2,argmax,Kỳ trước,Địa bàn,B-train-00873-q06,Đồng Nai,7,Đồng Nai,7,True,7,7,1,1
B-train-00873,1,1,argmin,Lũy kế,Kho/điểm,B-train-00873-q07,Kho trung chuyển,7,Kho trung chuyển,7,True,4|7,4|7,2,2
B-train-00874,1,2,argmax,Lũy kế,Khu vực,B-train-00874-q05,Tây Nguyên,11,Tây Nguyên,11,True,11,11,1,1
B-train-00874,1,1,argmin,Lũy kế,Dự án,B-train-00874-q06,Nhà máy nước,6,Nhà máy nước,6,True,6,6,1,1
B-train-00875,1,1,argmax,Kỳ này,Nhóm chế độ,B-train-00875-q07,Tai nạn lao động,7,Tai nạn lao động,7,True,6|7|8,6|7|8,3,3
B-train-00875,1,1,argmax,Lũy kế,Nhóm chế độ,B-train-00875-q08,Hưu trí,8,Hưu trí,8,True,6|7|8,6|7|8,3,3
B-train-00875,2,1,argmin,Lũy kế,Nhóm chế độ,B-train-00875-q09,Thất nghiệp,12,Thất nghiệp,12,True,12,12,1,1
B-train-00875,1,1,argmin,Kỳ này,Nhóm chế độ,B-train-00875-q10,Thai sản,6,Thai sản,6,True,6|7|8,6|7|8,3,3
B-train-00876,1,1,argmax,Tỷ trọng (%),Khu vực,B-train-00876-q03,Đà Nẵng,6,Đà Nẵng,6,True,6|8|10,6|8|10,3,3
B-train-00876,1,1,argmin,Kỳ trước,Khu vực,B-train-00876-q05,Khu vực ven biển,10,Khu vực ven biển,10,True,6|8|10,6|8|10,3,3
B-train-00876,1,1,argmax,Kỳ trước,Khu vực,B-train-00876-q06,Cụm BTS-01,8,Cụm BTS-01,8,True,6|8|10,6|8|10,3,3
B-train-00876,1,2,argmin,Lũy kế,Khoa,B-train-00876-q09,Sản,12,Sản,12,True,12,12,1,1
B-train-00877,1,1,argmin,Đã giải quyết,Nhóm chế độ,B-train-00877-q04,Thất nghiệp,9,Thất nghiệp,9,True,5|9|11,5|6|9,3,3
B-train-00877,1,1,argmax,Chi trả,Nhóm chế độ,B-train-00877-q05,Thai sản,11,Khánh Hòa,6,False,5|9|11,5|6|9,3,3
B-train-00877,1,1,argmin,Kỳ trước,Nhóm chế độ,B-train-00877-q06,Ốm đau,5,Ốm đau,5,True,5|9|11,5|6|9,3,3
B-train-00877,1,2,argmax,Lũy kế,Phòng ban,B-train-00877-q09,Công nghệ,6,Công nghệ,6,True,6,6,1,1
B-train-00878,1,1,argmin,BOD5,Điểm quan trắc,B-train-00878-q01,Hồ Xuân Hương,5,Hồ Xuân Hương,5,True,5,5,1,1
B-train-00878,2,1,argmax,Tỷ trọng (%),Điểm quan trắc,B-train-00878-q02,Sông Hương,10,Sông Hương,10,True,6|10|21,6|10|21,3,3
B-train-00878,2,1,argmax,COD,Điểm quan trắc,B-train-00878-q04,Hồ Xuân Hương,6,Hồ Xuân Hương,6,True,6|10|21,6|10|21,3,3
B-train-00878,2,1,argmin,BOD5,Điểm quan trắc,B-train-00878-q08,Hồ Xuân Hương,21,Hồ Xuân Hương,21,True,6|10|21,6|10|21,3,3
B-train-00879,2,1,argmin,COD,Điểm quan trắc,B-train-00879-q03,Hồ Xuân Hương,14,Hồ Xuân Hương,14,True,14,14,1,1
B-train-00879,1,1,argmax,Lũy kế,Điểm quan trắc,B-train-00879-q09,Sông Hồng,3,Sông Hồng,3,True,3|7,3|7,2,2
B-train-00879,1,1,argmin,Lũy kế,Điểm quan trắc,B-train-00879-q10,Cửa biển Đà Nẵng,7,Cửa biển Đà Nẵng,7,True,3|7,3|7,2,2
B-train-00880,1,2,argmax,Kế hoạch năm,Phòng ban,B-train-00880-q02,Kế toán,10,Kế toán,10,True,6|8|10,6|10,3,2
B-train-00880,1,2,argmin,Thiếu/thừa,Phòng ban,B-train-00880-q03,Miền Trung,6,Miền Trung,6,True,6|8|10,6|10,3,2
B-train-00880,1,2,argmax,Định biên,Phòng ban,B-train-00880-q06,Chăm sóc khách hàng,8,Kế toán,10,False,6|8|10,6|10,3,2
B-train-00881,2,1,argmin,Kỳ này,Tuyến,B-train-00881-q01,Đà Nẵng – Huế,12,Đà Nẵng – Huế,12,True,4|12,4|12,2,2
B-train-00881,1,2,argmax,Chuyển tuyến,Khoa,B-train-00881-q02,Sản,6,Sản,6,True,6|8,6|8,2,2
B-train-00881,1,2,argmin,Kế hoạch năm,Khoa,B-train-00881-q09,Tai Mũi Họng,8,Tai Mũi Họng,8,True,6|8,6|8,2,2
B-train-00881,2,1,argmax,Doanh thu,Tuyến,B-train-00881-q10,Đà Nẵng – Huế,4,Đà Nẵng – Huế,4,True,4|12,4|12,2,2
B-train-00882,2,1,argmin,Kỳ này,Điểm quan trắc,B-train-00882-q04,Cửa biển Đà Nẵng,7,Cửa biển Đà Nẵng,7,True,3|7,3|7,2,2
B-train-00882,1,1,argmax,Tỷ trọng (%),Điểm quan trắc,B-train-00882-q05,KCN Long Thành,21,KCN Long Thành,21,True,21,21,1,1
B-train-00882,2,1,argmin,Lũy kế,Điểm quan trắc,B-train-00882-q07,Sông Hồng,3,Sông Hồng,3,True,3|7,3|7,2,2
B-train-00883,1,2,argmin,Kỳ trước,Điểm bán,B-train-00883-q01,Cửa hàng 02,9,Cửa hàng 02,9,True,7|9|16,9|10|16,3,3
B-train-00883,1,2,argmax,Giá trị bán,Điểm bán,B-train-00883-q02,Điểm bán phía Bắc,16,Điểm bán phía Bắc,16,True,7|9|16,9|10|16,3,3
B-train-00883,1,2,argmax,Lượt khách,Điểm bán,B-train-00883-q05,Đà Nẵng,7,Siêu thị trung tâm,10,False,7|9|16,9|10|16,3,3
B-train-00883,1,1,argmin,Kỳ này,Dự án,B-train-00883-q09,Trường liên cấp,10,Trường liên cấp,10,True,10,10,1,1
B-train-00884,2,1,argmin,Xuất,Mã hàng,B-train-00884-q02,VT231,11,VT231,11,True,11,11,1,1
B-train-00884,1,2,argmin,Kỳ trước,Trạm,B-train-00884-q03,Trạm 110kV Bắc,8,Trạm 110kV Bắc,8,True,3|8|10,3|8|10,3,3
B-train-00884,1,2,argmax,Tỷ trọng (%),Trạm,B-train-00884-q07,Trạm 110kV Bắc,3,Trạm 110kV Bắc,3,True,3|8|10,3|8|10,3,3
B-train-00884,1,2,argmax,Kế hoạch năm,Trạm,B-train-00884-q08,Trạm Nam Sông,10,Trạm Nam Sông,10,True,3|8|10,3|8|10,3,3
B-train-00885,1,2,argmin,Lũy kế,Kho/điểm,B-train-00885-q03,Kho Đà Nẵng,14,Kho trung chuyển,7,False,13|14,7|10,2,2
B-train-00885,1,2,argmax,Kỳ trước,Kho/điểm,B-train-00885-q06,Kho Hà Nội,13,Cần Thơ,10,False,13|14,7|10,2,2
B-train-00885,1,1,argmax,Doanh thu,Tuyến,B-train-00885-q07,TP.HCM – Cần Thơ,5,Đà Nẵng – Huế,8,False,5,8,1,1
B-train-00886,1,2,argmin,Kỳ này,Điểm quan trắc,B-train-00886-q04,Đà Nẵng,7,Đà Nẵng,7,True,7,7,1,1
B-train-00886,1,1,argmax,COD,Điểm quan trắc,B-train-00886-q10,Đồng Nai,3,Đồng Nai,3,True,3,3,1,1
B-train-00887,1,1,argmin,Kế hoạch năm,Khu vực,B-train-00887-q05,Khu vực đô thị,11,Khu vực đô thị,11,True,11,11,1,1
B-train-00887,2,1,argmax,Nợ quá hạn,Chi nhánh,B-train-00887-q06,Cần Thơ 02,12,Khánh Hòa,9,False,12,9,1,1
B-train-00888,1,1,argmax,Tỷ lệ,Khu vực,B-train-00888-q05,Miền Trung,4,Miền Trung,4,True,4,4,1,1
B-train-00888,1,2,argmin,Nợ quá hạn,Chi nhánh,B-train-00888-q06,Hải Phòng 02,14,Hải Phòng 02,14,True,14,14,1,1
B-train-00889,1,2,argmin,Kỳ này,Tuyến,B-train-00889-q04,Hà Nội – Hải Phòng,15,Đà Nẵng – Huế Đã đối chiếu,4,False,15,4,1,1
B-train-00889,2,1,argmax,Kỳ này,Nghiệp vụ,B-train-00889-q05,Hàng hóa,6,Đà Nẵng,9,False,6|9|13,8|9,3,2
B-train-00889,2,1,argmax,Bồi thường,Nghiệp vụ,B-train-00889-q07,Đà Nẵng,9,Đà Nẵng,9,True,6|9|13,8|9,3,2
B-train-00889,2,1,argmin,Kỳ trước,Nghiệp vụ,B-train-00889-q09,Sức khỏe,13,Sức khỏe,8,True,6|9|13,8|9,3,2
B-train-00890,1,1,argmax,Tỷ lệ rớt cuộc,Khu vực,B-train-00890-q08,Cụm BTS-02,14,Lâm Đồng,9,False,5|14,5|9,2,2
B-train-00890,1,2,argmax,Kỳ này,Tuyến,B-train-00890-q09,TP.HCM – Cần Thơ,13,TP.HCM – Cần Thơ,13,True,13,13,1,1
B-train-00890,1,1,argmin,Tỷ lệ rớt cuộc,Khu vực,B-train-00890-q10,Khu vực ven biển,5,Khu vực ven biển,5,True,5|14,5|9,2,2
B-train-00891,2,1,argmax,Tỷ trọng (%),Kho/điểm,B-train-00891-q03,Kho Hà Nội,6,Kho Hà Nội,6,True,3|6,3|6,2,2
B-train-00891,1,1,argmax,Chi phí,Kho/điểm,B-train-00891-q07,Kho trung chuyển,12,Kho trung chuyển,12,True,11|12,11|12,2,2
B-train-00891,1,1,argmin,Đúng hạn,Kho/điểm,B-train-00891-q08,Kho Cần Thơ,11,Kho Cần Thơ,11,True,11|12,11|12,2,2
B-train-00891,2,1,argmin,Kế hoạch năm,Kho/điểm,B-train-00891-q10,Kho Bình Dương,3,Kho Bình Dương,3,True,3|6,3|6,2,2
B-train-00892,1,1,argmin,Tồn cuối,Mã hàng,B-train-00892-q04,VT136,5,VT136,5,True,3|5,3|5,2,2
B-train-00892,1,1,argmax,Xuất,Mã hàng,B-train-00892-q07,VT561,3,VT561,3,True,3|5,3|5,2,2
B-train-00892,1,2,argmin,Nhập,Mã hàng,B-train-00892-q08,VT542,6,VT542,6,True,6,6,1,1
B-train-00892,1,2,argmax,Kế hoạch năm,Mã hàng,B-train-00892-q10,VT542,6,VT542,6,True,6,6,1,1
B-train-00893,1,1,argmax,Kỳ trước,Nhóm chế độ,B-train-00893-q06,Tai nạn lao động,7,Tai nạn lao động,7,True,5|7|8,5|7|8,3,3
B-train-00893,1,1,argmin,Trễ hạn,Nhóm chế độ,B-train-00893-q07,Ốm đau,5,Ốm đau,5,True,5|7|8,5|7|8,3,3
B-train-00893,1,1,argmax,Trễ hạn,Nhóm chế độ,B-train-00893-q08,Hưu trí,8,Hưu trí,8,True,5|7|8,5|7|8,3,3
B-train-00893,2,1,argmin,Kỳ trước,Địa bàn,B-train-00893-q09,Hà Nội,3,Hà Nội,3,True,3,3,1,1
B-train-00894,1,2,argmax,Giá trị hợp đồng,Dự án,B-train-00894-q07,Trường liên cấp,5,Cầu Đông Thành,8,False,5|7,7|8,2,2
B-train-00894,1,1,argmax,Kỳ này,Phòng ban,B-train-00894-q08,Hành chính,13,Hành chính,13,True,13,13,1,1
B-train-00894,1,2,argmin,Kế hoạch năm,Dự án,B-train-00894-q09,Khu tái định cư,7,Khu tái định cư,7,True,5|7,7|8,2,2
B-train-00895,1,2,argmax,Kỳ này,Nghiệp vụ,B-train-00895-q08,Sức khỏe,13,Sức khỏe,13,True,12|13,12|13,2,2
B-train-00895,1,2,argmin,Tỷ lệ,Nghiệp vụ,B-train-00895-q09,Tai nạn con người,12,Tai nạn con người,12,True,12|13,12|13,2,2
B-train-00896,1,1,argmax,Kỳ này,Địa bàn,B-train-00896-q03,Hải Phòng,11,Hải Phòng,11,True,11|13,11|13,2,2
B-train-00896,1,1,argmax,Sản lượng (tấn),Địa bàn,B-train-00896-q09,Khánh Hòa,13,Khánh Hòa,13,True,11|13,11|13,2,2
B-train-00897,1,2,argmin,Hành khách,Tuyến,B-train-00897-q06,Nha Trang – Đà Lạt,6,Đồng Nai,10,False,6,10,1,1
B-train-00897,1,1,argmax,Công suất phòng,Điểm đến,B-train-00897-q09,Vịnh Hạ Long,8,Vịnh Hạ Long,8,True,8,8,1,1
B-train-00898,1,1,argmin,Tỷ lệ rớt cuộc,Khu vực,B-train-00898-q01,Khu vực ven biển,5,Khu vực ven biển,5,True,5,5,1,1
B-train-00898,1,2,argmax,Lũy kế,Phòng ban,B-train-00898-q02,Vận hành,11,Vận hành,11,True,4|11,4|11,2,2
B-train-00898,1,2,argmax,Hiện có,Phòng ban,B-train-00898-q07,Kế toán,4,Kế toán,4,True,4|11,4|11,2,2
B-train-00899,2,1,argmax,Tỷ lệ,Khu vực,B-train-00899-q03,Miền Nam,10,Miền Nam,10,True,8|10,8|10,2,2
B-train-00899,2,1,argmin,Kỳ trước,Khu vực,B-train-00899-q04,Khánh Hòa,8,Khánh Hòa,8,True,8|10,8|10,2,2
B-train-00899,1,1,argmin,Kỳ trước,Khu vực,B-train-00899-q06,Miền Trung,4,Miền Bắc,8,False,4,8,1,1
B-train-00900,1,1,argmin,Khách nội địa,Điểm đến,B-train-00900-q01,Nha Trang,11,Vịnh Hạ Long,3,False,3|5|6|11,3|5|6,4,3
B-train-00900,1,1,argmax,Khách nội địa,Điểm đến,B-train-00900-q02,Miền Nam,6,Miền Nam,6,True,3|5|6|11,3|5|6,4,3
B-train-00900,1,1,argmin,Công suất phòng,Điểm đến,B-train-00900-q03,Vịnh Hạ Long,3,Vịnh Hạ Long,3,True,3|5|6|11,3|5|6,4,3
B-train-00900,1,1,argmax,Khách quốc tế,Điểm đến,B-train-00900-q09,Đà Lạt,5,Đà Lạt,5,True,3|5|6|11,3|5|6,4,3
B-train-00901,1,1,argmin,Kỳ trước,Điểm bán,B-train-00901-q01,Cửa hàng 01,13,Cửa hàng 01,13,True,10|13|14,10|13|14,3,3
B-train-00901,1,1,argmin,Kỳ này,Điểm bán,B-train-00901-q04,Miền Bắc,10,Miền Bắc,10,True,10|13|14,10|13|14,3,3
B-train-00901,1,1,argmax,Kỳ này,Điểm bán,B-train-00901-q05,Cửa hàng 02,14,Cửa hàng 02,14,True,10|13|14,10|13|14,3,3
B-train-00901,1,2,argmax,Tồn cuối,Mã hàng,B-train-00901-q09,VT564,10,VT564,10,True,10,10,1,1
B-train-00902,1,1,argmax,Khách quốc tế,Điểm đến,B-train-00902-q05,Nha Trang,11,Nha Trang,11,True,6|11,6|11,2,2
B-train-00902,1,2,argmin,Phí bảo hiểm,Nghiệp vụ,B-train-00902-q06,Tai nạn con người,12,Tai nạn con người,12,True,12,12,1,1
B-train-00902,1,1,argmax,Công suất phòng,Điểm đến,B-train-00902-q10,Nha Trang,6,Nha Trang,6,True,6|11,6|11,2,2
B-train-00903,1,1,argmin,Chuyển tuyến,Khoa,B-train-00903-q02,Mắt,13,Mắt,13,True,7|13,7|13,2,2
B-train-00903,1,1,argmax,Lũy kế,Khoa,B-train-00903-q07,Mắt,7,Mắt,7,True,7|13,7|13,2,2
B-train-00903,2,1,argmax,Kỳ trước,Tuyến,B-train-00903-q08,Đà Nẵng,7,Đà Nẵng,7,True,7,7,1,1
B-train-00904,1,1,argmax,Tỷ lệ,Nghiệp vụ,B-train-00904-q01,Hải Phòng,6,Hải Phòng,6,True,6,6,1,1
B-train-00904,1,2,argmin,Tỷ trọng (%),Nhóm chế độ,B-train-00904-q02,Thai sản,6,Thai sản,6,True,6,6,1,1
B-train-00904,2,1,argmin,Kỳ này,Dự án,B-train-00904-q09,Khu tái định cư,12,Khu tái định cư,12,True,12,12,1,1
B-train-00905,2,1,argmax,Tỷ lệ rớt cuộc,Khu vực,B-train-00905-q04,Cụm BTS-01,13,Cụm BTS-01,13,True,13,13,1,1
B-train-00905,1,1,argmin,Tỷ trọng (%),Khu vực,B-train-00905-q07,Cụm BTS-01,8,Cụm BTS-01,8,True,8|10|11,8|10|11,3,3
B-train-00905,1,1,argmax,Lũy kế,Khu vực,B-train-00905-q09,Khu vực ven biển,10,Khu vực ven biển,10,True,8|10|11,8|10|11,3,3
B-train-00905,1,1,argmin,Lũy kế,Khu vực,B-train-00905-q10,Khu vực đô thị,11,Khu vực đô thị,11,True,8|10|11,8|10|11,3,3
B-train-00906,1,1,argmax,Lũy kế,Địa bàn,B-train-00906-q04,Cần Thơ,8,Cần Thơ,8,True,8,8,1,1
B-train-00906,2,1,argmin,Tỷ trọng (%),Địa bàn,B-train-00906-q07,Lâm Đồng,6,Lâm Đồng,6,True,6,6,1,1
B-train-00907,1,1,argmin,Công suất phòng,Điểm đến,B-train-00907-q04,Vịnh Hạ Long,3,Vịnh Hạ Long,3,True,3|7|10|12,3|7|10|12,4,4
B-train-00907,1,1,argmax,Tỷ trọng (%),Điểm đến,B-train-00907-q05,Cần Thơ,10,Cần Thơ,10,True,3|7|10|12,3|7|10|12,4,4
B-train-00907,1,1,argmin,Tỷ trọng (%),Điểm đến,B-train-00907-q08,Phú Quốc,7,Phú Quốc,7,True,3|7|10|12,3|7|10|12,4,4
B-train-00907,1,1,argmax,Kỳ trước,Điểm đến,B-train-00907-q09,Phú Quốc,12,Phú Quốc,12,True,3|7|10|12,3|7|10|12,4,4
B-train-00908,1,1,argmax,Chi phí,Kho/điểm,B-train-00908-q06,Kho Đà Nẵng,9,Kho Đà Nẵng,9,True,9|14,9|15,2,2
B-train-00908,2,1,argmax,Kế hoạch năm,Kho/điểm,B-train-00908-q08,Kho Đà Nẵng,17,Kho Đà Nẵng,17,True,17|19,17|19,2,2
B-train-00908,2,1,argmin,Tồn cuối,Kho/điểm,B-train-00908-q09,Kho Cần Thơ,19,Kho Cần Thơ,19,True,17|19,17|19,2,2
B-train-00908,1,1,argmin,Tồn cuối,Kho/điểm,B-train-00908-q10,Kho Đà Nẵng,14,Kho Bình Dương,15,False,9|14,9|15,2,2
B-train-00909,1,2,argmax,Thiếu/thừa,Phòng ban,B-train-00909-q04,Công nghệ,6,Công nghệ,6,True,6,6,1,1
B-train-00909,1,1,argmin,Kỳ này,Đơn vị,B-train-00909-q05,THPT Trần Phú,5,THPT Trần Phú,5,True,5,5,1,1
B-train-00909,1,2,argmax,Hiện có,Phòng ban,B-train-00909-q06,Công nghệ,6,Công nghệ,6,True,6,6,1,1
B-train-00910,1,2,argmax,Kỳ này,Phòng ban,B-train-00910-q03,Hành chính,7,Hành chính,7,True,3|6|7,3|6|7,3,3
B-train-00910,1,1,argmin,Tổn thất,Trạm,B-train-00910-q06,Trạm Tây Đô,11,Trạm 110kV Bắc,8,False,11,8,1,1
B-train-00910,1,2,argmin,Kỳ này,Phòng ban,B-train-00910-q08,Công nghệ,6,Công nghệ,6,True,3|6|7,3|6|7,3,3
B-train-00910,1,2,argmax,Kế hoạch năm,Phòng ban,B-train-00910-q09,Kinh doanh,3,Kinh doanh,3,True,3|6|7,3|6|7,3,3
B-train-00911,2,1,argmax,Diện tích (ha),Địa bàn,B-train-00911-q01,Khánh Hòa,16,Khánh Hòa,16,True,5|16,5|16,2,2
B-train-00911,1,1,argmin,Lũy kế,Địa bàn,B-train-00911-q03,Khánh Hòa,20,Khánh Hòa,20,True,6|20,6|20,2,2
B-train-00911,2,1,argmin,Sản lượng (tấn),Địa bàn,B-train-00911-q09,Lâm Đồng,5,Lâm Đồng,5,True,5|16,5|16,2,2
B-train-00911,1,1,argmax,Lũy kế,Địa bàn,B-train-00911-q10,Khánh Hòa,6,Khánh Hòa,6,True,6|20,6|20,2,2
B-train-00912,1,1,argmax,Lũy kế,Khu vực,B-train-00912-q05,Mức A | ưu tiên,12,Khánh Hòa,8,False,4|12|13,4|8|13,3,3
B-train-00912,1,1,argmax,Tỷ lệ rớt cuộc,Khu vực,B-train-00912-q07,Cụm BTS-01,13,Cụm BTS-01,13,True,4|12|13,4|8|13,3,3
B-train-00912,1,1,argmin,Phản ánh,Khu vực,B-train-00912-q10,Cụm BTS-02,4,Cụm BTS-02,4,True,4|12|13,4|8|13,3,3
B-train-00913,1,1,argmin,Hiện có,Phòng ban,B-train-00913-q01,Công nghệ,18,Công nghệ,18,True,18,18,1,1
B-train-00913,2,1,argmin,Kỳ này,Phòng ban,B-train-00913-q07,Vận hành,9,Vận hành,9,True,9|19,9|19,2,2
B-train-00913,2,1,argmax,Hiện có,Phòng ban,B-train-00913-q08,Kinh doanh,19,Kinh doanh,19,True,9|19,9|19,2,2
B-train-00913,2,1,argmax,Kỳ này,Phòng ban,B-train-00913-q10,Kinh doanh,19,Kinh doanh,19,True,9|19,9|19,2,2
B-train-00914,1,2,argmax,Kỳ trước,Kho/điểm,B-train-00914-q01,Kho Hà Nội,13,Kho Hà Nội,13,True,13,13,1,1
B-train-00914,2,1,argmax,Nợ quá hạn,Chi nhánh,B-train-00914-q02,Đà Nẵng 01,5,Đà Nẵng 01,5,True,5,5,1,1
B-train-00915,1,1,argmin,Tỷ trọng (%),Nghiệp vụ,B-train-00915-q01,Tài sản,15,Tài sản,15,True,15|16,15|16,2,2
B-train-00915,2,1,argmax,Tỷ trọng (%),Nghiệp vụ,B-train-00915-q05,Tai nạn con người,7,Tai nạn con người,7,True,7,7,1,1
B-train-00915,1,1,argmax,Phí bảo hiểm,Nghiệp vụ,B-train-00915-q08,Hàng hóa,16,Hàng hóa,16,True,15|16,15|16,2,2
B-train-00916,2,1,argmin,Hành khách,Tuyến,B-train-00916-q01,TP.HCM – Cần Thơ,20,TP.HCM – Cần Thơ,20,True,20,20,1,1
B-train-00916,1,1,argmax,Doanh thu,Tuyến,B-train-00916-q06,Đà Nẵng – Huế,4,Đà Nẵng – Huế,4,True,4,4,1,1
B-train-00917,1,1,argmin,Kỳ trước,Đơn vị,B-train-00917-q02,THPT Lê Quý Đôn,9,THPT Lê Quý Đôn,9,True,4|6|9|10,4|6|9,4,3
B-train-00917,1,1,argmin,Tỷ lệ đạt,Đơn vị,B-train-00917-q07,THPT Phan Bội Châu,6,THPT Phan Bội Châu,6,True,4|6|9|10,4|6|9,4,3
B-train-00917,1,1,argmax,Thí sinh,Đơn vị,B-train-00917-q08,Cần Thơ,10,THPT Lê Quý Đôn,9,False,4|6|9|10,4|6|9,4,3
B-train-00917,1,1,argmax,Tỷ lệ đạt,Đơn vị,B-train-00917-q10,THPT Lê Quý Đôn,4,THPT Lê Quý Đôn,4,True,4|6|9|10,4|6|9,4,3
B-train-00918,1,2,argmin,Công suất phòng,Điểm đến,B-train-00918-q01,Nha Trang,6,Nha Trang,6,True,6|11,6|11,2,2
B-train-00918,1,1,argmax,Dư nợ,Chi nhánh,B-train-00918-q02,Khánh Hòa 03,11,Hà Nội 01,8,False,11|13,8|13,2,2
B-train-00918,1,2,argmin,Khách quốc tế,Điểm đến,B-train-00918-q05,Nha Trang,11,Nha Trang,11,True,6|11,6|11,2,2
B-train-00918,1,1,argmax,Tỷ trọng (%),Chi nhánh,B-train-00918-q06,Hà Nội 01,13,Hà Nội 01,13,True,11|13,8|13,2,2
B-train-00919,1,1,argmax,Tỷ lệ đạt,Đơn vị,B-train-00919-q02,THPT Phan Bội Châu,11,THPT Phan Bội Châu,11,True,11|15,5|11,2,2
B-train-00919,1,1,argmin,Lũy kế,Đơn vị,B-train-00919-q05,THPT Trần Phú,15,Đồng bằng sông Cửu Long,5,False,11|15,5|11,2,2
B-train-00919,1,2,argmin,Tiến độ,Dự án,B-train-00919-q06,Đường vành đai,4,Đường vành đai,4,True,3|4,3|4,2,2
B-train-00919,1,2,argmax,Giải ngân,Dự án,B-train-00919-q07,Cầu Đông Thành,3,Cầu Đông Thành,3,True,3|4,3|4,2,2
B-train-00920,2,1,argmin,Lũy kế,Nhóm chế độ,B-train-00920-q04,Ốm đau,3,Ốm đau,3,True,3,3,1,1
B-train-00920,2,1,argmin,Kế hoạch năm,Nhóm chế độ,B-train-00920-q07,Ốm đau,3,Ốm đau,3,True,3,3,1,1
B-train-00921,1,1,argmin,Đúng hạn,Kho/điểm,B-train-00921-q03,Kho Hà Nội,3,Kho Hà Nội,3,True,3|5,3|5|7,2,3
B-train-00921,2,1,argmax,Kế hoạch năm,Khu vực,B-train-00921-q08,Khu vực miền núi,17,Khu vực miền núi,17,True,17,17,1,1
B-train-00921,1,1,argmax,Kỳ trước,Kho/điểm,B-train-00921-q09,Tây Nguyên,5,Tây Nguyên,5,True,3|5,3|5|7,2,3
B-train-00921,1,1,argmin,Tồn cuối,Kho/điểm,B-train-00921-q10,Kho Hà Nội,3,Kho trung chuyển Đã đối chiếu,7,False,3|5,3|5|7,2,3
B-train-00922,1,2,argmax,pH,Điểm quan trắc,B-train-00922-q05,Đồng bằng sông Cửu Long,7,Sông Hương,9,False,7,7|9,1,2
B-train-00922,1,2,argmax,BOD5,Điểm quan trắc,B-train-00922-q08,Đồng bằng sông Cửu Long,7,Đồng bằng sông Cửu Long,7,True,7,7|9,1,2
B-train-00922,1,1,argmin,Thực hiện,Khu vực,B-train-00922-q09,Miền Nam,5,Miền Nam,5,True,5,5,1,1
B-train-00922,1,2,argmin,Kỳ này,Điểm quan trắc,B-train-00922-q10,Đồng bằng sông Cửu Long,7,Đồng bằng sông Cửu Long,7,True,7,7|9,1,2
B-train-00923,1,1,argmin,Khách quốc tế,Điểm đến,B-train-00923-q02,Đà Lạt,20,Đà Lạt,20,True,9|20,9|20,2,2
B-train-00923,2,1,argmax,Tỷ trọng (%),Điểm đến,B-train-00923-q05,Đà Lạt,7,Đà Lạt,7,True,7|11,7|11,2,2
B-train-00923,1,1,argmax,Kỳ này,Điểm đến,B-train-00923-q06,Phố cổ Hội An,9,Phố cổ Hội An,9,True,9|20,9|20,2,2
B-train-00923,2,1,argmin,Lũy kế,Điểm đến,B-train-00923-q07,Phố cổ Hội An,11,Phố cổ Hội An,11,True,7|11,7|11,2,2
B-train-00924,1,1,argmax,Nợ quá hạn,Chi nhánh,B-train-00924-q01,Cần Thơ 02,12,Cần Thơ 02,12,True,9|12|18,9|12|18,3,3
B-train-00924,1,1,argmin,Tỷ trọng (%),Chi nhánh,B-train-00924-q03,Hà Nội 01,18,Hà Nội 01,18,True,9|12|18,9|12|18,3,3
B-train-00924,1,1,argmax,Huy động,Chi nhánh,B-train-00924-q07,Hải Phòng 02,9,Hải Phòng 02,9,True,9|12|18,9|12|18,3,3
B-train-00925,1,2,argmin,Tỷ trọng (%),Gói thầu,B-train-00925-q03,GT77,4,GT77,4,True,4,4,1,1
B-train-00925,2,1,argmax,Lũy kế,Khoa,B-train-00925-q04,Nhi,11,Nhi,11,True,11|14|15,11|14|15,3,3
B-train-00925,2,1,argmin,Chuyển tuyến,Khoa,B-train-00925-q07,Nội tổng hợp,15,Nội tổng hợp,15,True,11|14|15,11|14|15,3,3
B-train-00925,2,1,argmax,Nhập viện,Khoa,B-train-00925-q09,Tai Mũi Họng,14,Tai Mũi Họng,14,True,11|14|15,11|14|15,3,3
B-train-00926,1,2,argmax,Tỷ trọng (%),Khoa,B-train-00926-q03,Ngoại,10,Ngoại,10,True,8|10,8|10,2,2
B-train-00926,1,2,argmin,Chuyển tuyến,Khoa,B-train-00926-q05,Tai Mũi Họng,8,Tai Mũi Họng,8,True,8|10,8|10,2,2
B-train-00926,1,1,argmin,Thiếu/thừa,Phòng ban,B-train-00926-q08,Chăm sóc khách hàng,14,Chăm sóc khách hàng,14,True,14,14,1,1
B-train-00926,1,2,argmax,Kỳ trước,Khoa,B-train-00926-q10,Tai Mũi Họng,8,Tai Mũi Họng,8,True,8|10,8|10,2,2
B-train-00927,1,2,argmax,Giá dự toán,Gói thầu,B-train-00927-q01,GT43,7,Hà Nội,5,False,7,5,1,1
B-train-00927,1,1,argmin,Sản lượng (tấn),Địa bàn,B-train-00927-q05,Hà Nội,10,Hà Nội,10,True,6|10,6|10,2,2
B-train-00927,2,1,argmin,Đạt,Đơn vị,B-train-00927-q08,THPT Trần Phú,5,THPT Trần Phú,5,True,5,5,1,1
B-train-00927,1,1,argmax,Kỳ này,Địa bàn,B-train-00927-q10,Đồng Nai,6,Đồng Nai,6,True,6|10,6|10,2,2
B-train-00928,1,1,argmin,Phản ánh,Khu vực,B-train-00928-q02,Cụm BTS-01,13,Khu vực ven biển Đã đối chiếu,15,False,9|13,9|15,2,2
B-train-00928,1,1,argmax,Tỷ lệ rớt cuộc,Khu vực,B-train-00928-q07,Đồng Nai,9,Đồng Nai,9,True,9|13,9|15,2,2
B-train-00928,1,1,argmin,Lũy kế,Khu vực,B-train-00928-q08,Đồng Nai,9,Đồng Nai,9,True,9|13,9|15,2,2
B-train-00929,1,1,argmin,Kế hoạch năm,Điểm quan trắc,B-train-00929-q03,Sông Hồng,3,Miền Nam,12,False,3|5|8,5|10|12,3,3
B-train-00929,1,1,argmin,Kỳ này,Điểm quan trắc,B-train-00929-q06,Sông Hồng,8,Hồ Xuân Hương,10,False,3|5|8,5|10|12,3,3
B-train-00929,1,1,argmax,Tỷ trọng (%),Điểm quan trắc,B-train-00929-q07,Hồ Xuân Hương,5,Hồ Xuân Hương,5,True,3|5|8,5|10|12,3,3
B-train-00929,1,2,argmax,Nhập,Mã hàng,B-train-00929-q09,VT415,11,VT415,11,True,11,11,1,1
B-train-00930,1,2,argmax,Chênh lệch,Khu vực,B-train-00930-q01,Miền Nam,9,Miền Nam,9,True,9,9,1,1
B-train-00930,1,1,argmax,Lũy kế,Điểm quan trắc,B-train-00930-q10,Sông Hương,4,Cửa biển Đà Nẵng,7,False,4,7,1,1
B-train-00931,2,1,argmax,Số đơn,Điểm bán,B-train-00931-q04,Điểm bán phía Nam,19,Điểm bán phía Nam,19,True,14|19,14|19,2,2
B-train-00931,2,1,argmin,Kế hoạch năm,Điểm bán,B-train-00931-q05,Điểm bán phía Nam,14,Điểm bán phía Nam,14,True,14|19,14|19,2,2
B-train-00931,1,1,argmin,Giá trị bán,Điểm bán,B-train-00931-q08,Cửa hàng 02,9,Cửa hàng 02,9,True,9|15,9|15,2,2
B-train-00931,1,1,argmax,Kỳ này,Điểm bán,B-train-00931-q10,Siêu thị trung tâm,15,Siêu thị trung tâm,15,True,9|15,9|15,2,2
B-train-00932,1,2,argmin,Kế hoạch năm,Trạm,B-train-00932-q01,Mức A | ưu tiên,4,Đà Nẵng,8,False,4|13,8|13,2,2
B-train-00932,1,2,argmax,Kỳ trước,Trạm,B-train-00932-q08,Trạm 110kV Bắc,13,Trạm 110kV Bắc,13,True,4|13,8|13,2,2
B-train-00932,1,1,argmax,Kỳ này,Nhóm chế độ,B-train-00932-q10,Tai nạn lao động,12,Ốm đau,15,False,12,15,1,1
B-train-00933,1,2,argmin,Lũy kế,Nhóm chế độ,B-train-00933-q03,Ốm đau,5,Ốm đau,5,True,4|5,4|5,2,2
B-train-00933,1,1,argmin,Nợ quá hạn,Chi nhánh,B-train-00933-q04,Đà Nẵng 01,5,Đà Nẵng 01,5,True,5,5,1,1
B-train-00933,1,2,argmax,Chi trả,Nhóm chế độ,B-train-00933-q06,Thất nghiệp,4,Thất nghiệp,4,True,4|5,4|5,2,2
B-train-00934,2,1,argmin,Lũy kế,Mã hàng,B-train-00934-q02,VT485,20,VT485,20,True,8|15|20,8|15|20,3,3
B-train-00934,1,1,argmin,Tỷ trọng (%),Mã hàng,B-train-00934-q03,VT517,11,VT517,11,True,11,11,1,1
B-train-00934,2,1,argmax,Tồn cuối,Mã hàng,B-train-00934-q05,VT560,8,VT560,8,True,8|15|20,8|15|20,3,3
B-train-00934,2,1,argmax,Lũy kế,Mã hàng,B-train-00934-q09,VT402,15,VT402,15,True,8|15|20,8|15|20,3,3
B-train-00935,1,1,argmin,Kỳ trước,Khu vực,B-train-00935-q02,Cụm BTS-02,19,Cụm BTS-02,19,True,19,19,1,1
B-train-00935,2,1,argmax,Kế hoạch năm,Khu vực,B-train-00935-q04,Cụm BTS-01,16,Cụm BTS-01,16,True,16,16,1,1
B-train-00936,1,1,argmax,Lũy kế,Khu vực,B-train-00936-q02,Khu vực ven biển,5,Khu vực ven biển,5,True,5,5,1,1
B-train-00936,1,2,argmin,Tỷ trọng (%),Kho/điểm,B-train-00936-q10,Kho Bình Dương,5,Kho Bình Dương,5,True,5,5,1,1
B-train-00937,1,1,argmax,Xuất,Mã hàng,B-train-00937-q02,VT711,11,VT711,11,True,8|11|12,8|11|12,3,3
B-train-00937,1,1,argmax,Kỳ này,Mã hàng,B-train-00937-q04,VT180,8,VT180,8,True,8|11|12,8|11|12,3,3
B-train-00937,1,1,argmin,Tỷ trọng (%),Mã hàng,B-train-00937-q06,VT180,8,VT180,8,True,8|11|12,8|11|12,3,3
B-train-00937,1,1,argmin,Xuất,Mã hàng,B-train-00937-q07,VT299,12,VT299,12,True,8|11|12,8|11|12,3,3
B-train-00938,2,1,argmax,Thực hiện,Khu vực,B-train-00938-q01,Miền Nam,18,Miền Nam,18,True,16|18|20|22,16|18|20|22,4,4
B-train-00938,2,1,argmin,Thực hiện,Khu vực,B-train-00938-q02,Miền Bắc,16,Miền Bắc,16,True,16|18|20|22,16|18|20|22,4,4
B-train-00938,2,1,argmax,Tỷ lệ,Khu vực,B-train-00938-q05,Đồng bằng sông Cửu Long,20,Đồng bằng sông Cửu Long,20,True,16|18|20|22,16|18|20|22,4,4
B-train-00938,2,1,argmin,Kế hoạch năm,Khu vực,B-train-00938-q06,Miền Trung,22,Miền Trung,22,True,16|18|20|22,16|18|20|22,4,4
B-train-00939,1,1,argmax,Lũy kế,Tuyến,B-train-00939-q01,Nha Trang – Đà Lạt,6,Nha Trang – Đà Lạt,6,True,6|8,6|8,2,2
B-train-00939,2,1,argmin,Doanh thu,Tuyến,B-train-00939-q03,Nha Trang – Đà Lạt,15,Nha Trang – Đà Lạt,15,True,15,15,1,1
B-train-00939,2,1,argmin,Hành khách,Tuyến,B-train-00939-q04,Nha Trang – Đà Lạt,15,Nha Trang – Đà Lạt,15,True,15,15,1,1
B-train-00939,1,1,argmax,Kỳ này,Tuyến,B-train-00939-q09,Đà Nẵng – Huế,8,Đà Nẵng – Huế,8,True,6|8,6|8,2,2
B-train-00940,1,2,argmax,Sản lượng (tấn),Địa bàn,B-train-00940-q04,Hà Nội,10,Hà Nội,10,True,10,10,1,1
B-train-00940,1,1,argmin,Kỳ trước,Khu vực,B-train-00940-q07,Đồng bằng sông Cửu Long,7,Đồng bằng sông Cửu Long,7,True,6|7,6|7,2,2
B-train-00940,1,1,argmax,Chênh lệch,Khu vực,B-train-00940-q08,Tây Nguyên,6,Tây Nguyên,6,True,6|7,6|7,2,2
B-train-00941,1,1,argmin,Tỷ trọng (%),Chi nhánh,B-train-00941-q07,Cần Thơ 02,12,Cần Thơ 02,12,True,12,12,1,1
B-train-00941,1,2,argmax,Tỷ trọng (%),Khoa,B-train-00941-q08,Nhi,11,Nhi,11,True,7|10|11,4|7|11,3,3
B-train-00941,1,2,argmin,Nhập viện,Khoa,B-train-00941-q09,Mắt,7,Mắt,7,True,7|10|11,4|7|11,3,3
B-train-00941,1,2,argmax,Nhập viện,Khoa,B-train-00941-q10,Ngoại,10,Hải Phòng,4,False,7|10|11,4|7|11,3,3
B-train-00942,1,1,argmin,Kế hoạch năm,Khoa,B-train-00942-q03,Ngoại,10,Ngoại,10,True,10|20,10|20,2,2
B-train-00942,1,1,argmin,Lũy kế,Khoa,B-train-00942-q08,Tai Mũi Họng,20,Tai Mũi Họng,20,True,10|20,10|20,2,2
B-train-00943,1,1,argmax,Nhập,Mã hàng,B-train-00943-q02,VT158,6,Đà Nẵng,8,False,6|15,8|15,2,2
B-train-00943,1,2,argmin,Kỳ trước,Kho/điểm,B-train-00943-q03,Kho Hà Nội,13,Kho Hà Nội,13,True,4|13,4|13,2,2
B-train-00943,1,1,argmax,Tồn đầu,Mã hàng,B-train-00943-q06,VT549,15,VT549,15,True,6|15,8|15,2,2
B-train-00943,1,2,argmin,Kế hoạch năm,Kho/điểm,B-train-00943-q07,Kho Đà Nẵng,4,Kho Đà Nẵng,4,True,4|13,4|13,2,2
B-train-00944,2,1,argmin,Kế hoạch năm,Điểm đến,B-train-00944-q03,Đà Lạt,3,Đà Lạt,3,True,3|11,3|11,2,2
B-train-00944,2,1,argmin,Kỳ trước,Điểm đến,B-train-00944-q05,Vịnh Hạ Long,11,Vịnh Hạ Long,11,True,3|11,3|11,2,2
B-train-00945,1,2,argmin,Bồi thường,Nghiệp vụ,B-train-00945-q01,Tài sản,10,Tài sản,10,True,10|15,10|15,2,2
B-train-00945,1,2,argmin,Phí bảo hiểm,Nghiệp vụ,B-train-00945-q04,Tài sản,15,Tài sản,15,True,10|15,10|15,2,2
B-train-00946,2,1,argmax,Kế hoạch năm,Phòng ban,B-train-00946-q01,Hành chính,6,Hành chính,6,True,3|6|7,3|6|7,3,3
B-train-00946,1,1,argmin,Hiện có,Phòng ban,B-train-00946-q03,Công nghệ,12,Công nghệ,12,True,12,12,1,1
B-train-00946,2,1,argmax,Hiện có,Phòng ban,B-train-00946-q04,Chăm sóc khách hàng,7,Chăm sóc khách hàng,7,True,3|6|7,3|6|7,3,3
B-train-00946,2,1,argmin,Kỳ trước,Phòng ban,B-train-00946-q10,Kế toán,3,Kế toán,3,True,3|6|7,3|6|7,3,3
B-train-00947,1,1,argmax,Tỷ trọng (%),Chi nhánh,B-train-00947-q04,Hải Phòng,3,Hải Phòng,3,True,3|11,3|11,2,2
B-train-00947,1,1,argmax,Kế hoạch năm,Chi nhánh,B-train-00947-q06,Khánh Hòa 03,11,Khánh Hòa 03,11,True,3|11,3|11,2,2
B-train-00947,1,2,argmin,Hành khách,Tuyến,B-train-00947-q08,Hà Nội – Hải Phòng,11,Hà Nội – Hải Phòng,11,True,11,11,1,1
B-train-00948,1,2,argmax,Trễ hạn,Nhóm chế độ,B-train-00948-q03,Hưu trí,13,Hưu trí,13,True,13,13,1,1
B-train-00948,2,1,argmax,Diện tích (ha),Địa bàn,B-train-00948-q05,Miền Bắc,3,Miền Bắc,3,True,3|6,3|6,2,2
B-train-00948,2,1,argmin,Diện tích (ha),Địa bàn,B-train-00948-q10,Khánh Hòa,6,Khánh Hòa,6,True,3|6,3|6,2,2
B-train-00949,1,1,argmin,Bồi thường,Nghiệp vụ,B-train-00949-q01,Tai nạn con người,7,Tai nạn con người,7,True,7,7,1,1
B-train-00949,2,1,argmin,Kỳ trước,Nghiệp vụ,B-train-00949-q03,Sức khỏe,3,Sức khỏe,3,True,3|5|22,3|5|22,3,3
B-train-00949,2,1,argmax,Tỷ trọng (%),Nghiệp vụ,B-train-00949-q05,Tài sản,5,Tài sản,5,True,3|5|22,3|5|22,3,3
B-train-00949,2,1,argmax,Bồi thường,Nghiệp vụ,B-train-00949-q06,Tai nạn con người,22,Tai nạn con người,22,True,3|5|22,3|5|22,3,3
B-train-00950,1,1,argmin,Phản ánh,Khu vực,B-train-00950-q04,Hà Nội,3,Hà Nội,3,True,3|12,3|12,2,2
B-train-00950,1,1,argmin,Lưu lượng,Khu vực,B-train-00950-q07,Khu vực miền núi,12,Khu vực miền núi,12,True,3|12,3|12,2,2
B-train-00951,1,1,argmax,Giá trúng,Gói thầu,B-train-00951-q06,GT38,21,GT38,21,True,21,21,1,1
B-train-00951,2,1,argmax,Giá dự toán,Gói thầu,B-train-00951-q08,GT47,20,GT18,21,False,20,21,1,1
B-train-00952,2,1,argmax,Kỳ này,Địa bàn,B-train-00952-q03,Đà Nẵng,11,Đà Nẵng,11,True,11,11,1,1
B-train-00952,2,1,argmin,Kỳ trước,Địa bàn,B-train-00952-q04,Đà Nẵng,11,Đà Nẵng,11,True,11,11,1,1
B-train-00952,1,1,argmin,Kỳ trước,Địa bàn,B-train-00952-q08,Đồng Nai,14,Đồng Nai,14,True,8|14,8|14,2,2
B-train-00952,1,1,argmax,Kỳ này,Địa bàn,B-train-00952-q10,Cần Thơ,8,Cần Thơ,8,True,8|14,8|14,2,2
B-train-00953,1,2,argmin,Đúng hạn,Kho/điểm,B-train-00953-q03,Kho trung chuyển,7,Kho trung chuyển,7,True,7,7,1,1
B-train-00953,2,1,argmax,Đúng giờ,Tuyến,B-train-00953-q05,Đà Nẵng – Huế,4,Đà Nẵng – Huế,4,True,4|10,4|10|12,2,3
B-train-00953,2,1,argmax,Kỳ này,Tuyến,B-train-00953-q07,Đà Nẵng – Huế,4,Đồng Nai,10,False,4|10,4|10|12,2,3
B-train-00953,2,1,argmin,Kỳ này,Tuyến,B-train-00953-q10,Đồng Nai,10,Đà Nẵng – Huế,12,False,4|10,4|10|12,2,3
B-train-00954,1,1,argmax,Tỷ lệ đạt,Đơn vị,B-train-00954-q01,THPT Chu Văn An,12,THPT Chu Văn An,12,True,12,12,1,1
B-train-00954,2,1,argmax,Khách quốc tế,Điểm đến,B-train-00954-q05,Đà Lạt,5,Đà Lạt,5,True,5|7,5|7,2,2
B-train-00954,1,1,argmin,Kỳ này,Đơn vị,B-train-00954-q07,THPT Chu Văn An,12,THPT Chu Văn An,12,True,12,12,1,1
B-train-00954,2,1,argmin,Doanh thu,Điểm đến,B-train-00954-q10,Phú Quốc,7,Phú Quốc,7,True,5|7,5|7,2,2
B-train-00955,1,1,argmax,Nợ quá hạn,Chi nhánh,B-train-00955-q01,Khánh Hòa 03,11,Khánh Hòa 03,11,True,11,11,1,1
B-train-00955,2,1,argmax,Lũy kế,Chi nhánh,B-train-00955-q04,Cần Thơ 02,10,Cần Thơ 02,10,True,10|11|19,10|11|19,3,3
B-train-00955,2,1,argmin,Kỳ này,Chi nhánh,B-train-00955-q07,Khánh Hòa 03,19,Khánh Hòa 03,19,True,10|11|19,10|11|19,3,3
B-train-00955,2,1,argmin,Huy động,Chi nhánh,B-train-00955-q08,Hà Nội 01,11,Hà Nội 01,11,True,10|11|19,10|11|19,3,3
B-train-00956,1,2,argmax,Kỳ trước,Nghiệp vụ,B-train-00956-q01,Sức khỏe,8,Sức khỏe,8,True,8|16,8|16,2,2
B-train-00956,1,2,argmin,Phí bảo hiểm,Nghiệp vụ,B-train-00956-q03,Hàng hóa,16,Hàng hóa,16,True,8|16,8|16,2,2
B-train-00956,1,1,argmin,Kế hoạch năm,Kho/điểm,B-train-00956-q08,Kho trung chuyển,7,Kho trung chuyển,7,True,7,7,1,1
B-train-00957,1,1,argmax,Kế hoạch năm,Mã hàng,B-train-00957-q04,VT283,22,VT283,22,True,16|22,16|22,2,2
B-train-00957,2,1,argmax,Xuất,Mã hàng,B-train-00957-q06,VT698,15,VT698,15,True,15|23,15|23,2,2
B-train-00957,1,1,argmin,Kế hoạch năm,Mã hàng,B-train-00957-q07,VT593,16,VT593,16,True,16|22,16|22,2,2
B-train-00957,2,1,argmin,Lũy kế,Mã hàng,B-train-00957-q09,VT958,23,VT958,23,True,15|23,15|23,2,2
B-train-00958,1,1,argmax,Tỷ lệ đạt,Đơn vị,B-train-00958-q01,THPT Trần Phú,15,Hà Nội,7,False,7|15,7,2,1
B-train-00958,1,1,argmin,Kỳ trước,Đơn vị,B-train-00958-q05,Hà Nội,7,Hà Nội,7,True,7|15,7,2,1
B-train-00958,1,2,argmax,Khách quốc tế,Điểm đến,B-train-00958-q06,Lâm Đồng,6,Lâm Đồng,6,True,6,6,1,1
B-train-00958,1,2,argmin,Kỳ trước,Điểm đến,B-train-00958-q08,Lâm Đồng,6,Lâm Đồng,6,True,6,6,1,1
B-train-00959,2,1,argmin,Hoàn trả,Điểm bán,B-train-00959-q04,Siêu thị trung tâm,9,Siêu thị trung tâm,9,True,5|9,5|9,2,2
B-train-00959,2,1,argmin,Giá trị bán,Điểm bán,B-train-00959-q07,Điểm bán phía Bắc,5,Điểm bán phía Bắc,5,True,5|9,5|9,2,2
B-train-00960,1,1,argmax,Lũy kế,Khoa,B-train-00960-q01,Nhi,5,Nhi,5,True,5|11,5|11,2,2
B-train-00960,1,1,argmin,Lũy kế,Khoa,B-train-00960-q02,Nhi,11,Nhi,11,True,5|11,5|11,2,2
B-train-00961,1,1,argmin,Nợ quá hạn,Chi nhánh,B-train-00961-q04,Khánh Hòa 03,11,Hà Nội 01,13,False,6|11,6|13,2,2
B-train-00961,1,2,argmin,Nợ quá hạn,Chi nhánh,B-train-00961-q05,Cần Thơ 02,12,Cần Thơ 02,12,True,10|12,10|12,2,2
B-train-00961,1,2,argmax,Kế hoạch năm,Chi nhánh,B-train-00961-q07,Đà Nẵng 01,10,Đà Nẵng 01,10,True,10|12,10|12,2,2
B-train-00961,1,1,argmax,Tăng trưởng,Chi nhánh,B-train-00961-q09,Khánh Hòa 03,6,Khánh Hòa 03,6,True,6|11,6|13,2,2
B-train-00962,2,1,argmax,Lũy kế,Đơn vị,B-train-00962-q03,THPT Trần Phú,16,THPT Trần Phú,16,True,9|16,9|16,2,2
B-train-00962,2,1,argmax,Kỳ này,Đơn vị,B-train-00962-q04,THPT Nguyễn Trãi,9,THPT Nguyễn Trãi,9,True,9|16,9|16,2,2
B-train-00962,1,1,argmin,Kế hoạch năm,Đơn vị,B-train-00962-q09,THPT Lê Quý Đôn,4,THPT Lê Quý Đôn,4,True,4,4,1,1
B-train-00963,1,2,argmin,Kỳ này,Dự án,B-train-00963-q02,Khu tái định cư,12,Khu tái định cư,12,True,12,12,1,1
B-train-00963,2,1,argmax,Tỷ trọng (%),Khu vực,B-train-00963-q05,Miền Bắc,13,Miền Bắc,13,True,12|13,12|13,2,2
B-train-00963,2,1,argmax,Lũy kế,Khu vực,B-train-00963-q06,Đồng bằng sông Cửu Long,12,Đồng bằng sông Cửu Long,12,True,12|13,12|13,2,2
B-train-00964,1,1,argmax,Trễ hạn,Nhóm chế độ,B-train-00964-q06,Thai sản,11,Thai sản,11,True,9|11,11|16,2,2
B-train-00964,1,1,argmin,Chi trả,Nhóm chế độ,B-train-00964-q08,Thất nghiệp,9,Thai sản,16,False,9|11,11|16,2,2
B-train-00965,1,1,argmax,Kỳ này,Điểm bán,B-train-00965-q02,Điểm bán phía Bắc,16,Điểm bán phía Bắc,16,True,7|16,7|16,2,2
B-train-00965,1,2,argmin,Công suất đỉnh,Trạm,B-train-00965-q06,Lâm Đồng,12,Lâm Đồng,12,True,4|12,4|12,2,2
B-train-00965,1,2,argmax,Tổn thất,Trạm,B-train-00965-q07,Trạm 220kV Trung,4,Trạm 220kV Trung,4,True,4|12,4|12,2,2
B-train-00965,1,1,argmin,Số đơn,Điểm bán,B-train-00965-q08,Điểm bán phía Nam,7,Điểm bán phía Nam,7,True,7|16,7|16,2,2
B-train-00966,1,1,argmin,Công suất phòng,Điểm đến,B-train-00966-q01,Vịnh Hạ Long,3,Vịnh Hạ Long,3,True,3|5,3|5,2,2
B-train-00966,1,2,argmin,Kỳ trước,Nghiệp vụ,B-train-00966-q02,Tài sản,5,Tài sản,5,True,5,5,1,1
B-train-00966,1,1,argmax,Lũy kế,Điểm đến,B-train-00966-q06,Đà Lạt,5,Đà Lạt,5,True,3|5,3|5,2,2
B-train-00967,2,1,argmax,Kế hoạch năm,Gói thầu,B-train-00967-q01,Lâm Đồng,9,Lâm Đồng,9,True,9,9,1,1
B-train-00967,1,2,argmin,Kỳ này,Chi nhánh,B-train-00967-q07,Khánh Hòa 03,16,Khánh Hòa 03,16,True,16,16,1,1
B-train-00967,1,1,argmax,Kế hoạch năm,Dự án,B-train-00967-q09,Khu tái định cư,12,Khu tái định cư,12,True,12,12,1,1
B-train-00968,1,1,argmax,Tỷ lệ,Khu vực,B-train-00968-q06,Đồng bằng sông Cửu Long,7,Đồng bằng sông Cửu Long,7,True,7|12|15|18,7|12|15|18,4,4
B-train-00968,1,1,argmin,Kế hoạch năm,Khu vực,B-train-00968-q07,Miền Bắc,18,Miền Bắc,18,True,7|12|15|18,7|12|15|18,4,4
B-train-00968,1,1,argmax,Chênh lệch,Khu vực,B-train-00968-q08,Hải Phòng,15,Hải Phòng,15,True,7|12|15|18,7|12|15|18,4,4
B-train-00968,1,1,argmin,Thực hiện,Khu vực,B-train-00968-q10,Đồng bằng sông Cửu Long,12,Đồng bằng sông Cửu Long,12,True,7|12|15|18,7|12|15|18,4,4
B-train-00969,2,1,argmax,Kỳ trước,Trạm,B-train-00969-q03,Trạm Tây Đô,22,Trạm Tây Đô,22,True,12|22,12|22,2,2
B-train-00969,1,1,argmin,Kỳ trước,Trạm,B-train-00969-q04,Trạm Cao Nguyên,17,Trạm Cao Nguyên,17,True,15|17,15|17,2,2
B-train-00969,2,1,argmax,Tỷ trọng (%),Trạm,B-train-00969-q05,Trạm Tây Đô,12,Trạm Tây Đô,12,True,12|22,12|22,2,2
B-train-00969,1,1,argmin,Công suất đỉnh,Trạm,B-train-00969-q09,Trạm Nam Sông,15,Trạm Nam Sông,15,True,15|17,15|17,2,2
B-train-00970,1,1,argmin,Lũy kế,Tuyến,B-train-00970-q04,Hà Nội – Hải Phòng,3,Hà Nội – Hải Phòng,3,True,3|17|19,3|16|19,3,3
B-train-00970,1,1,argmax,Lũy kế,Tuyến,B-train-00970-q07,Hà Nội – Hải Phòng,19,Hà Nội – Hải Phòng,19,True,3|17|19,3|16|19,3,3
B-train-00970,1,1,argmax,Doanh thu,Tuyến,B-train-00970-q10,TP.HCM – Cần Thơ,17,Đà Nẵng – Huế,16,False,3|17|19,3|16|19,3,3
B-train-00971,1,2,argmax,Tỷ trọng (%),Phòng ban,B-train-00971-q01,Kế toán,4,Kế toán,4,True,3|4|9|11,3|4|9|11,4,4
B-train-00971,1,2,argmin,Tỷ trọng (%),Phòng ban,B-train-00971-q02,Vận hành,11,Vận hành,11,True,3|4|9|11,3|4|9|11,4,4
B-train-00971,1,2,argmin,Lũy kế,Phòng ban,B-train-00971-q05,Kinh doanh,9,Kinh doanh,9,True,3|4|9|11,3|4|9|11,4,4
B-train-00971,1,2,argmax,Kỳ trước,Phòng ban,B-train-00971-q08,Kinh doanh,3,Kinh doanh,3,True,3|4|9|11,3|4|9|11,4,4
B-train-00972,1,1,argmin,COD,Điểm quan trắc,B-train-00972-q03,Sông Hồng,8,Sông Hồng,8,True,8|16,8|16,2,2
B-train-00972,1,2,argmax,Kỳ này,Địa bàn,B-train-00972-q06,Đồng Nai,14,Đồng Nai,14,True,13|14,3|14,2,2
B-train-00972,1,2,argmin,Diện tích (ha),Địa bàn,B-train-00972-q07,Khánh Hòa,13,Hà Nội Đã đối chiếu,3,False,13|14,3|14,2,2
B-train-00972,1,1,argmax,Lũy kế,Điểm quan trắc,B-train-00972-q10,KCN Long Thành,16,KCN Long Thành,16,True,8|16,8|16,2,2
B-train-00973,1,1,argmax,Kỳ này,Điểm quan trắc,B-train-00973-q01,KCN Long Thành,11,KCN Long Thành,11,True,3|11,6|11,2,2
B-train-00973,2,1,argmin,Lũy kế,Dự án,B-train-00973-q06,Cầu Đông Thành,18,Hà Nội,13,False,18,13,1,1
B-train-00973,1,1,argmax,Lũy kế,Điểm quan trắc,B-train-00973-q10,Sông Hồng,3,Đồng Nai,6,False,3|11,6|11,2,2
B-train-00974,1,1,argmin,Lưu lượng,Khu vực,B-train-00974-q01,Khu vực đô thị,6,Khu vực đô thị,6,True,6|16|17,6|16|17,3,3
B-train-00974,1,1,argmin,Kỳ trước,Khu vực,B-train-00974-q04,Khu vực đô thị,16,Khu vực đô thị,16,True,6|16|17,6|16|17,3,3
B-train-00974,1,1,argmax,Kỳ này,Khu vực,B-train-00974-q05,Khu vực miền núi,17,Khu vực miền núi,17,True,6|16|17,6|16|17,3,3
B-train-00975,1,1,argmin,Kỳ này,Nhóm chế độ,B-train-00975-q01,Ốm đau,5,Ốm đau,5,True,5|13,5|8,2,2
B-train-00975,1,1,argmax,Hồ sơ nhận,Nhóm chế độ,B-train-00975-q04,Mức A | ưu tiên,13,Tây Nguyên,8,False,5|13,5|8,2,2
B-train-00975,2,1,argmin,Xuất,Mã hàng,B-train-00975-q06,VT777,13,VT777,13,True,13,13,1,1
B-train-00976,2,1,argmax,Kế hoạch năm,Tuyến,B-train-00976-q01,TP.HCM – Cần Thơ,19,TP.HCM – Cần Thơ,19,True,7|19,7|19,2,2
B-train-00976,1,1,argmin,Doanh thu,Tuyến,B-train-00976-q03,Đà Nẵng – Huế,16,Đà Nẵng – Huế,16,True,16,16,1,1
B-train-00976,2,1,argmax,Tỷ trọng (%),Tuyến,B-train-00976-q09,TP.HCM – Cần Thơ,7,TP.HCM – Cần Thơ,7,True,7|19,7|19,2,2
B-train-00977,1,1,argmin,Hành khách,Tuyến,B-train-00977-q05,TP.HCM – Cần Thơ,9,TP.HCM – Cần Thơ,9,True,3|5|9|14,3|5|9|14,4,4
B-train-00977,1,1,argmax,Doanh thu,Tuyến,B-train-00977-q07,Hà Nội – Hải Phòng,3,Hà Nội – Hải Phòng,3,True,3|5|9|14,3|5|9|14,4,4
B-train-00977,1,1,argmax,Kế hoạch năm,Tuyến,B-train-00977-q09,Nha Trang – Đà Lạt,14,Nha Trang – Đà Lạt,14,True,3|5|9|14,3|5|9|14,4,4
B-train-00977,1,1,argmin,Kế hoạch năm,Tuyến,B-train-00977-q10,TP.HCM – Cần Thơ,5,TP.HCM – Cần Thơ,5,True,3|5|9|14,3|5|9|14,4,4
B-train-00978,1,2,argmin,Kế hoạch năm,Điểm quan trắc,B-train-00978-q04,Khánh Hòa,6,Khánh Hòa,6,True,5|6,5|6,2,2
B-train-00978,1,1,argmax,Lũy kế,Khu vực,B-train-00978-q05,Khu vực miền núi,7,Khu vực miền núi,7,True,7,7,1,1
B-train-00978,1,2,argmax,Kế hoạch năm,Điểm quan trắc,B-train-00978-q09,Hồ Xuân Hương,5,Hồ Xuân Hương,5,True,5|6,5|6,2,2
B-train-00979,1,1,argmax,Tỷ trọng (%),Địa bàn,B-train-00979-q01,Lâm Đồng,9,Lâm Đồng,9,True,9,9,1,1
B-train-00979,1,2,argmin,Kế hoạch năm,Đơn vị,B-train-00979-q05,THPT Lê Quý Đôn,14,THPT Lê Quý Đôn,14,True,14|15,14|15,2,2
B-train-00979,1,2,argmax,Kỳ này,Đơn vị,B-train-00979-q07,THPT Trần Phú,15,THPT Trần Phú,15,True,14|15,14|15,2,2
B-train-00980,1,1,argmin,Kỳ này,Dự án,B-train-00980-q03,Cầu Đông Thành,13,Cầu Đông Thành,13,True,7|8|13,7|8|13,3,3
B-train-00980,1,1,argmin,Tiến độ,Dự án,B-train-00980-q08,Khu tái định cư,7,Khu tái định cư,7,True,7|8|13,7|8|13,3,3
B-train-00980,1,1,argmax,Tiến độ,Dự án,B-train-00980-q09,Hà Nội,8,Hà Nội,8,True,7|8|13,7|8|13,3,3
B-train-00980,1,1,argmax,Giải ngân,Dự án,B-train-00980-q10,Hà Nội,8,Hà Nội,8,True,7|8|13,7|8|13,3,3
B-train-00981,1,1,argmax,Kỳ trước,Nghiệp vụ,B-train-00981-q06,Sức khỏe,23,Sức khỏe,23,True,23,23,1,1
B-train-00981,2,1,argmin,Tỷ lệ,Nghiệp vụ,B-train-00981-q07,Tài sản,8,Tài sản,8,True,5|8|15,5|8|15,3,3
B-train-00981,2,1,argmax,Bồi thường,Nghiệp vụ,B-train-00981-q09,Tai nạn con người,15,Tai nạn con người,15,True,5|8|15,5|8|15,3,3
B-train-00981,2,1,argmin,Kỳ này,Nghiệp vụ,B-train-00981-q10,Tai nạn con người,5,Tai nạn con người,5,True,5|8|15,5|8|15,3,3
B-train-00982,1,1,argmin,Lũy kế,Khoa,B-train-00982-q04,Nhi,5,Nhi,5,True,5|6|8,5|6|8,3,3
B-train-00982,1,1,argmax,Lũy kế,Khoa,B-train-00982-q06,Tai Mũi Họng,8,Tai Mũi Họng,8,True,5|6|8,5|6|8,3,3
B-train-00982,1,1,argmin,Kỳ trước,Khoa,B-train-00982-q09,Sản,6,Sản,6,True,5|6|8,5|6|8,3,3
B-train-00983,2,1,argmin,Tỷ trọng (%),Kho/điểm,B-train-00983-q03,Kho trung chuyển,5,Kho trung chuyển,5,True,5|7|18,5|7|18,3,3
B-train-00983,1,1,argmin,Lũy kế,Kho/điểm,B-train-00983-q05,Kho trung chuyển,12,Kho trung chuyển,12,True,12,12,1,1
B-train-00983,2,1,argmax,Tỷ trọng (%),Kho/điểm,B-train-00983-q07,Kho Bình Dương,18,Kho Bình Dương,18,True,5|7|18,5|7|18,3,3
B-train-00983,2,1,argmax,Chi phí,Kho/điểm,B-train-00983-q10,Kho Đà Nẵng,7,Kho Đà Nẵng,7,True,5|7|18,5|7|18,3,3
B-train-00984,1,1,argmax,Kế hoạch năm,Điểm đến,B-train-00984-q02,Phố cổ Hội An,14,Phố cổ Hội An,14,True,14|15|17,12|14|15,3,3
B-train-00984,1,1,argmax,Công suất phòng,Điểm đến,B-train-00984-q03,Đà Lạt,15,Đà Lạt,15,True,14|15|17,12|14|15,3,3
B-train-00984,1,2,argmin,Kỳ trước,Địa bàn,B-train-00984-q09,Hà Nội,10,Hà Nội,10,True,10,10,1,1
B-train-00984,1,1,argmin,Doanh thu,Điểm đến,B-train-00984-q10,Phú Quốc,17,Phú Quốc,12,True,14|15|17,12|14|15,3,3
B-train-00985,1,2,argmax,Lũy kế,Điểm bán,B-train-00985-q02,Tây Nguyên,6,Tây Nguyên,6,True,5|6|8,5|6|8,3,3
B-train-00985,1,2,argmin,Kế hoạch năm,Điểm bán,B-train-00985-q03,Siêu thị trung tâm,5,Siêu thị trung tâm,5,True,5|6|8,5|6|8,3,3
B-train-00985,1,2,argmax,Giá trị bán,Điểm bán,B-train-00985-q08,Cửa hàng 01,8,Cửa hàng 01,8,True,5|6|8,5|6|8,3,3
B-train-00985,1,1,argmin,Tỷ trọng (%),Chi nhánh,B-train-00985-q09,Cần Thơ 02,12,Cần Thơ 02,12,True,12,12,1,1
B-train-00986,1,2,argmin,Kế hoạch năm,Điểm bán,B-train-00986-q01,Điểm bán phía Bắc,6,Điểm bán phía Bắc,6,True,6|16|17,6|16|17,3,3
B-train-00986,1,1,argmax,Lũy kế,Kho/điểm,B-train-00986-q04,Kho Cần Thơ,11,Kho Cần Thơ,11,True,11,11,1,1
B-train-00986,1,2,argmax,Lũy kế,Điểm bán,B-train-00986-q05,Điểm bán phía Nam,17,Điểm bán phía Nam,17,True,6|16|17,6|16|17,3,3
B-train-00986,1,2,argmin,Số đơn,Điểm bán,B-train-00986-q08,Điểm bán phía Bắc,16,Điểm bán phía Bắc,16,True,6|16|17,6|16|17,3,3
B-train-00987,1,1,argmax,Chi phí,Kho/điểm,B-train-00987-q06,Kho Bình Dương,15,Kho Bình Dương,15,True,15|16,15|16,2,2
B-train-00987,2,1,argmin,Tồn đầu,Mã hàng,B-train-00987-q07,Đà Nẵng,14,Đà Nẵng,14,True,14,14,1,1
B-train-00987,1,1,argmin,Kỳ này,Kho/điểm,B-train-00987-q09,Kho Cần Thơ,16,Kho Cần Thơ,16,True,15|16,15|16,2,2
B-train-00988,2,1,argmax,Nợ quá hạn,Chi nhánh,B-train-00988-q08,Cần Thơ 02,21,Cần Thơ 02,21,True,21,21,1,1
B-train-00988,1,1,argmin,Lũy kế,Chi nhánh,B-train-00988-q10,Hải Phòng 02,4,Hải Phòng 02,4,True,4,4,1,1
B-train-00989,1,1,argmax,Tuyển mới,Phòng ban,B-train-00989-q01,Chăm sóc khách hàng,8,Chăm sóc khách hàng,8,True,8|11,8|11,2,2
B-train-00989,2,1,argmax,Tuyển mới,Phòng ban,B-train-00989-q04,Chăm sóc khách hàng,3,Chăm sóc khách hàng,3,True,3|24,3|24,2,2
B-train-00989,1,1,argmin,Tỷ trọng (%),Phòng ban,B-train-00989-q06,Vận hành,11,Vận hành,11,True,8|11,8|11,2,2
B-train-00989,2,1,argmin,Hiện có,Phòng ban,B-train-00989-q08,Vận hành,24,Vận hành,24,True,3|24,3|24,2,2
B-train-00990,1,1,argmax,Huy động,Chi nhánh,B-train-00990-q02,Hà Nội 01,18,Hà Nội 01,18,True,6|18,6|18,2,2
B-train-00990,2,1,argmax,Tỷ trọng (%),Chi nhánh,B-train-00990-q07,Khánh Hòa 03,19,Khánh Hòa 03,19,True,19,19,1,1
B-train-00990,1,1,argmin,Tăng trưởng,Chi nhánh,B-train-00990-q09,Khánh Hòa 03,6,Khánh Hòa 03,6,True,6|18,6|18,2,2
B-train-00991,1,1,argmax,Kỳ này,Khoa,B-train-00991-q01,Nội tổng hợp,9,Nội tổng hợp,9,True,3|9|10,9|10|16,3,3
B-train-00991,2,1,argmin,Hoàn trả,Điểm bán,B-train-00991-q03,Điểm bán phía Bắc,6,Điểm bán phía Bắc,6,True,6,6,1,1
B-train-00991,1,1,argmin,Kỳ trước,Khoa,B-train-00991-q09,Nội tổng hợp,3,Lâm Đồng,16,False,3|9|10,9|10|16,3,3
B-train-00991,1,1,argmax,Kỳ trước,Khoa,B-train-00991-q10,Ngoại,10,Ngoại,10,True,3|9|10,9|10|16,3,3
B-train-00992,1,1,argmin,Trễ hạn,Nhóm chế độ,B-train-00992-q02,Thai sản,16,Thai sản,16,True,16,16,1,1
B-train-00993,1,1,argmax,Kỳ này,Dự án,B-train-00993-q01,Trường liên cấp,20,Trường liên cấp,20,True,8|20|22,8|20|22,3,3
B-train-00993,2,1,argmin,Kỳ này,Dự án,B-train-00993-q02,Nhà máy nước,11,Nhà máy nước,11,True,11,11,1,1
B-train-00993,1,1,argmax,Kỳ trước,Dự án,B-train-00993-q06,Khu tái định cư,22,Khu tái định cư,22,True,8|20|22,8|20|22,3,3
B-train-00993,1,1,argmin,Kỳ này,Dự án,B-train-00993-q09,Cầu Đông Thành,8,Cầu Đông Thành,8,True,8|20|22,8|20|22,3,3
B-train-00994,2,1,argmin,Tồn cuối,Mã hàng,B-train-00994-q01,VT076,12,VT076,12,True,4|12,4|12,2,2
B-train-00994,2,1,argmax,Tồn đầu,Mã hàng,B-train-00994-q05,VT076,12,VT076,12,True,4|12,4|12,2,2
B-train-00994,2,1,argmax,Xuất,Mã hàng,B-train-00994-q08,VT535,4,VT535,4,True,4|12,4|12,2,2
B-train-00994,1,1,argmin,Tồn đầu,Mã hàng,B-train-00994-q09,VT410,14,VT410,14,True,14,14,1,1
B-train-00995,1,2,argmax,Lũy kế,Chi nhánh,B-train-00995-q06,Lâm Đồng,3,Lâm Đồng,3,True,3|9,3,2,1
B-train-00995,1,2,argmax,Huy động,Chi nhánh,B-train-00995-q07,Hải Phòng 02,9,Lâm Đồng,3,False,3|9,3,2,1
B-train-00996,1,1,argmin,Lũy kế,Gói thầu,B-train-00996-q01,GT88,6,GT88,6,True,6,6,1,1
B-train-00996,2,1,argmax,Lũy kế,Gói thầu,B-train-00996-q04,GT60,16,GT60,16,True,16|21,16|21,2,2
B-train-00996,2,1,argmin,Lũy kế,Gói thầu,B-train-00996-q05,GT87,21,GT87,21,True,16|21,16|21,2,2
B-train-00997,1,2,argmin,Doanh thu,Tuyến,B-train-00997-q01,Hà Nội – Hải Phòng,7,Hà Nội – Hải Phòng,7,True,7,7,1,1
B-train-00997,1,1,argmin,Tỷ trọng (%),Khu vực,B-train-00997-q04,Khu vực ven biển,10,Khu vực ven biển,10,True,10|11|15,10|11|15,3,3
B-train-00997,1,1,argmax,Phản ánh,Khu vực,B-train-00997-q07,Khu vực ven biển,15,Khu vực ven biển,15,True,10|11|15,10|11|15,3,3
B-train-00997,1,1,argmax,Tỷ lệ rớt cuộc,Khu vực,B-train-00997-q08,Khu vực đô thị,11,Khu vực đô thị,11,True,10|11|15,10|11|15,3,3
B-train-00998,2,1,argmax,Lũy kế,Đơn vị,B-train-00998-q07,THPT Phan Bội Châu,15,THPT Phan Bội Châu,15,True,15|16,15|16,2,2
B-train-00998,2,1,argmin,Kỳ trước,Đơn vị,B-train-00998-q10,THPT Chu Văn An,16,THPT Chu Văn An,16,True,15|16,15|16,2,2
B-train-00999,1,1,argmin,Kỳ này,Khoa,B-train-00999-q02,Mắt,7,Mắt,7,True,7,7,1,1
B-train-00999,1,2,argmax,Kế hoạch năm,Khu vực,B-train-00999-q07,Khu vực đô thị,11,Khu vực ven biển Đã đối chiếu,10,False,6|11,6|10,2,2
B-train-00999,1,2,argmax,Lưu lượng,Khu vực,B-train-00999-q08,Khu vực đô thị,6,Khu vực đô thị,6,True,6|11,6|10,2,2
B-train-00999,1,2,argmin,Phản ánh,Khu vực,B-train-00999-q09,Khu vực đô thị,6,Khu vực đô thị,6,True,6|11,6|10,2,2
B-train-01000,1,1,argmax,Doanh thu,Điểm đến,B-train-01000-q01,Đà Lạt,3,Đà Lạt,3,True,1|3|4,1|3|4,3,3
B-train-01000,1,1,argmin,Doanh thu,Điểm đến,B-train-01000-q04,Nha Trang,4,Nha Trang,4,True,1|3|4,1|3|4,3,3
B-train-01000,1,1,argmax,Khách quốc tế,Điểm đến,B-train-01000-q05,Đà Lạt,3,Đà Lạt,3,True,1|3|4,1|3|4,3,3
B-train-01000,1,1,argmin,Khách nội địa,Điểm đến,B-train-01000-q06,Vịnh Hạ Long,1,Vịnh Hạ Long,1,True,1|3|4,1|3|4,3,3
B-train-01001,1,1,argmax,Thực hiện,Khu vực,B-train-01001-q04,Đồng bằng sông Cửu Long,5,Đồng bằng sông Cửu Long,5,True,2|5,2|5,2,2
B-train-01001,1,1,argmin,Thực hiện,Khu vực,B-train-01001-q05,Miền Trung,2,Miền Trung,2,True,2|5,2|5,2,2
B-train-01001,1,1,argmax,Kế hoạch,Khu vực,B-train-01001-q07,Đồng bằng sông Cửu Long,5,Đồng bằng sông Cửu Long,5,True,2|5,2|5,2,2
B-train-01001,1,1,argmin,Kế hoạch,Khu vực,B-train-01001-q10,Miền Trung,2,Miền Trung,2,True,2|5,2|5,2,2
B-train-01002,1,1,argmin,Đã giải quyết,Nhóm chế độ,B-train-01002-q01,Thai sản,4,Thai sản,4,True,4|6,4|6,2,2
B-train-01002,1,1,argmax,Đã giải quyết,Nhóm chế độ,B-train-01002-q02,Hưu trí,6,Hưu trí,6,True,4|6,4|6,2,2
B-train-01002,1,1,argmin,Hồ sơ nhận,Nhóm chế độ,B-train-01002-q07,Thai sản,4,Thai sản,4,True,4|6,4|6,2,2
B-train-01003,1,1,argmin,Giá dự toán,Gói thầu,B-train-01003-q06,GT58,5,GT58,5,True,4|5|7,4|5|7,3,3
B-train-01003,1,1,argmin,Giá trúng,Gói thầu,B-train-01003-q08,GT33,4,GT33,4,True,4|5|7,4|5|7,3,3
B-train-01003,1,1,argmax,Giá trúng,Gói thầu,B-train-01003-q10,GT80,7,GT80,7,True,4|5|7,4|5|7,3,3
B-train-01004,1,1,argmax,Phản ánh,Khu vực,B-train-01004-q03,Cụm BTS-01,6,Cụm BTS-01,6,True,5|6|7,5|6|7,3,3
B-train-01004,1,1,argmin,Lưu lượng,Khu vực,B-train-01004-q06,Khu vực miền núi,5,Khu vực miền núi,5,True,5|6|7,5|6|7,3,3
B-train-01004,1,1,argmax,Lưu lượng,Khu vực,B-train-01004-q07,Cụm BTS-02,7,Cụm BTS-02,7,True,5|6|7,5|6|7,3,3
B-train-01005,1,1,argmax,Giá trị bán,Điểm bán,B-train-01005-q01,Cửa hàng 02,7,Cửa hàng 02,7,True,2|5|7|8,2|5|7|8,4,4
B-train-01005,1,1,argmin,Giá trị bán,Điểm bán,B-train-01005-q02,Điểm bán phía Nam,5,Điểm bán phía Nam,5,True,2|5|7|8,2|5|7|8,4,4
B-train-01005,1,1,argmin,Số đơn,Điểm bán,B-train-01005-q05,Cửa hàng 02,2,Cửa hàng 02,2,True,2|5|7|8,2|5|7|8,4,4
B-train-01005,1,1,argmax,Số đơn,Điểm bán,B-train-01005-q07,Siêu thị trung tâm,8,Siêu thị trung tâm,8,True,2|5|7|8,2|5|7|8,4,4
B-train-01006,1,1,argmin,Công suất đỉnh,Trạm,B-train-01006-q01,Trạm Nam Sông,3,Trạm Nam Sông,3,True,1|3|4|7,1|3|4|7,4,4
B-train-01006,1,1,argmax,Công suất đỉnh,Trạm,B-train-01006-q02,Trạm 220kV Trung,7,Trạm 220kV Trung,7,True,1|3|4|7,1|3|4|7,4,4
B-train-01006,1,1,argmin,Sự cố,Trạm,B-train-01006-q04,Trạm 110kV Bắc,1,Trạm 110kV Bắc,1,True,1|3|4|7,1|3|4|7,4,4
B-train-01006,1,1,argmax,Sự cố,Trạm,B-train-01006-q06,Trạm Tây Đô,4,Trạm Tây Đô,4,True,1|3|4|7,1|3|4|7,4,4
B-train-01007,1,1,argmax,Tỷ lệ,Nghiệp vụ,B-train-01007-q01,Xe cơ giới,2,Xe cơ giới,2,True,2|5|6,2|5|6,3,3
B-train-01007,1,1,argmin,Tỷ lệ,Nghiệp vụ,B-train-01007-q02,Tai nạn con người,5,Tai nạn con người,5,True,2|5|6,2|5|6,3,3
B-train-01007,1,1,argmin,Hợp đồng,Nghiệp vụ,B-train-01007-q03,Xe cơ giới,2,Xe cơ giới,2,True,2|5|6,2|5|6,3,3
B-train-01007,1,1,argmax,Phí bảo hiểm,Nghiệp vụ,B-train-01007-q08,Sức khỏe,6,Sức khỏe,6,True,2|5|6,2|5|6,3,3
B-train-01008,1,1,argmax,Nhập viện,Khoa,B-train-01008-q01,Ngoại,8,Ngoại,8,True,2|3|4|8,2|3|4|8,4,4
B-train-01008,1,1,argmax,Chuyển tuyến,Khoa,B-train-01008-q05,Nhi,3,Nhi,3,True,2|3|4|8,2|3|4|8,4,4
B-train-01008,1,1,argmin,Lượt khám,Khoa,B-train-01008-q07,Sản,4,Sản,4,True,2|3|4|8,2|3|4|8,4,4
B-train-01008,1,1,argmin,Nhập viện,Khoa,B-train-01008-q10,Ngoại,2,Ngoại,2,True,2|3|4|8,2|3|4|8,4,4
B-train-01009,1,1,argmax,Bồi thường,Nghiệp vụ,B-train-01009-q01,Sức khỏe,6,Sức khỏe,6,True,3|6,3|6,2,2
B-train-01009,1,1,argmin,Hợp đồng,Nghiệp vụ,B-train-01009-q02,Tài sản,3,Tài sản,3,True,3|6,3|6,2,2
B-train-01009,1,1,argmin,Phí bảo hiểm,Nghiệp vụ,B-train-01009-q06,Tài sản,3,Tài sản,3,True,3|6,3|6,2,2
B-train-01009,1,1,argmax,Tỷ lệ,Nghiệp vụ,B-train-01009-q10,Sức khỏe,6,Sức khỏe,6,True,3|6,3|6,2,2
B-train-01010,2,1,argmin,Tỷ lệ đạt,Đơn vị,B-train-01010-q02,THPT Phan Bội Châu,16,THPT Phan Bội Châu,16,True,16,16,1,1
B-train-01010,1,1,argmin,Tỷ lệ đạt,Đơn vị,B-train-01010-q04,THPT Lê Quý Đôn,9,THPT Lê Quý Đôn,9,True,9,9,1,1
B-train-01011,1,1,argmin,Tăng trưởng,Chi nhánh,B-train-01011-q02,Khánh Hòa 03,6,Khánh Hòa 03,6,True,6|10|11,6|10|11,3,3
B-train-01011,1,1,argmin,Kỳ này,Chi nhánh,B-train-01011-q04,Khánh Hòa 03,6,Khánh Hòa 03,6,True,6|10|11,6|10|11,3,3
B-train-01011,1,1,argmax,Nợ quá hạn,Chi nhánh,B-train-01011-q05,Đà Nẵng 01,10,Đà Nẵng 01,10,True,6|10|11,6|10|11,3,3
B-train-01011,1,1,argmax,Kỳ này,Chi nhánh,B-train-01011-q07,Khánh Hòa 03,11,Khánh Hòa 03,11,True,6|10|11,6|10|11,3,3
B-train-01012,1,1,argmin,COD,Điểm quan trắc,B-train-01012-q01,Cửa biển Đà Nẵng,12,Cửa biển Đà Nẵng,12,True,6|12|13,6|12|13,3,3
B-train-01012,1,1,argmax,BOD5,Điểm quan trắc,B-train-01012-q03,KCN Long Thành,6,KCN Long Thành,6,True,6|12|13,6|12|13,3,3
B-train-01012,1,1,argmax,Tỷ trọng (%),Điểm quan trắc,B-train-01012-q07,Sông Hồng,13,Sông Hồng,13,True,6|12|13,6|12|13,3,3
B-train-01013,1,1,argmax,Sản lượng (tấn),Địa bàn,B-train-01013-q04,Hà Nội,17,Hà Nội,17,True,10|17,10|17,2,2
B-train-01013,1,1,argmin,Diện tích (ha),Địa bàn,B-train-01013-q08,Hà Nội,10,Hà Nội,10,True,10|17,10|17,2,2
B-train-01014,1,2,argmin,Tỷ lệ,Nghiệp vụ,B-train-01014-q02,Tài sản,10,Tài sản,10,True,10,10,1,1
B-train-01014,1,1,argmin,COD,Điểm quan trắc,B-train-01014-q03,Hồ Xuân Hương,10,Hồ Xuân Hương,10,True,10,10,1,1
B-train-01015,1,1,argmax,Đúng giờ,Tuyến,B-train-01015-q02,Đà Nẵng – Huế,4,Đà Nẵng – Huế,4,True,4|6|11|14,4|6|15,4,3
B-train-01015,1,1,argmax,Lũy kế,Tuyến,B-train-01015-q03,Nha Trang – Đà Lạt,6,Nha Trang – Đà Lạt,6,True,4|6|11|14,4|6|15,4,3
B-train-01015,1,1,argmin,Lũy kế,Tuyến,B-train-01015-q05,Hà Nội – Hải Phòng,11,Hà Nội – Hải Phòng,15,True,4|6|11|14,4|6|15,4,3
B-train-01015,1,1,argmin,Doanh thu,Tuyến,B-train-01015-q07,Nha Trang – Đà Lạt,14,Hà Nội – Hải Phòng,15,False,4|6|11|14,4|6|15,4,3
B-train-01016,1,2,argmax,Dư nợ,Chi nhánh,B-train-01016-q05,Tây Nguyên,9,Hà Nội 01,8,False,8|9,8,2,1
B-train-01016,1,2,argmax,Huy động,Chi nhánh,B-train-01016-q10,Hà Nội 01,8,Hà Nội 01,8,True,8|9,8,2,1
B-train-01017,1,1,argmin,Chi trả,Nhóm chế độ,B-train-01017-q01,Đà Nẵng,8,Đà Nẵng,8,True,6|8|10|17,8|10|17,4,3
B-train-01017,1,1,argmin,Kỳ trước,Nhóm chế độ,B-train-01017-q05,Thai sản,6,Đà Nẵng,8,False,6|8|10|17,8|10|17,4,3
B-train-01017,1,1,argmax,Đã giải quyết,Nhóm chế độ,B-train-01017-q06,Tai nạn lao động,17,Tai nạn lao động,17,True,6|8|10|17,8|10|17,4,3
B-train-01017,1,1,argmax,Kế hoạch năm,Nhóm chế độ,B-train-01017-q08,Ốm đau,10,Ốm đau,10,True,6|8|10|17,8|10|17,4,3
B-train-01018,1,1,argmin,Bồi thường,Nghiệp vụ,B-train-01018-q03,Tài sản,10,Tài sản,10,True,7|9|10,7|9|10,3,3
B-train-01018,1,1,argmax,Bồi thường,Nghiệp vụ,B-train-01018-q06,Xe cơ giới,9,Xe cơ giới,9,True,7|9|10,7|9|10,3,3
B-train-01018,1,1,argmax,Hợp đồng,Nghiệp vụ,B-train-01018-q07,Tai nạn con người,7,Tai nạn con người,7,True,7|9|10,7|9|10,3,3
B-train-01019,1,1,argmin,Kỳ này,Đơn vị,B-train-01019-q02,THPT Nguyễn Trãi,13,THPT Nguyễn Trãi,13,True,8|13|16,8|10|13|16,3,4
B-train-01019,1,1,argmax,Kỳ này,Đơn vị,B-train-01019-q03,THPT Nguyễn Trãi,8,THPT Nguyễn Trãi,8,True,8|13|16,8|10|13|16,3,4
B-train-01019,1,1,argmax,Tỷ lệ đạt,Đơn vị,B-train-01019-q04,THPT Nguyễn Trãi,13,THPT Trần Phú,10,False,8|13|16,8|10|13|16,3,4
B-train-01019,1,1,argmin,Đạt,Đơn vị,B-train-01019-q10,THPT Phan Bội Châu,16,THPT Phan Bội Châu,16,True,8|13|16,8|10|13|16,3,4
B-train-01020,1,1,argmax,Đã giải quyết,Nhóm chế độ,B-train-01020-q02,Thất nghiệp,19,Thất nghiệp,19,True,3|18|19,3|18|19,3,3
B-train-01020,1,1,argmin,Kỳ trước,Nhóm chế độ,B-train-01020-q03,Hưu trí,3,Hưu trí,3,True,3|18|19,3|18|19,3,3
B-train-01020,1,1,argmin,Chi trả,Nhóm chế độ,B-train-01020-q08,Hưu trí,18,Hưu trí,18,True,3|18|19,3|18|19,3,3
B-train-01021,1,1,argmin,Tỷ trọng (%),Gói thầu,B-train-01021-q01,GT15,9,GT15,9,True,3|5|9,3|5|9,3,3
B-train-01021,1,1,argmin,Giá dự toán,Gói thầu,B-train-01021-q04,GT88,5,GT88,5,True,3|5|9,3|5|9,3,3
B-train-01021,1,2,argmax,Tổn thất,Trạm,B-train-01021-q07,Trạm 110kV Bắc,13,Trạm 110kV Bắc,13,True,13,13,1,1
B-train-01021,1,1,argmax,Giá trúng,Gói thầu,B-train-01021-q10,GT83,3,GT83,3,True,3|5|9,3|5|9,3,3
B-train-01022,1,1,argmin,Kế hoạch năm,Chi nhánh,B-train-01022-q03,Hà Nội 01,3,Hà Nội 01,3,True,3|4|6,3|6|10,3,3
B-train-01022,1,1,argmin,Huy động,Chi nhánh,B-train-01022-q06,Khánh Hòa 03,6,Khánh Hòa 03,6,True,3|4|6,3|6|10,3,3
B-train-01022,1,1,argmax,Nợ quá hạn,Chi nhánh,B-train-01022-q08,Hà Nội 01,3,Hà Nội 01,3,True,3|4|6,3|6|10,3,3
B-train-01022,1,1,argmax,Huy động,Chi nhánh,B-train-01022-q10,Hải Phòng 02,4,Đà Nẵng 01,10,False,3|4|6,3|6|10,3,3
B-train-01023,1,1,argmin,Lũy kế,Địa bàn,B-train-01023-q05,Đà Nẵng,5,Đà Nẵng,5,True,5|10|12,5|10|12,3,3
B-train-01023,1,1,argmax,Lũy kế,Địa bàn,B-train-01023-q06,Đà Nẵng,12,Đà Nẵng,12,True,5|10|12,5|10|12,3,3
B-train-01023,1,1,argmax,Sản lượng (tấn),Địa bàn,B-train-01023-q10,Cần Thơ,10,Cần Thơ,10,True,5|10|12,5|10|12,3,3
B-train-01024,1,1,argmax,Tỷ trọng (%),Phòng ban,B-train-01024-q01,Chăm sóc khách hàng,8,Chăm sóc khách hàng,8,True,4|8|16,4|8|16,3,3
B-train-01024,1,1,argmin,Tỷ trọng (%),Phòng ban,B-train-01024-q02,Kế toán,16,Kế toán,16,True,4|8|16,4|8|16,3,3
B-train-01024,1,1,argmin,Thiếu/thừa,Phòng ban,B-train-01024-q05,Hải Phòng,4,Hải Phòng,4,True,4|8|16,4|8|16,3,3
B-train-01025,1,1,argmin,Nhập viện,Khoa,B-train-01025-q01,Đồng Nai,13,Đồng Nai,13,True,6|8|11|13,6|8|11|13,4,4
B-train-01025,1,1,argmax,Lượt khám,Khoa,B-train-01025-q03,Tai Mũi Họng,8,Tai Mũi Họng,8,True,6|8|11|13,6|8|11|13,4,4
B-train-01025,1,1,argmax,Chuyển tuyến,Khoa,B-train-01025-q04,Nhi,11,Nhi,11,True,6|8|11|13,6|8|11|13,4,4
B-train-01025,1,1,argmin,Tỷ trọng (%),Khoa,B-train-01025-q09,Sản,6,Sản,6,True,6|8|11|13,6|8|11|13,4,4
B-train-01026,1,1,argmin,Tỷ trọng (%),Nhóm chế độ,B-train-01026-q01,Thất nghiệp,4,Thất nghiệp,4,True,4|7|18,4|7|18,3,3
B-train-01026,1,1,argmin,Kế hoạch năm,Nhóm chế độ,B-train-01026-q04,Tây Nguyên,18,Tây Nguyên,18,True,4|7|18,4|7|18,3,3
B-train-01026,1,1,argmax,Đã giải quyết,Nhóm chế độ,B-train-01026-q06,Tai nạn lao động,7,Tai nạn lao động,7,True,4|7|18,4|7|18,3,3
B-train-01027,1,2,argmax,Tỷ lệ,Khu vực,B-train-01027-q01,Cần Thơ,5,Cần Thơ,5,True,5|12,5|12,2,2
B-train-01027,1,1,argmax,Giá trị hợp đồng,Dự án,B-train-01027-q03,Khu tái định cư,12,Đường vành đai,4,False,12,4,1,1
B-train-01027,1,2,argmin,Kế hoạch năm,Khu vực,B-train-01027-q04,Đồng bằng sông Cửu Long,12,Đồng bằng sông Cửu Long,12,True,5|12,5|12,2,2
B-train-01027,1,2,argmin,Kế hoạch,Khu vực,B-train-01027-q05,Cần Thơ,5,Cần Thơ,5,True,5|12,5|12,2,2
B-train-01028,1,2,argmax,Diện tích (ha),Địa bàn,B-train-01028-q01,Đà Nẵng,12,Đà Nẵng,12,True,12,12,1,1
B-train-01028,1,1,argmin,Kế hoạch năm,Khu vực,B-train-01028-q02,Cụm BTS-02,4,Cụm BTS-02,4,True,3|4|9,3|4|9,3,3
B-train-01028,1,1,argmin,Tỷ lệ rớt cuộc,Khu vực,B-train-01028-q04,Miền Trung,9,Miền Trung,9,True,3|4|9,3|4|9,3,3
B-train-01028,1,1,argmax,Kế hoạch năm,Khu vực,B-train-01028-q08,Cụm BTS-01,3,Cụm BTS-01,3,True,3|4|9,3|4|9,3,3
B-train-01029,1,1,argmin,Bồi thường,Nghiệp vụ,B-train-01029-q02,Tài sản,10,Tài sản,10,True,10|18,10|18,2,2
B-train-01029,1,1,argmax,Phí bảo hiểm,Nghiệp vụ,B-train-01029-q06,Sức khỏe,18,Sức khỏe,18,True,10|18,10|18,2,2
B-train-01029,1,1,argmax,Bồi thường,Nghiệp vụ,B-train-01029-q09,Sức khỏe,18,Sức khỏe,18,True,10|18,10|18,2,2
B-train-01029,1,1,argmin,Phí bảo hiểm,Nghiệp vụ,B-train-01029-q10,Tài sản,10,Tài sản,10,True,10|18,10|18,2,2
B-train-01030,1,2,argmin,Kỳ trước,Khoa,B-train-01030-q05,Mắt,7,Mắt,7,True,7,7,1,1
B-train-01030,1,1,argmax,Giá trị bán,Điểm bán,B-train-01030-q07,Miền Bắc,5,Miền Bắc,5,True,5|7,5|7,2,2
B-train-01030,1,1,argmin,Số đơn,Điểm bán,B-train-01030-q10,Điểm bán phía Nam,7,Điểm bán phía Nam,7,True,5|7,5|7,2,2
B-train-01031,1,1,argmin,Định biên,Phòng ban,B-train-01031-q01,Miền Nam,7,Kế toán,4,False,4|6|7|9,4|6|9,4,3
B-train-01031,1,1,argmax,Kế hoạch năm,Phòng ban,B-train-01031-q02,Kinh doanh,9,Kinh doanh,9,True,4|6|7|9,4|6|9,4,3
B-train-01031,1,1,argmin,Hiện có,Phòng ban,B-train-01031-q04,Công nghệ,6,Công nghệ,6,True,4|6|7|9,4|6|9,4,3
B-train-01031,1,1,argmax,Thiếu/thừa,Phòng ban,B-train-01031-q05,Kế toán,4,Kế toán,4,True,4|6|7|9,4|6|9,4,3
B-train-01032,1,1,argmin,Doanh thu,Tuyến,B-train-01032-q01,Đà Nẵng – Huế,8,Đà Nẵng – Huế,8,True,8,8,1,1
B-train-01032,2,1,argmax,Đúng giờ,Tuyến,B-train-01032-q09,Hà Nội – Hải Phòng,11,Hà Nội – Hải Phòng,11,True,7|11,7|11,2,2
B-train-01032,2,1,argmin,Kế hoạch năm,Tuyến,B-train-01032-q10,Hà Nội – Hải Phòng,7,Hà Nội – Hải Phòng,7,True,7|11,7|11,2,2
B-train-01033,1,1,argmax,Nhập,Mã hàng,B-train-01033-q04,VT413,4,VT413,4,True,4|5|12|16,4|5|12|16,4,4
B-train-01033,1,1,argmin,Nhập,Mã hàng,B-train-01033-q07,Cần Thơ,5,Cần Thơ,5,True,4|5|12|16,4|5|12|16,4,4
B-train-01033,1,1,argmin,Tồn cuối,Mã hàng,B-train-01033-q08,VT817,16,VT817,16,True,4|5|12|16,4|5|12|16,4,4
B-train-01033,1,1,argmax,Tồn đầu,Mã hàng,B-train-01033-q10,VT144,12,VT144,12,True,4|5|12|16,4|5|12|16,4,4
B-train-01034,1,1,argmin,Kế hoạch năm,Điểm quan trắc,B-train-01034-q01,Sông Hương,4,Sông Hương,4,True,4|8|17,4|8|17,3,3
B-train-01034,1,1,argmax,Lũy kế,Điểm quan trắc,B-train-01034-q06,Cửa biển Đà Nẵng,17,Cửa biển Đà Nẵng,17,True,4|8|17,4|8|17,3,3
B-train-01034,1,1,argmin,BOD5,Điểm quan trắc,B-train-01034-q08,Sông Hồng,8,Sông Hồng,8,True,4|8|17,4|8|17,3,3
B-train-01035,1,1,argmax,Kỳ trước,Gói thầu,B-train-01035-q02,GT62,6,GT62,6,True,6|10,6|10,2,2
B-train-01035,1,2,argmax,Lượt khám,Khoa,B-train-01035-q03,Miền Bắc,5,Ngoại,10,False,5|8,8|10,2,2
B-train-01035,1,1,argmin,Giá dự toán,Gói thầu,B-train-01035-q05,GT15,10,GT15,10,True,6|10,6|10,2,2
B-train-01035,1,2,argmin,Kế hoạch năm,Khoa,B-train-01035-q08,Tai Mũi Họng,8,Tai Mũi Họng,8,True,5|8,8|10,2,2
B-train-01036,1,2,argmax,Kế hoạch năm,Nghiệp vụ,B-train-01036-q02,Hàng hóa,6,Hàng hóa,6,True,4|6|8,4|6|8,3,3
B-train-01036,1,1,argmin,Kỳ này,Địa bàn,B-train-01036-q05,Khánh Hòa,6,Khánh Hòa,6,True,6,6,1,1
B-train-01036,1,2,argmin,Phí bảo hiểm,Nghiệp vụ,B-train-01036-q07,Xe cơ giới,4,Xe cơ giới,4,True,4|6|8,4|6|8,3,3
B-train-01036,1,2,argmax,Bồi thường,Nghiệp vụ,B-train-01036-q09,Đồng Nai,8,Đồng Nai,8,True,4|6|8,4|6|8,3,3
B-train-01037,1,1,argmax,Kỳ trước,Dự án,B-train-01037-q01,Cầu Đông Thành,13,Cầu Đông Thành,13,True,3|8|13,3|8|13,3,3
B-train-01037,1,1,argmin,Tiến độ,Dự án,B-train-01037-q03,Cầu Đông Thành,8,Cầu Đông Thành,8,True,3|8|13,3|8|13,3,3
B-train-01037,1,1,argmin,Lũy kế,Dự án,B-train-01037-q04,Cầu Đông Thành,13,Cầu Đông Thành,13,True,3|8|13,3|8|13,3,3
B-train-01037,1,1,argmax,Kế hoạch năm,Dự án,B-train-01037-q06,Cầu Đông Thành,3,Cầu Đông Thành,3,True,3|8|13,3|8|13,3,3
B-train-01038,1,1,argmax,Lũy kế,Khu vực,B-train-01038-q02,Cụm BTS-01,18,Cụm BTS-01,18,True,16|18,16|18,2,2
B-train-01038,1,1,argmin,Tỷ trọng (%),Khu vực,B-train-01038-q04,Cụm BTS-01,18,Cụm BTS-01,18,True,16|18,16|18,2,2
B-train-01038,1,1,argmax,Phản ánh,Khu vực,B-train-01038-q06,Khu vực đô thị,16,Khu vực đô thị,16,True,16|18,16|18,2,2
B-train-01039,1,2,argmin,Đúng giờ,Tuyến,B-train-01039-q01,Hà Nội,8,Hà Nội,8,True,7|8|13,7|8|13,3,3
B-train-01039,1,2,argmin,Doanh thu,Tuyến,B-train-01039-q03,Hà Nội – Hải Phòng,7,Hà Nội – Hải Phòng,7,True,7|8|13,7|8|13,3,3
B-train-01039,1,2,argmax,Hành khách,Tuyến,B-train-01039-q05,TP.HCM – Cần Thơ,13,TP.HCM – Cần Thơ,13,True,7|8|13,7|8|13,3,3
B-train-01039,1,1,argmax,Kế hoạch năm,Phòng ban,B-train-01039-q08,Hành chính,7,Hành chính,7,True,7,7,1,1
B-train-01040,1,1,argmax,Kỳ này,Nhóm chế độ,B-train-01040-q02,Ốm đau,15,Ốm đau,15,True,4|11|15,4|11|15,3,3
B-train-01040,1,1,argmax,Trễ hạn,Nhóm chế độ,B-train-01040-q03,Thai sản,11,Thai sản,11,True,4|11|15,4|11|15,3,3
B-train-01040,1,1,argmin,Kỳ này,Nhóm chế độ,B-train-01040-q05,Thất nghiệp,4,Thất nghiệp,4,True,4|11|15,4|11|15,3,3
B-train-01041,1,1,argmin,Đã giải quyết,Nhóm chế độ,B-train-01041-q04,Thai sản,6,Hải Phòng,4,False,6|17,4|6|17,2,3
B-train-01041,1,1,argmin,Chi trả,Nhóm chế độ,B-train-01041-q08,Thai sản,6,Thai sản,6,True,6|17,4|6|17,2,3
B-train-01041,1,1,argmax,Đã giải quyết,Nhóm chế độ,B-train-01041-q10,Tai nạn lao động,17,Tai nạn lao động,17,True,6|17,4|6|17,2,3
B-train-01042,1,1,argmin,Diện tích (ha),Địa bàn,B-train-01042-q07,Đồng Nai,14,Đồng Nai,14,True,14,14,1,1
B-train-01042,2,1,argmin,Diện tích (ha),Địa bàn,B-train-01042-q08,Lâm Đồng,8,Lâm Đồng,8,True,6|8,6|8,2,2
B-train-01042,2,1,argmax,Diện tích (ha),Địa bàn,B-train-01042-q09,Đồng Nai,6,Đồng Nai,6,True,6|8,6|8,2,2
B-train-01043,1,1,argmin,Tỷ lệ,Khu vực,B-train-01043-q03,Đồng bằng sông Cửu Long,7,Đồng bằng sông Cửu Long,7,True,7|11|14,7|11|14,3,3
B-train-01043,1,1,argmax,Thực hiện,Khu vực,B-train-01043-q08,Miền Trung,14,Miền Trung,14,True,7|11|14,7|11|14,3,3
B-train-01043,1,1,argmax,Chênh lệch,Khu vực,B-train-01043-q10,Tây Nguyên,11,Tây Nguyên,11,True,7|11|14,7|11|14,3,3
B-train-01044,2,1,argmin,Phí bảo hiểm,Nghiệp vụ,B-train-01044-q03,Tài sản,9,Tài sản,9,True,9|11,9|11,2,2
B-train-01044,1,1,argmax,Phí bảo hiểm,Nghiệp vụ,B-train-01044-q05,Xe cơ giới,4,Xe cơ giới,4,True,4,4,1,1
B-train-01044,2,1,argmax,Tỷ trọng (%),Nghiệp vụ,B-train-01044-q09,Tai nạn con người,11,Tai nạn con người,11,True,9|11,9|11,2,2
B-train-01044,2,1,argmin,Bồi thường,Nghiệp vụ,B-train-01044-q10,Tài sản,9,Tài sản,9,True,9|11,9|11,2,2
B-train-01045,2,1,argmin,Sản lượng (tấn),Địa bàn,B-train-01045-q03,Cần Thơ,8,Cần Thơ,8,True,3|8,3|8,2,2
B-train-01045,1,1,argmax,Sản lượng (tấn),Địa bàn,B-train-01045-q04,Hà Nội,10,Hà Nội,10,True,10|11,10|11,2,2
B-train-01045,2,1,argmax,Sản lượng (tấn),Địa bàn,B-train-01045-q06,Hà Nội,3,Hà Nội,3,True,3|8,3|8,2,2
B-train-01045,1,1,argmin,Kế hoạch năm,Địa bàn,B-train-01045-q09,Hải Phòng,11,Hải Phòng,11,True,10|11,10|11,2,2
B-train-01046,1,1,argmin,Tiến độ,Dự án,B-train-01046-q08,Khu tái định cư,17,Khu tái định cư,17,True,4|17,4|17,2,2
B-train-01046,1,1,argmin,Giải ngân,Dự án,B-train-01046-q09,Đường vành đai,4,Đường vành đai,4,True,4|17,4|17,2,2
B-train-01047,1,1,argmax,Diện tích (ha),Địa bàn,B-train-01047-q03,Hà Nội,17,Hà Nội,17,True,4|6|10|17,4|6|10|17,4,4
B-train-01047,1,1,argmin,Kỳ này,Địa bàn,B-train-01047-q04,Hải Phòng,4,Hải Phòng,4,True,4|6|10|17,4|6|10|17,4,4
B-train-01047,1,1,argmax,Kỳ này,Địa bàn,B-train-01047-q05,Hà Nội,10,Hà Nội,10,True,4|6|10|17,4|6|10|17,4,4
B-train-01047,1,1,argmin,Tỷ trọng (%),Địa bàn,B-train-01047-q07,Khánh Hòa,6,Khánh Hòa,6,True,4|6|10|17,4|6|10|17,4,4
B-train-01048,1,2,argmin,Giá trị hợp đồng,Dự án,B-train-01048-q02,Nhà máy nước,11,Trường liên cấp,5,False,8|11,5|8,2,2
B-train-01048,1,2,argmax,Lũy kế,Dự án,B-train-01048-q03,Cầu Đông Thành,8,Cầu Đông Thành,8,True,8|11,5|8,2,2
B-train-01048,1,1,argmax,Sản lượng,Trạm,B-train-01048-q09,Miền Bắc,3,Miền Bắc,3,True,3|8,3|8,2,2
B-train-01048,1,1,argmin,Sản lượng,Trạm,B-train-01048-q10,Trạm 110kV Bắc,8,Trạm 110kV Bắc,8,True,3|8,3|8,2,2
B-train-01049,1,1,argmin,Tỷ trọng (%),Khoa,B-train-01049-q01,Nội tổng hợp,3,Tai Mũi Họng Đã đối chiếu,8,False,3,8,1,1
B-train-01049,1,2,argmin,Công suất phòng,Điểm đến,B-train-01049-q04,Vịnh Hạ Long,3,Vịnh Hạ Long,3,True,3|4|11,3|4|11,3,3
B-train-01049,1,2,argmax,Kế hoạch năm,Điểm đến,B-train-01049-q05,Nha Trang,11,Nha Trang,11,True,3|4|11,3|4|11,3,3
B-train-01049,1,2,argmax,Công suất phòng,Điểm đến,B-train-01049-q10,Phố cổ Hội An,4,Phố cổ Hội An,4,True,3|4|11,3|4|11,3,3
B-train-01050,2,1,argmax,Nợ quá hạn,Chi nhánh,B-train-01050-q04,Hà Nội 01,17,Hà Nội 01,17,True,8|17,8|17|22,2,3
B-train-01050,2,1,argmax,Huy động,Chi nhánh,B-train-01050-q05,Hải Phòng 02,8,Hà Nội 01,22,False,8|17,8|17|22,2,3
B-train-01050,2,1,argmin,Lũy kế,Chi nhánh,B-train-01050-q07,Hải Phòng 02,8,Hải Phòng 02,8,True,8|17,8|17|22,2,3
B-train-01050,1,1,argmin,Huy động,Chi nhánh,B-train-01050-q09,Khánh Hòa 03,6,Khánh Hòa 03,6,True,6,6,1,1
B-train-01051,2,1,argmin,Tổn thất,Trạm,B-train-01051-q01,Trạm 110kV Bắc,18,Trạm 110kV Bắc,18,True,18,18,1,1
B-train-01051,1,1,argmax,Kế hoạch năm,Trạm,B-train-01051-q02,Trạm Tây Đô,16,Trạm Tây Đô,16,True,8|16,8|16,2,2
B-train-01051,1,1,argmax,Sự cố,Trạm,B-train-01051-q09,Trạm Tây Đô,16,Trạm Tây Đô,16,True,8|16,8|16,2,2
B-train-01051,1,1,argmin,Tỷ trọng (%),Trạm,B-train-01051-q10,Trạm 110kV Bắc,8,Trạm 110kV Bắc,8,True,8|16,8|16,2,2
B-train-01052,1,2,argmin,Bồi thường,Nghiệp vụ,B-train-01052-q04,Tài sản,10,Tài sản,10,True,10,10,1,1
B-train-01052,1,1,argmax,Tỷ trọng (%),Kho/điểm,B-train-01052-q05,Kho Cần Thơ,11,Kho Cần Thơ,11,True,11|12,7|11|13,2,3
B-train-01052,1,1,argmax,Chi phí,Kho/điểm,B-train-01052-q07,Kho trung chuyển,12,Kho Hà Nội,13,False,11|12,7|11|13,2,3
B-train-01052,1,1,argmin,Đúng hạn,Kho/điểm,B-train-01052-q08,Kho Cần Thơ,11,Đồng bằng sông Cửu Long,7,False,11|12,7|11|13,2,3
B-train-01053,1,1,argmax,Kế hoạch năm,Trạm,B-train-01053-q01,Trạm Nam Sông,10,Trạm Nam Sông,10,True,3|10|14,3|10|14,3,3
B-train-01053,1,1,argmax,Công suất đỉnh,Trạm,B-train-01053-q04,Trạm 110kV Bắc,3,Trạm 110kV Bắc,3,True,3|10|14,3|10|14,3,3
B-train-01053,1,2,argmin,Hoàn trả,Điểm bán,B-train-01053-q08,Điểm bán phía Bắc,6,Điểm bán phía Bắc,6,True,6,6,1,1
B-train-01053,1,1,argmin,Kế hoạch năm,Trạm,B-train-01053-q10,Trạm 220kV Trung,14,Trạm 220kV Trung,14,True,3|10|14,3|10|14,3,3
B-train-01054,2,1,argmin,Hành khách,Tuyến,B-train-01054-q02,TP.HCM – Cần Thơ,3,TP.HCM – Cần Thơ,3,True,3,3,1,1
B-train-01055,1,1,argmin,Tổn thất,Trạm,B-train-01055-q04,Trạm 220kV Trung,4,Trạm Tây Đô,11,False,4,11,1,1
B-train-01055,1,2,argmin,Kỳ trước,Dự án,B-train-01055-q05,Cầu Đông Thành,3,Cầu Đông Thành,3,True,3|8,3|8,2,2
B-train-01055,1,2,argmax,Kế hoạch năm,Dự án,B-train-01055-q10,Cầu Đông Thành,8,Cầu Đông Thành,8,True,3|8,3|8,2,2
B-train-01056,1,2,argmax,Kế hoạch năm,Gói thầu,B-train-01056-q03,GT82,10,GT82,10,True,5|6|10,5|6|10,3,3
B-train-01056,1,2,argmin,Giá dự toán,Gói thầu,B-train-01056-q07,Miền Trung,6,Miền Trung,6,True,5|6|10,5|6|10,3,3
B-train-01056,1,2,argmin,Giá trúng,Gói thầu,B-train-01056-q08,Miền Trung,6,Miền Trung,6,True,5|6|10,5|6|10,3,3
B-train-01056,1,2,argmax,Giá dự toán,Gói thầu,B-train-01056-q10,GT86,5,GT86,5,True,5|6|10,5|6|10,3,3
B-train-01057,2,1,argmax,Đúng giờ,Tuyến,B-train-01057-q02,TP.HCM – Cần Thơ,11,TP.HCM – Cần Thơ,11,True,3|11,3|11,2,2
B-train-01057,2,1,argmin,Kỳ này,Tuyến,B-train-01057-q03,TP.HCM – Cần Thơ,11,TP.HCM – Cần Thơ,11,True,3|11,3|11,2,2
B-train-01057,2,1,argmin,Kế hoạch năm,Tuyến,B-train-01057-q05,TP.HCM – Cần Thơ,3,TP.HCM – Cần Thơ,3,True,3|11,3|11,2,2
B-train-01057,1,1,argmax,Hành khách,Tuyến,B-train-01057-q09,Nha Trang – Đà Lạt,18,Đà Nẵng – Huế,20,False,18,20,1,1
B-train-01058,1,1,argmin,Sản lượng (tấn),Địa bàn,B-train-01058-q05,Hải Phòng,11,Hải Phòng,11,True,11,11,1,1
B-train-01058,1,2,argmax,Xuất,Mã hàng,B-train-01058-q08,VT656,5,VT656,5,True,4|5,4|5,2,2
B-train-01058,1,2,argmin,Tồn cuối,Mã hàng,B-train-01058-q09,VT015,4,VT015,4,True,4|5,4|5,2,2
B-train-01059,2,1,argmin,Kế hoạch năm,Điểm đến,B-train-01059-q01,Vịnh Hạ Long,3,Vịnh Hạ Long,3,True,3|7|9,3|9,3,2
B-train-01059,2,1,argmin,Kỳ trước,Điểm đến,B-train-01059-q05,Khánh Hòa,9,Khánh Hòa,9,True,3|7|9,3|9,3,2
B-train-01059,1,1,argmax,BOD5,Điểm quan trắc,B-train-01059-q09,Hồ Xuân Hương,5,Hồ Xuân Hương,5,True,5,5,1,1
B-train-01059,2,1,argmax,Tỷ trọng (%),Điểm đến,B-train-01059-q10,Phú Quốc,7,Khánh Hòa,9,False,3|7|9,3|9,3,2
B-train-01060,1,1,argmin,Chênh lệch,Khu vực,B-train-01060-q08,Đồng Nai,7,Đồng Nai,7,True,3|7,3|7,2,2
B-train-01060,1,1,argmax,Lũy kế,Khu vực,B-train-01060-q10,Miền Bắc,3,Miền Bắc,3,True,3|7,3|7,2,2
B-train-01061,1,2,argmin,Tỷ trọng (%),Điểm quan trắc,B-train-01061-q01,Hồ Xuân Hương,15,Lâm Đồng,9,False,3|15,3|9,2,2
B-train-01061,1,1,argmin,Kỳ này,Đơn vị,B-train-01061-q03,THPT Lê Quý Đôn,4,THPT Lê Quý Đôn,4,True,4|8,4|8,2,2
B-train-01061,1,1,argmax,Kế hoạch năm,Đơn vị,B-train-01061-q07,THPT Nguyễn Trãi,8,THPT Nguyễn Trãi,8,True,4|8,4|8,2,2
B-train-01061,1,2,argmax,BOD5,Điểm quan trắc,B-train-01061-q08,Sông Hồng,3,Sông Hồng,3,True,3|15,3|9,2,2
B-train-01062,2,1,argmin,Hiện có,Phòng ban,B-train-01062-q02,Hành chính,6,Hành chính,6,True,6|10,6|10,2,2
B-train-01062,1,1,argmin,Kỳ này,Phòng ban,B-train-01062-q09,Hành chính,7,Hành chính,7,True,7,7,1,1
B-train-01062,2,1,argmax,Tuyển mới,Phòng ban,B-train-01062-q10,Vận hành,10,Vận hành,10,True,6|10,6|10,2,2
B-train-01063,1,1,argmin,Sự cố,Trạm,B-train-01063-q02,Trạm Nam Sông,10,Trạm Nam Sông,10,True,10,10,1,1
B-train-01063,1,2,argmax,Kế hoạch năm,Gói thầu,B-train-01063-q05,Hải Phòng,8,Hải Phòng,8,True,8,8,1,1
B-train-01064,1,1,argmin,Tỷ lệ,Nghiệp vụ,B-train-01064-q03,Tai nạn con người,7,Tai nạn con người,7,True,7|10|12,7|12,3,2
B-train-01064,1,1,argmax,Kỳ trước,Nghiệp vụ,B-train-01064-q06,Miền Bắc,12,Miền Bắc,12,True,7|10|12,7|12,3,2
B-train-01064,1,2,argmax,Kỳ trước,Nghiệp vụ,B-train-01064-q07,Xe cơ giới,9,Xe cơ giới,9,True,9,9,1,1
B-train-01064,1,1,argmin,Phí bảo hiểm,Nghiệp vụ,B-train-01064-q09,Tài sản,10,Miền Bắc,12,False,7|10|12,7|12,3,2
B-train-01065,1,1,argmin,Kế hoạch năm,Phòng ban,B-train-01065-q09,Kế toán,4,Kế toán,4,True,4,4,1,1
B-train-01065,1,2,argmin,Tồn cuối,Mã hàng,B-train-01065-q10,VT269,3,VT269,3,True,3,3,1,1
B-train-01066,2,1,argmin,Lũy kế,Chi nhánh,B-train-01066-q01,Cần Thơ 02,5,Cần Thơ 02,5,True,5|9,5|9,2,2
B-train-01066,2,1,argmin,Tỷ trọng (%),Chi nhánh,B-train-01066-q03,Khánh Hòa 03,9,Khánh Hòa 03,9,True,5|9,5|9,2,2
B-train-01066,1,1,argmax,Huy động,Chi nhánh,B-train-01066-q05,Cần Thơ 02,7,Cần Thơ 02,7,True,7|9,7|9,2,2
B-train-01066,1,1,argmax,Tỷ trọng (%),Chi nhánh,B-train-01066-q09,Hải Phòng 02,9,Hải Phòng 02,9,True,7|9,7|9,2,2
B-train-01067,1,1,argmin,Tăng trưởng,Chi nhánh,B-train-01067-q03,Khánh Hòa 03,6,Khánh Hòa 03,6,True,6|8|14,6|8|14,3,3
B-train-01067,1,1,argmax,Tăng trưởng,Chi nhánh,B-train-01067-q07,Hải Phòng 02,14,Hải Phòng 02,14,True,6|8|14,6|8|14,3,3
B-train-01067,1,2,argmax,Chênh lệch,Khu vực,B-train-01067-q08,Miền Nam,8,Miền Nam,8,True,8,8,1,1
B-train-01067,1,1,argmin,Lũy kế,Chi nhánh,B-train-01067-q09,Hà Nội 01,8,Hà Nội 01,8,True,6|8|14,6|8|14,3,3
B-train-01068,1,1,argmin,Kỳ này,Điểm đến,B-train-01068-q03,Phố cổ Hội An,9,Phố cổ Hội An,9,True,9|16,9|16,2,2
B-train-01068,1,1,argmin,Doanh thu,Điểm đến,B-train-01068-q04,Nha Trang,16,Nha Trang,16,True,9|16,9|16,2,2
B-train-01068,2,1,argmax,Tỷ trọng (%),Điểm đến,B-train-01068-q09,Nha Trang,13,Nha Trang,13,True,13,13,1,1
B-train-01069,1,1,argmax,Tỷ trọng (%),Điểm đến,B-train-01069-q02,Đà Lạt,15,Lâm Đồng,8,False,12|15,8|12|15,2,3
B-train-01069,1,2,argmax,Kỳ này,Chi nhánh,B-train-01069-q03,Đà Nẵng 01,5,Lâm Đồng,7,False,5,7,1,1
B-train-01069,1,1,argmin,Doanh thu,Điểm đến,B-train-01069-q09,Phú Quốc,12,Phú Quốc,12,True,12|15,8|12|15,2,3
B-train-01069,1,1,argmin,Kỳ này,Điểm đến,B-train-01069-q10,Đà Lạt,15,Đà Lạt,15,True,12|15,8|12|15,2,3
B-train-01070,2,1,argmax,Lũy kế,Phòng ban,B-train-01070-q01,Chăm sóc khách hàng,8,Chăm sóc khách hàng,8,True,8|15,8|15,2,2
B-train-01070,1,1,argmin,Thiếu/thừa,Phòng ban,B-train-01070-q02,Kinh doanh,3,Kinh doanh,3,True,3,3,1,1
B-train-01070,2,1,argmax,Hiện có,Phòng ban,B-train-01070-q03,Kinh doanh,15,Kinh doanh,15,True,8|15,8|15,2,2
B-train-01071,2,1,argmin,Kế hoạch năm,Địa bàn,B-train-01071-q04,Hà Nội,10,Hà Nội,10,True,8|10,4|8|10,2,3
B-train-01071,2,1,argmax,Lũy kế,Địa bàn,B-train-01071-q05,Cần Thơ,8,Cần Thơ,8,True,8|10,4|8|10,2,3
B-train-01071,2,1,argmin,Sản lượng (tấn),Địa bàn,B-train-01071-q08,Cần Thơ,8,Hải Phòng,4,False,8|10,4|8|10,2,3
B-train-01072,1,2,argmin,Kế hoạch năm,Kho/điểm,B-train-01072-q02,Kho Đà Nẵng,4,Kho Đà Nẵng,4,True,4,4,1,1
B-train-01072,2,1,argmax,Tỷ trọng (%),Phòng ban,B-train-01072-q04,Kinh doanh,3,Kinh doanh,3,True,3|5,3|5,2,2
B-train-01072,2,1,argmax,Định biên,Phòng ban,B-train-01072-q06,Vận hành,5,Vận hành,5,True,3|5,3|5,2,2
B-train-01073,1,2,argmin,Thí sinh,Đơn vị,B-train-01073-q04,Tây Nguyên,6,THPT Nguyễn Trãi,8,False,6,8,1,1
B-train-01073,2,1,argmax,Kế hoạch năm,Khoa,B-train-01073-q05,Nhi,5,Nhi,5,True,5,5,1,1
B-train-01073,1,1,argmin,Lũy kế,Địa bàn,B-train-01073-q06,Lâm Đồng,16,Lâm Đồng,16,True,16,16,1,1
B-train-01073,1,1,argmax,Sản lượng (tấn),Địa bàn,B-train-01073-q10,Lâm Đồng,16,Lâm Đồng,16,True,16,16,1,1
B-train-01074,1,1,argmax,Hợp đồng,Nghiệp vụ,B-train-01074-q01,Miền Nam,7,Miền Nam,7,True,3|7|11,3|7|11,3,3
B-train-01074,1,1,argmin,Phí bảo hiểm,Nghiệp vụ,B-train-01074-q02,Hàng hóa,11,Hàng hóa,11,True,3|7|11,3|7|11,3,3
B-train-01074,1,1,argmax,Phí bảo hiểm,Nghiệp vụ,B-train-01074-q06,Sức khỏe,3,Sức khỏe,3,True,3|7|11,3|7|11,3,3
B-train-01075,1,1,argmax,Tỷ trọng (%),Phòng ban,B-train-01075-q06,Hành chính,7,Hành chính,7,True,7|10,7|13,2,2
B-train-01075,1,1,argmin,Lũy kế,Phòng ban,B-train-01075-q09,Kế toán,10,Hành chính,13,False,7|10,7|13,2,2
B-train-01075,1,2,argmin,Kế hoạch năm,Gói thầu,B-train-01075-q10,GT53,3,GT53,3,True,3,3,1,1
B-train-01076,1,2,argmax,Xuất,Mã hàng,B-train-01076-q02,VT250,8,VT250,8,True,8,8,1,1
B-train-01076,1,1,argmax,Kỳ trước,Trạm,B-train-01076-q07,Trạm 110kV Bắc,8,Trạm 110kV Bắc,8,True,8,8,1,1
B-train-01077,1,1,argmax,Kỳ trước,Khu vực,B-train-01077-q03,Miền Nam,10,Miền Nam,10,True,5|10|11,5|10|11,3,3
B-train-01077,1,1,argmax,Thực hiện,Khu vực,B-train-01077-q05,Tây Nguyên,11,Tây Nguyên,11,True,5|10|11,5|10|11,3,3
B-train-01077,1,1,argmin,Chênh lệch,Khu vực,B-train-01077-q06,Miền Nam,5,Miền Nam,5,True,5|10|11,5|10|11,3,3
B-train-01077,1,2,argmin,Kỳ trước,Chi nhánh,B-train-01077-q09,Khánh Hòa 03,11,Khánh Hòa 03,11,True,11,11,1,1
B-train-01078,1,2,argmin,Tỷ trọng (%),Điểm đến,B-train-01078-q02,Nha Trang,11,Lâm Đồng,9,False,11|12,9|12,2,2
B-train-01078,1,1,argmax,Đúng giờ,Tuyến,B-train-01078-q07,Nha Trang – Đà Lạt,10,Nha Trang – Đà Lạt,10,True,10,10,1,1
B-train-01078,1,2,argmin,Công suất phòng,Điểm đến,B-train-01078-q09,Phú Quốc,12,Phú Quốc,12,True,11|12,9|12,2,2
B-train-01079,1,1,argmax,COD,Điểm quan trắc,B-train-01079-q04,Sông Hương,9,Sông Hương,9,True,3|9|11,3|9|11,3,3
B-train-01079,1,1,argmin,Kỳ này,Điểm quan trắc,B-train-01079-q05,Sông Hồng,3,Sông Hồng,3,True,3|9|11,3|9|11,3,3
B-train-01079,1,1,argmax,pH,Điểm quan trắc,B-train-01079-q06,KCN Long Thành,11,KCN Long Thành,11,True,3|9|11,3|9|11,3,3
B-train-01080,2,1,argmin,Kỳ này,Địa bàn,B-train-01080-q01,Khánh Hòa,13,Khánh Hòa,13,True,4|8|13,4|8|13,3,3
B-train-01080,2,1,argmin,Sản lượng (tấn),Địa bàn,B-train-01080-q05,Cần Thơ,8,Cần Thơ,8,True,4|8|13,4|8|13,3,3
B-train-01080,2,1,argmax,Kỳ này,Địa bàn,B-train-01080-q06,Hải Phòng,4,Hải Phòng,4,True,4|8|13,4|8|13,3,3
B-train-01080,1,2,argmax,Kế hoạch năm,Khoa,B-train-01080-q09,Mắt,7,Mắt,7,True,7,7,1,1
B-train-01081,2,1,argmin,Thực hiện,Khu vực,B-train-01081-q01,Miền Nam,3,Miền Nam,3,True,3,3,1,1
B-train-01081,1,1,argmin,Thực hiện,Khu vực,B-train-01081-q02,Miền Trung,9,Miền Trung,9,True,9|17,9|17,2,2
B-train-01081,1,1,argmax,Lũy kế,Khu vực,B-train-01081-q05,Miền Trung,9,Miền Trung,9,True,9|17,9|17,2,2
B-train-01081,1,1,argmax,Chênh lệch,Khu vực,B-train-01081-q10,Đồng bằng sông Cửu Long,17,Đồng bằng sông Cửu Long,17,True,9|17,9|17,2,2
B-train-01082,1,1,argmax,Nhập,Mã hàng,B-train-01082-q05,VT926,6,VT926,6,True,6,6,1,1
B-train-01082,2,1,argmin,Kỳ trước,Mã hàng,B-train-01082-q07,VT495,6,VT495,6,True,6|14,6|14,2,2
B-train-01082,2,1,argmin,Lũy kế,Mã hàng,B-train-01082-q08,VT588,14,VT588,14,True,6|14,6|14,2,2
B-train-01083,2,1,argmin,Tỷ trọng (%),Khoa,B-train-01083-q05,Tai Mũi Họng,23,Tai Mũi Họng,23,True,15|17|23,4|15|23,3,3
B-train-01083,2,1,argmax,Kỳ trước,Khoa,B-train-01083-q07,Sản,15,Sản,15,True,15|17|23,4|15|23,3,3
B-train-01083,1,1,argmax,Tỷ trọng (%),Khoa,B-train-01083-q08,Mắt,7,Mắt,7,True,7,7,1,1
B-train-01083,2,1,argmin,Kỳ trước,Khoa,B-train-01083-q09,Tai Mũi Họng,17,Mắt,4,False,15|17|23,4|15|23,3,3
B-train-01084,1,1,argmin,Kỳ này,Chi nhánh,B-train-01084-q01,Hà Nội 01,8,Hà Nội 01,8,True,8,8,1,1
B-train-01084,2,1,argmin,Tăng trưởng,Chi nhánh,B-train-01084-q10,Khánh Hòa 03,11,Khánh Hòa 03,11,True,11,11,1,1
B-train-01085,1,2,argmin,Đạt,Đơn vị,B-train-01085-q04,THPT Phan Bội Châu,11,THPT Phan Bội Châu,11,True,6|11,6|11,2,2
B-train-01085,1,2,argmax,Lũy kế,Đơn vị,B-train-01085-q06,THPT Phan Bội Châu,6,THPT Phan Bội Châu,6,True,6|11,6|11,2,2
B-train-01085,1,1,argmin,Kỳ này,Điểm quan trắc,B-train-01085-q07,Cửa biển Đà Nẵng,7,Cửa biển Đà Nẵng,7,True,7|9,7|9,2,2
B-train-01085,1,1,argmax,Kỳ này,Điểm quan trắc,B-train-01085-q08,Sông Hương,9,Sông Hương,9,True,7|9,7|9,2,2
B-train-01086,2,1,argmin,Lũy kế,Khu vực,B-train-01086-q02,Miền Nam,11,Miền Nam,11,True,11,11,1,1
B-train-01086,1,1,argmax,Kỳ này,Khu vực,B-train-01086-q03,Đồng bằng sông Cửu Long,7,Đồng bằng sông Cửu Long,7,True,7|17,7|17,2,2
B-train-01086,1,1,argmin,Lũy kế,Khu vực,B-train-01086-q06,Đồng bằng sông Cửu Long,17,Đồng bằng sông Cửu Long,17,True,7|17,7|17,2,2
B-train-01087,1,2,argmax,Kỳ trước,Điểm đến,B-train-01087-q02,Phú Quốc,17,Phú Quốc,17,True,10|14|17,10|14|17,3,3
B-train-01087,1,2,argmax,Kỳ này,Điểm đến,B-train-01087-q04,Đà Lạt,10,Đà Lạt,10,True,10|14|17,10|14|17,3,3
B-train-01087,1,1,argmin,Kế hoạch năm,Trạm,B-train-01087-q06,Trạm Tây Đô,11,Trạm Tây Đô,11,True,11,11,1,1
B-train-01087,1,2,argmin,Kỳ này,Điểm đến,B-train-01087-q09,Phố cổ Hội An,14,Phố cổ Hội An,14,True,10|14|17,10|14|17,3,3
B-train-01088,1,2,argmin,Lũy kế,Địa bàn,B-train-01088-q01,Đà Nẵng,5,Đà Nẵng,5,True,5,5,1,1
B-train-01088,1,1,argmin,Kỳ trước,Tuyến,B-train-01088-q09,Đà Nẵng – Huế,8,Đà Nẵng – Huế,8,True,6|8,6|8,2,2
B-train-01088,1,1,argmax,Kỳ trước,Tuyến,B-train-01088-q10,Nha Trang – Đà Lạt,6,Nha Trang – Đà Lạt,6,True,6|8,6|8,2,2
B-train-01089,2,1,argmax,Hành khách,Tuyến,B-train-01089-q02,Lâm Đồng,6,TP.HCM – Cần Thơ,9,False,5|6,5|9,2,2
B-train-01089,2,1,argmax,Tỷ trọng (%),Tuyến,B-train-01089-q08,TP.HCM – Cần Thơ,5,TP.HCM – Cần Thơ,5,True,5|6,5|9,2,2
B-train-01089,1,1,argmin,Tỷ trọng (%),Khu vực,B-train-01089-q10,Khu vực ven biển,10,Khu vực ven biển,10,True,10,10,1,1
B-train-01090,1,2,argmin,Lũy kế,Địa bàn,B-train-01090-q04,Đà Nẵng,12,Đà Nẵng,12,True,9|12|15,9|12|15,3,3
B-train-01090,1,2,argmax,Kỳ trước,Địa bàn,B-train-01090-q07,Cần Thơ,15,Cần Thơ,15,True,9|12|15,9|12|15,3,3
B-train-01090,1,2,argmin,Sản lượng (tấn),Địa bàn,B-train-01090-q10,Lâm Đồng,9,Lâm Đồng,9,True,9|12|15,9|12|15,3,3
B-train-01091,2,1,argmax,Tỷ trọng (%),Khoa,B-train-01091-q03,Mắt,13,Mắt,13,True,13,13,1,1
B-train-01091,1,1,argmax,Lũy kế,Khoa,B-train-01091-q05,Mắt,7,Mắt,7,True,7,7,1,1
B-train-01092,2,1,argmax,Phản ánh,Khu vực,B-train-01092-q03,Khu vực miền núi,12,Khu vực miền núi,12,True,12,12,1,1
B-train-01092,1,2,argmax,Lũy kế,Khoa,B-train-01092-q07,Mắt,7,Mắt,7,True,7,7,1,1
B-train-01092,1,1,argmin,Tỷ trọng (%),Gói thầu,B-train-01092-q09,GT77,15,Đà Nẵng,8,False,15,8,1,1
B-train-01093,2,1,argmax,Lũy kế,Điểm bán,B-train-01093-q01,Điểm bán phía Nam,19,Điểm bán phía Nam,19,True,3|19,3|19,2,2
B-train-01093,2,1,argmin,Số đơn,Điểm bán,B-train-01093-q02,Điểm bán phía Bắc,3,Điểm bán phía Bắc,3,True,3|19,3|19,2,2
B-train-01093,1,1,argmin,Giá trị bán,Điểm bán,B-train-01093-q05,Cửa hàng 02,24,Cửa hàng 02,24,True,24,24,1,1
B-train-01094,1,1,argmin,Kế hoạch năm,Địa bàn,B-train-01094-q04,Lâm Đồng,16,Lâm Đồng,16,True,15|16,15|16,2,2
B-train-01094,2,1,argmin,Kỳ trước,Địa bàn,B-train-01094-q05,Lâm Đồng,23,Cần Thơ,22,False,23,22,1,1
B-train-01094,1,1,argmax,Kỳ này,Địa bàn,B-train-01094-q09,Cần Thơ,15,Cần Thơ,15,True,15|16,15|16,2,2
B-train-01095,1,1,argmax,Hiện có,Phòng ban,B-train-01095-q03,Kinh doanh,21,Kinh doanh,21,True,15|17|21,15|17|21,3,3
B-train-01095,1,1,argmin,Kế hoạch năm,Phòng ban,B-train-01095-q04,Kinh doanh,15,Kinh doanh,15,True,15|17|21,15|17|21,3,3
B-train-01095,1,1,argmax,Kế hoạch năm,Phòng ban,B-train-01095-q05,Vận hành,17,Vận hành,17,True,15|17|21,15|17|21,3,3
B-train-01095,2,1,argmin,Lũy kế,Phòng ban,B-train-01095-q10,Kinh doanh,5,Kinh doanh,5,True,5,5,1,1
B-train-01096,2,1,argmin,Kế hoạch năm,Chi nhánh,B-train-01096-q03,Đà Nẵng 01,9,Đà Nẵng 01,9,True,5|9,5|9,2,2
B-train-01096,2,1,argmax,Kế hoạch năm,Chi nhánh,B-train-01096-q07,Khánh Hòa 03,5,Khánh Hòa 03,5,True,5|9,5|9,2,2
B-train-01096,1,1,argmin,Huy động,Chi nhánh,B-train-01096-q09,Hà Nội 01,13,Hà Nội 01,13,True,13|17,13|17,2,2
B-train-01096,1,1,argmax,Tỷ trọng (%),Chi nhánh,B-train-01096-q10,Cần Thơ 02,17,Cần Thơ 02,17,True,13|17,13|17,2,2
B-train-01097,1,1,argmin,Tỷ lệ,Khu vực,B-train-01097-q02,Miền Bắc,3,Miền Bắc,3,True,3|6,3|6,2,2
B-train-01097,2,1,argmax,Tỷ trọng (%),Khu vực,B-train-01097-q05,Đồng bằng sông Cửu Long,10,Đồng bằng sông Cửu Long,10,True,10|17,10|17,2,2
B-train-01097,1,1,argmax,Kế hoạch năm,Khu vực,B-train-01097-q08,Tây Nguyên,6,Tây Nguyên,6,True,3|6,3|6,2,2
B-train-01097,2,1,argmin,Kế hoạch năm,Khu vực,B-train-01097-q10,Miền Trung,17,Miền Trung,17,True,10|17,10|17,2,2
B-train-01098,1,2,argmax,Kế hoạch năm,Địa bàn,B-train-01098-q01,Hà Nội,10,Lâm Đồng,6,False,8|10,6|8|10,2,3
B-train-01098,1,2,argmax,Tỷ trọng (%),Địa bàn,B-train-01098-q04,Hà Nội,10,Hà Nội,10,True,8|10,6|8|10,2,3
B-train-01098,1,2,argmin,Diện tích (ha),Địa bàn,B-train-01098-q06,Cần Thơ,8,Cần Thơ,8,True,8|10,6|8|10,2,3
B-train-01099,1,1,argmax,Tỷ trọng (%),Đơn vị,B-train-01099-q02,THPT Phan Bội Châu,6,THPT Phan Bội Châu,6,True,6|25,6|25,2,2
B-train-01099,1,1,argmin,Tỷ lệ đạt,Đơn vị,B-train-01099-q10,THPT Trần Phú,25,THPT Trần Phú,25,True,6|25,6|25,2,2
